{"type":"FeatureCollection","features":[{"type":"Feature","id":0,"geometry":{"type":"LineString","coordinates":[[95.087499999999849,32.954166666666495],[95.104166666666515,32.937499999999829],[95.137499999999847,32.937499999999829],[95.145833333333172,32.945833333333155],[95.154166666666512,32.937499999999829],[95.154166666666512,32.92916666666649],[95.162499999999852,32.920833333333164],[95.170833333333178,32.920833333333164],[95.179166666666518,32.92916666666649],[95.187499999999858,32.92916666666649],[95.204166666666509,32.912499999999824]]},"properties":{"FID":0,"ARCID":563564,"UP_CELLS":14301}},{"type":"Feature","id":1,"geometry":{"type":"LineString","coordinates":[[95.204166666666509,32.912499999999824],[95.212499999999849,32.904166666666498]]},"properties":{"FID":1,"ARCID":563689,"UP_CELLS":14419}},{"type":"Feature","id":2,"geometry":{"type":"LineString","coordinates":[[95.229166666666515,32.904166666666498],[95.237499999999841,32.912499999999824],[95.245833333333181,32.912499999999824],[95.254166666666521,32.904166666666498],[95.262499999999847,32.904166666666498]]},"properties":{"FID":2,"ARCID":563691,"UP_CELLS":14553}},{"type":"Feature","id":3,"geometry":{"type":"LineString","coordinates":[[95.212499999999849,32.904166666666498],[95.220833333333189,32.895833333333158],[95.229166666666515,32.904166666666498]]},"properties":{"FID":3,"ARCID":563851,"UP_CELLS":14470}},{"type":"Feature","id":4,"geometry":{"type":"LineString","coordinates":[[95.262499999999847,32.904166666666498],[95.270833333333172,32.895833333333158],[95.295833333333178,32.895833333333158]]},"properties":{"FID":4,"ARCID":563852,"UP_CELLS":14603}},{"type":"Feature","id":5,"geometry":{"type":"LineString","coordinates":[[95.295833333333178,32.895833333333158],[95.312499999999858,32.895833333333158],[95.337499999999849,32.870833333333159],[95.345833333333189,32.879166666666492],[95.362499999999841,32.879166666666492],[95.370833333333181,32.870833333333159]]},"properties":{"FID":5,"ARCID":564271,"UP_CELLS":14759}},{"type":"Feature","id":6,"geometry":{"type":"LineString","coordinates":[[95.370833333333181,32.870833333333159],[95.379166666666521,32.870833333333159],[95.387499999999847,32.862499999999827],[95.395833333333172,32.862499999999827],[95.404166666666512,32.854166666666494],[95.412499999999852,32.854166666666494],[95.420833333333178,32.845833333333161]]},"properties":{"FID":6,"ARCID":564677,"UP_CELLS":14870}},{"type":"Feature","id":7,"geometry":{"type":"LineString","coordinates":[[95.420833333333178,32.845833333333161],[95.437499999999858,32.845833333333161]]},"properties":{"FID":7,"ARCID":564678,"UP_CELLS":14930}},{"type":"Feature","id":8,"geometry":{"type":"LineString","coordinates":[[95.437499999999858,32.845833333333161],[95.445833333333184,32.845833333333161]]},"properties":{"FID":8,"ARCID":564680,"UP_CELLS":15202}},{"type":"Feature","id":9,"geometry":{"type":"LineString","coordinates":[[95.445833333333184,32.845833333333161],[95.462499999999849,32.845833333333161]]},"properties":{"FID":9,"ARCID":564681,"UP_CELLS":15342}},{"type":"Feature","id":10,"geometry":{"type":"LineString","coordinates":[[95.462499999999849,32.845833333333161],[95.479166666666515,32.845833333333161],[95.487499999999841,32.854166666666494],[95.545833333333178,32.854166666666494]]},"properties":{"FID":10,"ARCID":564683,"UP_CELLS":15465}},{"type":"Feature","id":11,"geometry":{"type":"LineString","coordinates":[[95.545833333333178,32.854166666666494],[95.587499999999849,32.812499999999829],[95.595833333333189,32.812499999999829],[95.604166666666515,32.80416666666649],[95.612499999999841,32.80416666666649],[95.620833333333181,32.795833333333164]]},"properties":{"FID":11,"ARCID":565471,"UP_CELLS":16855}},{"type":"Feature","id":12,"geometry":{"type":"LineString","coordinates":[[95.620833333333181,32.795833333333164],[95.620833333333181,32.762499999999832],[95.629166666666521,32.754166666666492],[95.629166666666521,32.745833333333159],[95.637499999999847,32.737499999999827]]},"properties":{"FID":12,"ARCID":566398,"UP_CELLS":16956}},{"type":"Feature","id":13,"geometry":{"type":"LineString","coordinates":[[95.637499999999847,32.737499999999827],[95.637499999999847,32.712499999999828]]},"properties":{"FID":13,"ARCID":566779,"UP_CELLS":16997}},{"type":"Feature","id":14,"geometry":{"type":"LineString","coordinates":[[95.637499999999847,32.712499999999828],[95.645833333333172,32.704166666666495],[95.670833333333178,32.704166666666495],[95.679166666666504,32.695833333333162],[95.687499999999844,32.704166666666495],[95.704166666666509,32.687499999999829],[95.729166666666515,32.687499999999829],[95.737499999999841,32.679166666666497]]},"properties":{"FID":14,"ARCID":567276,"UP_CELLS":17115}},{"type":"Feature","id":15,"geometry":{"type":"LineString","coordinates":[[95.737499999999841,32.679166666666497],[95.745833333333181,32.679166666666497]]},"properties":{"FID":15,"ARCID":567277,"UP_CELLS":17466}},{"type":"Feature","id":16,"geometry":{"type":"LineString","coordinates":[[95.745833333333181,32.679166666666497],[95.779166666666512,32.645833333333158],[95.787499999999852,32.645833333333158],[95.795833333333178,32.654166666666498]]},"properties":{"FID":16,"ARCID":567856,"UP_CELLS":17601}},{"type":"Feature","id":17,"geometry":{"type":"LineString","coordinates":[[95.795833333333178,32.654166666666498],[95.812499999999844,32.637499999999832],[95.820833333333184,32.645833333333158],[95.829166666666509,32.637499999999832]]},"properties":{"FID":17,"ARCID":567990,"UP_CELLS":17895}},{"type":"Feature","id":18,"geometry":{"type":"LineString","coordinates":[[95.829166666666509,32.637499999999832],[95.829166666666509,32.629166666666492],[95.837499999999849,32.620833333333167]]},"properties":{"FID":18,"ARCID":568245,"UP_CELLS":17949}},{"type":"Feature","id":19,"geometry":{"type":"LineString","coordinates":[[95.837499999999849,32.620833333333167],[95.879166666666521,32.579166666666495],[95.887499999999847,32.579166666666495],[95.895833333333172,32.570833333333162]]},"properties":{"FID":19,"ARCID":568985,"UP_CELLS":18051}},{"type":"Feature","id":20,"geometry":{"type":"LineString","coordinates":[[95.895833333333172,32.570833333333162],[95.912499999999852,32.554166666666497]]},"properties":{"FID":20,"ARCID":569231,"UP_CELLS":19299}},{"type":"Feature","id":21,"geometry":{"type":"LineString","coordinates":[[96.054166666666504,32.554166666666497],[96.062499999999844,32.554166666666497],[96.070833333333184,32.562499999999829],[96.112499999999841,32.562499999999829]]},"properties":{"FID":21,"ARCID":569232,"UP_CELLS":20440}},{"type":"Feature","id":22,"geometry":{"type":"LineString","coordinates":[[96.112499999999841,32.562499999999829],[96.120833333333181,32.554166666666497],[96.137499999999847,32.554166666666497]]},"properties":{"FID":22,"ARCID":569233,"UP_CELLS":22181}},{"type":"Feature","id":23,"geometry":{"type":"LineString","coordinates":[[96.137499999999847,32.554166666666497],[96.145833333333172,32.554166666666497],[96.154166666666512,32.562499999999829],[96.179166666666504,32.562499999999829]]},"properties":{"FID":23,"ARCID":569234,"UP_CELLS":22238}},{"type":"Feature","id":24,"geometry":{"type":"LineString","coordinates":[[96.179166666666504,32.562499999999829],[96.204166666666509,32.537499999999824]]},"properties":{"FID":24,"ARCID":569502,"UP_CELLS":22314}},{"type":"Feature","id":25,"geometry":{"type":"LineString","coordinates":[[95.912499999999852,32.554166666666497],[95.920833333333178,32.545833333333164],[95.929166666666504,32.545833333333164],[95.937499999999844,32.537499999999824],[95.962499999999835,32.537499999999824],[95.970833333333175,32.529166666666498],[95.979166666666515,32.529166666666498]]},"properties":{"FID":25,"ARCID":569631,"UP_CELLS":19449}},{"type":"Feature","id":26,"geometry":{"type":"LineString","coordinates":[[95.979166666666515,32.529166666666498],[95.995833333333181,32.529166666666498],[96.004166666666521,32.537499999999824],[96.020833333333172,32.537499999999824],[96.037499999999852,32.554166666666497],[96.054166666666504,32.554166666666497]]},"properties":{"FID":26,"ARCID":569633,"UP_CELLS":19697}},{"type":"Feature","id":27,"geometry":{"type":"LineString","coordinates":[[96.204166666666509,32.537499999999824],[96.212499999999835,32.537499999999824],[96.229166666666515,32.520833333333158],[96.245833333333181,32.520833333333158],[96.254166666666521,32.512499999999832],[96.254166666666521,32.495833333333167],[96.262499999999847,32.487499999999827],[96.295833333333178,32.487499999999827],[96.304166666666504,32.479166666666501],[96.312499999999844,32.479166666666501],[96.320833333333184,32.470833333333161],[96.312499999999844,32.462499999999828],[96.337499999999835,32.437499999999829]]},"properties":{"FID":27,"ARCID":571038,"UP_CELLS":22558}},{"type":"Feature","id":28,"geometry":{"type":"LineString","coordinates":[[96.337499999999835,32.437499999999829],[96.345833333333175,32.437499999999829],[96.362499999999841,32.420833333333164],[96.370833333333167,32.429166666666497],[96.387499999999847,32.429166666666497],[96.395833333333172,32.420833333333164],[96.404166666666512,32.420833333333164],[96.420833333333178,32.404166666666498],[96.429166666666504,32.404166666666498]]},"properties":{"FID":28,"ARCID":571531,"UP_CELLS":22696}},{"type":"Feature","id":29,"geometry":{"type":"LineString","coordinates":[[96.429166666666504,32.404166666666498],[96.429166666666504,32.395833333333158],[96.420833333333178,32.387499999999832],[96.420833333333178,32.370833333333167]]},"properties":{"FID":29,"ARCID":572051,"UP_CELLS":23382}},{"type":"Feature","id":30,"geometry":{"type":"LineString","coordinates":[[96.420833333333178,32.370833333333167],[96.420833333333178,32.354166666666501]]},"properties":{"FID":30,"ARCID":572330,"UP_CELLS":23425}},{"type":"Feature","id":31,"geometry":{"type":"LineString","coordinates":[[96.420833333333178,32.354166666666501],[96.454166666666509,32.320833333333162],[96.454166666666509,32.304166666666497]]},"properties":{"FID":31,"ARCID":573180,"UP_CELLS":23614}},{"type":"Feature","id":32,"geometry":{"type":"LineString","coordinates":[[96.454166666666509,32.304166666666497],[96.454166666666509,32.295833333333164],[96.462499999999835,32.287499999999831],[96.462499999999835,32.270833333333158]]},"properties":{"FID":32,"ARCID":573704,"UP_CELLS":23658}},{"type":"Feature","id":33,"geometry":{"type":"LineString","coordinates":[[96.462499999999835,32.270833333333158],[96.470833333333175,32.262499999999832]]},"properties":{"FID":33,"ARCID":573818,"UP_CELLS":23706}},{"type":"Feature","id":34,"geometry":{"type":"LineString","coordinates":[[96.470833333333175,32.262499999999832],[96.495833333333167,32.237499999999827]]},"properties":{"FID":34,"ARCID":574205,"UP_CELLS":23899}},{"type":"Feature","id":35,"geometry":{"type":"LineString","coordinates":[[96.495833333333167,32.237499999999827],[96.495833333333167,32.195833333333162]]},"properties":{"FID":35,"ARCID":574877,"UP_CELLS":23958}},{"type":"Feature","id":36,"geometry":{"type":"LineString","coordinates":[[96.495833333333167,32.195833333333162],[96.529166666666512,32.162499999999831],[96.537499999999852,32.162499999999831],[96.545833333333178,32.154166666666498]]},"properties":{"FID":36,"ARCID":575554,"UP_CELLS":24422}},{"type":"Feature","id":37,"geometry":{"type":"LineString","coordinates":[[96.545833333333178,32.154166666666498],[96.554166666666504,32.154166666666498],[96.562499999999844,32.145833333333165],[96.587499999999835,32.145833333333165],[96.595833333333175,32.137499999999832],[96.604166666666515,32.137499999999832]]},"properties":{"FID":37,"ARCID":575819,"UP_CELLS":24955}},{"type":"Feature","id":38,"geometry":{"type":"LineString","coordinates":[[96.604166666666515,32.137499999999832],[96.620833333333167,32.120833333333167],[96.629166666666507,32.120833333333167],[96.637499999999847,32.112499999999827]]},"properties":{"FID":38,"ARCID":576191,"UP_CELLS":25100}},{"type":"Feature","id":39,"geometry":{"type":"LineString","coordinates":[[96.637499999999847,32.112499999999827],[96.654166666666512,32.112499999999827],[96.662499999999852,32.120833333333167],[96.670833333333178,32.112499999999827],[96.679166666666504,32.112499999999827],[96.687499999999844,32.104166666666501]]},"properties":{"FID":39,"ARCID":576313,"UP_CELLS":25206}},{"type":"Feature","id":40,"geometry":{"type":"LineString","coordinates":[[96.687499999999844,32.104166666666501],[96.712499999999835,32.104166666666501],[96.720833333333175,32.112499999999827]]},"properties":{"FID":40,"ARCID":576314,"UP_CELLS":25273}},{"type":"Feature","id":41,"geometry":{"type":"LineString","coordinates":[[96.720833333333175,32.112499999999827],[96.745833333333167,32.112499999999827],[96.762499999999847,32.095833333333161]]},"properties":{"FID":41,"ARCID":576456,"UP_CELLS":25425}},{"type":"Feature","id":42,"geometry":{"type":"LineString","coordinates":[[96.762499999999847,32.095833333333161],[96.762499999999847,32.070833333333162],[96.770833333333172,32.062499999999829],[96.770833333333172,32.045833333333164]]},"properties":{"FID":42,"ARCID":577271,"UP_CELLS":25511}},{"type":"Feature","id":43,"geometry":{"type":"LineString","coordinates":[[96.770833333333172,32.045833333333164],[96.779166666666512,32.037499999999831],[96.787499999999852,32.045833333333164],[96.795833333333178,32.045833333333164],[96.804166666666504,32.037499999999831],[96.812499999999844,32.037499999999831],[96.820833333333184,32.045833333333164],[96.829166666666509,32.045833333333164]]},"properties":{"FID":43,"ARCID":577410,"UP_CELLS":25583}},{"type":"Feature","id":44,"geometry":{"type":"LineString","coordinates":[[96.829166666666509,32.045833333333164],[96.845833333333175,32.029166666666498],[96.845833333333175,31.98749999999983]]},"properties":{"FID":44,"ARCID":578207,"UP_CELLS":25745}},{"type":"Feature","id":45,"geometry":{"type":"LineString","coordinates":[[96.845833333333175,31.98749999999983],[96.870833333333167,31.962499999999832],[96.879166666666507,31.970833333333164],[96.887499999999847,31.962499999999832],[96.895833333333172,31.962499999999832]]},"properties":{"FID":45,"ARCID":578631,"UP_CELLS":26446}},{"type":"Feature","id":46,"geometry":{"type":"LineString","coordinates":[[96.895833333333172,31.962499999999832],[96.954166666666509,31.962499999999832]]},"properties":{"FID":46,"ARCID":578632,"UP_CELLS":26551}},{"type":"Feature","id":47,"geometry":{"type":"LineString","coordinates":[[96.954166666666509,31.962499999999832],[96.979166666666515,31.937499999999829],[96.979166666666515,31.929166666666497]]},"properties":{"FID":47,"ARCID":579191,"UP_CELLS":44379}},{"type":"Feature","id":48,"geometry":{"type":"LineString","coordinates":[[96.979166666666515,31.929166666666497],[96.987499999999841,31.920833333333164],[96.987499999999841,31.912499999999831],[96.995833333333167,31.904166666666498],[96.995833333333167,31.895833333333165]]},"properties":{"FID":48,"ARCID":579765,"UP_CELLS":44443}},{"type":"Feature","id":49,"geometry":{"type":"LineString","coordinates":[[96.995833333333167,31.895833333333165],[96.987499999999841,31.887499999999832],[96.987499999999841,31.86249999999983],[96.995833333333167,31.854166666666497],[96.995833333333167,31.845833333333164]]},"properties":{"FID":49,"ARCID":580552,"UP_CELLS":44583}},{"type":"Feature","id":50,"geometry":{"type":"LineString","coordinates":[[96.995833333333167,31.845833333333164],[97.012499999999847,31.829166666666499]]},"properties":{"FID":50,"ARCID":580810,"UP_CELLS":44712}},{"type":"Feature","id":51,"geometry":{"type":"LineString","coordinates":[[97.012499999999847,31.829166666666499],[97.004166666666507,31.820833333333166],[97.004166666666507,31.795833333333164]]},"properties":{"FID":51,"ARCID":581362,"UP_CELLS":44999}},{"type":"Feature","id":52,"geometry":{"type":"LineString","coordinates":[[97.004166666666507,31.795833333333164],[97.004166666666507,31.779166666666498],[97.029166666666498,31.754166666666499]]},"properties":{"FID":52,"ARCID":582059,"UP_CELLS":45079}},{"type":"Feature","id":53,"geometry":{"type":"LineString","coordinates":[[97.029166666666498,31.754166666666499],[97.087499999999835,31.695833333333166],[97.087499999999835,31.687499999999833]]},"properties":{"FID":53,"ARCID":583031,"UP_CELLS":45484}},{"type":"Feature","id":54,"geometry":{"type":"LineString","coordinates":[[97.087499999999835,31.687499999999833],[97.087499999999835,31.662499999999831]]},"properties":{"FID":54,"ARCID":583430,"UP_CELLS":45561}},{"type":"Feature","id":55,"geometry":{"type":"LineString","coordinates":[[97.087499999999835,31.662499999999831],[97.087499999999835,31.645833333333165],[97.079166666666509,31.637499999999832]]},"properties":{"FID":55,"ARCID":583813,"UP_CELLS":45722}},{"type":"Feature","id":56,"geometry":{"type":"LineString","coordinates":[[97.079166666666509,31.637499999999832],[97.079166666666509,31.629166666666499],[97.087499999999835,31.620833333333167],[97.087499999999835,31.612499999999834]]},"properties":{"FID":56,"ARCID":584228,"UP_CELLS":45924}},{"type":"Feature","id":57,"geometry":{"type":"LineString","coordinates":[[97.087499999999835,31.612499999999834],[97.095833333333175,31.604166666666501],[97.104166666666515,31.604166666666501],[97.129166666666507,31.579166666666499],[97.129166666666507,31.570833333333166],[97.137499999999847,31.562499999999833]]},"properties":{"FID":57,"ARCID":585039,"UP_CELLS":46033}},{"type":"Feature","id":58,"geometry":{"type":"LineString","coordinates":[[97.137499999999847,31.562499999999833],[97.145833333333172,31.562499999999833],[97.154166666666498,31.5541666666665],[97.162499999999838,31.5541666666665],[97.195833333333184,31.520833333333165],[97.195833333333184,31.512499999999832],[97.204166666666509,31.504166666666499]]},"properties":{"FID":58,"ARCID":586011,"UP_CELLS":46182}},{"type":"Feature","id":59,"geometry":{"type":"LineString","coordinates":[[97.204166666666509,31.504166666666499],[97.204166666666509,31.479166666666501],[97.179166666666504,31.454166666666499]]},"properties":{"FID":59,"ARCID":586817,"UP_CELLS":49603}},{"type":"Feature","id":60,"geometry":{"type":"LineString","coordinates":[[97.179166666666504,31.454166666666499],[97.187499999999844,31.445833333333166],[97.187499999999844,31.4291666666665]]},"properties":{"FID":60,"ARCID":587221,"UP_CELLS":49878}},{"type":"Feature","id":61,"geometry":{"type":"LineString","coordinates":[[97.187499999999844,31.4291666666665],[97.204166666666509,31.412499999999834],[97.204166666666509,31.404166666666502],[97.212499999999835,31.395833333333165],[97.212499999999835,31.387499999999832]]},"properties":{"FID":61,"ARCID":587867,"UP_CELLS":49980}},{"type":"Feature","id":62,"geometry":{"type":"LineString","coordinates":[[97.212499999999835,31.387499999999832],[97.212499999999835,31.379166666666499],[97.220833333333175,31.370833333333167],[97.220833333333175,31.354166666666501]]},"properties":{"FID":62,"ARCID":588359,"UP_CELLS":50023}},{"type":"Feature","id":63,"geometry":{"type":"LineString","coordinates":[[97.220833333333175,31.354166666666501],[97.195833333333184,31.329166666666499]]},"properties":{"FID":63,"ARCID":588767,"UP_CELLS":50234}},{"type":"Feature","id":64,"geometry":{"type":"LineString","coordinates":[[97.195833333333184,31.329166666666499],[97.187499999999844,31.329166666666499],[97.162499999999838,31.3041666666665]]},"properties":{"FID":64,"ARCID":589148,"UP_CELLS":50314}},{"type":"Feature","id":65,"geometry":{"type":"LineString","coordinates":[[97.162499999999838,31.3041666666665],[97.154166666666498,31.295833333333167],[97.154166666666498,31.287499999999834],[97.162499999999838,31.279166666666502],[97.162499999999838,31.237499999999834],[97.170833333333178,31.229166666666501],[97.170833333333178,31.220833333333168],[97.179166666666504,31.220833333333168],[97.195833333333184,31.204166666666502]]},"properties":{"FID":65,"ARCID":590781,"UP_CELLS":50587}},{"type":"Feature","id":66,"geometry":{"type":"LineString","coordinates":[[97.195833333333184,31.204166666666502],[97.195833333333184,31.195833333333166],[97.187499999999844,31.187499999999833],[97.187499999999844,31.1791666666665],[97.179166666666504,31.170833333333167],[97.179166666666504,31.137499999999836]]},"properties":{"FID":66,"ARCID":591795,"UP_CELLS":50789}},{"type":"Feature","id":67,"geometry":{"type":"LineString","coordinates":[[97.179166666666504,31.137499999999836],[97.179166666666504,31.129166666666499],[97.195833333333184,31.112499999999834]]},"properties":{"FID":67,"ARCID":592211,"UP_CELLS":74064}},{"type":"Feature","id":68,"geometry":{"type":"LineString","coordinates":[[97.195833333333184,31.112499999999834],[97.187499999999844,31.104166666666501],[97.204166666666509,31.087499999999835],[97.204166666666509,31.079166666666502]]},"properties":{"FID":68,"ARCID":592766,"UP_CELLS":74170}},{"type":"Feature","id":69,"geometry":{"type":"LineString","coordinates":[[97.204166666666509,31.079166666666502],[97.204166666666509,31.070833333333169],[97.212499999999835,31.062499999999833]]},"properties":{"FID":69,"ARCID":593029,"UP_CELLS":74302}},{"type":"Feature","id":70,"geometry":{"type":"LineString","coordinates":[[97.212499999999835,31.062499999999833],[97.229166666666515,31.045833333333167],[97.237499999999841,31.045833333333167],[97.245833333333167,31.037499999999834],[97.262499999999847,31.037499999999834]]},"properties":{"FID":70,"ARCID":593391,"UP_CELLS":74514}},{"type":"Feature","id":71,"geometry":{"type":"LineString","coordinates":[[97.262499999999847,31.037499999999834],[97.270833333333172,31.029166666666502],[97.287499999999838,31.029166666666502],[97.295833333333178,31.020833333333169]]},"properties":{"FID":71,"ARCID":593646,"UP_CELLS":74582}},{"type":"Feature","id":72,"geometry":{"type":"LineString","coordinates":[[97.295833333333178,31.020833333333169],[97.304166666666504,31.012499999999836],[97.312499999999829,31.012499999999836],[97.320833333333184,31.004166666666503],[97.320833333333184,30.995833333333167],[97.362499999999841,30.954166666666502]]},"properties":{"FID":72,"ARCID":594783,"UP_CELLS":75160}},{"type":"Feature","id":73,"geometry":{"type":"LineString","coordinates":[[97.362499999999841,30.954166666666502],[97.362499999999841,30.9291666666665]]},"properties":{"FID":73,"ARCID":595184,"UP_CELLS":75214}},{"type":"Feature","id":74,"geometry":{"type":"LineString","coordinates":[[97.362499999999841,30.9291666666665],[97.362499999999841,30.904166666666502]]},"properties":{"FID":74,"ARCID":595633,"UP_CELLS":75286}},{"type":"Feature","id":75,"geometry":{"type":"LineString","coordinates":[[97.362499999999841,30.904166666666502],[97.354166666666515,30.895833333333169]]},"properties":{"FID":75,"ARCID":595764,"UP_CELLS":75365}},{"type":"Feature","id":76,"geometry":{"type":"LineString","coordinates":[[97.354166666666515,30.895833333333169],[97.354166666666515,30.887499999999836],[97.345833333333175,30.879166666666503],[97.345833333333175,30.854166666666501],[97.337499999999835,30.845833333333168],[97.337499999999835,30.829166666666502]]},"properties":{"FID":76,"ARCID":596775,"UP_CELLS":75483}},{"type":"Feature","id":77,"geometry":{"type":"LineString","coordinates":[[97.337499999999835,30.829166666666502],[97.345833333333175,30.820833333333169],[97.345833333333175,30.804166666666504]]},"properties":{"FID":77,"ARCID":597140,"UP_CELLS":75525}},{"type":"Feature","id":78,"geometry":{"type":"LineString","coordinates":[[97.345833333333175,30.804166666666504],[97.354166666666515,30.795833333333167],[97.354166666666515,30.787499999999834],[97.362499999999841,30.779166666666502],[97.362499999999841,30.762499999999836],[97.370833333333167,30.754166666666503]]},"properties":{"FID":78,"ARCID":597931,"UP_CELLS":84661}},{"type":"Feature","id":79,"geometry":{"type":"LineString","coordinates":[[97.370833333333167,30.754166666666503],[97.370833333333167,30.737499999999837],[97.387499999999847,30.720833333333168],[97.395833333333172,30.720833333333168]]},"properties":{"FID":79,"ARCID":598459,"UP_CELLS":84715}},{"type":"Feature","id":80,"geometry":{"type":"LineString","coordinates":[[97.395833333333172,30.720833333333168],[97.420833333333178,30.695833333333169],[97.429166666666504,30.695833333333169],[97.454166666666509,30.670833333333171],[97.470833333333175,30.670833333333171],[97.479166666666515,30.662499999999834],[97.487499999999841,30.662499999999834],[97.495833333333167,30.654166666666502]]},"properties":{"FID":80,"ARCID":599437,"UP_CELLS":84843}},{"type":"Feature","id":81,"geometry":{"type":"LineString","coordinates":[[97.495833333333167,30.654166666666502],[97.504166666666507,30.645833333333169],[97.504166666666507,30.637499999999836],[97.512499999999847,30.629166666666503]]},"properties":{"FID":81,"ARCID":599861,"UP_CELLS":93514}},{"type":"Feature","id":82,"geometry":{"type":"LineString","coordinates":[[97.512499999999847,30.629166666666503],[97.520833333333172,30.62083333333317]]},"properties":{"FID":82,"ARCID":599991,"UP_CELLS":94204}},{"type":"Feature","id":83,"geometry":{"type":"LineString","coordinates":[[97.520833333333172,30.62083333333317],[97.529166666666498,30.612499999999837],[97.537499999999838,30.612499999999837],[97.562499999999829,30.587499999999835],[97.562499999999829,30.579166666666502],[97.570833333333169,30.570833333333169]]},"properties":{"FID":83,"ARCID":600744,"UP_CELLS":94382}},{"type":"Feature","id":84,"geometry":{"type":"LineString","coordinates":[[97.570833333333169,30.570833333333169],[97.579166666666509,30.562499999999837],[97.579166666666509,30.554166666666504],[97.587499999999835,30.545833333333171],[97.587499999999835,30.529166666666505],[97.595833333333175,30.520833333333169]]},"properties":{"FID":84,"ARCID":601484,"UP_CELLS":94492}},{"type":"Feature","id":85,"geometry":{"type":"LineString","coordinates":[[97.595833333333175,30.520833333333169],[97.604166666666515,30.512499999999836],[97.604166666666515,30.49583333333317],[97.620833333333167,30.479166666666504],[97.620833333333167,30.470833333333172],[97.629166666666507,30.462499999999839],[97.629166666666507,30.454166666666502]]},"properties":{"FID":85,"ARCID":602519,"UP_CELLS":94722}},{"type":"Feature","id":86,"geometry":{"type":"LineString","coordinates":[[97.629166666666507,30.454166666666502],[97.670833333333178,30.412499999999838]]},"properties":{"FID":86,"ARCID":603162,"UP_CELLS":94868}},{"type":"Feature","id":87,"geometry":{"type":"LineString","coordinates":[[97.670833333333178,30.412499999999838],[97.679166666666504,30.404166666666505],[97.720833333333175,30.404166666666505]]},"properties":{"FID":87,"ARCID":603325,"UP_CELLS":95244}},{"type":"Feature","id":88,"geometry":{"type":"LineString","coordinates":[[97.720833333333175,30.404166666666505],[97.737499999999841,30.387499999999836],[97.737499999999841,30.379166666666503],[97.745833333333167,30.37083333333317]]},"properties":{"FID":88,"ARCID":603864,"UP_CELLS":95335}},{"type":"Feature","id":89,"geometry":{"type":"LineString","coordinates":[[97.745833333333167,30.37083333333317],[97.754166666666507,30.362499999999837],[97.762499999999847,30.362499999999837]]},"properties":{"FID":89,"ARCID":603975,"UP_CELLS":95397}},{"type":"Feature","id":90,"geometry":{"type":"LineString","coordinates":[[97.762499999999847,30.362499999999837],[97.795833333333178,30.329166666666506]]},"properties":{"FID":90,"ARCID":604468,"UP_CELLS":95494}},{"type":"Feature","id":91,"geometry":{"type":"LineString","coordinates":[[97.795833333333178,30.329166666666506],[97.804166666666504,30.320833333333169]]},"properties":{"FID":91,"ARCID":604580,"UP_CELLS":95548}},{"type":"Feature","id":92,"geometry":{"type":"LineString","coordinates":[[97.804166666666504,30.320833333333169],[97.812499999999829,30.312499999999837],[97.812499999999829,30.304166666666504],[97.820833333333169,30.304166666666504],[97.829166666666509,30.295833333333171],[97.837499999999835,30.295833333333171],[97.854166666666515,30.279166666666505]]},"properties":{"FID":92,"ARCID":605202,"UP_CELLS":95731}},{"type":"Feature","id":93,"geometry":{"type":"LineString","coordinates":[[97.854166666666515,30.279166666666505],[97.862499999999841,30.270833333333172],[97.862499999999841,30.254166666666503],[97.870833333333167,30.24583333333317],[97.895833333333172,30.24583333333317],[97.904166666666498,30.237499999999837],[97.912499999999838,30.237499999999837],[97.929166666666504,30.220833333333172]]},"properties":{"FID":93,"ARCID":606125,"UP_CELLS":95962}},{"type":"Feature","id":94,"geometry":{"type":"LineString","coordinates":[[97.929166666666504,30.220833333333172],[97.929166666666504,30.204166666666506],[97.937499999999829,30.195833333333173]]},"properties":{"FID":94,"ARCID":606516,"UP_CELLS":96250}},{"type":"Feature","id":95,"geometry":{"type":"LineString","coordinates":[[97.937499999999829,30.195833333333173],[97.945833333333169,30.187499999999837],[97.945833333333169,30.179166666666504]]},"properties":{"FID":95,"ARCID":606797,"UP_CELLS":96295}},{"type":"Feature","id":96,"geometry":{"type":"LineString","coordinates":[[97.945833333333169,30.179166666666504],[97.962499999999835,30.162499999999838],[97.962499999999835,30.154166666666505]]},"properties":{"FID":96,"ARCID":607165,"UP_CELLS":96366}},{"type":"Feature","id":97,"geometry":{"type":"LineString","coordinates":[[97.962499999999835,30.154166666666505],[97.979166666666501,30.137499999999839],[97.987499999999841,30.137499999999839]]},"properties":{"FID":97,"ARCID":607404,"UP_CELLS":96408}},{"type":"Feature","id":98,"geometry":{"type":"LineString","coordinates":[[97.987499999999841,30.137499999999839],[97.987499999999841,30.112499999999837],[97.995833333333167,30.104166666666504],[97.995833333333167,30.087499999999839]]},"properties":{"FID":98,"ARCID":608145,"UP_CELLS":96531}},{"type":"Feature","id":99,"geometry":{"type":"LineString","coordinates":[[97.995833333333167,30.087499999999839],[97.995833333333167,30.070833333333173]]},"properties":{"FID":99,"ARCID":608403,"UP_CELLS":96586}},{"type":"Feature","id":100,"geometry":{"type":"LineString","coordinates":[[97.995833333333167,30.070833333333173],[98.012499999999847,30.054166666666504],[98.020833333333172,30.054166666666504],[98.029166666666498,30.045833333333171],[98.029166666666498,30.037499999999838]]},"properties":{"FID":100,"ARCID":608892,"UP_CELLS":96675}},{"type":"Feature","id":101,"geometry":{"type":"LineString","coordinates":[[98.029166666666498,30.037499999999838],[98.045833333333178,30.020833333333172]]},"properties":{"FID":101,"ARCID":609175,"UP_CELLS":96778}},{"type":"Feature","id":102,"geometry":{"type":"LineString","coordinates":[[98.045833333333178,30.020833333333172],[98.045833333333178,29.987499999999837],[98.062499999999829,29.970833333333172],[98.062499999999829,29.962499999999839]]},"properties":{"FID":102,"ARCID":610139,"UP_CELLS":96864}},{"type":"Feature","id":103,"geometry":{"type":"LineString","coordinates":[[98.062499999999829,29.962499999999839],[98.095833333333161,29.929166666666507],[98.095833333333161,29.912499999999838]]},"properties":{"FID":103,"ARCID":610944,"UP_CELLS":98107}},{"type":"Feature","id":104,"geometry":{"type":"LineString","coordinates":[[98.095833333333161,29.912499999999838],[98.095833333333161,29.904166666666505],[98.120833333333167,29.879166666666507],[98.120833333333167,29.870833333333174]]},"properties":{"FID":104,"ARCID":611579,"UP_CELLS":98216}},{"type":"Feature","id":105,"geometry":{"type":"LineString","coordinates":[[98.120833333333167,29.870833333333174],[98.137499999999847,29.854166666666504],[98.137499999999847,29.837499999999839]]},"properties":{"FID":105,"ARCID":612116,"UP_CELLS":98305}},{"type":"Feature","id":106,"geometry":{"type":"LineString","coordinates":[[98.137499999999847,29.837499999999839],[98.154166666666498,29.820833333333173]]},"properties":{"FID":106,"ARCID":612410,"UP_CELLS":98369}},{"type":"Feature","id":107,"geometry":{"type":"LineString","coordinates":[[98.154166666666498,29.820833333333173],[98.162499999999838,29.829166666666506],[98.170833333333178,29.820833333333173],[98.204166666666509,29.820833333333173],[98.212499999999835,29.81249999999984],[98.212499999999835,29.804166666666507],[98.237499999999841,29.779166666666505],[98.237499999999841,29.770833333333172]]},"properties":{"FID":107,"ARCID":613153,"UP_CELLS":98667}},{"type":"Feature","id":108,"geometry":{"type":"LineString","coordinates":[[98.237499999999841,29.770833333333172],[98.237499999999841,29.762499999999839],[98.245833333333167,29.762499999999839],[98.254166666666492,29.754166666666507]]},"properties":{"FID":108,"ARCID":613398,"UP_CELLS":100092}},{"type":"Feature","id":109,"geometry":{"type":"LineString","coordinates":[[98.254166666666492,29.754166666666507],[98.254166666666492,29.737499999999841]]},"properties":{"FID":109,"ARCID":613680,"UP_CELLS":100124}},{"type":"Feature","id":110,"geometry":{"type":"LineString","coordinates":[[98.254166666666492,29.737499999999841],[98.270833333333172,29.720833333333172]]},"properties":{"FID":110,"ARCID":613956,"UP_CELLS":100244}},{"type":"Feature","id":111,"geometry":{"type":"LineString","coordinates":[[98.270833333333172,29.720833333333172],[98.279166666666498,29.720833333333172],[98.295833333333178,29.704166666666506]]},"properties":{"FID":111,"ARCID":614205,"UP_CELLS":100289}},{"type":"Feature","id":112,"geometry":{"type":"LineString","coordinates":[[98.295833333333178,29.704166666666506],[98.295833333333178,29.695833333333173],[98.312499999999829,29.679166666666507],[98.320833333333169,29.679166666666507],[98.329166666666509,29.670833333333174]]},"properties":{"FID":112,"ARCID":614761,"UP_CELLS":100363}},{"type":"Feature","id":113,"geometry":{"type":"LineString","coordinates":[[98.329166666666509,29.670833333333174],[98.354166666666501,29.645833333333172]]},"properties":{"FID":113,"ARCID":615129,"UP_CELLS":100428}},{"type":"Feature","id":114,"geometry":{"type":"LineString","coordinates":[[98.354166666666501,29.645833333333172],[98.354166666666501,29.637499999999839]]},"properties":{"FID":114,"ARCID":615275,"UP_CELLS":100679}},{"type":"Feature","id":115,"geometry":{"type":"LineString","coordinates":[[98.354166666666501,29.637499999999839],[98.354166666666501,29.612499999999841],[98.337499999999835,29.595833333333175],[98.337499999999835,29.579166666666506]]},"properties":{"FID":115,"ARCID":616213,"UP_CELLS":100879}},{"type":"Feature","id":116,"geometry":{"type":"LineString","coordinates":[[98.337499999999835,29.579166666666506],[98.354166666666501,29.56249999999984],[98.354166666666501,29.554166666666507],[98.362499999999841,29.545833333333174],[98.362499999999841,29.537499999999842],[98.370833333333167,29.529166666666509],[98.370833333333167,29.520833333333176],[98.379166666666492,29.512499999999839]]},"properties":{"FID":116,"ARCID":617238,"UP_CELLS":100999}},{"type":"Feature","id":117,"geometry":{"type":"LineString","coordinates":[[98.379166666666492,29.512499999999839],[98.379166666666492,29.504166666666507],[98.387499999999832,29.495833333333174],[98.387499999999832,29.479166666666508]]},"properties":{"FID":117,"ARCID":617749,"UP_CELLS":101061}},{"type":"Feature","id":118,"geometry":{"type":"LineString","coordinates":[[98.387499999999832,29.479166666666508],[98.395833333333172,29.470833333333175],[98.395833333333172,29.454166666666509]]},"properties":{"FID":118,"ARCID":618182,"UP_CELLS":102377}},{"type":"Feature","id":119,"geometry":{"type":"LineString","coordinates":[[98.395833333333172,29.454166666666509],[98.412499999999838,29.43749999999984],[98.404166666666498,29.429166666666507],[98.412499999999838,29.420833333333174],[98.420833333333178,29.420833333333174]]},"properties":{"FID":119,"ARCID":618750,"UP_CELLS":102522}},{"type":"Feature","id":120,"geometry":{"type":"LineString","coordinates":[[98.420833333333178,29.420833333333174],[98.429166666666504,29.412499999999842],[98.429166666666504,29.404166666666509]]},"properties":{"FID":120,"ARCID":619000,"UP_CELLS":102761}},{"type":"Feature","id":121,"geometry":{"type":"LineString","coordinates":[[98.429166666666504,29.404166666666509],[98.437499999999829,29.395833333333176]]},"properties":{"FID":121,"ARCID":619106,"UP_CELLS":102791}},{"type":"Feature","id":122,"geometry":{"type":"LineString","coordinates":[[98.437499999999829,29.395833333333176],[98.437499999999829,29.362499999999841]]},"properties":{"FID":122,"ARCID":619602,"UP_CELLS":102847}},{"type":"Feature","id":123,"geometry":{"type":"LineString","coordinates":[[98.437499999999829,29.362499999999841],[98.445833333333169,29.354166666666508],[98.454166666666509,29.354166666666508],[98.462499999999835,29.345833333333175],[98.470833333333161,29.345833333333175],[98.479166666666501,29.337499999999842]]},"properties":{"FID":123,"ARCID":620033,"UP_CELLS":103114}},{"type":"Feature","id":124,"geometry":{"type":"LineString","coordinates":[[98.479166666666501,29.337499999999842],[98.495833333333167,29.320833333333177],[98.495833333333167,29.31249999999984],[98.520833333333172,29.287499999999842],[98.529166666666498,29.287499999999842]]},"properties":{"FID":124,"ARCID":620847,"UP_CELLS":103309}},{"type":"Feature","id":125,"geometry":{"type":"LineString","coordinates":[[98.529166666666498,29.287499999999842],[98.545833333333178,29.270833333333176],[98.554166666666504,29.270833333333176],[98.554166666666504,29.262499999999843]]},"properties":{"FID":125,"ARCID":621263,"UP_CELLS":103364}},{"type":"Feature","id":126,"geometry":{"type":"LineString","coordinates":[[98.554166666666504,29.262499999999843],[98.562499999999829,29.25416666666651]]},"properties":{"FID":126,"ARCID":621408,"UP_CELLS":103442}},{"type":"Feature","id":127,"geometry":{"type":"LineString","coordinates":[[98.562499999999829,29.25416666666651],[98.562499999999829,29.237499999999841],[98.579166666666509,29.220833333333175],[98.579166666666509,29.212499999999842]]},"properties":{"FID":127,"ARCID":622046,"UP_CELLS":103566}},{"type":"Feature","id":128,"geometry":{"type":"LineString","coordinates":[[98.579166666666509,29.212499999999842],[98.604166666666501,29.187499999999844]]},"properties":{"FID":128,"ARCID":622491,"UP_CELLS":103678}},{"type":"Feature","id":129,"geometry":{"type":"LineString","coordinates":[[98.604166666666501,29.187499999999844],[98.604166666666501,29.170833333333174],[98.612499999999841,29.170833333333174],[98.620833333333167,29.162499999999842],[98.629166666666492,29.162499999999842],[98.629166666666492,29.154166666666509],[98.637499999999832,29.145833333333176]]},"properties":{"FID":129,"ARCID":623122,"UP_CELLS":103850}},{"type":"Feature","id":130,"geometry":{"type":"LineString","coordinates":[[98.637499999999832,29.145833333333176],[98.637499999999832,29.137499999999843],[98.629166666666492,29.12916666666651],[98.629166666666492,29.120833333333177],[98.620833333333167,29.112499999999841],[98.620833333333167,29.104166666666508],[98.612499999999841,29.095833333333175],[98.612499999999841,29.079166666666509]]},"properties":{"FID":130,"ARCID":624257,"UP_CELLS":104001}},{"type":"Feature","id":131,"geometry":{"type":"LineString","coordinates":[[98.612499999999841,29.079166666666509],[98.604166666666501,29.070833333333177],[98.604166666666501,29.062499999999844],[98.595833333333161,29.054166666666511],[98.595833333333161,29.037499999999842]]},"properties":{"FID":131,"ARCID":624961,"UP_CELLS":104117}},{"type":"Feature","id":132,"geometry":{"type":"LineString","coordinates":[[98.595833333333161,29.037499999999842],[98.595833333333161,29.020833333333176],[98.604166666666501,29.012499999999843],[98.604166666666501,28.995833333333174]]},"properties":{"FID":132,"ARCID":625632,"UP_CELLS":104237}},{"type":"Feature","id":133,"geometry":{"type":"LineString","coordinates":[[98.604166666666501,28.995833333333174],[98.612499999999841,28.987499999999841],[98.620833333333167,28.987499999999841],[98.629166666666492,28.979166666666508]]},"properties":{"FID":133,"ARCID":625885,"UP_CELLS":104433}},{"type":"Feature","id":134,"geometry":{"type":"LineString","coordinates":[[98.629166666666492,28.979166666666508],[98.629166666666492,28.962499999999842],[98.637499999999832,28.954166666666509],[98.637499999999832,28.945833333333177],[98.654166666666498,28.929166666666511],[98.654166666666498,28.920833333333178]]},"properties":{"FID":134,"ARCID":626787,"UP_CELLS":104639}},{"type":"Feature","id":135,"geometry":{"type":"LineString","coordinates":[[98.654166666666498,28.920833333333178],[98.654166666666498,28.904166666666512],[98.645833333333172,28.895833333333179],[98.645833333333172,28.879166666666507]]},"properties":{"FID":135,"ARCID":627486,"UP_CELLS":104860}},{"type":"Feature","id":136,"geometry":{"type":"LineString","coordinates":[[98.645833333333172,28.879166666666507],[98.654166666666498,28.870833333333174],[98.654166666666498,28.854166666666508],[98.662499999999838,28.845833333333175]]},"properties":{"FID":136,"ARCID":628013,"UP_CELLS":104970}},{"type":"Feature","id":137,"geometry":{"type":"LineString","coordinates":[[98.662499999999838,28.845833333333175],[98.662499999999838,28.837499999999842],[98.654166666666498,28.829166666666509],[98.654166666666498,28.820833333333177]]},"properties":{"FID":137,"ARCID":628426,"UP_CELLS":105014}},{"type":"Feature","id":138,"geometry":{"type":"LineString","coordinates":[[98.654166666666498,28.820833333333177],[98.654166666666498,28.812499999999844]]},"properties":{"FID":138,"ARCID":628575,"UP_CELLS":105079}},{"type":"Feature","id":139,"geometry":{"type":"LineString","coordinates":[[98.654166666666498,28.812499999999844],[98.662499999999838,28.804166666666511],[98.662499999999838,28.795833333333178],[98.679166666666504,28.779166666666512],[98.679166666666504,28.770833333333179]]},"properties":{"FID":139,"ARCID":629277,"UP_CELLS":105246}},{"type":"Feature","id":140,"geometry":{"type":"LineString","coordinates":[[98.679166666666504,28.770833333333179],[98.679166666666504,28.762499999999847]]},"properties":{"FID":140,"ARCID":629407,"UP_CELLS":105282}},{"type":"Feature","id":141,"geometry":{"type":"LineString","coordinates":[[98.679166666666504,28.762499999999847],[98.679166666666504,28.737499999999841]]},"properties":{"FID":141,"ARCID":629774,"UP_CELLS":105344}},{"type":"Feature","id":142,"geometry":{"type":"LineString","coordinates":[[98.679166666666504,28.737499999999841],[98.687499999999829,28.729166666666508]]},"properties":{"FID":142,"ARCID":629916,"UP_CELLS":105420}},{"type":"Feature","id":143,"geometry":{"type":"LineString","coordinates":[[98.687499999999829,28.729166666666508],[98.687499999999829,28.720833333333175],[98.679166666666504,28.712499999999842],[98.679166666666504,28.704166666666509],[98.712499999999835,28.670833333333178]]},"properties":{"FID":143,"ARCID":630836,"UP_CELLS":105602}},{"type":"Feature","id":144,"geometry":{"type":"LineString","coordinates":[[98.712499999999835,28.670833333333178],[98.712499999999835,28.654166666666512]]},"properties":{"FID":144,"ARCID":631130,"UP_CELLS":105717}},{"type":"Feature","id":145,"geometry":{"type":"LineString","coordinates":[[98.712499999999835,28.654166666666512],[98.729166666666501,28.637499999999847]]},"properties":{"FID":145,"ARCID":631415,"UP_CELLS":105802}},{"type":"Feature","id":146,"geometry":{"type":"LineString","coordinates":[[98.729166666666501,28.637499999999847],[98.737499999999841,28.629166666666514],[98.737499999999841,28.620833333333181],[98.745833333333167,28.612499999999841],[98.754166666666492,28.612499999999841],[98.762499999999832,28.604166666666508]]},"properties":{"FID":146,"ARCID":631954,"UP_CELLS":105960}},{"type":"Feature","id":147,"geometry":{"type":"LineString","coordinates":[[98.762499999999832,28.604166666666508],[98.762499999999832,28.595833333333175],[98.779166666666498,28.579166666666509],[98.779166666666498,28.570833333333177],[98.787499999999824,28.562499999999844],[98.787499999999824,28.554166666666511]]},"properties":{"FID":147,"ARCID":632725,"UP_CELLS":106048}},{"type":"Feature","id":148,"geometry":{"type":"LineString","coordinates":[[98.787499999999824,28.554166666666511],[98.795833333333178,28.545833333333178]]},"properties":{"FID":148,"ARCID":632875,"UP_CELLS":106092}},{"type":"Feature","id":149,"geometry":{"type":"LineString","coordinates":[[98.795833333333178,28.545833333333178],[98.795833333333178,28.529166666666512],[98.804166666666504,28.520833333333179]]},"properties":{"FID":149,"ARCID":633315,"UP_CELLS":106727}},{"type":"Feature","id":150,"geometry":{"type":"LineString","coordinates":[[98.804166666666504,28.520833333333179],[98.795833333333178,28.512499999999847],[98.795833333333178,28.504166666666514]]},"properties":{"FID":150,"ARCID":633586,"UP_CELLS":106804}},{"type":"Feature","id":151,"geometry":{"type":"LineString","coordinates":[[98.795833333333178,28.504166666666514],[98.804166666666504,28.495833333333181],[98.804166666666504,28.487499999999848],[98.812499999999829,28.479166666666508],[98.812499999999829,28.470833333333175]]},"properties":{"FID":151,"ARCID":634104,"UP_CELLS":106867}},{"type":"Feature","id":152,"geometry":{"type":"LineString","coordinates":[[98.812499999999829,28.470833333333175],[98.820833333333169,28.462499999999842]]},"properties":{"FID":152,"ARCID":634234,"UP_CELLS":106931}},{"type":"Feature","id":153,"geometry":{"type":"LineString","coordinates":[[98.820833333333169,28.462499999999842],[98.829166666666509,28.454166666666509],[98.829166666666509,28.445833333333177],[98.837499999999835,28.437499999999844],[98.837499999999835,28.429166666666511],[98.845833333333161,28.420833333333178],[98.845833333333161,28.412499999999845],[98.854166666666501,28.404166666666512],[98.854166666666501,28.379166666666514]]},"properties":{"FID":153,"ARCID":635603,"UP_CELLS":107045}},{"type":"Feature","id":154,"geometry":{"type":"LineString","coordinates":[[98.854166666666501,28.379166666666514],[98.862499999999841,28.370833333333181],[98.862499999999841,28.362499999999848],[98.870833333333167,28.354166666666515],[98.870833333333167,28.329166666666509]]},"properties":{"FID":154,"ARCID":636417,"UP_CELLS":107538}},{"type":"Feature","id":155,"geometry":{"type":"LineString","coordinates":[[98.870833333333167,28.329166666666509],[98.870833333333167,28.312499999999844]]},"properties":{"FID":155,"ARCID":636691,"UP_CELLS":107599}},{"type":"Feature","id":156,"geometry":{"type":"LineString","coordinates":[[98.870833333333167,28.312499999999844],[98.870833333333167,28.304166666666511],[98.862499999999841,28.295833333333178],[98.862499999999841,28.287499999999845]]},"properties":{"FID":156,"ARCID":637109,"UP_CELLS":107659}},{"type":"Feature","id":157,"geometry":{"type":"LineString","coordinates":[[98.862499999999841,28.287499999999845],[98.862499999999841,28.279166666666512],[98.854166666666501,28.270833333333179]]},"properties":{"FID":157,"ARCID":637359,"UP_CELLS":107747}},{"type":"Feature","id":158,"geometry":{"type":"LineString","coordinates":[[98.854166666666501,28.270833333333179],[98.862499999999841,28.262499999999847],[98.862499999999841,28.212499999999849]]},"properties":{"FID":158,"ARCID":638309,"UP_CELLS":107874}},{"type":"Feature","id":159,"geometry":{"type":"LineString","coordinates":[[98.862499999999841,28.212499999999849],[98.862499999999841,28.195833333333177]]},"properties":{"FID":159,"ARCID":638566,"UP_CELLS":107930}},{"type":"Feature","id":160,"geometry":{"type":"LineString","coordinates":[[98.862499999999841,28.195833333333177],[98.870833333333167,28.187499999999844],[98.870833333333167,28.162499999999845],[98.887499999999832,28.145833333333179]]},"properties":{"FID":160,"ARCID":639375,"UP_CELLS":108301}},{"type":"Feature","id":161,"geometry":{"type":"LineString","coordinates":[[98.887499999999832,28.145833333333179],[98.887499999999832,28.137499999999847],[98.895833333333172,28.129166666666514],[98.904166666666498,28.129166666666514],[98.920833333333164,28.112499999999848],[98.920833333333164,28.104166666666515]]},"properties":{"FID":161,"ARCID":640058,"UP_CELLS":108476}},{"type":"Feature","id":162,"geometry":{"type":"LineString","coordinates":[[98.920833333333164,28.104166666666515],[98.920833333333164,28.095833333333182]]},"properties":{"FID":162,"ARCID":640171,"UP_CELLS":108503}},{"type":"Feature","id":163,"geometry":{"type":"LineString","coordinates":[[98.920833333333164,28.095833333333182],[98.920833333333164,28.070833333333177]]},"properties":{"FID":163,"ARCID":640561,"UP_CELLS":108581}},{"type":"Feature","id":164,"geometry":{"type":"LineString","coordinates":[[98.920833333333164,28.070833333333177],[98.912499999999824,28.062499999999844],[98.912499999999824,28.054166666666511],[98.904166666666498,28.045833333333178]]},"properties":{"FID":164,"ARCID":640969,"UP_CELLS":108657}},{"type":"Feature","id":165,"geometry":{"type":"LineString","coordinates":[[98.904166666666498,28.045833333333178],[98.912499999999824,28.037499999999845],[98.912499999999824,28.020833333333179],[98.904166666666498,28.012499999999847]]},"properties":{"FID":165,"ARCID":641511,"UP_CELLS":108756}},{"type":"Feature","id":166,"geometry":{"type":"LineString","coordinates":[[98.904166666666498,28.012499999999847],[98.904166666666498,27.987499999999848]]},"properties":{"FID":166,"ARCID":641905,"UP_CELLS":108830}},{"type":"Feature","id":167,"geometry":{"type":"LineString","coordinates":[[98.904166666666498,27.987499999999848],[98.912499999999824,27.979166666666515]]},"properties":{"FID":167,"ARCID":642069,"UP_CELLS":108887}},{"type":"Feature","id":168,"geometry":{"type":"LineString","coordinates":[[98.912499999999824,27.979166666666515],[98.912499999999824,27.954166666666517],[98.920833333333164,27.945833333333184]]},"properties":{"FID":168,"ARCID":642589,"UP_CELLS":108957}},{"type":"Feature","id":169,"geometry":{"type":"LineString","coordinates":[[98.920833333333164,27.945833333333184],[98.929166666666504,27.937499999999844]]},"properties":{"FID":169,"ARCID":642718,"UP_CELLS":108999}},{"type":"Feature","id":170,"geometry":{"type":"LineString","coordinates":[[98.929166666666504,27.937499999999844],[98.937499999999829,27.929166666666511],[98.937499999999829,27.920833333333178],[98.945833333333169,27.912499999999845]]},"properties":{"FID":170,"ARCID":643090,"UP_CELLS":109103}},{"type":"Feature","id":171,"geometry":{"type":"LineString","coordinates":[[98.945833333333169,27.912499999999845],[98.954166666666509,27.912499999999845],[98.962499999999835,27.904166666666512],[98.970833333333161,27.904166666666512]]},"properties":{"FID":171,"ARCID":643231,"UP_CELLS":109338}},{"type":"Feature","id":172,"geometry":{"type":"LineString","coordinates":[[98.970833333333161,27.904166666666512],[98.987499999999841,27.887499999999847]]},"properties":{"FID":172,"ARCID":643481,"UP_CELLS":109442}},{"type":"Feature","id":173,"geometry":{"type":"LineString","coordinates":[[98.987499999999841,27.887499999999847],[99.004166666666492,27.870833333333181]]},"properties":{"FID":173,"ARCID":643733,"UP_CELLS":109487}},{"type":"Feature","id":174,"geometry":{"type":"LineString","coordinates":[[99.004166666666492,27.870833333333181],[99.037499999999824,27.837499999999849]]},"properties":{"FID":174,"ARCID":644274,"UP_CELLS":109587}},{"type":"Feature","id":175,"geometry":{"type":"LineString","coordinates":[[99.037499999999824,27.837499999999849],[99.037499999999824,27.812499999999851]]},"properties":{"FID":175,"ARCID":644650,"UP_CELLS":109646}},{"type":"Feature","id":176,"geometry":{"type":"LineString","coordinates":[[99.037499999999824,27.812499999999851],[99.037499999999824,27.804166666666511]]},"properties":{"FID":176,"ARCID":644772,"UP_CELLS":109690}},{"type":"Feature","id":177,"geometry":{"type":"LineString","coordinates":[[99.037499999999824,27.804166666666511],[99.029166666666498,27.795833333333178],[99.029166666666498,27.787499999999845]]},"properties":{"FID":177,"ARCID":645039,"UP_CELLS":109734}},{"type":"Feature","id":178,"geometry":{"type":"LineString","coordinates":[[99.029166666666498,27.787499999999845],[99.037499999999824,27.779166666666512]]},"properties":{"FID":178,"ARCID":645175,"UP_CELLS":109788}},{"type":"Feature","id":179,"geometry":{"type":"LineString","coordinates":[[99.037499999999824,27.779166666666512],[99.045833333333164,27.770833333333179],[99.045833333333164,27.754166666666514]]},"properties":{"FID":179,"ARCID":645585,"UP_CELLS":109835}},{"type":"Feature","id":180,"geometry":{"type":"LineString","coordinates":[[99.045833333333164,27.754166666666514],[99.037499999999824,27.745833333333181]]},"properties":{"FID":180,"ARCID":645720,"UP_CELLS":109870}},{"type":"Feature","id":181,"geometry":{"type":"LineString","coordinates":[[99.037499999999824,27.745833333333181],[99.054166666666504,27.729166666666515],[99.045833333333164,27.720833333333182],[99.045833333333164,27.704166666666517]]},"properties":{"FID":181,"ARCID":646361,"UP_CELLS":109940}},{"type":"Feature","id":182,"geometry":{"type":"LineString","coordinates":[[99.045833333333164,27.704166666666517],[99.045833333333164,27.679166666666518],[99.037499999999824,27.670833333333178]]},"properties":{"FID":182,"ARCID":646927,"UP_CELLS":109991}},{"type":"Feature","id":183,"geometry":{"type":"LineString","coordinates":[[99.037499999999824,27.670833333333178],[99.029166666666498,27.662499999999845],[99.012499999999832,27.662499999999845],[99.004166666666492,27.654166666666512]]},"properties":{"FID":183,"ARCID":647218,"UP_CELLS":110074}},{"type":"Feature","id":184,"geometry":{"type":"LineString","coordinates":[[99.004166666666492,27.654166666666512],[99.004166666666492,27.637499999999847],[99.020833333333172,27.620833333333181],[99.012499999999832,27.612499999999848],[99.012499999999832,27.604166666666515]]},"properties":{"FID":184,"ARCID":647967,"UP_CELLS":110337}},{"type":"Feature","id":185,"geometry":{"type":"LineString","coordinates":[[99.012499999999832,27.604166666666515],[99.020833333333172,27.595833333333182]]},"properties":{"FID":185,"ARCID":648087,"UP_CELLS":110386}},{"type":"Feature","id":186,"geometry":{"type":"LineString","coordinates":[[99.020833333333172,27.595833333333182],[99.020833333333172,27.587499999999849]]},"properties":{"FID":186,"ARCID":648223,"UP_CELLS":110415}},{"type":"Feature","id":187,"geometry":{"type":"LineString","coordinates":[[99.020833333333172,27.587499999999849],[99.037499999999824,27.570833333333184],[99.037499999999824,27.562499999999851]]},"properties":{"FID":187,"ARCID":648603,"UP_CELLS":110500}},{"type":"Feature","id":188,"geometry":{"type":"LineString","coordinates":[[99.037499999999824,27.562499999999851],[99.037499999999824,27.545833333333185],[99.029166666666498,27.537499999999845],[99.020833333333172,27.537499999999845],[99.012499999999832,27.529166666666512]]},"properties":{"FID":188,"ARCID":649106,"UP_CELLS":110726}},{"type":"Feature","id":189,"geometry":{"type":"LineString","coordinates":[[99.012499999999832,27.529166666666512],[99.012499999999832,27.520833333333179],[99.020833333333172,27.512499999999847]]},"properties":{"FID":189,"ARCID":649372,"UP_CELLS":110774}},{"type":"Feature","id":190,"geometry":{"type":"LineString","coordinates":[[99.020833333333172,27.512499999999847],[99.029166666666498,27.504166666666514],[99.029166666666498,27.495833333333181]]},"properties":{"FID":190,"ARCID":649633,"UP_CELLS":110874}},{"type":"Feature","id":191,"geometry":{"type":"LineString","coordinates":[[99.029166666666498,27.495833333333181],[99.037499999999824,27.487499999999848]]},"properties":{"FID":191,"ARCID":649740,"UP_CELLS":110911}},{"type":"Feature","id":192,"geometry":{"type":"LineString","coordinates":[[99.037499999999824,27.487499999999848],[99.037499999999824,27.479166666666515],[99.045833333333164,27.470833333333182],[99.045833333333164,27.454166666666517],[99.054166666666504,27.445833333333184],[99.054166666666504,27.429166666666518],[99.062499999999829,27.420833333333185],[99.062499999999829,27.412499999999852]]},"properties":{"FID":192,"ARCID":650910,"UP_CELLS":111060}},{"type":"Feature","id":193,"geometry":{"type":"LineString","coordinates":[[99.062499999999829,27.412499999999852],[99.070833333333169,27.404166666666512],[99.070833333333169,27.395833333333179],[99.087499999999835,27.379166666666514],[99.087499999999835,27.345833333333182]]},"properties":{"FID":193,"ARCID":651963,"UP_CELLS":111269}},{"type":"Feature","id":194,"geometry":{"type":"LineString","coordinates":[[99.087499999999835,27.345833333333182],[99.095833333333161,27.337499999999849],[99.095833333333161,27.329166666666517],[99.104166666666501,27.320833333333184],[99.104166666666501,27.312499999999851],[99.112499999999841,27.304166666666518],[99.104166666666501,27.295833333333185],[99.104166666666501,27.270833333333186],[99.095833333333161,27.262499999999847],[99.095833333333161,27.254166666666514],[99.079166666666509,27.237499999999848]]},"properties":{"FID":194,"ARCID":653648,"UP_CELLS":112519}},{"type":"Feature","id":195,"geometry":{"type":"LineString","coordinates":[[99.079166666666509,27.237499999999848],[99.087499999999835,27.229166666666515],[99.087499999999835,27.212499999999849]]},"properties":{"FID":195,"ARCID":654020,"UP_CELLS":112597}},{"type":"Feature","id":196,"geometry":{"type":"LineString","coordinates":[[99.087499999999835,27.212499999999849],[99.112499999999841,27.187499999999851],[99.145833333333172,27.187499999999851]]},"properties":{"FID":196,"ARCID":654429,"UP_CELLS":112731}},{"type":"Feature","id":197,"geometry":{"type":"LineString","coordinates":[[99.145833333333172,27.187499999999851],[99.154166666666498,27.179166666666518],[99.154166666666498,27.162499999999852]]},"properties":{"FID":197,"ARCID":654797,"UP_CELLS":112782}},{"type":"Feature","id":198,"geometry":{"type":"LineString","coordinates":[[99.154166666666498,27.162499999999852],[99.154166666666498,27.154166666666519]]},"properties":{"FID":198,"ARCID":654906,"UP_CELLS":112816}},{"type":"Feature","id":199,"geometry":{"type":"LineString","coordinates":[[99.154166666666498,27.154166666666519],[99.154166666666498,27.129166666666514],[99.162499999999824,27.120833333333181]]},"properties":{"FID":199,"ARCID":655426,"UP_CELLS":112927}},{"type":"Feature","id":200,"geometry":{"type":"LineString","coordinates":[[99.162499999999824,27.120833333333181],[99.162499999999824,27.112499999999848]]},"properties":{"FID":200,"ARCID":655568,"UP_CELLS":112979}},{"type":"Feature","id":201,"geometry":{"type":"LineString","coordinates":[[99.162499999999824,27.112499999999848],[99.170833333333164,27.104166666666515],[99.170833333333164,27.087499999999849]]},"properties":{"FID":201,"ARCID":655962,"UP_CELLS":113158}},{"type":"Feature","id":202,"geometry":{"type":"LineString","coordinates":[[99.170833333333164,27.087499999999849],[99.170833333333164,27.062499999999851],[99.162499999999824,27.054166666666518]]},"properties":{"FID":202,"ARCID":656489,"UP_CELLS":113225}},{"type":"Feature","id":203,"geometry":{"type":"LineString","coordinates":[[99.162499999999824,27.054166666666518],[99.154166666666498,27.045833333333185],[99.154166666666498,27.037499999999852]]},"properties":{"FID":203,"ARCID":656749,"UP_CELLS":113263}},{"type":"Feature","id":204,"geometry":{"type":"LineString","coordinates":[[99.154166666666498,27.037499999999852],[99.154166666666498,26.995833333333181]]},"properties":{"FID":204,"ARCID":657392,"UP_CELLS":113461}},{"type":"Feature","id":205,"geometry":{"type":"LineString","coordinates":[[99.154166666666498,26.995833333333181],[99.154166666666498,26.987499999999848],[99.162499999999824,26.979166666666515]]},"properties":{"FID":205,"ARCID":657671,"UP_CELLS":115260}},{"type":"Feature","id":206,"geometry":{"type":"LineString","coordinates":[[99.162499999999824,26.979166666666515],[99.179166666666504,26.962499999999849],[99.179166666666504,26.929166666666518]]},"properties":{"FID":206,"ARCID":658444,"UP_CELLS":115369}},{"type":"Feature","id":207,"geometry":{"type":"LineString","coordinates":[[99.179166666666504,26.929166666666518],[99.179166666666504,26.920833333333185],[99.187499999999829,26.912499999999852],[99.187499999999829,26.895833333333186]]},"properties":{"FID":207,"ARCID":658982,"UP_CELLS":115647}},{"type":"Feature","id":208,"geometry":{"type":"LineString","coordinates":[[99.187499999999829,26.895833333333186],[99.187499999999829,26.870833333333188]]},"properties":{"FID":208,"ARCID":659370,"UP_CELLS":115730}},{"type":"Feature","id":209,"geometry":{"type":"LineString","coordinates":[[99.187499999999829,26.870833333333188],[99.179166666666504,26.862499999999848],[99.179166666666504,26.845833333333182],[99.170833333333164,26.837499999999849]]},"properties":{"FID":209,"ARCID":659844,"UP_CELLS":115782}},{"type":"Feature","id":210,"geometry":{"type":"LineString","coordinates":[[99.170833333333164,26.837499999999849],[99.162499999999824,26.829166666666517],[99.162499999999824,26.812499999999851]]},"properties":{"FID":210,"ARCID":660201,"UP_CELLS":115937}},{"type":"Feature","id":211,"geometry":{"type":"LineString","coordinates":[[99.162499999999824,26.812499999999851],[99.162499999999824,26.804166666666518]]},"properties":{"FID":211,"ARCID":660317,"UP_CELLS":116014}},{"type":"Feature","id":212,"geometry":{"type":"LineString","coordinates":[[99.162499999999824,26.804166666666518],[99.162499999999824,26.787499999999852],[99.154166666666498,26.779166666666519],[99.154166666666498,26.770833333333186],[99.145833333333172,26.762499999999854],[99.145833333333172,26.745833333333188],[99.137499999999832,26.737499999999855],[99.145833333333172,26.729166666666515]]},"properties":{"FID":212,"ARCID":661442,"UP_CELLS":116150}},{"type":"Feature","id":213,"geometry":{"type":"LineString","coordinates":[[99.145833333333172,26.729166666666515],[99.162499999999824,26.712499999999849],[99.162499999999824,26.704166666666517],[99.170833333333164,26.695833333333184]]},"properties":{"FID":213,"ARCID":661998,"UP_CELLS":116298}},{"type":"Feature","id":214,"geometry":{"type":"LineString","coordinates":[[99.170833333333164,26.695833333333184],[99.162499999999824,26.687499999999851],[99.162499999999824,26.679166666666518],[99.154166666666498,26.670833333333185]]},"properties":{"FID":214,"ARCID":662336,"UP_CELLS":116562}},{"type":"Feature","id":215,"geometry":{"type":"LineString","coordinates":[[99.154166666666498,26.670833333333185],[99.145833333333172,26.662499999999852]]},"properties":{"FID":215,"ARCID":662437,"UP_CELLS":116620}},{"type":"Feature","id":216,"geometry":{"type":"LineString","coordinates":[[99.145833333333172,26.662499999999852],[99.145833333333172,26.654166666666519],[99.137499999999832,26.645833333333186],[99.137499999999832,26.637499999999854],[99.145833333333172,26.629166666666521],[99.145833333333172,26.620833333333188],[99.137499999999832,26.612499999999855],[99.129166666666492,26.612499999999855]]},"properties":{"FID":216,"ARCID":663149,"UP_CELLS":116729}},{"type":"Feature","id":217,"geometry":{"type":"LineString","coordinates":[[99.129166666666492,26.612499999999855],[99.137499999999832,26.604166666666522],[99.137499999999832,26.595833333333182]]},"properties":{"FID":217,"ARCID":663404,"UP_CELLS":116784}},{"type":"Feature","id":218,"geometry":{"type":"LineString","coordinates":[[99.137499999999832,26.595833333333182],[99.137499999999832,26.587499999999849],[99.129166666666492,26.579166666666517],[99.129166666666492,26.570833333333184],[99.120833333333167,26.562499999999851]]},"properties":{"FID":218,"ARCID":663929,"UP_CELLS":116846}},{"type":"Feature","id":219,"geometry":{"type":"LineString","coordinates":[[99.120833333333167,26.562499999999851],[99.104166666666501,26.545833333333185]]},"properties":{"FID":219,"ARCID":664179,"UP_CELLS":116883}},{"type":"Feature","id":220,"geometry":{"type":"LineString","coordinates":[[99.104166666666501,26.545833333333185],[99.104166666666501,26.529166666666519],[99.095833333333161,26.520833333333186]]},"properties":{"FID":220,"ARCID":664569,"UP_CELLS":116951}},{"type":"Feature","id":221,"geometry":{"type":"LineString","coordinates":[[99.095833333333161,26.520833333333186],[99.104166666666501,26.512499999999854]]},"properties":{"FID":221,"ARCID":664684,"UP_CELLS":117003}},{"type":"Feature","id":222,"geometry":{"type":"LineString","coordinates":[[99.104166666666501,26.512499999999854],[99.112499999999841,26.504166666666521],[99.120833333333167,26.504166666666521],[99.145833333333172,26.479166666666522]]},"properties":{"FID":222,"ARCID":665197,"UP_CELLS":117075}},{"type":"Feature","id":223,"geometry":{"type":"LineString","coordinates":[[99.145833333333172,26.479166666666522],[99.145833333333172,26.470833333333189],[99.137499999999832,26.462499999999849]]},"properties":{"FID":223,"ARCID":665432,"UP_CELLS":117413}},{"type":"Feature","id":224,"geometry":{"type":"LineString","coordinates":[[99.137499999999832,26.462499999999849],[99.137499999999832,26.454166666666517]]},"properties":{"FID":224,"ARCID":665565,"UP_CELLS":117465}},{"type":"Feature","id":225,"geometry":{"type":"LineString","coordinates":[[99.137499999999832,26.454166666666517],[99.137499999999832,26.445833333333184],[99.129166666666492,26.437499999999851],[99.129166666666492,26.429166666666518]]},"properties":{"FID":225,"ARCID":665916,"UP_CELLS":117502}},{"type":"Feature","id":226,"geometry":{"type":"LineString","coordinates":[[99.129166666666492,26.429166666666518],[99.145833333333172,26.412499999999852]]},"properties":{"FID":226,"ARCID":666144,"UP_CELLS":117594}},{"type":"Feature","id":227,"geometry":{"type":"LineString","coordinates":[[99.145833333333172,26.412499999999852],[99.145833333333172,26.404166666666519]]},"properties":{"FID":227,"ARCID":666274,"UP_CELLS":117658}},{"type":"Feature","id":228,"geometry":{"type":"LineString","coordinates":[[99.145833333333172,26.404166666666519],[99.145833333333172,26.379166666666521],[99.137499999999832,26.370833333333188],[99.137499999999832,26.362499999999855]]},"properties":{"FID":228,"ARCID":666922,"UP_CELLS":117732}},{"type":"Feature","id":229,"geometry":{"type":"LineString","coordinates":[[99.137499999999832,26.362499999999855],[99.137499999999832,26.345833333333189]]},"properties":{"FID":229,"ARCID":667178,"UP_CELLS":117819}},{"type":"Feature","id":230,"geometry":{"type":"LineString","coordinates":[[99.137499999999832,26.345833333333189],[99.145833333333172,26.337499999999856]]},"properties":{"FID":230,"ARCID":667298,"UP_CELLS":117873}},{"type":"Feature","id":231,"geometry":{"type":"LineString","coordinates":[[99.145833333333172,26.337499999999856],[99.145833333333172,26.329166666666524]]},"properties":{"FID":231,"ARCID":667419,"UP_CELLS":117900}},{"type":"Feature","id":232,"geometry":{"type":"LineString","coordinates":[[99.145833333333172,26.329166666666524],[99.145833333333172,26.312499999999851],[99.137499999999832,26.304166666666518],[99.129166666666492,26.304166666666518]]},"properties":{"FID":232,"ARCID":667813,"UP_CELLS":117948}},{"type":"Feature","id":233,"geometry":{"type":"LineString","coordinates":[[99.129166666666492,26.304166666666518],[99.137499999999832,26.295833333333185],[99.137499999999832,26.287499999999852],[99.145833333333172,26.279166666666519]]},"properties":{"FID":233,"ARCID":668177,"UP_CELLS":118008}},{"type":"Feature","id":234,"geometry":{"type":"LineString","coordinates":[[99.145833333333172,26.279166666666519],[99.137499999999832,26.270833333333186],[99.137499999999832,26.262499999999854],[99.129166666666492,26.254166666666521],[99.129166666666492,26.245833333333188]]},"properties":{"FID":234,"ARCID":668678,"UP_CELLS":118065}},{"type":"Feature","id":235,"geometry":{"type":"LineString","coordinates":[[99.129166666666492,26.245833333333188],[99.137499999999832,26.237499999999855]]},"properties":{"FID":235,"ARCID":668795,"UP_CELLS":118117}},{"type":"Feature","id":236,"geometry":{"type":"LineString","coordinates":[[99.137499999999832,26.237499999999855],[99.137499999999832,26.204166666666524],[99.129166666666492,26.195833333333191]]},"properties":{"FID":236,"ARCID":669442,"UP_CELLS":118476}},{"type":"Feature","id":237,"geometry":{"type":"LineString","coordinates":[[99.129166666666492,26.195833333333191],[99.129166666666492,26.179166666666518]]},"properties":{"FID":237,"ARCID":669693,"UP_CELLS":118512}},{"type":"Feature","id":238,"geometry":{"type":"LineString","coordinates":[[99.129166666666492,26.179166666666518],[99.137499999999832,26.170833333333185],[99.137499999999832,26.154166666666519]]},"properties":{"FID":238,"ARCID":670120,"UP_CELLS":118576}},{"type":"Feature","id":239,"geometry":{"type":"LineString","coordinates":[[99.137499999999832,26.154166666666519],[99.137499999999832,26.145833333333186],[99.129166666666492,26.137499999999854]]},"properties":{"FID":239,"ARCID":670356,"UP_CELLS":118646}},{"type":"Feature","id":240,"geometry":{"type":"LineString","coordinates":[[99.129166666666492,26.137499999999854],[99.120833333333167,26.129166666666521]]},"properties":{"FID":240,"ARCID":670474,"UP_CELLS":118673}},{"type":"Feature","id":241,"geometry":{"type":"LineString","coordinates":[[99.120833333333167,26.129166666666521],[99.129166666666492,26.120833333333188],[99.129166666666492,26.112499999999855],[99.137499999999832,26.104166666666522],[99.129166666666492,26.095833333333189]]},"properties":{"FID":241,"ARCID":670945,"UP_CELLS":118771}},{"type":"Feature","id":242,"geometry":{"type":"LineString","coordinates":[[99.129166666666492,26.095833333333189],[99.129166666666492,26.062499999999858]]},"properties":{"FID":242,"ARCID":671396,"UP_CELLS":118847}},{"type":"Feature","id":243,"geometry":{"type":"LineString","coordinates":[[99.129166666666492,26.062499999999858],[99.129166666666492,26.037499999999852]]},"properties":{"FID":243,"ARCID":671753,"UP_CELLS":118960}},{"type":"Feature","id":244,"geometry":{"type":"LineString","coordinates":[[99.129166666666492,26.037499999999852],[99.129166666666492,26.029166666666519],[99.137499999999832,26.020833333333186],[99.137499999999832,26.012499999999854],[99.145833333333172,26.004166666666521],[99.145833333333172,25.995833333333188]]},"properties":{"FID":244,"ARCID":672385,"UP_CELLS":119058}},{"type":"Feature","id":245,"geometry":{"type":"LineString","coordinates":[[99.145833333333172,25.995833333333188],[99.145833333333172,25.987499999999855]]},"properties":{"FID":245,"ARCID":672511,"UP_CELLS":119094}},{"type":"Feature","id":246,"geometry":{"type":"LineString","coordinates":[[99.145833333333172,25.987499999999855],[99.145833333333172,25.937499999999858],[99.154166666666498,25.929166666666525],[99.154166666666498,25.904166666666519],[99.145833333333172,25.895833333333186],[99.145833333333172,25.887499999999854],[99.154166666666498,25.879166666666521],[99.154166666666498,25.870833333333188],[99.162499999999824,25.862499999999855]]},"properties":{"FID":246,"ARCID":674489,"UP_CELLS":119317}},{"type":"Feature","id":247,"geometry":{"type":"LineString","coordinates":[[99.162499999999824,25.862499999999855],[99.179166666666504,25.845833333333189],[99.179166666666504,25.837499999999856],[99.187499999999829,25.829166666666524]]},"properties":{"FID":247,"ARCID":675055,"UP_CELLS":119502}},{"type":"Feature","id":248,"geometry":{"type":"LineString","coordinates":[[99.187499999999829,25.829166666666524],[99.187499999999829,25.820833333333191],[99.220833333333161,25.787499999999852]]},"properties":{"FID":248,"ARCID":675680,"UP_CELLS":119613}},{"type":"Feature","id":249,"geometry":{"type":"LineString","coordinates":[[99.220833333333161,25.787499999999852],[99.220833333333161,25.762499999999854],[99.229166666666501,25.754166666666521],[99.229166666666501,25.745833333333188]]},"properties":{"FID":249,"ARCID":676308,"UP_CELLS":119699}},{"type":"Feature","id":250,"geometry":{"type":"LineString","coordinates":[[99.229166666666501,25.745833333333188],[99.245833333333167,25.729166666666522]]},"properties":{"FID":250,"ARCID":676563,"UP_CELLS":119756}},{"type":"Feature","id":251,"geometry":{"type":"LineString","coordinates":[[99.245833333333167,25.729166666666522],[99.245833333333167,25.704166666666524],[99.254166666666492,25.695833333333191],[99.254166666666492,25.679166666666525],[99.262499999999832,25.670833333333192],[99.262499999999832,25.654166666666519],[99.270833333333172,25.645833333333186],[99.270833333333172,25.637499999999854]]},"properties":{"FID":251,"ARCID":677949,"UP_CELLS":119918}},{"type":"Feature","id":252,"geometry":{"type":"LineString","coordinates":[[99.270833333333172,25.637499999999854],[99.279166666666498,25.629166666666521]]},"properties":{"FID":252,"ARCID":678066,"UP_CELLS":119962}},{"type":"Feature","id":253,"geometry":{"type":"LineString","coordinates":[[99.279166666666498,25.629166666666521],[99.287499999999824,25.620833333333188],[99.287499999999824,25.612499999999855]]},"properties":{"FID":253,"ARCID":678322,"UP_CELLS":120002}},{"type":"Feature","id":254,"geometry":{"type":"LineString","coordinates":[[99.287499999999824,25.612499999999855],[99.295833333333164,25.612499999999855],[99.304166666666504,25.604166666666522],[99.320833333333155,25.604166666666522]]},"properties":{"FID":254,"ARCID":678442,"UP_CELLS":120057}},{"type":"Feature","id":255,"geometry":{"type":"LineString","coordinates":[[99.320833333333155,25.604166666666522],[99.354166666666501,25.570833333333191]]},"properties":{"FID":255,"ARCID":678941,"UP_CELLS":123596}},{"type":"Feature","id":256,"geometry":{"type":"LineString","coordinates":[[99.354166666666501,25.570833333333191],[99.354166666666501,25.562499999999858],[99.345833333333161,25.554166666666525]]},"properties":{"FID":256,"ARCID":679178,"UP_CELLS":123634}},{"type":"Feature","id":257,"geometry":{"type":"LineString","coordinates":[[99.345833333333161,25.554166666666525],[99.345833333333161,25.545833333333192],[99.329166666666495,25.529166666666526],[99.329166666666495,25.512499999999854],[99.320833333333155,25.504166666666521]]},"properties":{"FID":257,"ARCID":679964,"UP_CELLS":123707}},{"type":"Feature","id":258,"geometry":{"type":"LineString","coordinates":[[99.320833333333155,25.504166666666521],[99.329166666666495,25.495833333333188],[99.329166666666495,25.487499999999855],[99.337499999999835,25.479166666666522]]},"properties":{"FID":258,"ARCID":680336,"UP_CELLS":123772}},{"type":"Feature","id":259,"geometry":{"type":"LineString","coordinates":[[99.337499999999835,25.479166666666522],[99.354166666666501,25.462499999999856]]},"properties":{"FID":259,"ARCID":680594,"UP_CELLS":123811}},{"type":"Feature","id":260,"geometry":{"type":"LineString","coordinates":[[99.337499999999835,25.412499999999859],[99.320833333333155,25.412499999999859],[99.312499999999829,25.420833333333192],[99.304166666666504,25.420833333333192],[99.295833333333164,25.429166666666525],[99.287499999999824,25.420833333333192]]},"properties":{"FID":260,"ARCID":681355,"UP_CELLS":123942}},{"type":"Feature","id":261,"geometry":{"type":"LineString","coordinates":[[99.354166666666501,25.462499999999856],[99.345833333333161,25.454166666666524],[99.345833333333161,25.445833333333191],[99.337499999999835,25.437499999999858],[99.345833333333161,25.429166666666525],[99.345833333333161,25.420833333333192],[99.337499999999835,25.412499999999859]]},"properties":{"FID":261,"ARCID":681356,"UP_CELLS":123876}},{"type":"Feature","id":262,"geometry":{"type":"LineString","coordinates":[[99.287499999999824,25.420833333333192],[99.287499999999824,25.370833333333188]]},"properties":{"FID":262,"ARCID":681990,"UP_CELLS":124741}},{"type":"Feature","id":263,"geometry":{"type":"LineString","coordinates":[[99.287499999999824,25.370833333333188],[99.287499999999824,25.362499999999855]]},"properties":{"FID":263,"ARCID":682127,"UP_CELLS":124813}},{"type":"Feature","id":264,"geometry":{"type":"LineString","coordinates":[[99.287499999999824,25.362499999999855],[99.312499999999829,25.337499999999856],[99.312499999999829,25.329166666666524],[99.320833333333155,25.320833333333191]]},"properties":{"FID":264,"ARCID":682787,"UP_CELLS":124996}},{"type":"Feature","id":265,"geometry":{"type":"LineString","coordinates":[[99.320833333333155,25.320833333333191],[99.329166666666495,25.312499999999858],[99.329166666666495,25.304166666666525],[99.345833333333161,25.287499999999859],[99.362499999999841,25.287499999999859],[99.370833333333167,25.279166666666526],[99.370833333333167,25.270833333333194],[99.379166666666492,25.262499999999861],[99.379166666666492,25.254166666666528],[99.387499999999832,25.245833333333188],[99.387499999999832,25.237499999999855]]},"properties":{"FID":265,"ARCID":683993,"UP_CELLS":125374}},{"type":"Feature","id":266,"geometry":{"type":"LineString","coordinates":[[99.387499999999832,25.237499999999855],[99.420833333333164,25.204166666666524],[99.429166666666504,25.204166666666524],[99.445833333333155,25.187499999999858],[99.445833333333155,25.179166666666525],[99.479166666666501,25.145833333333194],[99.487499999999841,25.145833333333194],[99.504166666666492,25.129166666666528],[99.520833333333172,25.129166666666528]]},"properties":{"FID":266,"ARCID":685542,"UP_CELLS":125586}},{"type":"Feature","id":267,"geometry":{"type":"LineString","coordinates":[[99.520833333333172,25.129166666666528],[99.545833333333164,25.129166666666528],[99.554166666666504,25.120833333333195],[99.562499999999829,25.120833333333195],[99.570833333333155,25.112499999999855],[99.595833333333161,25.112499999999855],[99.604166666666501,25.104166666666522],[99.612499999999841,25.104166666666522]]},"properties":{"FID":267,"ARCID":685931,"UP_CELLS":125855}},{"type":"Feature","id":268,"geometry":{"type":"LineString","coordinates":[[99.612499999999841,25.104166666666522],[99.620833333333167,25.095833333333189],[99.629166666666492,25.095833333333189],[99.654166666666498,25.070833333333191]]},"properties":{"FID":268,"ARCID":686455,"UP_CELLS":125990}},{"type":"Feature","id":269,"geometry":{"type":"LineString","coordinates":[[99.654166666666498,25.070833333333191],[99.654166666666498,25.054166666666525],[99.712499999999835,24.995833333333195],[99.712499999999835,24.987499999999862],[99.745833333333167,24.954166666666524],[99.737499999999841,24.945833333333191],[99.737499999999841,24.937499999999858]]},"properties":{"FID":269,"ARCID":688564,"UP_CELLS":127994}},{"type":"Feature","id":270,"geometry":{"type":"LineString","coordinates":[[99.737499999999841,24.937499999999858],[99.737499999999841,24.929166666666525],[99.745833333333167,24.920833333333192],[99.745833333333167,24.904166666666526]]},"properties":{"FID":270,"ARCID":689052,"UP_CELLS":128121}},{"type":"Feature","id":271,"geometry":{"type":"LineString","coordinates":[[99.745833333333167,24.904166666666526],[99.745833333333167,24.887499999999861],[99.754166666666492,24.879166666666528]]},"properties":{"FID":271,"ARCID":689434,"UP_CELLS":128190}},{"type":"Feature","id":272,"geometry":{"type":"LineString","coordinates":[[99.754166666666492,24.879166666666528],[99.762499999999832,24.870833333333195],[99.795833333333164,24.870833333333195],[99.804166666666504,24.862499999999862]]},"properties":{"FID":272,"ARCID":689685,"UP_CELLS":128248}},{"type":"Feature","id":273,"geometry":{"type":"LineString","coordinates":[[99.804166666666504,24.862499999999862],[99.812499999999829,24.854166666666529],[99.820833333333155,24.854166666666529],[99.837499999999835,24.837499999999856]]},"properties":{"FID":273,"ARCID":690047,"UP_CELLS":128329}},{"type":"Feature","id":274,"geometry":{"type":"LineString","coordinates":[[99.837499999999835,24.837499999999856],[99.845833333333161,24.829166666666524],[99.837499999999835,24.820833333333191],[99.837499999999835,24.812499999999858]]},"properties":{"FID":274,"ARCID":690469,"UP_CELLS":128412}},{"type":"Feature","id":275,"geometry":{"type":"LineString","coordinates":[[99.837499999999835,24.812499999999858],[99.854166666666487,24.795833333333192]]},"properties":{"FID":275,"ARCID":690726,"UP_CELLS":128457}},{"type":"Feature","id":276,"geometry":{"type":"LineString","coordinates":[[99.854166666666487,24.795833333333192],[99.862499999999827,24.787499999999859],[99.862499999999827,24.779166666666526],[99.879166666666492,24.762499999999861]]},"properties":{"FID":276,"ARCID":691216,"UP_CELLS":128512}},{"type":"Feature","id":277,"geometry":{"type":"LineString","coordinates":[[99.879166666666492,24.762499999999861],[99.895833333333172,24.762499999999861],[99.904166666666498,24.754166666666528],[99.929166666666504,24.754166666666528]]},"properties":{"FID":277,"ARCID":691339,"UP_CELLS":128655}},{"type":"Feature","id":278,"geometry":{"type":"LineString","coordinates":[[100.28749999999982,24.754166666666528],[100.29583333333316,24.762499999999861]]},"properties":{"FID":278,"ARCID":691341,"UP_CELLS":145053}},{"type":"Feature","id":279,"geometry":{"type":"LineString","coordinates":[[100.29583333333316,24.762499999999861],[100.32083333333316,24.762499999999861],[100.3291666666665,24.754166666666528],[100.35416666666649,24.754166666666528]]},"properties":{"FID":279,"ARCID":691342,"UP_CELLS":145109}},{"type":"Feature","id":280,"geometry":{"type":"LineString","coordinates":[[99.929166666666504,24.754166666666528],[99.937499999999829,24.754166666666528],[99.945833333333155,24.745833333333195],[99.987499999999827,24.745833333333195]]},"properties":{"FID":280,"ARCID":691481,"UP_CELLS":128751}},{"type":"Feature","id":281,"geometry":{"type":"LineString","coordinates":[[100.22083333333316,24.745833333333195],[100.25416666666649,24.745833333333195],[100.26249999999982,24.754166666666528],[100.28749999999982,24.754166666666528]]},"properties":{"FID":281,"ARCID":691484,"UP_CELLS":144999}},{"type":"Feature","id":282,"geometry":{"type":"LineString","coordinates":[[100.35416666666649,24.754166666666528],[100.36249999999983,24.745833333333195]]},"properties":{"FID":282,"ARCID":691485,"UP_CELLS":145323}},{"type":"Feature","id":283,"geometry":{"type":"LineString","coordinates":[[99.987499999999827,24.745833333333195],[99.995833333333167,24.737499999999862],[100.02083333333317,24.737499999999862],[100.0291666666665,24.745833333333195]]},"properties":{"FID":283,"ARCID":691612,"UP_CELLS":128843}},{"type":"Feature","id":284,"geometry":{"type":"LineString","coordinates":[[100.36249999999983,24.745833333333195],[100.36249999999983,24.737499999999862],[100.37083333333317,24.729166666666529]]},"properties":{"FID":284,"ARCID":691727,"UP_CELLS":145414}},{"type":"Feature","id":285,"geometry":{"type":"LineString","coordinates":[[100.37083333333317,24.729166666666529],[100.38749999999982,24.729166666666529]]},"properties":{"FID":285,"ARCID":691728,"UP_CELLS":145445}},{"type":"Feature","id":286,"geometry":{"type":"LineString","coordinates":[[100.0291666666665,24.745833333333195],[100.03749999999982,24.745833333333195],[100.04583333333316,24.737499999999862],[100.06249999999983,24.737499999999862],[100.07083333333316,24.729166666666529],[100.0791666666665,24.729166666666529],[100.09583333333316,24.712499999999856]]},"properties":{"FID":286,"ARCID":691979,"UP_CELLS":128960}},{"type":"Feature","id":287,"geometry":{"type":"LineString","coordinates":[[100.38749999999982,24.729166666666529],[100.4041666666665,24.712499999999856],[100.4041666666665,24.687499999999858]]},"properties":{"FID":287,"ARCID":692349,"UP_CELLS":145552}},{"type":"Feature","id":288,"geometry":{"type":"LineString","coordinates":[[100.4041666666665,24.687499999999858],[100.41249999999982,24.679166666666525],[100.42083333333316,24.679166666666525]]},"properties":{"FID":288,"ARCID":692474,"UP_CELLS":145640}},{"type":"Feature","id":289,"geometry":{"type":"LineString","coordinates":[[100.09583333333316,24.712499999999856],[100.09583333333316,24.679166666666525],[100.10416666666649,24.670833333333192]]},"properties":{"FID":289,"ARCID":692581,"UP_CELLS":144513}},{"type":"Feature","id":290,"geometry":{"type":"LineString","coordinates":[[100.42083333333316,24.679166666666525],[100.42083333333316,24.670833333333192]]},"properties":{"FID":290,"ARCID":692582,"UP_CELLS":145696}},{"type":"Feature","id":291,"geometry":{"type":"LineString","coordinates":[[100.10416666666649,24.670833333333192],[100.11249999999983,24.662499999999859],[100.12083333333317,24.662499999999859]]},"properties":{"FID":291,"ARCID":692714,"UP_CELLS":144658}},{"type":"Feature","id":292,"geometry":{"type":"LineString","coordinates":[[100.12083333333317,24.662499999999859],[100.12916666666649,24.670833333333192],[100.12916666666649,24.679166666666525],[100.13749999999983,24.687499999999858],[100.13749999999983,24.704166666666524],[100.14583333333317,24.712499999999856],[100.1541666666665,24.712499999999856],[100.1791666666665,24.737499999999862],[100.18749999999983,24.737499999999862],[100.19583333333316,24.745833333333195],[100.22083333333316,24.745833333333195]]},"properties":{"FID":292,"ARCID":692715,"UP_CELLS":144894}},{"type":"Feature","id":293,"geometry":{"type":"LineString","coordinates":[[100.42083333333316,24.670833333333192],[100.42083333333316,24.654166666666526],[100.43749999999983,24.637499999999861]]},"properties":{"FID":293,"ARCID":693105,"UP_CELLS":145770}},{"type":"Feature","id":294,"geometry":{"type":"LineString","coordinates":[[100.43749999999983,24.637499999999861],[100.4541666666665,24.620833333333195],[100.4541666666665,24.612499999999862]]},"properties":{"FID":294,"ARCID":693512,"UP_CELLS":145928}},{"type":"Feature","id":295,"geometry":{"type":"LineString","coordinates":[[100.4541666666665,24.612499999999862],[100.46249999999984,24.604166666666529]]},"properties":{"FID":295,"ARCID":693628,"UP_CELLS":145974}},{"type":"Feature","id":296,"geometry":{"type":"LineString","coordinates":[[100.46249999999984,24.604166666666529],[100.48749999999983,24.579166666666524],[100.48749999999983,24.570833333333191],[100.49583333333317,24.562499999999858],[100.49583333333317,24.529166666666526]]},"properties":{"FID":296,"ARCID":694676,"UP_CELLS":146080}},{"type":"Feature","id":297,"geometry":{"type":"LineString","coordinates":[[100.49583333333317,24.529166666666526],[100.50416666666649,24.520833333333194],[100.51249999999982,24.520833333333194],[100.5291666666665,24.504166666666528]]},"properties":{"FID":297,"ARCID":695072,"UP_CELLS":150358}},{"type":"Feature","id":298,"geometry":{"type":"LineString","coordinates":[[100.5291666666665,24.504166666666528],[100.5291666666665,24.495833333333195],[100.54583333333316,24.479166666666529]]},"properties":{"FID":298,"ARCID":695480,"UP_CELLS":150425}},{"type":"Feature","id":299,"geometry":{"type":"LineString","coordinates":[[100.54583333333316,24.479166666666529],[100.54583333333316,24.470833333333196],[100.53749999999982,24.462499999999864],[100.5291666666665,24.462499999999864],[100.52083333333316,24.454166666666531],[100.51249999999982,24.454166666666531],[100.51249999999982,24.445833333333191],[100.50416666666649,24.437499999999858]]},"properties":{"FID":299,"ARCID":696118,"UP_CELLS":150646}},{"type":"Feature","id":300,"geometry":{"type":"LineString","coordinates":[[100.50416666666649,24.437499999999858],[100.50416666666649,24.370833333333195]]},"properties":{"FID":300,"ARCID":697130,"UP_CELLS":150792}},{"type":"Feature","id":301,"geometry":{"type":"LineString","coordinates":[[100.50416666666649,24.370833333333195],[100.50416666666649,24.354166666666529],[100.49583333333317,24.345833333333196],[100.49583333333317,24.337499999999864]]},"properties":{"FID":301,"ARCID":697685,"UP_CELLS":150906}},{"type":"Feature","id":302,"geometry":{"type":"LineString","coordinates":[[100.49583333333317,24.337499999999864],[100.51249999999982,24.320833333333198],[100.50416666666649,24.312499999999858]]},"properties":{"FID":302,"ARCID":698084,"UP_CELLS":150982}},{"type":"Feature","id":303,"geometry":{"type":"LineString","coordinates":[[100.50416666666649,24.312499999999858],[100.50416666666649,24.295833333333192],[100.51249999999982,24.287499999999859],[100.51249999999982,24.270833333333194],[100.50416666666649,24.262499999999861],[100.50416666666649,24.254166666666528]]},"properties":{"FID":303,"ARCID":698983,"UP_CELLS":151065}},{"type":"Feature","id":304,"geometry":{"type":"LineString","coordinates":[[100.50416666666649,24.254166666666528],[100.51249999999982,24.245833333333195],[100.51249999999982,24.237499999999862]]},"properties":{"FID":304,"ARCID":699247,"UP_CELLS":151132}},{"type":"Feature","id":305,"geometry":{"type":"LineString","coordinates":[[100.51249999999982,24.237499999999862],[100.52083333333316,24.229166666666529],[100.52083333333316,24.212499999999864]]},"properties":{"FID":305,"ARCID":699597,"UP_CELLS":151190}},{"type":"Feature","id":306,"geometry":{"type":"LineString","coordinates":[[100.52083333333316,24.212499999999864],[100.52083333333316,24.187499999999865]]},"properties":{"FID":306,"ARCID":699995,"UP_CELLS":151225}},{"type":"Feature","id":307,"geometry":{"type":"LineString","coordinates":[[100.52083333333316,24.187499999999865],[100.52083333333316,24.170833333333192],[100.51249999999982,24.162499999999859]]},"properties":{"FID":307,"ARCID":700359,"UP_CELLS":151949}},{"type":"Feature","id":308,"geometry":{"type":"LineString","coordinates":[[100.51249999999982,24.162499999999859],[100.51249999999982,24.129166666666528],[100.50416666666649,24.120833333333195],[100.50416666666649,24.112499999999862],[100.49583333333317,24.104166666666529],[100.49583333333317,24.095833333333196],[100.48749999999983,24.087499999999864]]},"properties":{"FID":308,"ARCID":701585,"UP_CELLS":152086}},{"type":"Feature","id":309,"geometry":{"type":"LineString","coordinates":[[100.48749999999983,24.087499999999864],[100.47916666666649,24.079166666666531],[100.47083333333316,24.079166666666531],[100.46249999999984,24.070833333333198],[100.39583333333316,24.070833333333198]]},"properties":{"FID":309,"ARCID":701843,"UP_CELLS":152203}},{"type":"Feature","id":310,"geometry":{"type":"LineString","coordinates":[[100.39583333333316,24.070833333333198],[100.37083333333317,24.070833333333198],[100.36249999999983,24.062499999999865],[100.36249999999983,24.045833333333199]]},"properties":{"FID":310,"ARCID":702219,"UP_CELLS":152722}},{"type":"Feature","id":311,"geometry":{"type":"LineString","coordinates":[[100.36249999999983,24.045833333333199],[100.36249999999983,24.037499999999859],[100.37083333333317,24.029166666666526],[100.37083333333317,24.020833333333194]]},"properties":{"FID":311,"ARCID":702571,"UP_CELLS":153354}},{"type":"Feature","id":312,"geometry":{"type":"LineString","coordinates":[[100.37083333333317,24.020833333333194],[100.37916666666649,24.012499999999861],[100.37083333333317,24.004166666666528],[100.38749999999982,23.987499999999862],[100.38749999999982,23.954166666666531]]},"properties":{"FID":312,"ARCID":703613,"UP_CELLS":153506}},{"type":"Feature","id":313,"geometry":{"type":"LineString","coordinates":[[100.38749999999982,23.954166666666531],[100.39583333333316,23.945833333333198]]},"properties":{"FID":313,"ARCID":703733,"UP_CELLS":153540}},{"type":"Feature","id":314,"geometry":{"type":"LineString","coordinates":[[100.39583333333316,23.945833333333198],[100.41249999999982,23.929166666666532],[100.41249999999982,23.912499999999866]]},"properties":{"FID":314,"ARCID":704209,"UP_CELLS":153976}},{"type":"Feature","id":315,"geometry":{"type":"LineString","coordinates":[[100.41249999999982,23.912499999999866],[100.41249999999982,23.895833333333194]]},"properties":{"FID":315,"ARCID":704454,"UP_CELLS":154197}},{"type":"Feature","id":316,"geometry":{"type":"LineString","coordinates":[[100.41249999999982,23.895833333333194],[100.39583333333316,23.879166666666528],[100.38749999999982,23.879166666666528]]},"properties":{"FID":316,"ARCID":704703,"UP_CELLS":154254}},{"type":"Feature","id":317,"geometry":{"type":"LineString","coordinates":[[100.38749999999982,23.879166666666528],[100.37083333333317,23.862499999999862]]},"properties":{"FID":317,"ARCID":704976,"UP_CELLS":154329}},{"type":"Feature","id":318,"geometry":{"type":"LineString","coordinates":[[100.37083333333317,23.862499999999862],[100.36249999999983,23.862499999999862],[100.35416666666649,23.854166666666529]]},"properties":{"FID":318,"ARCID":705114,"UP_CELLS":154537}},{"type":"Feature","id":319,"geometry":{"type":"LineString","coordinates":[[100.35416666666649,23.854166666666529],[100.34583333333316,23.845833333333196],[100.33749999999984,23.845833333333196],[100.3291666666665,23.837499999999864],[100.3291666666665,23.829166666666531],[100.32083333333316,23.820833333333198],[100.31249999999983,23.820833333333198],[100.3041666666665,23.812499999999865],[100.3041666666665,23.804166666666532]]},"properties":{"FID":319,"ARCID":705848,"UP_CELLS":154679}},{"type":"Feature","id":320,"geometry":{"type":"LineString","coordinates":[[100.3041666666665,23.804166666666532],[100.31249999999983,23.795833333333199],[100.31249999999983,23.787499999999866],[100.3041666666665,23.779166666666534],[100.29583333333316,23.779166666666534],[100.28749999999982,23.770833333333194],[100.28749999999982,23.754166666666528]]},"properties":{"FID":320,"ARCID":706632,"UP_CELLS":154955}},{"type":"Feature","id":321,"geometry":{"type":"LineString","coordinates":[[100.28749999999982,23.754166666666528],[100.26249999999982,23.729166666666529]]},"properties":{"FID":321,"ARCID":707030,"UP_CELLS":155020}},{"type":"Feature","id":322,"geometry":{"type":"LineString","coordinates":[[100.26249999999982,23.729166666666529],[100.25416666666649,23.720833333333196],[100.25416666666649,23.712499999999864]]},"properties":{"FID":322,"ARCID":707288,"UP_CELLS":155104}},{"type":"Feature","id":323,"geometry":{"type":"LineString","coordinates":[[100.25416666666649,23.712499999999864],[100.22916666666649,23.687499999999865]]},"properties":{"FID":323,"ARCID":707653,"UP_CELLS":155228}},{"type":"Feature","id":324,"geometry":{"type":"LineString","coordinates":[[100.22916666666649,23.687499999999865],[100.21249999999984,23.670833333333199],[100.21249999999984,23.662499999999866],[100.19583333333316,23.645833333333201]]},"properties":{"FID":324,"ARCID":708285,"UP_CELLS":155334}},{"type":"Feature","id":325,"geometry":{"type":"LineString","coordinates":[[100.19583333333316,23.645833333333201],[100.18749999999983,23.637499999999861],[100.18749999999983,23.595833333333196],[100.1791666666665,23.587499999999864],[100.1791666666665,23.570833333333198],[100.17083333333316,23.562499999999865],[100.17083333333316,23.545833333333199]]},"properties":{"FID":325,"ARCID":709761,"UP_CELLS":155519}},{"type":"Feature","id":326,"geometry":{"type":"LineString","coordinates":[[100.17083333333316,23.545833333333199],[100.17083333333316,23.537499999999866],[100.16249999999982,23.529166666666534],[100.16249999999982,23.520833333333201],[100.1541666666665,23.512499999999868]]},"properties":{"FID":326,"ARCID":710255,"UP_CELLS":157489}},{"type":"Feature","id":327,"geometry":{"type":"LineString","coordinates":[[100.1541666666665,23.512499999999868],[100.1541666666665,23.479166666666529],[100.14583333333317,23.470833333333196],[100.14583333333317,23.462499999999864],[100.12916666666649,23.445833333333198],[100.12083333333317,23.445833333333198]]},"properties":{"FID":327,"ARCID":711170,"UP_CELLS":157914}},{"type":"Feature","id":328,"geometry":{"type":"LineString","coordinates":[[100.12083333333317,23.445833333333198],[100.11249999999983,23.437499999999865],[100.11249999999983,23.429166666666532],[100.09583333333316,23.412499999999866]]},"properties":{"FID":328,"ARCID":711720,"UP_CELLS":157993}},{"type":"Feature","id":329,"geometry":{"type":"LineString","coordinates":[[100.09583333333316,23.412499999999866],[100.10416666666649,23.404166666666534]]},"properties":{"FID":329,"ARCID":711833,"UP_CELLS":158094}},{"type":"Feature","id":330,"geometry":{"type":"LineString","coordinates":[[100.10416666666649,23.404166666666534],[100.10416666666649,23.395833333333201],[100.11249999999983,23.387499999999868],[100.0791666666665,23.354166666666529]]},"properties":{"FID":330,"ARCID":712590,"UP_CELLS":158208}},{"type":"Feature","id":331,"geometry":{"type":"LineString","coordinates":[[100.0791666666665,23.354166666666529],[100.0791666666665,23.312499999999865]]},"properties":{"FID":331,"ARCID":713213,"UP_CELLS":158452}},{"type":"Feature","id":332,"geometry":{"type":"LineString","coordinates":[[100.0791666666665,23.312499999999865],[100.08749999999984,23.304166666666532]]},"properties":{"FID":332,"ARCID":713296,"UP_CELLS":158491}},{"type":"Feature","id":333,"geometry":{"type":"LineString","coordinates":[[100.08749999999984,23.304166666666532],[100.08749999999984,23.287499999999866],[100.09583333333316,23.279166666666534]]},"properties":{"FID":333,"ARCID":713651,"UP_CELLS":158527}},{"type":"Feature","id":334,"geometry":{"type":"LineString","coordinates":[[100.09583333333316,23.279166666666534],[100.08749999999984,23.270833333333201],[100.08749999999984,23.254166666666535],[100.0791666666665,23.245833333333202],[100.0791666666665,23.237499999999862],[100.07083333333316,23.229166666666529],[100.0541666666665,23.229166666666529],[100.04583333333316,23.220833333333196]]},"properties":{"FID":334,"ARCID":714497,"UP_CELLS":159044}},{"type":"Feature","id":335,"geometry":{"type":"LineString","coordinates":[[100.04583333333316,23.220833333333196],[100.04583333333316,23.204166666666531],[100.0541666666665,23.195833333333198],[100.07083333333316,23.195833333333198],[100.0791666666665,23.187499999999865]]},"properties":{"FID":335,"ARCID":714950,"UP_CELLS":166479}},{"type":"Feature","id":336,"geometry":{"type":"LineString","coordinates":[[100.0791666666665,23.187499999999865],[100.08749999999984,23.187499999999865],[100.09583333333316,23.179166666666532],[100.10416666666649,23.179166666666532],[100.11249999999983,23.170833333333199],[100.11249999999983,23.162499999999866],[100.12916666666649,23.145833333333201],[100.12916666666649,23.104166666666536],[100.13749999999983,23.095833333333196],[100.13749999999983,23.087499999999864],[100.14583333333317,23.079166666666531],[100.13749999999983,23.070833333333198],[100.14583333333317,23.062499999999865],[100.1541666666665,23.062499999999865]]},"properties":{"FID":336,"ARCID":716750,"UP_CELLS":166710}},{"type":"Feature","id":337,"geometry":{"type":"LineString","coordinates":[[100.1541666666665,23.062499999999865],[100.16249999999982,23.054166666666532]]},"properties":{"FID":337,"ARCID":716873,"UP_CELLS":166855}},{"type":"Feature","id":338,"geometry":{"type":"LineString","coordinates":[[100.16249999999982,23.054166666666532],[100.17083333333316,23.045833333333199],[100.18749999999983,23.045833333333199]]},"properties":{"FID":338,"ARCID":716991,"UP_CELLS":167067}},{"type":"Feature","id":339,"geometry":{"type":"LineString","coordinates":[[100.18749999999983,23.045833333333199],[100.19583333333316,23.037499999999866],[100.19583333333316,23.029166666666534]]},"properties":{"FID":339,"ARCID":717239,"UP_CELLS":167110}},{"type":"Feature","id":340,"geometry":{"type":"LineString","coordinates":[[100.19583333333316,23.029166666666534],[100.22083333333316,23.004166666666535],[100.22916666666649,23.004166666666535],[100.23749999999983,22.995833333333202],[100.25416666666649,23.012499999999868],[100.26249999999982,23.004166666666535]]},"properties":{"FID":340,"ARCID":717739,"UP_CELLS":167926}},{"type":"Feature","id":341,"geometry":{"type":"LineString","coordinates":[[100.26249999999982,23.004166666666535],[100.27083333333316,22.995833333333202],[100.26249999999982,22.987499999999869],[100.26249999999982,22.979166666666536],[100.27083333333316,22.970833333333204],[100.27083333333316,22.954166666666531],[100.2791666666665,22.945833333333198]]},"properties":{"FID":341,"ARCID":718418,"UP_CELLS":168519}},{"type":"Feature","id":342,"geometry":{"type":"LineString","coordinates":[[100.2791666666665,22.945833333333198],[100.28749999999982,22.945833333333198],[100.29583333333316,22.954166666666531]]},"properties":{"FID":342,"ARCID":718419,"UP_CELLS":168610}},{"type":"Feature","id":343,"geometry":{"type":"LineString","coordinates":[[100.29583333333316,22.954166666666531],[100.3041666666665,22.945833333333198]]},"properties":{"FID":343,"ARCID":718420,"UP_CELLS":168970}},{"type":"Feature","id":344,"geometry":{"type":"LineString","coordinates":[[100.3041666666665,22.945833333333198],[100.3041666666665,22.937499999999865],[100.29583333333316,22.929166666666532],[100.29583333333316,22.904166666666534]]},"properties":{"FID":344,"ARCID":719004,"UP_CELLS":169112}},{"type":"Feature","id":345,"geometry":{"type":"LineString","coordinates":[[100.29583333333316,22.904166666666534],[100.32083333333316,22.879166666666535]]},"properties":{"FID":345,"ARCID":719370,"UP_CELLS":169338}},{"type":"Feature","id":346,"geometry":{"type":"LineString","coordinates":[[100.32083333333316,22.879166666666535],[100.32083333333316,22.870833333333202],[100.3291666666665,22.862499999999869]]},"properties":{"FID":346,"ARCID":719578,"UP_CELLS":169379}},{"type":"Feature","id":347,"geometry":{"type":"LineString","coordinates":[[100.3291666666665,22.862499999999869],[100.3291666666665,22.845833333333204]]},"properties":{"FID":347,"ARCID":719801,"UP_CELLS":180580}},{"type":"Feature","id":348,"geometry":{"type":"LineString","coordinates":[[100.3291666666665,22.845833333333204],[100.33749999999984,22.837499999999871],[100.33749999999984,22.829166666666531],[100.35416666666649,22.812499999999865]]},"properties":{"FID":348,"ARCID":720301,"UP_CELLS":180646}},{"type":"Feature","id":349,"geometry":{"type":"LineString","coordinates":[[100.35416666666649,22.812499999999865],[100.36249999999983,22.804166666666532],[100.36249999999983,22.795833333333199],[100.37083333333317,22.787499999999866],[100.37083333333317,22.762499999999868]]},"properties":{"FID":349,"ARCID":720970,"UP_CELLS":180759}},{"type":"Feature","id":350,"geometry":{"type":"LineString","coordinates":[[100.37083333333317,22.762499999999868],[100.37083333333317,22.754166666666535]]},"properties":{"FID":350,"ARCID":721085,"UP_CELLS":180801}},{"type":"Feature","id":351,"geometry":{"type":"LineString","coordinates":[[100.37083333333317,22.754166666666535],[100.37083333333317,22.745833333333202],[100.37916666666649,22.737499999999869]]},"properties":{"FID":351,"ARCID":721297,"UP_CELLS":180891}},{"type":"Feature","id":352,"geometry":{"type":"LineString","coordinates":[[100.37916666666649,22.737499999999869],[100.37916666666649,22.712499999999871],[100.37083333333317,22.704166666666538],[100.37083333333317,22.687499999999865],[100.37916666666649,22.679166666666532]]},"properties":{"FID":352,"ARCID":722114,"UP_CELLS":180977}},{"type":"Feature","id":353,"geometry":{"type":"LineString","coordinates":[[100.37916666666649,22.679166666666532],[100.38749999999982,22.670833333333199],[100.4041666666665,22.670833333333199],[100.4291666666665,22.645833333333201]]},"properties":{"FID":353,"ARCID":722549,"UP_CELLS":183721}},{"type":"Feature","id":354,"geometry":{"type":"LineString","coordinates":[[100.4291666666665,22.645833333333201],[100.4291666666665,22.637499999999868],[100.43749999999983,22.629166666666535]]},"properties":{"FID":354,"ARCID":722767,"UP_CELLS":183806}},{"type":"Feature","id":355,"geometry":{"type":"LineString","coordinates":[[100.43749999999983,22.629166666666535],[100.4541666666665,22.612499999999869],[100.4541666666665,22.604166666666536],[100.46249999999984,22.595833333333204]]},"properties":{"FID":355,"ARCID":723213,"UP_CELLS":183872}},{"type":"Feature","id":356,"geometry":{"type":"LineString","coordinates":[[100.46249999999984,22.595833333333204],[100.47083333333316,22.595833333333204]]},"properties":{"FID":356,"ARCID":723214,"UP_CELLS":184153}},{"type":"Feature","id":357,"geometry":{"type":"LineString","coordinates":[[100.47083333333316,22.595833333333204],[100.47916666666649,22.587499999999871],[100.48749999999983,22.587499999999871]]},"properties":{"FID":357,"ARCID":723336,"UP_CELLS":184192}},{"type":"Feature","id":358,"geometry":{"type":"LineString","coordinates":[[100.48749999999983,22.587499999999871],[100.51249999999982,22.562499999999865],[100.52083333333316,22.562499999999865],[100.5291666666665,22.554166666666532],[100.54583333333316,22.554166666666532]]},"properties":{"FID":358,"ARCID":723773,"UP_CELLS":184273}},{"type":"Feature","id":359,"geometry":{"type":"LineString","coordinates":[[100.54583333333316,22.554166666666532],[100.5541666666665,22.545833333333199],[100.5541666666665,22.537499999999866]]},"properties":{"FID":359,"ARCID":723954,"UP_CELLS":184976}},{"type":"Feature","id":360,"geometry":{"type":"LineString","coordinates":[[100.5541666666665,22.537499999999866],[100.57083333333316,22.520833333333201],[100.57083333333316,22.504166666666535],[100.5791666666665,22.495833333333202]]},"properties":{"FID":360,"ARCID":724472,"UP_CELLS":185030}},{"type":"Feature","id":361,"geometry":{"type":"LineString","coordinates":[[100.5791666666665,22.495833333333202],[100.5791666666665,22.487499999999869],[100.57083333333316,22.479166666666536],[100.57083333333316,22.470833333333204]]},"properties":{"FID":361,"ARCID":724777,"UP_CELLS":185138}},{"type":"Feature","id":362,"geometry":{"type":"LineString","coordinates":[[100.57083333333316,22.470833333333204],[100.5791666666665,22.462499999999871],[100.57083333333316,22.454166666666538]]},"properties":{"FID":362,"ARCID":724987,"UP_CELLS":185192}},{"type":"Feature","id":363,"geometry":{"type":"LineString","coordinates":[[100.57083333333316,22.454166666666538],[100.5541666666665,22.437499999999872],[100.56249999999983,22.429166666666532]]},"properties":{"FID":363,"ARCID":725311,"UP_CELLS":185265}},{"type":"Feature","id":364,"geometry":{"type":"LineString","coordinates":[[100.56249999999983,22.429166666666532],[100.5791666666665,22.412499999999866],[100.58749999999984,22.412499999999866],[100.58749999999984,22.404166666666534],[100.60416666666649,22.387499999999868],[100.61249999999983,22.387499999999868],[100.62083333333317,22.379166666666535]]},"properties":{"FID":364,"ARCID":725927,"UP_CELLS":185810}},{"type":"Feature","id":365,"geometry":{"type":"LineString","coordinates":[[100.62083333333317,22.379166666666535],[100.62083333333317,22.370833333333202],[100.62916666666649,22.362499999999869],[100.62916666666649,22.354166666666536]]},"properties":{"FID":365,"ARCID":726244,"UP_CELLS":185867}},{"type":"Feature","id":366,"geometry":{"type":"LineString","coordinates":[[100.62916666666649,22.354166666666536],[100.6541666666665,22.329166666666538]]},"properties":{"FID":366,"ARCID":726548,"UP_CELLS":185934}},{"type":"Feature","id":367,"geometry":{"type":"LineString","coordinates":[[100.6541666666665,22.329166666666538],[100.64583333333316,22.320833333333205],[100.62083333333317,22.320833333333205],[100.61249999999983,22.312499999999872]]},"properties":{"FID":367,"ARCID":726765,"UP_CELLS":186759}},{"type":"Feature","id":368,"geometry":{"type":"LineString","coordinates":[[100.61249999999983,22.312499999999872],[100.61249999999983,22.304166666666539],[100.60416666666649,22.295833333333199],[100.62083333333317,22.279166666666534]]},"properties":{"FID":368,"ARCID":727171,"UP_CELLS":186822}},{"type":"Feature","id":369,"geometry":{"type":"LineString","coordinates":[[100.62083333333317,22.279166666666534],[100.62916666666649,22.279166666666534],[100.63749999999982,22.270833333333201],[100.6791666666665,22.270833333333201],[100.71249999999984,22.237499999999869]]},"properties":{"FID":369,"ARCID":727674,"UP_CELLS":188485}},{"type":"Feature","id":370,"geometry":{"type":"LineString","coordinates":[[100.71249999999984,22.237499999999869],[100.7041666666665,22.229166666666536],[100.7041666666665,22.204166666666538],[100.71249999999984,22.195833333333205],[100.71249999999984,22.187499999999872],[100.72916666666649,22.170833333333206],[100.72916666666649,22.154166666666534],[100.73749999999983,22.145833333333201],[100.72083333333316,22.129166666666535]]},"properties":{"FID":370,"ARCID":729053,"UP_CELLS":189311}},{"type":"Feature","id":371,"geometry":{"type":"LineString","coordinates":[[100.72083333333316,22.129166666666535],[100.72083333333316,22.120833333333202],[100.72916666666649,22.112499999999869],[100.73749999999983,22.112499999999869],[100.74583333333317,22.120833333333202],[100.75416666666649,22.120833333333202],[100.76249999999982,22.112499999999869],[100.77083333333316,22.112499999999869],[100.7791666666665,22.104166666666536],[100.7791666666665,22.095833333333204],[100.76249999999982,22.079166666666538],[100.76249999999982,22.062499999999872],[100.81249999999983,22.012499999999868],[100.82083333333316,22.012499999999868]]},"properties":{"FID":371,"ARCID":730515,"UP_CELLS":189735}},{"type":"Feature","id":372,"geometry":{"type":"LineString","coordinates":[[100.82083333333316,22.012499999999868],[100.8291666666665,22.004166666666535],[100.83749999999984,22.004166666666535]]},"properties":{"FID":372,"ARCID":730607,"UP_CELLS":189789}},{"type":"Feature","id":373,"geometry":{"type":"LineString","coordinates":[[100.83749999999984,22.004166666666535],[100.84583333333316,22.004166666666535],[100.87083333333317,21.979166666666536]]},"properties":{"FID":373,"ARCID":730906,"UP_CELLS":192420}},{"type":"Feature","id":374,"geometry":{"type":"LineString","coordinates":[[100.87083333333317,21.979166666666536],[100.87083333333317,21.970833333333204],[100.86249999999983,21.962499999999871],[100.86249999999983,21.954166666666538],[100.9041666666665,21.912499999999874],[100.9041666666665,21.895833333333208]]},"properties":{"FID":374,"ARCID":731946,"UP_CELLS":192610}},{"type":"Feature","id":375,"geometry":{"type":"LineString","coordinates":[[100.9041666666665,21.895833333333208],[100.9041666666665,21.879166666666535],[100.91249999999982,21.870833333333202],[100.91249999999982,21.862499999999869],[100.92083333333315,21.854166666666536],[100.92916666666649,21.854166666666536],[100.93749999999983,21.845833333333204],[100.94583333333316,21.845833333333204]]},"properties":{"FID":375,"ARCID":732494,"UP_CELLS":192955}},{"type":"Feature","id":376,"geometry":{"type":"LineString","coordinates":[[100.94583333333316,21.845833333333204],[100.9541666666665,21.845833333333204]]},"properties":{"FID":376,"ARCID":732495,"UP_CELLS":193115}},{"type":"Feature","id":377,"geometry":{"type":"LineString","coordinates":[[100.9541666666665,21.845833333333204],[100.98749999999983,21.845833333333204],[100.99583333333317,21.854166666666536]]},"properties":{"FID":377,"ARCID":732496,"UP_CELLS":193189}},{"type":"Feature","id":378,"geometry":{"type":"LineString","coordinates":[[100.99583333333317,21.854166666666536],[101.0291666666665,21.854166666666536],[101.05416666666649,21.829166666666538]]},"properties":{"FID":378,"ARCID":732695,"UP_CELLS":193492}},{"type":"Feature","id":379,"geometry":{"type":"LineString","coordinates":[[101.05416666666649,21.829166666666538],[101.05416666666649,21.795833333333206],[101.07083333333316,21.779166666666541],[101.0791666666665,21.779166666666541]]},"properties":{"FID":379,"ARCID":733262,"UP_CELLS":193559}},{"type":"Feature","id":380,"geometry":{"type":"LineString","coordinates":[[101.0791666666665,21.779166666666541],[101.08749999999984,21.787499999999874],[101.11249999999983,21.787499999999874],[101.12083333333317,21.779166666666541],[101.12083333333317,21.770833333333208]]},"properties":{"FID":380,"ARCID":733352,"UP_CELLS":195887}},{"type":"Feature","id":381,"geometry":{"type":"LineString","coordinates":[[101.12083333333317,21.770833333333208],[101.11249999999983,21.762499999999875],[101.11249999999983,21.729166666666536],[101.12083333333317,21.720833333333204],[101.12083333333317,21.695833333333205]]},"properties":{"FID":381,"ARCID":734216,"UP_CELLS":205701}},{"type":"Feature","id":382,"geometry":{"type":"LineString","coordinates":[[101.12083333333317,21.695833333333205],[101.12916666666649,21.687499999999872]]},"properties":{"FID":382,"ARCID":734313,"UP_CELLS":205728}},{"type":"Feature","id":383,"geometry":{"type":"LineString","coordinates":[[101.12916666666649,21.687499999999872],[101.13749999999982,21.679166666666539]]},"properties":{"FID":383,"ARCID":734422,"UP_CELLS":205776}},{"type":"Feature","id":384,"geometry":{"type":"LineString","coordinates":[[101.13749999999982,21.679166666666539],[101.1541666666665,21.662499999999874]]},"properties":{"FID":384,"ARCID":734595,"UP_CELLS":205850}},{"type":"Feature","id":385,"geometry":{"type":"LineString","coordinates":[[101.1541666666665,21.662499999999874],[101.1541666666665,21.645833333333208],[101.16249999999982,21.637499999999875]]},"properties":{"FID":385,"ARCID":734869,"UP_CELLS":205942}},{"type":"Feature","id":386,"geometry":{"type":"LineString","coordinates":[[101.16249999999982,21.637499999999875],[101.16249999999982,21.620833333333202]]},"properties":{"FID":386,"ARCID":735044,"UP_CELLS":205996}},{"type":"Feature","id":387,"geometry":{"type":"LineString","coordinates":[[101.16249999999982,21.620833333333202],[101.16249999999982,21.612499999999869],[101.17083333333315,21.604166666666536],[101.16249999999982,21.595833333333204],[101.1541666666665,21.595833333333204],[101.13749999999982,21.579166666666538],[101.13749999999982,21.570833333333205],[101.14583333333316,21.562499999999872]]},"properties":{"FID":387,"ARCID":735591,"UP_CELLS":206184}},{"type":"Feature","id":388,"geometry":{"type":"LineString","coordinates":[[101.14583333333316,21.562499999999872],[101.1541666666665,21.554166666666539],[101.1541666666665,21.545833333333206],[101.16249999999982,21.537499999999874],[101.16249999999982,21.529166666666541],[101.1541666666665,21.520833333333208],[101.14583333333316,21.520833333333208],[101.12083333333317,21.495833333333209]]},"properties":{"FID":388,"ARCID":736275,"UP_CELLS":212013}},{"type":"Feature","id":389,"geometry":{"type":"LineString","coordinates":[[101.12083333333317,21.495833333333209],[101.08749999999984,21.462499999999871],[101.07083333333316,21.462499999999871]]},"properties":{"FID":389,"ARCID":736587,"UP_CELLS":212177}},{"type":"Feature","id":390,"geometry":{"type":"LineString","coordinates":[[101.07083333333316,21.462499999999871],[101.0291666666665,21.420833333333206]]},"properties":{"FID":390,"ARCID":737050,"UP_CELLS":212262}},{"type":"Feature","id":391,"geometry":{"type":"LineString","coordinates":[[101.0291666666665,21.420833333333206],[101.0291666666665,21.412499999999874],[101.01249999999982,21.395833333333208],[101.00416666666649,21.395833333333208],[100.99583333333317,21.387499999999875]]},"properties":{"FID":391,"ARCID":737418,"UP_CELLS":212441}},{"type":"Feature","id":392,"geometry":{"type":"LineString","coordinates":[[100.99583333333317,21.387499999999875],[100.96249999999984,21.387499999999875],[100.9541666666665,21.379166666666542],[100.94583333333316,21.379166666666542],[100.92916666666649,21.362499999999876],[100.92083333333315,21.362499999999876],[100.91249999999982,21.354166666666536],[100.89583333333316,21.354166666666536],[100.88749999999982,21.345833333333204]]},"properties":{"FID":392,"ARCID":737815,"UP_CELLS":212848}},{"type":"Feature","id":393,"geometry":{"type":"LineString","coordinates":[[100.88749999999982,21.345833333333204],[100.87083333333317,21.329166666666538]]},"properties":{"FID":393,"ARCID":738002,"UP_CELLS":213066}},{"type":"Feature","id":394,"geometry":{"type":"LineString","coordinates":[[100.87083333333317,21.329166666666538],[100.85416666666649,21.312499999999872]]},"properties":{"FID":394,"ARCID":738165,"UP_CELLS":213311}},{"type":"Feature","id":395,"geometry":{"type":"LineString","coordinates":[[100.85416666666649,21.312499999999872],[100.84583333333316,21.304166666666539]]},"properties":{"FID":395,"ARCID":738238,"UP_CELLS":213353}},{"type":"Feature","id":396,"geometry":{"type":"LineString","coordinates":[[100.79583333333315,21.295833333333206],[100.7791666666665,21.295833333333206],[100.77083333333316,21.304166666666539],[100.76249999999982,21.304166666666539],[100.75416666666649,21.312499999999872],[100.72916666666649,21.312499999999872],[100.72083333333316,21.304166666666539]]},"properties":{"FID":396,"ARCID":738313,"UP_CELLS":213537}},{"type":"Feature","id":397,"geometry":{"type":"LineString","coordinates":[[100.84583333333316,21.304166666666539],[100.83749999999984,21.304166666666539],[100.8291666666665,21.295833333333206],[100.79583333333315,21.295833333333206]]},"properties":{"FID":397,"ARCID":738314,"UP_CELLS":213425}},{"type":"Feature","id":398,"geometry":{"type":"LineString","coordinates":[[100.72083333333316,21.304166666666539],[100.72083333333316,21.287499999999874]]},"properties":{"FID":398,"ARCID":738419,"UP_CELLS":232576}},{"type":"Feature","id":399,"geometry":{"type":"LineString","coordinates":[[100.72083333333316,21.287499999999874],[100.72083333333316,21.270833333333208],[100.71249999999984,21.262499999999875],[100.71249999999984,21.245833333333209],[100.7041666666665,21.237499999999876],[100.7041666666665,21.220833333333204],[100.69583333333316,21.212499999999871],[100.7041666666665,21.204166666666538]]},"properties":{"FID":399,"ARCID":739213,"UP_CELLS":232683}},{"type":"Feature","id":400,"geometry":{"type":"LineString","coordinates":[[100.7041666666665,21.204166666666538],[100.69583333333316,21.195833333333205],[100.69583333333316,21.187499999999872]]},"properties":{"FID":400,"ARCID":739357,"UP_CELLS":232866}},{"type":"Feature","id":401,"geometry":{"type":"LineString","coordinates":[[100.69583333333316,21.187499999999872],[100.69583333333316,21.170833333333206],[100.6791666666665,21.154166666666541]]},"properties":{"FID":401,"ARCID":739648,"UP_CELLS":233024}},{"type":"Feature","id":402,"geometry":{"type":"LineString","coordinates":[[100.6791666666665,21.154166666666541],[100.6791666666665,21.137499999999875]]},"properties":{"FID":402,"ARCID":739817,"UP_CELLS":233077}},{"type":"Feature","id":403,"geometry":{"type":"LineString","coordinates":[[100.6791666666665,21.137499999999875],[100.6541666666665,21.112499999999876]]},"properties":{"FID":403,"ARCID":740048,"UP_CELLS":233497}},{"type":"Feature","id":404,"geometry":{"type":"LineString","coordinates":[[100.6541666666665,21.112499999999876],[100.64583333333316,21.104166666666544],[100.64583333333316,21.079166666666538],[100.62083333333317,21.054166666666539]]},"properties":{"FID":404,"ARCID":740576,"UP_CELLS":233596}},{"type":"Feature","id":405,"geometry":{"type":"LineString","coordinates":[[100.62083333333317,21.054166666666539],[100.59583333333316,21.029166666666541]]},"properties":{"FID":405,"ARCID":740843,"UP_CELLS":233722}},{"type":"Feature","id":406,"geometry":{"type":"LineString","coordinates":[[100.59583333333316,21.029166666666541],[100.5541666666665,21.029166666666541],[100.54583333333316,21.020833333333208]]},"properties":{"FID":406,"ARCID":740921,"UP_CELLS":233937}},{"type":"Feature","id":407,"geometry":{"type":"LineString","coordinates":[[100.54583333333316,21.020833333333208],[100.54583333333316,21.012499999999875],[100.5541666666665,21.004166666666542],[100.5541666666665,20.995833333333209],[100.54583333333316,20.987499999999876]]},"properties":{"FID":407,"ARCID":741242,"UP_CELLS":236042}},{"type":"Feature","id":408,"geometry":{"type":"LineString","coordinates":[[100.54583333333316,20.987499999999876],[100.5291666666665,20.970833333333211],[100.5291666666665,20.962499999999878],[100.52083333333316,20.954166666666545]]},"properties":{"FID":408,"ARCID":741530,"UP_CELLS":236101}},{"type":"Feature","id":409,"geometry":{"type":"LineString","coordinates":[[100.63749999999982,20.895833333333208],[100.64583333333316,20.887499999999875]]},"properties":{"FID":409,"ARCID":742169,"UP_CELLS":237739}},{"type":"Feature","id":410,"geometry":{"type":"LineString","coordinates":[[100.52083333333316,20.954166666666545],[100.52083333333316,20.920833333333206],[100.51249999999982,20.912499999999874],[100.51249999999982,20.887499999999875],[100.5291666666665,20.870833333333209]]},"properties":{"FID":410,"ARCID":742308,"UP_CELLS":236231}},{"type":"Feature","id":411,"geometry":{"type":"LineString","coordinates":[[100.5291666666665,20.870833333333209],[100.56249999999983,20.870833333333209],[100.57083333333316,20.879166666666542],[100.5791666666665,20.879166666666542],[100.58749999999984,20.887499999999875],[100.61249999999983,20.887499999999875],[100.62083333333317,20.895833333333208],[100.63749999999982,20.895833333333208]]},"properties":{"FID":411,"ARCID":742309,"UP_CELLS":236422}},{"type":"Feature","id":412,"geometry":{"type":"LineString","coordinates":[[100.64583333333316,20.887499999999875],[100.64583333333316,20.879166666666542],[100.61249999999983,20.845833333333211]]},"properties":{"FID":412,"ARCID":742538,"UP_CELLS":237833}},{"type":"Feature","id":413,"geometry":{"type":"LineString","coordinates":[[100.41249999999982,20.829166666666545],[100.37916666666649,20.829166666666545]]},"properties":{"FID":413,"ARCID":742685,"UP_CELLS":241766}},{"type":"Feature","id":414,"geometry":{"type":"LineString","coordinates":[[100.4291666666665,20.829166666666545],[100.41249999999982,20.829166666666545]]},"properties":{"FID":414,"ARCID":742687,"UP_CELLS":241641}},{"type":"Feature","id":415,"geometry":{"type":"LineString","coordinates":[[100.47083333333316,20.820833333333212],[100.46249999999984,20.820833333333212],[100.4541666666665,20.829166666666545],[100.44583333333316,20.829166666666545],[100.43749999999983,20.820833333333212],[100.4291666666665,20.829166666666545]]},"properties":{"FID":415,"ARCID":742766,"UP_CELLS":241604}},{"type":"Feature","id":416,"geometry":{"type":"LineString","coordinates":[[100.61249999999983,20.845833333333211],[100.60416666666649,20.837499999999878],[100.59583333333316,20.837499999999878],[100.58749999999984,20.829166666666545],[100.5791666666665,20.829166666666545],[100.57083333333316,20.820833333333212],[100.52083333333316,20.820833333333212]]},"properties":{"FID":416,"ARCID":742767,"UP_CELLS":241448}},{"type":"Feature","id":417,"geometry":{"type":"LineString","coordinates":[[100.37916666666649,20.829166666666545],[100.37083333333317,20.829166666666545],[100.35416666666649,20.812499999999872]]},"properties":{"FID":417,"ARCID":742857,"UP_CELLS":241827}},{"type":"Feature","id":418,"geometry":{"type":"LineString","coordinates":[[100.49583333333317,20.812499999999872],[100.48749999999983,20.820833333333212],[100.47083333333316,20.820833333333212]]},"properties":{"FID":418,"ARCID":742858,"UP_CELLS":241533}},{"type":"Feature","id":419,"geometry":{"type":"LineString","coordinates":[[100.52083333333316,20.820833333333212],[100.50416666666649,20.820833333333212],[100.49583333333317,20.812499999999872]]},"properties":{"FID":419,"ARCID":742859,"UP_CELLS":241483}},{"type":"Feature","id":420,"geometry":{"type":"LineString","coordinates":[[100.35416666666649,20.812499999999872],[100.33749999999984,20.795833333333206]]},"properties":{"FID":420,"ARCID":743010,"UP_CELLS":242066}},{"type":"Feature","id":421,"geometry":{"type":"LineString","coordinates":[[100.33749999999984,20.795833333333206],[100.3291666666665,20.787499999999874],[100.32083333333316,20.787499999999874],[100.31249999999983,20.779166666666541]]},"properties":{"FID":421,"ARCID":743149,"UP_CELLS":242134}},{"type":"Feature","id":422,"geometry":{"type":"LineString","coordinates":[[100.31249999999983,20.779166666666541],[100.28749999999982,20.779166666666541],[100.24583333333317,20.737499999999876]]},"properties":{"FID":422,"ARCID":743534,"UP_CELLS":242234}},{"type":"Feature","id":423,"geometry":{"type":"LineString","coordinates":[[100.24583333333317,20.737499999999876],[100.23749999999983,20.729166666666544],[100.23749999999983,20.720833333333211],[100.22916666666649,20.712499999999878]]},"properties":{"FID":423,"ARCID":743733,"UP_CELLS":245502}},{"type":"Feature","id":424,"geometry":{"type":"LineString","coordinates":[[100.22916666666649,20.712499999999878],[100.2041666666665,20.687499999999879],[100.2041666666665,20.670833333333206],[100.18749999999983,20.654166666666541]]},"properties":{"FID":424,"ARCID":744212,"UP_CELLS":245711}},{"type":"Feature","id":425,"geometry":{"type":"LineString","coordinates":[[100.18749999999983,20.654166666666541],[100.1791666666665,20.645833333333208],[100.1791666666665,20.637499999999875],[100.17083333333316,20.629166666666542],[100.17083333333316,20.604166666666544],[100.16249999999982,20.595833333333211],[100.16249999999982,20.579166666666545],[100.1541666666665,20.570833333333212]]},"properties":{"FID":425,"ARCID":744914,"UP_CELLS":245846}},{"type":"Feature","id":426,"geometry":{"type":"LineString","coordinates":[[100.1541666666665,20.570833333333212],[100.1541666666665,20.545833333333206],[100.14583333333317,20.537499999999874]]},"properties":{"FID":426,"ARCID":745177,"UP_CELLS":245922}},{"type":"Feature","id":427,"geometry":{"type":"LineString","coordinates":[[100.14583333333317,20.537499999999874],[100.14583333333317,20.520833333333208],[100.13749999999983,20.512499999999875],[100.13749999999983,20.504166666666542]]},"properties":{"FID":427,"ARCID":745466,"UP_CELLS":245995}},{"type":"Feature","id":428,"geometry":{"type":"LineString","coordinates":[[100.26249999999982,20.395833333333208],[100.27083333333316,20.404166666666541]]},"properties":{"FID":428,"ARCID":746367,"UP_CELLS":265664}},{"type":"Feature","id":429,"geometry":{"type":"LineString","coordinates":[[100.27083333333316,20.404166666666541],[100.2791666666665,20.404166666666541],[100.28749999999982,20.395833333333208],[100.3041666666665,20.395833333333208]]},"properties":{"FID":429,"ARCID":746368,"UP_CELLS":265741}},{"type":"Feature","id":430,"geometry":{"type":"LineString","coordinates":[[100.3041666666665,20.395833333333208],[100.31249999999983,20.404166666666541],[100.32083333333316,20.404166666666541]]},"properties":{"FID":430,"ARCID":746369,"UP_CELLS":265776}},{"type":"Feature","id":431,"geometry":{"type":"LineString","coordinates":[[100.13749999999983,20.504166666666542],[100.13749999999983,20.462499999999878],[100.12083333333317,20.445833333333212],[100.12083333333317,20.395833333333208],[100.08749999999984,20.362499999999876]]},"properties":{"FID":431,"ARCID":746621,"UP_CELLS":246178}},{"type":"Feature","id":432,"geometry":{"type":"LineString","coordinates":[[100.32083333333316,20.404166666666541],[100.3291666666665,20.395833333333208],[100.33749999999984,20.395833333333208],[100.35416666666649,20.379166666666542],[100.35416666666649,20.370833333333209],[100.36249999999983,20.362499999999876]]},"properties":{"FID":432,"ARCID":746622,"UP_CELLS":266004}},{"type":"Feature","id":433,"geometry":{"type":"LineString","coordinates":[[100.36249999999983,20.362499999999876],[100.37083333333317,20.354166666666544]]},"properties":{"FID":433,"ARCID":746686,"UP_CELLS":267870}},{"type":"Feature","id":434,"geometry":{"type":"LineString","coordinates":[[100.37083333333317,20.354166666666544],[100.37916666666649,20.345833333333211],[100.37916666666649,20.337499999999878]]},"properties":{"FID":434,"ARCID":746808,"UP_CELLS":267908}},{"type":"Feature","id":435,"geometry":{"type":"LineString","coordinates":[[100.22083333333316,20.320833333333212],[100.22916666666649,20.329166666666545],[100.22916666666649,20.354166666666544],[100.24583333333317,20.370833333333209],[100.24583333333317,20.379166666666542],[100.26249999999982,20.395833333333208]]},"properties":{"FID":435,"ARCID":746912,"UP_CELLS":265208}},{"type":"Feature","id":436,"geometry":{"type":"LineString","coordinates":[[100.2041666666665,20.312499999999879],[100.21249999999984,20.312499999999879],[100.22083333333316,20.320833333333212]]},"properties":{"FID":436,"ARCID":746990,"UP_CELLS":265016}},{"type":"Feature","id":437,"geometry":{"type":"LineString","coordinates":[[100.37916666666649,20.337499999999878],[100.37916666666649,20.312499999999879]]},"properties":{"FID":437,"ARCID":746991,"UP_CELLS":267944}},{"type":"Feature","id":438,"geometry":{"type":"LineString","coordinates":[[100.37916666666649,20.312499999999879],[100.39583333333316,20.295833333333213],[100.39583333333316,20.287499999999881],[100.4041666666665,20.279166666666541],[100.4041666666665,20.270833333333208]]},"properties":{"FID":438,"ARCID":747328,"UP_CELLS":268015}},{"type":"Feature","id":439,"geometry":{"type":"LineString","coordinates":[[100.08749999999984,20.362499999999876],[100.08749999999984,20.337499999999878],[100.09583333333316,20.329166666666545],[100.09583333333316,20.270833333333208],[100.10416666666649,20.262499999999875]]},"properties":{"FID":439,"ARCID":747400,"UP_CELLS":249805}},{"type":"Feature","id":440,"geometry":{"type":"LineString","coordinates":[[100.1791666666665,20.262499999999875],[100.17083333333316,20.270833333333208],[100.17083333333316,20.295833333333213],[100.1791666666665,20.304166666666546],[100.19583333333316,20.304166666666546],[100.2041666666665,20.312499999999879]]},"properties":{"FID":440,"ARCID":747401,"UP_CELLS":264962}},{"type":"Feature","id":441,"geometry":{"type":"LineString","coordinates":[[100.10416666666649,20.262499999999875],[100.12083333333317,20.245833333333209],[100.14583333333317,20.245833333333209]]},"properties":{"FID":441,"ARCID":747543,"UP_CELLS":251297}},{"type":"Feature","id":442,"geometry":{"type":"LineString","coordinates":[[100.14583333333317,20.245833333333209],[100.16249999999982,20.245833333333209],[100.1791666666665,20.262499999999875]]},"properties":{"FID":442,"ARCID":747544,"UP_CELLS":264774}},{"type":"Feature","id":443,"geometry":{"type":"LineString","coordinates":[[100.4041666666665,20.270833333333208],[100.4291666666665,20.245833333333209],[100.43749999999983,20.245833333333209],[100.44583333333316,20.237499999999876]]},"properties":{"FID":443,"ARCID":747625,"UP_CELLS":268093}},{"type":"Feature","id":444,"geometry":{"type":"LineString","coordinates":[[100.44583333333316,20.237499999999876],[100.4541666666665,20.229166666666544],[100.4541666666665,20.204166666666545]]},"properties":{"FID":444,"ARCID":747856,"UP_CELLS":268257}},{"type":"Feature","id":445,"geometry":{"type":"LineString","coordinates":[[100.4541666666665,20.204166666666545],[100.46249999999984,20.195833333333212]]},"properties":{"FID":445,"ARCID":747932,"UP_CELLS":268337}},{"type":"Feature","id":446,"geometry":{"type":"LineString","coordinates":[[100.56249999999983,20.179166666666546],[100.57083333333316,20.179166666666546]]},"properties":{"FID":446,"ARCID":748071,"UP_CELLS":278128}},{"type":"Feature","id":447,"geometry":{"type":"LineString","coordinates":[[100.46249999999984,20.195833333333212],[100.47083333333316,20.195833333333212],[100.52083333333316,20.145833333333208]]},"properties":{"FID":447,"ARCID":748318,"UP_CELLS":277285}},{"type":"Feature","id":448,"geometry":{"type":"LineString","coordinates":[[100.52083333333316,20.145833333333208],[100.5291666666665,20.145833333333208],[100.56249999999983,20.179166666666546]]},"properties":{"FID":448,"ARCID":748319,"UP_CELLS":277869}},{"type":"Feature","id":449,"geometry":{"type":"LineString","coordinates":[[100.57083333333316,20.179166666666546],[100.58749999999984,20.162499999999881],[100.58749999999984,20.120833333333209],[100.59583333333316,20.112499999999876],[100.59583333333316,20.104166666666544]]},"properties":{"FID":449,"ARCID":748696,"UP_CELLS":278213}},{"type":"Feature","id":450,"geometry":{"type":"LineString","coordinates":[[102.12083333333315,20.087499999999878],[102.16249999999982,20.087499999999878]]},"properties":{"FID":450,"ARCID":748825,"UP_CELLS":300653}},{"type":"Feature","id":451,"geometry":{"type":"LineString","coordinates":[[102.16249999999982,20.087499999999878],[102.17083333333315,20.087499999999878],[102.18749999999983,20.070833333333212]]},"properties":{"FID":451,"ARCID":748952,"UP_CELLS":300699}},{"type":"Feature","id":452,"geometry":{"type":"LineString","coordinates":[[102.07916666666648,20.062499999999879],[102.09583333333316,20.079166666666545],[102.10416666666649,20.079166666666545],[102.11249999999981,20.087499999999878],[102.12083333333315,20.087499999999878]]},"properties":{"FID":452,"ARCID":749013,"UP_CELLS":300490}},{"type":"Feature","id":453,"geometry":{"type":"LineString","coordinates":[[101.97916666666649,20.045833333333213],[101.98749999999981,20.054166666666546],[102.01249999999982,20.054166666666546]]},"properties":{"FID":453,"ARCID":749139,"UP_CELLS":300252}},{"type":"Feature","id":454,"geometry":{"type":"LineString","coordinates":[[102.01249999999982,20.054166666666546],[102.0291666666665,20.054166666666546],[102.03749999999982,20.045833333333213],[102.04583333333315,20.045833333333213]]},"properties":{"FID":454,"ARCID":749140,"UP_CELLS":300339}},{"type":"Feature","id":455,"geometry":{"type":"LineString","coordinates":[[102.04583333333315,20.045833333333213],[102.05416666666649,20.054166666666546],[102.06249999999983,20.054166666666546],[102.07083333333316,20.062499999999879],[102.07916666666648,20.062499999999879]]},"properties":{"FID":455,"ARCID":749141,"UP_CELLS":300427}},{"type":"Feature","id":456,"geometry":{"type":"LineString","coordinates":[[102.18749999999983,20.070833333333212],[102.21249999999982,20.045833333333213]]},"properties":{"FID":456,"ARCID":749142,"UP_CELLS":300767}},{"type":"Feature","id":457,"geometry":{"type":"LineString","coordinates":[[102.21249999999982,20.045833333333213],[102.22083333333316,20.037499999999881],[102.22083333333316,20.012499999999875]]},"properties":{"FID":457,"ARCID":749428,"UP_CELLS":333314}},{"type":"Feature","id":458,"geometry":{"type":"LineString","coordinates":[[100.59583333333316,20.104166666666544],[100.59583333333316,20.070833333333212],[100.58749999999984,20.062499999999879],[100.58749999999984,20.004166666666542]]},"properties":{"FID":458,"ARCID":749479,"UP_CELLS":289447}},{"type":"Feature","id":459,"geometry":{"type":"LineString","coordinates":[[101.92083333333315,19.995833333333209],[101.95416666666648,20.029166666666548],[101.96249999999982,20.029166666666548],[101.97916666666649,20.045833333333213]]},"properties":{"FID":459,"ARCID":749543,"UP_CELLS":299996}},{"type":"Feature","id":460,"geometry":{"type":"LineString","coordinates":[[102.22083333333316,20.012499999999875],[102.23749999999981,19.995833333333209],[102.23749999999981,19.962499999999878]]},"properties":{"FID":460,"ARCID":749798,"UP_CELLS":333377}},{"type":"Feature","id":461,"geometry":{"type":"LineString","coordinates":[[101.86249999999981,19.954166666666545],[101.87916666666649,19.970833333333211],[101.89583333333316,19.970833333333211],[101.92083333333315,19.995833333333209]]},"properties":{"FID":461,"ARCID":749885,"UP_CELLS":299889}},{"type":"Feature","id":462,"geometry":{"type":"LineString","coordinates":[[101.81249999999983,19.945833333333212],[101.84583333333316,19.945833333333212],[101.85416666666649,19.954166666666545],[101.86249999999981,19.954166666666545]]},"properties":{"FID":462,"ARCID":749939,"UP_CELLS":299766}},{"type":"Feature","id":463,"geometry":{"type":"LineString","coordinates":[[101.77083333333316,19.937499999999879],[101.80416666666649,19.937499999999879],[101.81249999999983,19.945833333333212]]},"properties":{"FID":463,"ARCID":750018,"UP_CELLS":299649}},{"type":"Feature","id":464,"geometry":{"type":"LineString","coordinates":[[101.71249999999982,19.929166666666546],[101.72083333333316,19.937499999999879],[101.77083333333316,19.937499999999879]]},"properties":{"FID":464,"ARCID":750079,"UP_CELLS":299418}},{"type":"Feature","id":465,"geometry":{"type":"LineString","coordinates":[[100.58749999999984,20.004166666666542],[100.58749999999984,19.995833333333209],[100.5791666666665,19.987499999999876],[100.5791666666665,19.920833333333213]]},"properties":{"FID":465,"ARCID":750151,"UP_CELLS":289610}},{"type":"Feature","id":466,"geometry":{"type":"LineString","coordinates":[[102.23749999999981,19.962499999999878],[102.21249999999982,19.937499999999879],[102.19583333333316,19.937499999999879],[102.18749999999983,19.929166666666546],[102.17916666666649,19.929166666666546],[102.16249999999982,19.912499999999881]]},"properties":{"FID":466,"ARCID":750221,"UP_CELLS":341680}},{"type":"Feature","id":467,"geometry":{"type":"LineString","coordinates":[[101.67083333333315,19.895833333333215],[101.67916666666649,19.904166666666548],[101.68749999999983,19.904166666666548],[101.71249999999982,19.929166666666546]]},"properties":{"FID":467,"ARCID":750366,"UP_CELLS":299317}},{"type":"Feature","id":468,"geometry":{"type":"LineString","coordinates":[[102.16249999999982,19.912499999999881],[102.1541666666665,19.912499999999881],[102.13749999999982,19.895833333333215]]},"properties":{"FID":468,"ARCID":750367,"UP_CELLS":341777}},{"type":"Feature","id":469,"geometry":{"type":"LineString","coordinates":[[100.78749999999982,19.887499999999882],[100.80416666666649,19.904166666666548],[100.82083333333316,19.904166666666548]]},"properties":{"FID":469,"ARCID":750421,"UP_CELLS":291492}},{"type":"Feature","id":470,"geometry":{"type":"LineString","coordinates":[[100.82083333333316,19.904166666666548],[100.83749999999984,19.887499999999882],[100.85416666666649,19.887499999999882]]},"properties":{"FID":470,"ARCID":750422,"UP_CELLS":291603}},{"type":"Feature","id":471,"geometry":{"type":"LineString","coordinates":[[100.85416666666649,19.887499999999882],[100.92083333333315,19.887499999999882]]},"properties":{"FID":471,"ARCID":750424,"UP_CELLS":291937}},{"type":"Feature","id":472,"geometry":{"type":"LineString","coordinates":[[100.5791666666665,19.920833333333213],[100.5791666666665,19.879166666666549]]},"properties":{"FID":472,"ARCID":750491,"UP_CELLS":289716}},{"type":"Feature","id":473,"geometry":{"type":"LineString","coordinates":[[101.10416666666649,19.879166666666549],[101.11249999999983,19.879166666666549],[101.12083333333317,19.887499999999882],[101.13749999999982,19.887499999999882]]},"properties":{"FID":473,"ARCID":750493,"UP_CELLS":292392}},{"type":"Feature","id":474,"geometry":{"type":"LineString","coordinates":[[101.64583333333316,19.879166666666549],[101.6541666666665,19.879166666666549],[101.67083333333315,19.895833333333215]]},"properties":{"FID":474,"ARCID":750495,"UP_CELLS":299199}},{"type":"Feature","id":475,"geometry":{"type":"LineString","coordinates":[[102.13749999999982,19.895833333333215],[102.12916666666649,19.895833333333215],[102.11249999999981,19.879166666666549]]},"properties":{"FID":475,"ARCID":750498,"UP_CELLS":351065}},{"type":"Feature","id":476,"geometry":{"type":"LineString","coordinates":[[100.5791666666665,19.879166666666549],[100.58749999999984,19.870833333333209]]},"properties":{"FID":476,"ARCID":750563,"UP_CELLS":289752}},{"type":"Feature","id":477,"geometry":{"type":"LineString","coordinates":[[102.11249999999981,19.879166666666549],[102.10416666666649,19.879166666666549],[102.09583333333316,19.870833333333209]]},"properties":{"FID":477,"ARCID":750565,"UP_CELLS":351242}},{"type":"Feature","id":478,"geometry":{"type":"LineString","coordinates":[[100.74583333333317,19.862499999999876],[100.75416666666649,19.870833333333209],[100.76249999999982,19.870833333333209],[100.77083333333316,19.879166666666549],[100.7791666666665,19.879166666666549],[100.78749999999982,19.887499999999882]]},"properties":{"FID":478,"ARCID":750628,"UP_CELLS":291343}},{"type":"Feature","id":479,"geometry":{"type":"LineString","coordinates":[[100.92083333333315,19.887499999999882],[100.92916666666649,19.879166666666549],[100.93749999999983,19.879166666666549],[100.94583333333316,19.870833333333209],[100.9541666666665,19.870833333333209],[100.96249999999984,19.862499999999876],[100.97083333333316,19.862499999999876]]},"properties":{"FID":479,"ARCID":750629,"UP_CELLS":292017}},{"type":"Feature","id":480,"geometry":{"type":"LineString","coordinates":[[101.60416666666649,19.862499999999876],[101.61249999999981,19.870833333333209],[101.63749999999982,19.870833333333209],[101.64583333333316,19.879166666666549]]},"properties":{"FID":480,"ARCID":750631,"UP_CELLS":299155}},{"type":"Feature","id":481,"geometry":{"type":"LineString","coordinates":[[102.09583333333316,19.870833333333209],[102.08749999999982,19.879166666666549],[102.07083333333316,19.879166666666549],[102.06249999999983,19.870833333333209],[102.05416666666649,19.870833333333209],[102.04583333333315,19.862499999999876],[102.03749999999982,19.862499999999876]]},"properties":{"FID":481,"ARCID":750635,"UP_CELLS":351334}},{"type":"Feature","id":482,"geometry":{"type":"LineString","coordinates":[[100.58749999999984,19.870833333333209],[100.58749999999984,19.862499999999876],[100.5791666666665,19.854166666666544],[100.5791666666665,19.845833333333211]]},"properties":{"FID":482,"ARCID":750778,"UP_CELLS":289821}},{"type":"Feature","id":483,"geometry":{"type":"LineString","coordinates":[[101.07083333333316,19.845833333333211],[101.10416666666649,19.879166666666549]]},"properties":{"FID":483,"ARCID":750779,"UP_CELLS":292249}},{"type":"Feature","id":484,"geometry":{"type":"LineString","coordinates":[[101.62083333333317,19.845833333333211],[101.60416666666649,19.862499999999876]]},"properties":{"FID":484,"ARCID":750780,"UP_CELLS":298620}},{"type":"Feature","id":485,"geometry":{"type":"LineString","coordinates":[[100.97083333333316,19.862499999999876],[100.98749999999983,19.862499999999876],[100.99583333333317,19.854166666666544],[100.99583333333317,19.845833333333211],[101.00416666666649,19.837499999999878],[101.01249999999982,19.837499999999878],[101.02083333333316,19.845833333333211],[101.04583333333315,19.845833333333211],[101.05416666666649,19.837499999999878],[101.06249999999983,19.837499999999878],[101.07083333333316,19.845833333333211]]},"properties":{"FID":485,"ARCID":750846,"UP_CELLS":292187}},{"type":"Feature","id":486,"geometry":{"type":"LineString","coordinates":[[101.13749999999982,19.887499999999882],[101.17083333333315,19.854166666666544],[101.17916666666649,19.854166666666544],[101.18749999999983,19.845833333333211],[101.20416666666648,19.845833333333211],[101.21249999999984,19.837499999999878],[101.22083333333316,19.837499999999878]]},"properties":{"FID":486,"ARCID":750847,"UP_CELLS":295179}},{"type":"Feature","id":487,"geometry":{"type":"LineString","coordinates":[[100.69583333333316,19.829166666666545],[100.7041666666665,19.829166666666545]]},"properties":{"FID":487,"ARCID":750914,"UP_CELLS":290999}},{"type":"Feature","id":488,"geometry":{"type":"LineString","coordinates":[[100.7041666666665,19.829166666666545],[100.73749999999983,19.862499999999876],[100.74583333333317,19.862499999999876]]},"properties":{"FID":488,"ARCID":750915,"UP_CELLS":291141}},{"type":"Feature","id":489,"geometry":{"type":"LineString","coordinates":[[101.4041666666665,19.829166666666545],[101.45416666666648,19.829166666666545]]},"properties":{"FID":489,"ARCID":750919,"UP_CELLS":297785}},{"type":"Feature","id":490,"geometry":{"type":"LineString","coordinates":[[101.45416666666648,19.829166666666545],[101.47916666666649,19.829166666666545]]},"properties":{"FID":490,"ARCID":750921,"UP_CELLS":297833}},{"type":"Feature","id":491,"geometry":{"type":"LineString","coordinates":[[101.47916666666649,19.829166666666545],[101.51249999999982,19.829166666666545],[101.52083333333316,19.837499999999878],[101.54583333333315,19.837499999999878],[101.55416666666649,19.829166666666545],[101.57916666666648,19.829166666666545],[101.58749999999982,19.837499999999878],[101.61249999999981,19.837499999999878],[101.62083333333317,19.845833333333211]]},"properties":{"FID":491,"ARCID":750922,"UP_CELLS":298139}},{"type":"Feature","id":492,"geometry":{"type":"LineString","coordinates":[[102.03749999999982,19.862499999999876],[102.01249999999982,19.837499999999878],[102.01249999999982,19.829166666666545]]},"properties":{"FID":492,"ARCID":750923,"UP_CELLS":351530}},{"type":"Feature","id":493,"geometry":{"type":"LineString","coordinates":[[100.5791666666665,19.845833333333211],[100.5791666666665,19.829166666666545],[100.58749999999984,19.820833333333212]]},"properties":{"FID":493,"ARCID":750992,"UP_CELLS":289870}},{"type":"Feature","id":494,"geometry":{"type":"LineString","coordinates":[[101.22083333333316,19.837499999999878],[101.23749999999983,19.820833333333212],[101.25416666666649,19.820833333333212]]},"properties":{"FID":494,"ARCID":750994,"UP_CELLS":295268}},{"type":"Feature","id":495,"geometry":{"type":"LineString","coordinates":[[101.25416666666649,19.820833333333212],[101.27083333333316,19.820833333333212],[101.2791666666665,19.829166666666545],[101.29583333333315,19.829166666666545],[101.30416666666649,19.837499999999878],[101.31249999999983,19.837499999999878],[101.32083333333316,19.829166666666545],[101.32916666666648,19.829166666666545]]},"properties":{"FID":495,"ARCID":750995,"UP_CELLS":297519}},{"type":"Feature","id":496,"geometry":{"type":"LineString","coordinates":[[101.32916666666648,19.829166666666545],[101.33749999999982,19.829166666666545],[101.34583333333316,19.820833333333212],[101.38749999999982,19.820833333333212],[101.39583333333316,19.829166666666545],[101.4041666666665,19.829166666666545]]},"properties":{"FID":496,"ARCID":750996,"UP_CELLS":297637}},{"type":"Feature","id":497,"geometry":{"type":"LineString","coordinates":[[100.58749999999984,19.820833333333212],[100.59583333333316,19.812499999999879],[100.61249999999983,19.812499999999879]]},"properties":{"FID":497,"ARCID":751070,"UP_CELLS":290001}},{"type":"Feature","id":498,"geometry":{"type":"LineString","coordinates":[[100.61249999999983,19.812499999999879],[100.63749999999982,19.812499999999879],[100.64583333333316,19.820833333333212],[100.6541666666665,19.820833333333212],[100.66249999999982,19.812499999999879],[100.67083333333315,19.812499999999879],[100.6791666666665,19.820833333333212],[100.68749999999983,19.820833333333212],[100.69583333333316,19.829166666666545]]},"properties":{"FID":498,"ARCID":751071,"UP_CELLS":290958}},{"type":"Feature","id":499,"geometry":{"type":"LineString","coordinates":[[102.01249999999982,19.829166666666545],[101.99583333333315,19.812499999999879]]},"properties":{"FID":499,"ARCID":751075,"UP_CELLS":351623}},{"type":"Feature","id":500,"geometry":{"type":"LineString","coordinates":[[101.99583333333315,19.812499999999879],[101.97916666666649,19.795833333333213],[101.97916666666649,19.787499999999881],[101.96249999999982,19.770833333333215]]},"properties":{"FID":500,"ARCID":751398,"UP_CELLS":351866}},{"type":"Feature","id":501,"geometry":{"type":"LineString","coordinates":[[101.96249999999982,19.770833333333215],[101.93749999999983,19.745833333333216],[101.92916666666649,19.745833333333216],[101.92083333333315,19.737499999999876]]},"properties":{"FID":501,"ARCID":751668,"UP_CELLS":351961}},{"type":"Feature","id":502,"geometry":{"type":"LineString","coordinates":[[101.92083333333315,19.737499999999876],[101.91249999999982,19.729166666666544]]},"properties":{"FID":502,"ARCID":751735,"UP_CELLS":352041}},{"type":"Feature","id":503,"geometry":{"type":"LineString","coordinates":[[101.91249999999982,19.729166666666544],[101.89583333333316,19.712499999999878],[101.89583333333316,19.704166666666545],[101.87083333333315,19.679166666666546],[101.86249999999981,19.679166666666546],[101.85416666666649,19.670833333333213]]},"properties":{"FID":503,"ARCID":752188,"UP_CELLS":352158}},{"type":"Feature","id":504,"geometry":{"type":"LineString","coordinates":[[101.85416666666649,19.670833333333213],[101.83749999999982,19.670833333333213],[101.81249999999983,19.645833333333215]]},"properties":{"FID":504,"ARCID":752362,"UP_CELLS":352225}},{"type":"Feature","id":505,"geometry":{"type":"LineString","coordinates":[[101.81249999999983,19.645833333333215],[101.80416666666649,19.637499999999882],[101.80416666666649,19.604166666666544],[101.79583333333315,19.595833333333211],[101.79583333333315,19.587499999999878]]},"properties":{"FID":505,"ARCID":752811,"UP_CELLS":352609}},{"type":"Feature","id":506,"geometry":{"type":"LineString","coordinates":[[101.79583333333315,19.587499999999878],[101.79583333333315,19.579166666666545],[101.81249999999983,19.562499999999879]]},"properties":{"FID":506,"ARCID":753000,"UP_CELLS":352844}},{"type":"Feature","id":507,"geometry":{"type":"LineString","coordinates":[[101.81249999999983,19.562499999999879],[101.81249999999983,19.529166666666548]]},"properties":{"FID":507,"ARCID":753315,"UP_CELLS":352931}},{"type":"Feature","id":508,"geometry":{"type":"LineString","coordinates":[[101.81249999999983,19.529166666666548],[101.81249999999983,19.512499999999882]]},"properties":{"FID":508,"ARCID":753463,"UP_CELLS":353023}},{"type":"Feature","id":509,"geometry":{"type":"LineString","coordinates":[[101.81249999999983,19.512499999999882],[101.80416666666649,19.504166666666549],[101.80416666666649,19.479166666666551]]},"properties":{"FID":509,"ARCID":753711,"UP_CELLS":353292}},{"type":"Feature","id":510,"geometry":{"type":"LineString","coordinates":[[101.80416666666649,19.479166666666551],[101.81249999999983,19.470833333333211],[101.81249999999983,19.462499999999878],[101.82083333333316,19.454166666666545]]},"properties":{"FID":510,"ARCID":753888,"UP_CELLS":353380}},{"type":"Feature","id":511,"geometry":{"type":"LineString","coordinates":[[101.82083333333316,19.454166666666545],[101.84583333333316,19.429166666666546],[101.85416666666649,19.429166666666546],[101.86249999999981,19.420833333333213],[101.87083333333315,19.420833333333213]]},"properties":{"FID":511,"ARCID":754149,"UP_CELLS":353481}},{"type":"Feature","id":512,"geometry":{"type":"LineString","coordinates":[[101.87083333333315,19.420833333333213],[101.87916666666649,19.412499999999881],[101.88749999999982,19.412499999999881],[101.89583333333316,19.404166666666548],[101.88749999999982,19.395833333333215]]},"properties":{"FID":512,"ARCID":754353,"UP_CELLS":353553}},{"type":"Feature","id":513,"geometry":{"type":"LineString","coordinates":[[101.88749999999982,19.395833333333215],[101.84583333333316,19.354166666666551],[101.84583333333316,19.345833333333218],[101.83749999999982,19.337499999999878],[101.83749999999982,19.320833333333212],[101.82916666666648,19.312499999999879],[101.82916666666648,19.304166666666546],[101.82083333333316,19.295833333333213],[101.82083333333316,19.287499999999881],[101.81249999999983,19.279166666666548],[101.81249999999983,19.245833333333216],[101.82083333333316,19.237499999999883]]},"properties":{"FID":513,"ARCID":755599,"UP_CELLS":353981}},{"type":"Feature","id":514,"geometry":{"type":"LineString","coordinates":[[101.82083333333316,19.237499999999883],[101.82083333333316,19.170833333333213],[101.81249999999983,19.162499999999881]]},"properties":{"FID":514,"ARCID":756133,"UP_CELLS":354292}},{"type":"Feature","id":515,"geometry":{"type":"LineString","coordinates":[[101.81249999999983,19.162499999999881],[101.81249999999983,19.154166666666548]]},"properties":{"FID":515,"ARCID":756210,"UP_CELLS":357883}},{"type":"Feature","id":516,"geometry":{"type":"LineString","coordinates":[[101.81249999999983,19.154166666666548],[101.81249999999983,19.137499999999882]]},"properties":{"FID":516,"ARCID":756349,"UP_CELLS":357954}},{"type":"Feature","id":517,"geometry":{"type":"LineString","coordinates":[[101.81249999999983,19.137499999999882],[101.81249999999983,19.112499999999883],[101.80416666666649,19.104166666666551],[101.80416666666649,19.037499999999881],[101.79583333333315,19.029166666666548],[101.79583333333315,19.020833333333215]]},"properties":{"FID":517,"ARCID":757261,"UP_CELLS":358167}},{"type":"Feature","id":518,"geometry":{"type":"LineString","coordinates":[[101.79583333333315,19.020833333333215],[101.79583333333315,18.987499999999883]]},"properties":{"FID":518,"ARCID":757498,"UP_CELLS":358264}},{"type":"Feature","id":519,"geometry":{"type":"LineString","coordinates":[[101.79583333333315,18.987499999999883],[101.79583333333315,18.979166666666551],[101.80416666666649,18.970833333333218],[101.80416666666649,18.954166666666552]]},"properties":{"FID":519,"ARCID":757731,"UP_CELLS":358319}},{"type":"Feature","id":520,"geometry":{"type":"LineString","coordinates":[[101.80416666666649,18.954166666666552],[101.80416666666649,18.945833333333219],[101.79583333333315,18.937499999999879],[101.79583333333315,18.904166666666548],[101.78749999999982,18.895833333333215],[101.78749999999982,18.887499999999882]]},"properties":{"FID":520,"ARCID":758271,"UP_CELLS":360444}},{"type":"Feature","id":521,"geometry":{"type":"LineString","coordinates":[[101.78749999999982,18.887499999999882],[101.79583333333315,18.879166666666549]]},"properties":{"FID":521,"ARCID":758343,"UP_CELLS":360492}},{"type":"Feature","id":522,"geometry":{"type":"LineString","coordinates":[[101.79583333333315,18.879166666666549],[101.79583333333315,18.870833333333216],[101.80416666666649,18.862499999999883],[101.81249999999983,18.862499999999883],[101.84583333333316,18.829166666666552],[101.84583333333316,18.820833333333219]]},"properties":{"FID":522,"ARCID":758806,"UP_CELLS":361571}},{"type":"Feature","id":523,"geometry":{"type":"LineString","coordinates":[[101.84583333333316,18.820833333333219],[101.84583333333316,18.779166666666548]]},"properties":{"FID":523,"ARCID":759086,"UP_CELLS":362024}},{"type":"Feature","id":524,"geometry":{"type":"LineString","coordinates":[[101.84583333333316,18.779166666666548],[101.83749999999982,18.770833333333215],[101.83749999999982,18.754166666666549],[101.82083333333316,18.737499999999883],[101.82083333333316,18.729166666666551],[101.81249999999983,18.720833333333218]]},"properties":{"FID":524,"ARCID":759560,"UP_CELLS":362171}},{"type":"Feature","id":525,"geometry":{"type":"LineString","coordinates":[[101.81249999999983,18.720833333333218],[101.81249999999983,18.704166666666552],[101.80416666666649,18.695833333333219],[101.80416666666649,18.679166666666553]]},"properties":{"FID":525,"ARCID":759868,"UP_CELLS":362636}},{"type":"Feature","id":526,"geometry":{"type":"LineString","coordinates":[[101.80416666666649,18.679166666666553],[101.79583333333315,18.670833333333221],[101.79583333333315,18.645833333333215]]},"properties":{"FID":526,"ARCID":760132,"UP_CELLS":362719}},{"type":"Feature","id":527,"geometry":{"type":"LineString","coordinates":[[101.79583333333315,18.645833333333215],[101.79583333333315,18.629166666666549],[101.78749999999982,18.620833333333216]]},"properties":{"FID":527,"ARCID":760304,"UP_CELLS":362783}},{"type":"Feature","id":528,"geometry":{"type":"LineString","coordinates":[[101.78749999999982,18.620833333333216],[101.78749999999982,18.612499999999883]]},"properties":{"FID":528,"ARCID":760363,"UP_CELLS":362821}},{"type":"Feature","id":529,"geometry":{"type":"LineString","coordinates":[[101.78749999999982,18.612499999999883],[101.77083333333316,18.595833333333218],[101.77083333333316,18.587499999999885],[101.76249999999982,18.579166666666552],[101.76249999999982,18.570833333333219]]},"properties":{"FID":529,"ARCID":760644,"UP_CELLS":362932}},{"type":"Feature","id":530,"geometry":{"type":"LineString","coordinates":[[101.76249999999982,18.570833333333219],[101.76249999999982,18.554166666666553]]},"properties":{"FID":530,"ARCID":760789,"UP_CELLS":362997}},{"type":"Feature","id":531,"geometry":{"type":"LineString","coordinates":[[101.76249999999982,18.554166666666553],[101.74583333333315,18.537499999999888]]},"properties":{"FID":531,"ARCID":760929,"UP_CELLS":363108}},{"type":"Feature","id":532,"geometry":{"type":"LineString","coordinates":[[101.74583333333315,18.537499999999888],[101.72916666666649,18.520833333333215],[101.72916666666649,18.504166666666549],[101.72083333333316,18.495833333333216]]},"properties":{"FID":532,"ARCID":761228,"UP_CELLS":363166}},{"type":"Feature","id":533,"geometry":{"type":"LineString","coordinates":[[101.68749999999983,18.470833333333218],[101.6541666666665,18.470833333333218],[101.64583333333316,18.479166666666551]]},"properties":{"FID":533,"ARCID":761392,"UP_CELLS":363488}},{"type":"Feature","id":534,"geometry":{"type":"LineString","coordinates":[[101.72083333333316,18.495833333333216],[101.70416666666648,18.479166666666551],[101.69583333333316,18.479166666666551],[101.68749999999983,18.470833333333218]]},"properties":{"FID":534,"ARCID":761393,"UP_CELLS":363239}},{"type":"Feature","id":535,"geometry":{"type":"LineString","coordinates":[[103.39583333333314,18.445833333333219],[103.42916666666648,18.445833333333219]]},"properties":{"FID":535,"ARCID":761602,"UP_CELLS":424017}},{"type":"Feature","id":536,"geometry":{"type":"LineString","coordinates":[[101.64583333333316,18.479166666666551],[101.63749999999982,18.470833333333218],[101.63749999999982,18.462499999999885],[101.62916666666649,18.454166666666552],[101.62916666666649,18.445833333333219],[101.62083333333317,18.437499999999886]]},"properties":{"FID":536,"ARCID":761656,"UP_CELLS":363560}},{"type":"Feature","id":537,"geometry":{"type":"LineString","coordinates":[[103.31249999999982,18.429166666666553],[103.32083333333316,18.429166666666553]]},"properties":{"FID":537,"ARCID":761718,"UP_CELLS":423821}},{"type":"Feature","id":538,"geometry":{"type":"LineString","coordinates":[[103.32083333333316,18.429166666666553],[103.34583333333315,18.429166666666553]]},"properties":{"FID":538,"ARCID":761720,"UP_CELLS":423856}},{"type":"Feature","id":539,"geometry":{"type":"LineString","coordinates":[[103.34583333333315,18.429166666666553],[103.35416666666649,18.437499999999886],[103.37916666666649,18.437499999999886],[103.38749999999982,18.445833333333219],[103.39583333333314,18.445833333333219]]},"properties":{"FID":539,"ARCID":761721,"UP_CELLS":423923}},{"type":"Feature","id":540,"geometry":{"type":"LineString","coordinates":[[103.42916666666648,18.445833333333219],[103.43749999999982,18.437499999999886],[103.44583333333316,18.437499999999886],[103.45416666666648,18.429166666666553]]},"properties":{"FID":540,"ARCID":761723,"UP_CELLS":424214}},{"type":"Feature","id":541,"geometry":{"type":"LineString","coordinates":[[103.45416666666648,18.429166666666553],[103.51249999999982,18.429166666666553]]},"properties":{"FID":541,"ARCID":761724,"UP_CELLS":424340}},{"type":"Feature","id":542,"geometry":{"type":"LineString","coordinates":[[103.29583333333315,18.420833333333221],[103.30416666666648,18.429166666666553],[103.31249999999982,18.429166666666553]]},"properties":{"FID":542,"ARCID":761783,"UP_CELLS":423715}},{"type":"Feature","id":543,"geometry":{"type":"LineString","coordinates":[[103.27916666666648,18.404166666666555],[103.29583333333315,18.420833333333221]]},"properties":{"FID":543,"ARCID":761889,"UP_CELLS":423555}},{"type":"Feature","id":544,"geometry":{"type":"LineString","coordinates":[[103.51249999999982,18.429166666666553],[103.53749999999982,18.429166666666553],[103.54583333333315,18.420833333333221],[103.55416666666648,18.420833333333221],[103.57083333333316,18.404166666666555]]},"properties":{"FID":544,"ARCID":761890,"UP_CELLS":424434}},{"type":"Feature","id":545,"geometry":{"type":"LineString","coordinates":[[103.57083333333316,18.404166666666555],[103.59583333333315,18.404166666666555]]},"properties":{"FID":545,"ARCID":761891,"UP_CELLS":424470}},{"type":"Feature","id":546,"geometry":{"type":"LineString","coordinates":[[103.59583333333315,18.404166666666555],[103.62083333333314,18.404166666666555],[103.63749999999982,18.387499999999882]]},"properties":{"FID":546,"ARCID":762018,"UP_CELLS":430037}},{"type":"Feature","id":547,"geometry":{"type":"LineString","coordinates":[[103.63749999999982,18.387499999999882],[103.64583333333314,18.387499999999882]]},"properties":{"FID":547,"ARCID":762019,"UP_CELLS":430094}},{"type":"Feature","id":548,"geometry":{"type":"LineString","coordinates":[[101.62083333333317,18.437499999999886],[101.61249999999981,18.429166666666553],[101.61249999999981,18.420833333333221],[101.59583333333316,18.404166666666555],[101.57916666666648,18.404166666666555],[101.57083333333316,18.395833333333215],[101.57083333333316,18.387499999999882],[101.56249999999983,18.379166666666549]]},"properties":{"FID":548,"ARCID":762074,"UP_CELLS":363889}},{"type":"Feature","id":549,"geometry":{"type":"LineString","coordinates":[[101.56249999999983,18.379166666666549],[101.56249999999983,18.370833333333216]]},"properties":{"FID":549,"ARCID":762119,"UP_CELLS":366340}},{"type":"Feature","id":550,"geometry":{"type":"LineString","coordinates":[[103.23749999999981,18.362499999999883],[103.27916666666648,18.404166666666555]]},"properties":{"FID":550,"ARCID":762181,"UP_CELLS":423496}},{"type":"Feature","id":551,"geometry":{"type":"LineString","coordinates":[[101.56249999999983,18.370833333333216],[101.56249999999983,18.362499999999883],[101.54583333333315,18.345833333333218]]},"properties":{"FID":551,"ARCID":762306,"UP_CELLS":366381}},{"type":"Feature","id":552,"geometry":{"type":"LineString","coordinates":[[103.64583333333314,18.387499999999882],[103.66249999999982,18.370833333333216],[103.67083333333315,18.370833333333216],[103.69583333333316,18.345833333333218],[103.72916666666649,18.345833333333218]]},"properties":{"FID":552,"ARCID":762309,"UP_CELLS":433006}},{"type":"Feature","id":553,"geometry":{"type":"LineString","coordinates":[[103.72916666666649,18.345833333333218],[103.78749999999982,18.345833333333218]]},"properties":{"FID":553,"ARCID":762310,"UP_CELLS":433229}},{"type":"Feature","id":554,"geometry":{"type":"LineString","coordinates":[[103.78749999999982,18.345833333333218],[103.79583333333315,18.345833333333218]]},"properties":{"FID":554,"ARCID":762311,"UP_CELLS":433269}},{"type":"Feature","id":555,"geometry":{"type":"LineString","coordinates":[[101.54583333333315,18.345833333333218],[101.5291666666665,18.329166666666552]]},"properties":{"FID":555,"ARCID":762448,"UP_CELLS":366420}},{"type":"Feature","id":556,"geometry":{"type":"LineString","coordinates":[[103.94583333333316,18.337499999999885],[103.97083333333315,18.337499999999885],[103.99583333333314,18.312499999999886]]},"properties":{"FID":556,"ARCID":762581,"UP_CELLS":434320}},{"type":"Feature","id":557,"geometry":{"type":"LineString","coordinates":[[101.5291666666665,18.329166666666552],[101.5291666666665,18.320833333333219],[101.52083333333316,18.312499999999886],[101.48749999999983,18.312499999999886],[101.47083333333316,18.295833333333221]]},"properties":{"FID":557,"ARCID":762704,"UP_CELLS":366523}},{"type":"Feature","id":558,"geometry":{"type":"LineString","coordinates":[[103.27083333333314,18.287499999999888],[103.27916666666648,18.287499999999888],[103.28749999999982,18.295833333333221],[103.28749999999982,18.304166666666553],[103.29583333333315,18.312499999999886],[103.29583333333315,18.320833333333219],[103.28749999999982,18.329166666666552],[103.26249999999982,18.329166666666552],[103.23749999999981,18.354166666666551],[103.23749999999981,18.362499999999883]]},"properties":{"FID":558,"ARCID":762769,"UP_CELLS":421263}},{"type":"Feature","id":559,"geometry":{"type":"LineString","coordinates":[[103.79583333333315,18.345833333333218],[103.81249999999982,18.345833333333218],[103.83749999999981,18.320833333333219],[103.83749999999981,18.312499999999886],[103.84583333333315,18.304166666666553],[103.84583333333315,18.295833333333221],[103.85416666666649,18.287499999999888],[103.87916666666648,18.287499999999888]]},"properties":{"FID":559,"ARCID":762770,"UP_CELLS":433460}},{"type":"Feature","id":560,"geometry":{"type":"LineString","coordinates":[[103.87916666666648,18.287499999999888],[103.90416666666648,18.312499999999886],[103.91249999999982,18.312499999999886],[103.92916666666648,18.329166666666552],[103.93749999999982,18.329166666666552],[103.94583333333316,18.337499999999885]]},"properties":{"FID":560,"ARCID":762771,"UP_CELLS":434015}},{"type":"Feature","id":561,"geometry":{"type":"LineString","coordinates":[[101.47083333333316,18.295833333333221],[101.45416666666648,18.279166666666555]]},"properties":{"FID":561,"ARCID":762827,"UP_CELLS":366612}},{"type":"Feature","id":562,"geometry":{"type":"LineString","coordinates":[[101.45416666666648,18.279166666666555],[101.45416666666648,18.270833333333222],[101.44583333333316,18.262499999999882]]},"properties":{"FID":562,"ARCID":762957,"UP_CELLS":366678}},{"type":"Feature","id":563,"geometry":{"type":"LineString","coordinates":[[103.99583333333314,18.312499999999886],[103.99583333333314,18.304166666666553],[104.01249999999982,18.287499999999888],[104.01249999999982,18.279166666666555],[104.02083333333314,18.270833333333222],[104.02083333333314,18.262499999999882]]},"properties":{"FID":563,"ARCID":762962,"UP_CELLS":452495}},{"type":"Feature","id":564,"geometry":{"type":"LineString","coordinates":[[104.02083333333314,18.262499999999882],[104.04583333333315,18.237499999999883],[104.04583333333315,18.229166666666551],[104.05416666666648,18.220833333333218]]},"properties":{"FID":564,"ARCID":763254,"UP_CELLS":452598}},{"type":"Feature","id":565,"geometry":{"type":"LineString","coordinates":[[101.44583333333316,18.262499999999882],[101.42916666666649,18.245833333333216],[101.42916666666649,18.229166666666551],[101.41249999999982,18.212499999999885]]},"properties":{"FID":565,"ARCID":763302,"UP_CELLS":366776}},{"type":"Feature","id":566,"geometry":{"type":"LineString","coordinates":[[103.15416666666648,18.212499999999885],[103.15416666666648,18.237499999999883],[103.17916666666648,18.262499999999882],[103.18749999999982,18.262499999999882],[103.19583333333316,18.270833333333222],[103.22083333333315,18.270833333333222],[103.22916666666649,18.279166666666555],[103.23749999999981,18.279166666666555],[103.24583333333315,18.287499999999888],[103.27083333333314,18.287499999999888]]},"properties":{"FID":566,"ARCID":763312,"UP_CELLS":420929}},{"type":"Feature","id":567,"geometry":{"type":"LineString","coordinates":[[102.05416666666649,18.204166666666552],[102.06249999999983,18.204166666666552],[102.07083333333316,18.212499999999885],[102.07916666666648,18.212499999999885],[102.08749999999982,18.220833333333218],[102.09583333333316,18.220833333333218],[102.10416666666649,18.212499999999885],[102.13749999999982,18.212499999999885]]},"properties":{"FID":567,"ARCID":763376,"UP_CELLS":383575}},{"type":"Feature","id":568,"geometry":{"type":"LineString","coordinates":[[102.13749999999982,18.212499999999885],[102.14583333333314,18.212499999999885],[102.1541666666665,18.204166666666552],[102.16249999999982,18.204166666666552]]},"properties":{"FID":568,"ARCID":763377,"UP_CELLS":385238}},{"type":"Feature","id":569,"geometry":{"type":"LineString","coordinates":[[104.05416666666648,18.220833333333218],[104.06249999999982,18.212499999999885],[104.06249999999982,18.204166666666552],[104.07083333333316,18.195833333333219],[104.07083333333316,18.187499999999886]]},"properties":{"FID":569,"ARCID":763513,"UP_CELLS":452662}},{"type":"Feature","id":570,"geometry":{"type":"LineString","coordinates":[[103.12916666666649,18.162499999999888],[103.14583333333314,18.179166666666553],[103.14583333333314,18.187499999999886],[103.15416666666648,18.195833333333219],[103.15416666666648,18.212499999999885]]},"properties":{"FID":570,"ARCID":763654,"UP_CELLS":420739}},{"type":"Feature","id":571,"geometry":{"type":"LineString","coordinates":[[102.16249999999982,18.204166666666552],[102.17083333333315,18.195833333333219],[102.17083333333315,18.179166666666553],[102.17916666666649,18.170833333333221],[102.17916666666649,18.154166666666555]]},"properties":{"FID":571,"ARCID":763721,"UP_CELLS":385306}},{"type":"Feature","id":572,"geometry":{"type":"LineString","coordinates":[[102.02083333333316,18.145833333333222],[102.03749999999982,18.162499999999888],[102.03749999999982,18.187499999999886],[102.05416666666649,18.204166666666552]]},"properties":{"FID":572,"ARCID":763792,"UP_CELLS":383432}},{"type":"Feature","id":573,"geometry":{"type":"LineString","coordinates":[[104.07083333333316,18.187499999999886],[104.07916666666648,18.179166666666553],[104.07916666666648,18.170833333333221],[104.08749999999981,18.162499999999888],[104.08749999999981,18.145833333333222]]},"properties":{"FID":573,"ARCID":763795,"UP_CELLS":452721}},{"type":"Feature","id":574,"geometry":{"type":"LineString","coordinates":[[101.41249999999982,18.212499999999885],[101.4041666666665,18.204166666666552],[101.4041666666665,18.187499999999886],[101.39583333333316,18.179166666666553],[101.39583333333316,18.170833333333221],[101.38749999999982,18.162499999999888],[101.38749999999982,18.137499999999889]]},"properties":{"FID":574,"ARCID":763842,"UP_CELLS":367703}},{"type":"Feature","id":575,"geometry":{"type":"LineString","coordinates":[[103.09583333333316,18.137499999999889],[103.10416666666649,18.137499999999889],[103.12916666666649,18.162499999999888]]},"properties":{"FID":575,"ARCID":763849,"UP_CELLS":420279}},{"type":"Feature","id":576,"geometry":{"type":"LineString","coordinates":[[101.99583333333315,18.129166666666549],[102.00416666666649,18.137499999999889],[102.01249999999982,18.137499999999889],[102.02083333333316,18.145833333333222]]},"properties":{"FID":576,"ARCID":763910,"UP_CELLS":383293}},{"type":"Feature","id":577,"geometry":{"type":"LineString","coordinates":[[101.38749999999982,18.137499999999889],[101.38749999999982,18.129166666666549],[101.39583333333316,18.120833333333216],[101.39583333333316,18.112499999999883]]},"properties":{"FID":577,"ARCID":764018,"UP_CELLS":367756}},{"type":"Feature","id":578,"geometry":{"type":"LineString","coordinates":[[102.17916666666649,18.154166666666555],[102.18749999999983,18.145833333333222],[102.19583333333316,18.145833333333222],[102.23749999999981,18.104166666666551]]},"properties":{"FID":578,"ARCID":764079,"UP_CELLS":385562}},{"type":"Feature","id":579,"geometry":{"type":"LineString","coordinates":[[104.08749999999981,18.145833333333222],[104.09583333333315,18.137499999999889],[104.09583333333315,18.120833333333216],[104.11249999999981,18.104166666666551]]},"properties":{"FID":579,"ARCID":764087,"UP_CELLS":452798}},{"type":"Feature","id":580,"geometry":{"type":"LineString","coordinates":[[101.39583333333316,18.112499999999883],[101.4041666666665,18.104166666666551],[101.4041666666665,18.095833333333218],[101.41249999999982,18.087499999999885]]},"properties":{"FID":580,"ARCID":764204,"UP_CELLS":368016}},{"type":"Feature","id":581,"geometry":{"type":"LineString","coordinates":[[101.94583333333316,18.087499999999885],[101.97083333333316,18.112499999999883],[101.97916666666649,18.112499999999883],[101.99583333333315,18.129166666666549]]},"properties":{"FID":581,"ARCID":764207,"UP_CELLS":383216}},{"type":"Feature","id":582,"geometry":{"type":"LineString","coordinates":[[101.41249999999982,18.087499999999885],[101.42083333333315,18.079166666666552]]},"properties":{"FID":582,"ARCID":764269,"UP_CELLS":368122}},{"type":"Feature","id":583,"geometry":{"type":"LineString","coordinates":[[101.93749999999983,18.079166666666552],[101.94583333333316,18.087499999999885]]},"properties":{"FID":583,"ARCID":764271,"UP_CELLS":383132}},{"type":"Feature","id":584,"geometry":{"type":"LineString","coordinates":[[102.23749999999981,18.104166666666551],[102.24583333333315,18.104166666666551],[102.27083333333314,18.079166666666552]]},"properties":{"FID":584,"ARCID":764275,"UP_CELLS":385621}},{"type":"Feature","id":585,"geometry":{"type":"LineString","coordinates":[[103.07083333333316,18.079166666666552],[103.07083333333316,18.120833333333216],[103.08749999999981,18.137499999999889],[103.09583333333316,18.137499999999889]]},"properties":{"FID":585,"ARCID":764278,"UP_CELLS":399648}},{"type":"Feature","id":586,"geometry":{"type":"LineString","coordinates":[[102.27083333333314,18.079166666666552],[102.27916666666648,18.070833333333219]]},"properties":{"FID":586,"ARCID":764359,"UP_CELLS":386373}},{"type":"Feature","id":587,"geometry":{"type":"LineString","coordinates":[[104.11249999999981,18.104166666666551],[104.14583333333314,18.070833333333219]]},"properties":{"FID":587,"ARCID":764363,"UP_CELLS":453019}},{"type":"Feature","id":588,"geometry":{"type":"LineString","coordinates":[[101.78749999999982,18.070833333333219],[101.79583333333315,18.070833333333219],[101.80416666666649,18.062499999999886],[101.82083333333316,18.062499999999886]]},"properties":{"FID":588,"ARCID":764421,"UP_CELLS":381752}},{"type":"Feature","id":589,"geometry":{"type":"LineString","coordinates":[[101.91249999999982,18.054166666666553],[101.93749999999983,18.079166666666552]]},"properties":{"FID":589,"ARCID":764496,"UP_CELLS":382594}},{"type":"Feature","id":590,"geometry":{"type":"LineString","coordinates":[[104.14583333333314,18.070833333333219],[104.16249999999981,18.054166666666553]]},"properties":{"FID":590,"ARCID":764500,"UP_CELLS":453927}},{"type":"Feature","id":591,"geometry":{"type":"LineString","coordinates":[[101.42083333333315,18.079166666666552],[101.42083333333315,18.037499999999888]]},"properties":{"FID":591,"ARCID":764639,"UP_CELLS":368247}},{"type":"Feature","id":592,"geometry":{"type":"LineString","coordinates":[[101.82083333333316,18.062499999999886],[101.82916666666648,18.054166666666553],[101.84583333333316,18.054166666666553],[101.85416666666649,18.045833333333221],[101.86249999999981,18.045833333333221],[101.87916666666649,18.029166666666555],[101.88749999999982,18.029166666666555]]},"properties":{"FID":592,"ARCID":764687,"UP_CELLS":381893}},{"type":"Feature","id":593,"geometry":{"type":"LineString","coordinates":[[101.88749999999982,18.029166666666555],[101.89583333333316,18.029166666666555],[101.91249999999982,18.045833333333221],[101.91249999999982,18.054166666666553]]},"properties":{"FID":593,"ARCID":764688,"UP_CELLS":382493}},{"type":"Feature","id":594,"geometry":{"type":"LineString","coordinates":[[103.06249999999982,18.012499999999889],[103.06249999999982,18.020833333333222],[103.07916666666648,18.037499999999888],[103.07916666666648,18.070833333333219],[103.07083333333316,18.079166666666552]]},"properties":{"FID":594,"ARCID":764797,"UP_CELLS":399561}},{"type":"Feature","id":595,"geometry":{"type":"LineString","coordinates":[[101.42083333333315,18.037499999999888],[101.42083333333315,18.012499999999889],[101.42916666666649,18.004166666666556]]},"properties":{"FID":595,"ARCID":764853,"UP_CELLS":368361}},{"type":"Feature","id":596,"geometry":{"type":"LineString","coordinates":[[101.75416666666649,18.004166666666556],[101.75416666666649,18.029166666666555],[101.76249999999982,18.037499999999888],[101.76249999999982,18.045833333333221],[101.78749999999982,18.070833333333219]]},"properties":{"FID":596,"ARCID":764854,"UP_CELLS":381643}},{"type":"Feature","id":597,"geometry":{"type":"LineString","coordinates":[[104.16249999999981,18.054166666666553],[104.20416666666648,18.012499999999889],[104.20416666666648,18.004166666666556]]},"properties":{"FID":597,"ARCID":764860,"UP_CELLS":454050}},{"type":"Feature","id":598,"geometry":{"type":"LineString","coordinates":[[102.92916666666648,17.995833333333216],[102.93749999999982,17.995833333333216],[102.94583333333316,18.004166666666556]]},"properties":{"FID":598,"ARCID":764917,"UP_CELLS":392900}},{"type":"Feature","id":599,"geometry":{"type":"LineString","coordinates":[[102.94583333333316,18.004166666666556],[102.97083333333316,18.004166666666556],[102.97916666666649,17.995833333333216],[102.99583333333315,17.995833333333216]]},"properties":{"FID":599,"ARCID":764918,"UP_CELLS":392976}},{"type":"Feature","id":600,"geometry":{"type":"LineString","coordinates":[[101.42916666666649,18.004166666666556],[101.42916666666649,17.987499999999883],[101.42083333333315,17.979166666666551]]},"properties":{"FID":600,"ARCID":765037,"UP_CELLS":368426}},{"type":"Feature","id":601,"geometry":{"type":"LineString","coordinates":[[104.20416666666648,18.004166666666556],[104.22083333333315,17.987499999999883],[104.22083333333315,17.979166666666551]]},"properties":{"FID":601,"ARCID":765041,"UP_CELLS":454106}},{"type":"Feature","id":602,"geometry":{"type":"LineString","coordinates":[[102.27916666666648,18.070833333333219],[102.28749999999982,18.062499999999886],[102.29583333333315,18.062499999999886],[102.30416666666649,18.054166666666553],[102.33749999999982,18.054166666666553],[102.35416666666649,18.037499999999888],[102.36249999999981,18.037499999999888],[102.37083333333315,18.029166666666555],[102.37916666666649,18.029166666666555],[102.42083333333315,17.987499999999883],[102.42916666666649,17.987499999999883],[102.43749999999983,17.979166666666551],[102.47083333333316,17.979166666666551],[102.47916666666649,17.970833333333218],[102.50416666666649,17.970833333333218]]},"properties":{"FID":602,"ARCID":765089,"UP_CELLS":387935}},{"type":"Feature","id":603,"geometry":{"type":"LineString","coordinates":[[102.50416666666649,17.970833333333218],[102.57083333333316,17.970833333333218]]},"properties":{"FID":603,"ARCID":765091,"UP_CELLS":388047}},{"type":"Feature","id":604,"geometry":{"type":"LineString","coordinates":[[102.99583333333315,17.995833333333216],[103.02083333333314,17.970833333333218],[103.02916666666648,17.970833333333218],[103.05416666666648,17.995833333333216],[103.05416666666648,18.004166666666556],[103.06249999999982,18.012499999999889]]},"properties":{"FID":604,"ARCID":765094,"UP_CELLS":394576}},{"type":"Feature","id":605,"geometry":{"type":"LineString","coordinates":[[101.72916666666649,17.945833333333219],[101.72916666666649,17.954166666666552],[101.73749999999981,17.962499999999885],[101.73749999999981,17.987499999999883],[101.75416666666649,18.004166666666556]]},"properties":{"FID":605,"ARCID":765245,"UP_CELLS":381539}},{"type":"Feature","id":606,"geometry":{"type":"LineString","coordinates":[[104.22083333333315,17.979166666666551],[104.22916666666649,17.970833333333218],[104.22916666666649,17.954166666666552],[104.23749999999981,17.945833333333219]]},"properties":{"FID":606,"ARCID":765250,"UP_CELLS":454184}},{"type":"Feature","id":607,"geometry":{"type":"LineString","coordinates":[[102.57083333333316,17.970833333333218],[102.58749999999982,17.970833333333218],[102.60416666666649,17.954166666666552],[102.60416666666649,17.945833333333219],[102.61249999999981,17.937499999999886],[102.61249999999981,17.929166666666553]]},"properties":{"FID":607,"ARCID":765357,"UP_CELLS":388222}},{"type":"Feature","id":608,"geometry":{"type":"LineString","coordinates":[[101.72916666666649,17.920833333333221],[101.72916666666649,17.945833333333219]]},"properties":{"FID":608,"ARCID":765416,"UP_CELLS":381434}},{"type":"Feature","id":609,"geometry":{"type":"LineString","coordinates":[[104.23749999999981,17.945833333333219],[104.23749999999981,17.937499999999886],[104.24583333333314,17.929166666666553],[104.24583333333314,17.920833333333221]]},"properties":{"FID":609,"ARCID":765421,"UP_CELLS":454249}},{"type":"Feature","id":610,"geometry":{"type":"LineString","coordinates":[[101.42083333333315,17.979166666666551],[101.42083333333315,17.962499999999885],[101.41249999999982,17.954166666666552],[101.41249999999982,17.920833333333221],[101.42083333333315,17.912499999999888]]},"properties":{"FID":610,"ARCID":765480,"UP_CELLS":368523}},{"type":"Feature","id":611,"geometry":{"type":"LineString","coordinates":[[101.68749999999983,17.912499999999888],[101.70416666666648,17.912499999999888],[101.71249999999982,17.904166666666555],[101.72916666666649,17.920833333333221]]},"properties":{"FID":611,"ARCID":765527,"UP_CELLS":381378}},{"type":"Feature","id":612,"geometry":{"type":"LineString","coordinates":[[101.64583333333316,17.895833333333222],[101.66249999999982,17.895833333333222]]},"properties":{"FID":612,"ARCID":765584,"UP_CELLS":379913}},{"type":"Feature","id":613,"geometry":{"type":"LineString","coordinates":[[101.66249999999982,17.895833333333222],[101.67083333333315,17.904166666666555],[101.67916666666649,17.904166666666555],[101.68749999999983,17.912499999999888]]},"properties":{"FID":613,"ARCID":765585,"UP_CELLS":380123}},{"type":"Feature","id":614,"geometry":{"type":"LineString","coordinates":[[104.24583333333314,17.920833333333221],[104.25416666666648,17.912499999999888],[104.25416666666648,17.895833333333222]]},"properties":{"FID":614,"ARCID":765591,"UP_CELLS":454309}},{"type":"Feature","id":615,"geometry":{"type":"LineString","coordinates":[[101.61249999999981,17.887499999999889],[101.62083333333317,17.895833333333222],[101.64583333333316,17.895833333333222]]},"properties":{"FID":615,"ARCID":765640,"UP_CELLS":379822}},{"type":"Feature","id":616,"geometry":{"type":"LineString","coordinates":[[102.74583333333315,17.887499999999889],[102.79583333333315,17.937499999999886],[102.82083333333316,17.937499999999886],[102.85416666666649,17.970833333333218],[102.87916666666649,17.970833333333218],[102.88749999999982,17.979166666666551],[102.90416666666648,17.979166666666551],[102.91249999999982,17.987499999999883],[102.92083333333315,17.987499999999883],[102.92916666666648,17.995833333333216]]},"properties":{"FID":616,"ARCID":765647,"UP_CELLS":392493}},{"type":"Feature","id":617,"geometry":{"type":"LineString","coordinates":[[101.42083333333315,17.912499999999888],[101.42916666666649,17.904166666666555],[101.42916666666649,17.895833333333222],[101.44583333333316,17.879166666666556]]},"properties":{"FID":617,"ARCID":765713,"UP_CELLS":368714}},{"type":"Feature","id":618,"geometry":{"type":"LineString","coordinates":[[101.44583333333316,17.879166666666556],[101.46249999999982,17.879166666666556]]},"properties":{"FID":618,"ARCID":765714,"UP_CELLS":368780}},{"type":"Feature","id":619,"geometry":{"type":"LineString","coordinates":[[101.46249999999982,17.879166666666556],[101.47083333333316,17.879166666666556],[101.47916666666649,17.887499999999889]]},"properties":{"FID":619,"ARCID":765715,"UP_CELLS":368817}},{"type":"Feature","id":620,"geometry":{"type":"LineString","coordinates":[[102.70416666666648,17.870833333333223],[102.71249999999982,17.879166666666556],[102.73749999999981,17.879166666666556],[102.74583333333315,17.887499999999889]]},"properties":{"FID":620,"ARCID":765783,"UP_CELLS":392238}},{"type":"Feature","id":621,"geometry":{"type":"LineString","coordinates":[[101.60416666666649,17.862499999999883],[101.60416666666649,17.870833333333223],[101.61249999999981,17.879166666666556],[101.61249999999981,17.887499999999889]]},"properties":{"FID":621,"ARCID":765840,"UP_CELLS":379735}},{"type":"Feature","id":622,"geometry":{"type":"LineString","coordinates":[[102.61249999999981,17.929166666666553],[102.61249999999981,17.904166666666555],[102.60416666666649,17.895833333333222],[102.60416666666649,17.870833333333223],[102.59583333333316,17.862499999999883]]},"properties":{"FID":622,"ARCID":765847,"UP_CELLS":388344}},{"type":"Feature","id":623,"geometry":{"type":"LineString","coordinates":[[104.25416666666648,17.895833333333222],[104.27083333333314,17.879166666666556],[104.27083333333314,17.870833333333223],[104.27916666666647,17.862499999999883]]},"properties":{"FID":623,"ARCID":765852,"UP_CELLS":454459}},{"type":"Feature","id":624,"geometry":{"type":"LineString","coordinates":[[104.27916666666647,17.862499999999883],[104.28749999999981,17.862499999999883],[104.29583333333315,17.854166666666551]]},"properties":{"FID":624,"ARCID":765923,"UP_CELLS":454506}},{"type":"Feature","id":625,"geometry":{"type":"LineString","coordinates":[[104.29583333333315,17.854166666666551],[104.31249999999982,17.854166666666551],[104.32083333333316,17.845833333333218],[104.32916666666648,17.845833333333218]]},"properties":{"FID":625,"ARCID":765976,"UP_CELLS":454566}},{"type":"Feature","id":626,"geometry":{"type":"LineString","coordinates":[[102.59583333333316,17.862499999999883],[102.59583333333316,17.845833333333218],[102.60416666666649,17.837499999999885]]},"properties":{"FID":626,"ARCID":766029,"UP_CELLS":391618}},{"type":"Feature","id":627,"geometry":{"type":"LineString","coordinates":[[101.55416666666649,17.829166666666552],[101.56249999999983,17.837499999999885],[101.56249999999983,17.845833333333218],[101.57916666666648,17.862499999999883],[101.58749999999982,17.854166666666551],[101.59583333333316,17.854166666666551],[101.60416666666649,17.862499999999883]]},"properties":{"FID":627,"ARCID":766076,"UP_CELLS":374892}},{"type":"Feature","id":628,"geometry":{"type":"LineString","coordinates":[[101.47916666666649,17.887499999999889],[101.48749999999983,17.879166666666556],[101.48749999999983,17.870833333333223],[101.50416666666649,17.854166666666551],[101.5291666666665,17.879166666666556],[101.53749999999982,17.879166666666556],[101.54583333333315,17.870833333333223],[101.54583333333315,17.862499999999883],[101.53749999999982,17.854166666666551],[101.53749999999982,17.845833333333218],[101.5291666666665,17.837499999999885],[101.5291666666665,17.829166666666552],[101.53749999999982,17.820833333333219]]},"properties":{"FID":628,"ARCID":766130,"UP_CELLS":368962}},{"type":"Feature","id":629,"geometry":{"type":"LineString","coordinates":[[101.53749999999982,17.820833333333219],[101.54583333333315,17.820833333333219],[101.55416666666649,17.829166666666552]]},"properties":{"FID":629,"ARCID":766131,"UP_CELLS":368997}},{"type":"Feature","id":630,"geometry":{"type":"LineString","coordinates":[[102.60416666666649,17.837499999999885],[102.61249999999981,17.837499999999885],[102.62083333333315,17.829166666666552],[102.62916666666649,17.829166666666552],[102.64583333333314,17.812499999999886],[102.66249999999982,17.812499999999886],[102.67083333333315,17.804166666666553]]},"properties":{"FID":630,"ARCID":766232,"UP_CELLS":391806}},{"type":"Feature","id":631,"geometry":{"type":"LineString","coordinates":[[102.67083333333315,17.804166666666553],[102.67916666666648,17.804166666666553]]},"properties":{"FID":631,"ARCID":766233,"UP_CELLS":391833}},{"type":"Feature","id":632,"geometry":{"type":"LineString","coordinates":[[102.67916666666648,17.804166666666553],[102.69583333333316,17.820833333333219],[102.69583333333316,17.829166666666552],[102.67916666666648,17.845833333333218],[102.67916666666648,17.854166666666551],[102.69583333333316,17.870833333333223],[102.70416666666648,17.870833333333223]]},"properties":{"FID":632,"ARCID":766234,"UP_CELLS":392149}},{"type":"Feature","id":633,"geometry":{"type":"LineString","coordinates":[[104.32916666666648,17.845833333333218],[104.35416666666649,17.820833333333219],[104.35416666666649,17.812499999999886],[104.36249999999981,17.804166666666553]]},"properties":{"FID":633,"ARCID":766237,"UP_CELLS":454644}},{"type":"Feature","id":634,"geometry":{"type":"LineString","coordinates":[[104.36249999999981,17.804166666666553],[104.37083333333314,17.795833333333221],[104.37083333333314,17.787499999999888],[104.38749999999982,17.770833333333222],[104.38749999999982,17.762499999999889]]},"properties":{"FID":634,"ARCID":766513,"UP_CELLS":454806}},{"type":"Feature","id":635,"geometry":{"type":"LineString","coordinates":[[104.38749999999982,17.762499999999889],[104.39583333333314,17.754166666666556],[104.39583333333314,17.745833333333223],[104.41249999999981,17.729166666666558]]},"properties":{"FID":635,"ARCID":766788,"UP_CELLS":454859}},{"type":"Feature","id":636,"geometry":{"type":"LineString","coordinates":[[104.41249999999981,17.729166666666558],[104.42083333333315,17.720833333333218],[104.42083333333315,17.712499999999885],[104.43749999999982,17.695833333333219]]},"properties":{"FID":636,"ARCID":767025,"UP_CELLS":454918}},{"type":"Feature","id":637,"geometry":{"type":"LineString","coordinates":[[104.43749999999982,17.695833333333219],[104.46249999999981,17.670833333333221],[104.46249999999981,17.662499999999888],[104.47083333333315,17.654166666666555]]},"properties":{"FID":637,"ARCID":767300,"UP_CELLS":455010}},{"type":"Feature","id":638,"geometry":{"type":"LineString","coordinates":[[104.47083333333315,17.654166666666555],[104.47916666666649,17.645833333333222],[104.48749999999981,17.645833333333222],[104.49583333333314,17.637499999999889],[104.51249999999982,17.637499999999889],[104.52083333333314,17.629166666666556],[104.52916666666647,17.629166666666556],[104.53749999999981,17.620833333333223],[104.54583333333315,17.620833333333223]]},"properties":{"FID":638,"ARCID":767529,"UP_CELLS":470972}},{"type":"Feature","id":639,"geometry":{"type":"LineString","coordinates":[[104.54583333333315,17.620833333333223],[104.55416666666648,17.612499999999891],[104.5624999999998,17.612499999999891]]},"properties":{"FID":639,"ARCID":767600,"UP_CELLS":471044}},{"type":"Feature","id":640,"geometry":{"type":"LineString","coordinates":[[104.5624999999998,17.612499999999891],[104.57083333333314,17.604166666666558],[104.57916666666648,17.604166666666558],[104.59583333333315,17.587499999999885]]},"properties":{"FID":640,"ARCID":767766,"UP_CELLS":471883}},{"type":"Feature","id":641,"geometry":{"type":"LineString","coordinates":[[104.59583333333315,17.587499999999885],[104.60416666666649,17.579166666666552]]},"properties":{"FID":641,"ARCID":767813,"UP_CELLS":474589}},{"type":"Feature","id":642,"geometry":{"type":"LineString","coordinates":[[104.60416666666649,17.579166666666552],[104.62083333333314,17.579166666666552],[104.62916666666648,17.570833333333219],[104.63749999999982,17.570833333333219],[104.65416666666647,17.554166666666553],[104.67083333333315,17.554166666666553],[104.72083333333315,17.504166666666556],[104.72083333333315,17.495833333333223]]},"properties":{"FID":642,"ARCID":768433,"UP_CELLS":474817}},{"type":"Feature","id":643,"geometry":{"type":"LineString","coordinates":[[104.72083333333315,17.495833333333223],[104.72916666666649,17.487499999999891],[104.72916666666649,17.479166666666558],[104.73749999999981,17.470833333333225],[104.73749999999981,17.462499999999892],[104.74583333333314,17.454166666666552]]},"properties":{"FID":643,"ARCID":768725,"UP_CELLS":474982}},{"type":"Feature","id":644,"geometry":{"type":"LineString","coordinates":[[104.74583333333314,17.454166666666552],[104.78749999999981,17.412499999999888],[104.78749999999981,17.404166666666555],[104.79583333333315,17.395833333333222],[104.79583333333315,17.379166666666556],[104.80416666666648,17.370833333333223]]},"properties":{"FID":644,"ARCID":769310,"UP_CELLS":475783}},{"type":"Feature","id":645,"geometry":{"type":"LineString","coordinates":[[104.80416666666648,17.370833333333223],[104.80416666666648,17.345833333333225]]},"properties":{"FID":645,"ARCID":769506,"UP_CELLS":475837}},{"type":"Feature","id":646,"geometry":{"type":"LineString","coordinates":[[104.80416666666648,17.345833333333225],[104.80416666666648,17.304166666666553],[104.8124999999998,17.295833333333221],[104.8124999999998,17.212499999999892],[104.80416666666648,17.204166666666559],[104.80416666666648,17.154166666666555],[104.79583333333315,17.145833333333222],[104.79583333333315,17.137499999999889],[104.78749999999981,17.129166666666556],[104.78749999999981,17.120833333333223],[104.77916666666647,17.112499999999891],[104.77916666666647,17.104166666666558]]},"properties":{"FID":646,"ARCID":771107,"UP_CELLS":476804}},{"type":"Feature","id":647,"geometry":{"type":"LineString","coordinates":[[104.77916666666647,17.104166666666558],[104.77916666666647,17.095833333333225],[104.77083333333314,17.087499999999892],[104.77083333333314,17.070833333333226],[104.76249999999982,17.062499999999893],[104.76249999999982,17.054166666666553],[104.75416666666648,17.045833333333221],[104.75416666666648,17.029166666666555],[104.74583333333314,17.020833333333222],[104.74583333333314,16.987499999999891]]},"properties":{"FID":647,"ARCID":771848,"UP_CELLS":477319}},{"type":"Feature","id":648,"geometry":{"type":"LineString","coordinates":[[104.74583333333314,16.987499999999891],[104.74583333333314,16.920833333333221]]},"properties":{"FID":648,"ARCID":772302,"UP_CELLS":477439}},{"type":"Feature","id":649,"geometry":{"type":"LineString","coordinates":[[104.74583333333314,16.920833333333221],[104.74583333333314,16.895833333333222],[104.75416666666648,16.887499999999889],[104.75416666666648,16.862499999999891]]},"properties":{"FID":649,"ARCID":772703,"UP_CELLS":493332}},{"type":"Feature","id":650,"geometry":{"type":"LineString","coordinates":[[104.75416666666648,16.862499999999891],[104.75416666666648,16.854166666666558],[104.76249999999982,16.845833333333225],[104.76249999999982,16.837499999999892],[104.74583333333314,16.820833333333226],[104.74583333333314,16.804166666666561]]},"properties":{"FID":650,"ARCID":773085,"UP_CELLS":494169}},{"type":"Feature","id":651,"geometry":{"type":"LineString","coordinates":[[104.74583333333314,16.804166666666561],[104.74583333333314,16.787499999999888]]},"properties":{"FID":651,"ARCID":773206,"UP_CELLS":494211}},{"type":"Feature","id":652,"geometry":{"type":"LineString","coordinates":[[104.74583333333314,16.787499999999888],[104.74583333333314,16.762499999999889]]},"properties":{"FID":652,"ARCID":773379,"UP_CELLS":494250}},{"type":"Feature","id":653,"geometry":{"type":"LineString","coordinates":[[104.74583333333314,16.762499999999889],[104.74583333333314,16.754166666666556],[104.75416666666648,16.745833333333223],[104.75416666666648,16.737499999999891]]},"properties":{"FID":653,"ARCID":773571,"UP_CELLS":494318}},{"type":"Feature","id":654,"geometry":{"type":"LineString","coordinates":[[104.75416666666648,16.737499999999891],[104.75416666666648,16.712499999999892]]},"properties":{"FID":654,"ARCID":773741,"UP_CELLS":494362}},{"type":"Feature","id":655,"geometry":{"type":"LineString","coordinates":[[104.75416666666648,16.712499999999892],[104.76249999999982,16.704166666666559],[104.76249999999982,16.662499999999895]]},"properties":{"FID":655,"ARCID":774060,"UP_CELLS":494719}},{"type":"Feature","id":656,"geometry":{"type":"LineString","coordinates":[[104.76249999999982,16.662499999999895],[104.75416666666648,16.654166666666562],[104.75416666666648,16.629166666666556],[104.74583333333314,16.620833333333223]]},"properties":{"FID":656,"ARCID":774356,"UP_CELLS":494964}},{"type":"Feature","id":657,"geometry":{"type":"LineString","coordinates":[[104.74583333333314,16.620833333333223],[104.74583333333314,16.554166666666561]]},"properties":{"FID":657,"ARCID":774804,"UP_CELLS":496646}},{"type":"Feature","id":658,"geometry":{"type":"LineString","coordinates":[[104.74583333333314,16.554166666666561],[104.74583333333314,16.537499999999895]]},"properties":{"FID":658,"ARCID":774920,"UP_CELLS":497367}},{"type":"Feature","id":659,"geometry":{"type":"LineString","coordinates":[[104.74583333333314,16.537499999999895],[104.74583333333314,16.529166666666562],[104.77083333333314,16.504166666666556]]},"properties":{"FID":659,"ARCID":775156,"UP_CELLS":497535}},{"type":"Feature","id":660,"geometry":{"type":"LineString","coordinates":[[104.77083333333314,16.504166666666556],[104.77916666666647,16.495833333333223]]},"properties":{"FID":660,"ARCID":775210,"UP_CELLS":497564}},{"type":"Feature","id":661,"geometry":{"type":"LineString","coordinates":[[104.77916666666647,16.495833333333223],[104.78749999999981,16.487499999999891],[104.79583333333315,16.487499999999891],[104.80416666666648,16.479166666666558],[104.8124999999998,16.479166666666558],[104.82916666666648,16.462499999999892]]},"properties":{"FID":661,"ARCID":775423,"UP_CELLS":498150}},{"type":"Feature","id":662,"geometry":{"type":"LineString","coordinates":[[104.82916666666648,16.462499999999892],[104.85416666666649,16.437499999999893],[104.85416666666649,16.429166666666561],[104.86249999999981,16.420833333333228],[104.86249999999981,16.404166666666562]]},"properties":{"FID":662,"ARCID":775799,"UP_CELLS":498286}},{"type":"Feature","id":663,"geometry":{"type":"LineString","coordinates":[[104.86249999999981,16.404166666666562],[104.87083333333314,16.395833333333229],[104.87083333333314,16.387499999999896],[104.87916666666648,16.379166666666556]]},"properties":{"FID":663,"ARCID":775954,"UP_CELLS":498339}},{"type":"Feature","id":664,"geometry":{"type":"LineString","coordinates":[[104.87916666666648,16.379166666666556],[104.89583333333314,16.362499999999891]]},"properties":{"FID":664,"ARCID":776061,"UP_CELLS":498448}},{"type":"Feature","id":665,"geometry":{"type":"LineString","coordinates":[[104.89583333333314,16.362499999999891],[104.91249999999981,16.345833333333225]]},"properties":{"FID":665,"ARCID":776160,"UP_CELLS":500263}},{"type":"Feature","id":666,"geometry":{"type":"LineString","coordinates":[[104.91249999999981,16.345833333333225],[104.92083333333315,16.345833333333225],[104.92916666666648,16.337499999999892]]},"properties":{"FID":666,"ARCID":776223,"UP_CELLS":500400}},{"type":"Feature","id":667,"geometry":{"type":"LineString","coordinates":[[104.92916666666648,16.337499999999892],[104.94583333333314,16.320833333333226],[104.94583333333314,16.312499999999893]]},"properties":{"FID":667,"ARCID":776374,"UP_CELLS":500473}},{"type":"Feature","id":668,"geometry":{"type":"LineString","coordinates":[[104.94583333333314,16.312499999999893],[104.97083333333313,16.287499999999895]]},"properties":{"FID":668,"ARCID":776523,"UP_CELLS":500552}},{"type":"Feature","id":669,"geometry":{"type":"LineString","coordinates":[[104.97083333333313,16.287499999999895],[104.98749999999981,16.270833333333229]]},"properties":{"FID":669,"ARCID":776636,"UP_CELLS":500919}},{"type":"Feature","id":670,"geometry":{"type":"LineString","coordinates":[[104.98749999999981,16.270833333333229],[105.01249999999982,16.245833333333223],[105.01249999999982,16.220833333333225]]},"properties":{"FID":670,"ARCID":776958,"UP_CELLS":500991}},{"type":"Feature","id":671,"geometry":{"type":"LineString","coordinates":[[105.01249999999982,16.220833333333225],[105.01249999999982,16.179166666666561],[105.02083333333314,16.170833333333228]]},"properties":{"FID":671,"ARCID":777244,"UP_CELLS":501139}},{"type":"Feature","id":672,"geometry":{"type":"LineString","coordinates":[[105.02083333333314,16.170833333333228],[105.02083333333314,16.162499999999895],[105.03749999999981,16.145833333333229],[105.03749999999981,16.137499999999896]]},"properties":{"FID":672,"ARCID":777429,"UP_CELLS":501345}},{"type":"Feature","id":673,"geometry":{"type":"LineString","coordinates":[[105.03749999999981,16.137499999999896],[105.04583333333315,16.129166666666563]]},"properties":{"FID":673,"ARCID":777489,"UP_CELLS":501420}},{"type":"Feature","id":674,"geometry":{"type":"LineString","coordinates":[[105.04583333333315,16.129166666666563],[105.07083333333314,16.104166666666558]]},"properties":{"FID":674,"ARCID":777624,"UP_CELLS":502288}},{"type":"Feature","id":675,"geometry":{"type":"LineString","coordinates":[[105.07083333333314,16.104166666666558],[105.07916666666648,16.095833333333225]]},"properties":{"FID":675,"ARCID":777676,"UP_CELLS":502323}},{"type":"Feature","id":676,"geometry":{"type":"LineString","coordinates":[[105.07916666666648,16.095833333333225],[105.09583333333313,16.095833333333225],[105.10416666666647,16.087499999999892],[105.12916666666648,16.087499999999892]]},"properties":{"FID":676,"ARCID":777728,"UP_CELLS":502428}},{"type":"Feature","id":677,"geometry":{"type":"LineString","coordinates":[[105.12916666666648,16.087499999999892],[105.13749999999982,16.079166666666559],[105.15416666666647,16.079166666666559],[105.16249999999981,16.070833333333226],[105.17083333333315,16.070833333333226],[105.17916666666648,16.062499999999893],[105.19583333333314,16.062499999999893],[105.20416666666648,16.054166666666561],[105.22083333333313,16.054166666666561],[105.22916666666647,16.062499999999893]]},"properties":{"FID":677,"ARCID":777894,"UP_CELLS":502611}},{"type":"Feature","id":678,"geometry":{"type":"LineString","coordinates":[[105.22916666666647,16.062499999999893],[105.24583333333314,16.045833333333228]]},"properties":{"FID":678,"ARCID":777955,"UP_CELLS":526871}},{"type":"Feature","id":679,"geometry":{"type":"LineString","coordinates":[[105.24583333333314,16.045833333333228],[105.27916666666647,16.045833333333228],[105.28749999999981,16.037499999999895],[105.3124999999998,16.037499999999895],[105.32083333333314,16.029166666666562],[105.36249999999981,16.029166666666562],[105.37083333333314,16.020833333333229],[105.40416666666647,16.020833333333229],[105.41249999999981,16.012499999999896],[105.42083333333315,16.012499999999896]]},"properties":{"FID":679,"ARCID":778158,"UP_CELLS":527424}},{"type":"Feature","id":680,"geometry":{"type":"LineString","coordinates":[[105.42083333333315,16.012499999999896],[105.42083333333315,15.995833333333231],[105.41249999999981,15.987499999999898]]},"properties":{"FID":680,"ARCID":778357,"UP_CELLS":527478}},{"type":"Feature","id":681,"geometry":{"type":"LineString","coordinates":[[105.41249999999981,15.987499999999898],[105.38749999999982,15.987499999999898],[105.37083333333314,15.970833333333225],[105.37083333333314,15.954166666666559],[105.34583333333313,15.929166666666561]]},"properties":{"FID":681,"ARCID":778648,"UP_CELLS":529145}},{"type":"Feature","id":682,"geometry":{"type":"LineString","coordinates":[[105.34583333333313,15.929166666666561],[105.34583333333313,15.912499999999895],[105.35416666666647,15.904166666666562],[105.35416666666647,15.895833333333229],[105.36249999999981,15.887499999999896],[105.36249999999981,15.879166666666563]]},"properties":{"FID":682,"ARCID":778960,"UP_CELLS":529282}},{"type":"Feature","id":683,"geometry":{"type":"LineString","coordinates":[[105.36249999999981,15.879166666666563],[105.37083333333314,15.870833333333231]]},"properties":{"FID":683,"ARCID":779008,"UP_CELLS":529705}},{"type":"Feature","id":684,"geometry":{"type":"LineString","coordinates":[[105.37083333333314,15.870833333333231],[105.37083333333314,15.854166666666565],[105.37916666666648,15.845833333333225],[105.37916666666648,15.837499999999892],[105.38749999999982,15.829166666666559]]},"properties":{"FID":684,"ARCID":779235,"UP_CELLS":530175}},{"type":"Feature","id":685,"geometry":{"type":"LineString","coordinates":[[105.38749999999982,15.829166666666559],[105.38749999999982,15.812499999999893]]},"properties":{"FID":685,"ARCID":779319,"UP_CELLS":530213}},{"type":"Feature","id":686,"geometry":{"type":"LineString","coordinates":[[105.38749999999982,15.812499999999893],[105.40416666666647,15.795833333333228],[105.41249999999981,15.795833333333228],[105.42083333333315,15.787499999999895],[105.42083333333315,15.779166666666562],[105.44583333333314,15.754166666666563],[105.45416666666648,15.754166666666563]]},"properties":{"FID":686,"ARCID":779661,"UP_CELLS":530611}},{"type":"Feature","id":687,"geometry":{"type":"LineString","coordinates":[[105.45416666666648,15.754166666666563],[105.46249999999981,15.745833333333231],[105.47083333333313,15.745833333333231],[105.48749999999981,15.762499999999896],[105.49583333333314,15.762499999999896],[105.50416666666646,15.770833333333229]]},"properties":{"FID":687,"ARCID":779715,"UP_CELLS":530778}},{"type":"Feature","id":688,"geometry":{"type":"LineString","coordinates":[[105.50416666666646,15.770833333333229],[105.52083333333314,15.754166666666563],[105.52916666666647,15.754166666666563],[105.53749999999981,15.745833333333231],[105.55416666666648,15.745833333333231]]},"properties":{"FID":688,"ARCID":779716,"UP_CELLS":530904}},{"type":"Feature","id":689,"geometry":{"type":"LineString","coordinates":[[105.55416666666648,15.745833333333231],[105.5624999999998,15.737499999999898]]},"properties":{"FID":689,"ARCID":779763,"UP_CELLS":530972}},{"type":"Feature","id":690,"geometry":{"type":"LineString","coordinates":[[105.5624999999998,15.737499999999898],[105.57083333333314,15.737499999999898],[105.57916666666648,15.729166666666565],[105.59583333333313,15.729166666666565],[105.60416666666647,15.720833333333232]]},"properties":{"FID":690,"ARCID":779853,"UP_CELLS":531047}},{"type":"Feature","id":691,"geometry":{"type":"LineString","coordinates":[[105.60416666666647,15.720833333333232],[105.60416666666647,15.712499999999892]]},"properties":{"FID":691,"ARCID":779895,"UP_CELLS":531086}},{"type":"Feature","id":692,"geometry":{"type":"LineString","coordinates":[[105.60416666666647,15.712499999999892],[105.60416666666647,15.704166666666559],[105.61249999999981,15.695833333333226],[105.61249999999981,15.687499999999893],[105.62083333333314,15.679166666666561]]},"properties":{"FID":692,"ARCID":780069,"UP_CELLS":531130}},{"type":"Feature","id":693,"geometry":{"type":"LineString","coordinates":[[105.62083333333314,15.679166666666561],[105.62916666666646,15.670833333333228],[105.62916666666646,15.662499999999895],[105.6374999999998,15.654166666666562],[105.6374999999998,15.637499999999896]]},"properties":{"FID":693,"ARCID":780296,"UP_CELLS":531248}},{"type":"Feature","id":694,"geometry":{"type":"LineString","coordinates":[[105.6374999999998,15.637499999999896],[105.6374999999998,15.629166666666563],[105.62916666666646,15.620833333333231],[105.62916666666646,15.570833333333226],[105.62083333333314,15.562499999999893]]},"properties":{"FID":694,"ARCID":780686,"UP_CELLS":531415}},{"type":"Feature","id":695,"geometry":{"type":"LineString","coordinates":[[105.62083333333314,15.562499999999893],[105.62083333333314,15.554166666666561],[105.60416666666647,15.537499999999895],[105.60416666666647,15.529166666666562],[105.59583333333313,15.520833333333229]]},"properties":{"FID":695,"ARCID":780920,"UP_CELLS":531493}},{"type":"Feature","id":696,"geometry":{"type":"LineString","coordinates":[[105.59583333333313,15.520833333333229],[105.59583333333313,15.512499999999896]]},"properties":{"FID":696,"ARCID":780972,"UP_CELLS":531530}},{"type":"Feature","id":697,"geometry":{"type":"LineString","coordinates":[[105.59583333333313,15.512499999999896],[105.59583333333313,15.495833333333231],[105.60416666666647,15.487499999999898],[105.60416666666647,15.470833333333232],[105.59583333333313,15.462499999999899],[105.59583333333313,15.437499999999893]]},"properties":{"FID":697,"ARCID":781379,"UP_CELLS":532045}},{"type":"Feature","id":698,"geometry":{"type":"LineString","coordinates":[[105.59583333333313,15.437499999999893],[105.59583333333313,15.429166666666561],[105.57083333333314,15.404166666666562]]},"properties":{"FID":698,"ARCID":781570,"UP_CELLS":532250}},{"type":"Feature","id":699,"geometry":{"type":"LineString","coordinates":[[105.57083333333314,15.404166666666562],[105.5624999999998,15.404166666666562],[105.55416666666648,15.395833333333229],[105.51249999999982,15.395833333333229],[105.50416666666646,15.387499999999896],[105.49583333333314,15.387499999999896],[105.47083333333313,15.362499999999898]]},"properties":{"FID":699,"ARCID":781765,"UP_CELLS":532425}},{"type":"Feature","id":700,"geometry":{"type":"LineString","coordinates":[[105.47083333333313,15.362499999999898],[105.47083333333313,15.354166666666565]]},"properties":{"FID":700,"ARCID":781794,"UP_CELLS":532695}},{"type":"Feature","id":701,"geometry":{"type":"LineString","coordinates":[[105.47083333333313,15.354166666666565],[105.47083333333313,15.345833333333232],[105.48749999999981,15.329166666666566],[105.50416666666646,15.329166666666566],[105.51249999999982,15.320833333333233]]},"properties":{"FID":701,"ARCID":781997,"UP_CELLS":532760}},{"type":"Feature","id":702,"geometry":{"type":"LineString","coordinates":[[105.51249999999982,15.320833333333233],[105.52916666666647,15.320833333333233]]},"properties":{"FID":702,"ARCID":781998,"UP_CELLS":677398}},{"type":"Feature","id":703,"geometry":{"type":"LineString","coordinates":[[105.52916666666647,15.320833333333233],[105.5624999999998,15.320833333333233],[105.57083333333314,15.329166666666566],[105.60416666666647,15.329166666666566],[105.64583333333314,15.287499999999895],[105.64583333333314,15.279166666666562]]},"properties":{"FID":703,"ARCID":782234,"UP_CELLS":677548}},{"type":"Feature","id":704,"geometry":{"type":"LineString","coordinates":[[105.64583333333314,15.279166666666562],[105.65416666666647,15.270833333333229],[105.65416666666647,15.254166666666563]]},"properties":{"FID":704,"ARCID":782366,"UP_CELLS":677617}},{"type":"Feature","id":705,"geometry":{"type":"LineString","coordinates":[[105.65416666666647,15.254166666666563],[105.65416666666647,15.245833333333231]]},"properties":{"FID":705,"ARCID":782407,"UP_CELLS":677644}},{"type":"Feature","id":706,"geometry":{"type":"LineString","coordinates":[[105.65416666666647,15.245833333333231],[105.65416666666647,15.237499999999898],[105.67083333333315,15.220833333333232],[105.67916666666648,15.220833333333232],[105.70416666666648,15.195833333333233],[105.71249999999981,15.195833333333233],[105.72916666666647,15.179166666666568],[105.72083333333313,15.170833333333228],[105.72916666666647,15.162499999999895],[105.72916666666647,15.154166666666562],[105.73749999999981,15.145833333333229]]},"properties":{"FID":706,"ARCID":782956,"UP_CELLS":677889}},{"type":"Feature","id":707,"geometry":{"type":"LineString","coordinates":[[105.73749999999981,15.145833333333229],[105.75416666666646,15.145833333333229],[105.77083333333314,15.129166666666563]]},"properties":{"FID":707,"ARCID":783055,"UP_CELLS":678505}},{"type":"Feature","id":708,"geometry":{"type":"LineString","coordinates":[[105.77083333333314,15.129166666666563],[105.77916666666647,15.120833333333231],[105.78749999999981,15.120833333333231],[105.79583333333315,15.112499999999898]]},"properties":{"FID":708,"ARCID":783146,"UP_CELLS":687555}},{"type":"Feature","id":709,"geometry":{"type":"LineString","coordinates":[[105.79583333333315,15.112499999999898],[105.80416666666648,15.112499999999898],[105.82916666666648,15.087499999999899],[105.82916666666648,15.070833333333233],[105.84583333333313,15.054166666666568]]},"properties":{"FID":709,"ARCID":783470,"UP_CELLS":687766}},{"type":"Feature","id":710,"geometry":{"type":"LineString","coordinates":[[105.84583333333313,15.054166666666568],[105.87083333333314,15.029166666666562],[105.87083333333314,15.004166666666563],[105.87916666666646,14.995833333333231],[105.87916666666646,14.987499999999898]]},"properties":{"FID":710,"ARCID":783828,"UP_CELLS":687943}},{"type":"Feature","id":711,"geometry":{"type":"LineString","coordinates":[[105.87916666666646,14.987499999999898],[105.8874999999998,14.979166666666565],[105.8874999999998,14.970833333333232],[105.89583333333314,14.962499999999899]]},"properties":{"FID":711,"ARCID":783945,"UP_CELLS":687994}},{"type":"Feature","id":712,"geometry":{"type":"LineString","coordinates":[[105.89583333333314,14.962499999999899],[105.89583333333314,14.945833333333233]]},"properties":{"FID":712,"ARCID":784048,"UP_CELLS":688609}},{"type":"Feature","id":713,"geometry":{"type":"LineString","coordinates":[[105.89583333333314,14.945833333333233],[105.89583333333314,14.904166666666562],[105.8874999999998,14.895833333333229],[105.8874999999998,14.870833333333231],[105.87916666666646,14.862499999999898]]},"properties":{"FID":713,"ARCID":784493,"UP_CELLS":688770}},{"type":"Feature","id":714,"geometry":{"type":"LineString","coordinates":[[105.87916666666646,14.862499999999898],[105.87916666666646,14.845833333333232]]},"properties":{"FID":714,"ARCID":784593,"UP_CELLS":688827}},{"type":"Feature","id":715,"geometry":{"type":"LineString","coordinates":[[105.87916666666646,14.845833333333232],[105.8874999999998,14.837499999999899],[105.8874999999998,14.820833333333233],[105.89583333333314,14.812499999999901]]},"properties":{"FID":715,"ARCID":784796,"UP_CELLS":688946}},{"type":"Feature","id":716,"geometry":{"type":"LineString","coordinates":[[105.89583333333314,14.812499999999901],[105.92083333333315,14.787499999999902]]},"properties":{"FID":716,"ARCID":784943,"UP_CELLS":689509}},{"type":"Feature","id":717,"geometry":{"type":"LineString","coordinates":[[105.92083333333315,14.787499999999902],[105.92916666666648,14.779166666666569],[105.92916666666648,14.754166666666563]]},"properties":{"FID":717,"ARCID":785127,"UP_CELLS":689757}},{"type":"Feature","id":718,"geometry":{"type":"LineString","coordinates":[[105.92916666666648,14.754166666666563],[105.92916666666648,14.729166666666565],[105.8874999999998,14.687499999999901]]},"properties":{"FID":718,"ARCID":785468,"UP_CELLS":689984}},{"type":"Feature","id":719,"geometry":{"type":"LineString","coordinates":[[105.8874999999998,14.687499999999901],[105.8874999999998,14.670833333333235],[105.87916666666646,14.662499999999902]]},"properties":{"FID":719,"ARCID":785610,"UP_CELLS":690104}},{"type":"Feature","id":720,"geometry":{"type":"LineString","coordinates":[[105.87916666666646,14.662499999999902],[105.87916666666646,14.645833333333236]]},"properties":{"FID":720,"ARCID":785691,"UP_CELLS":690165}},{"type":"Feature","id":721,"geometry":{"type":"LineString","coordinates":[[105.87916666666646,14.645833333333236],[105.87083333333314,14.637499999999896],[105.87083333333314,14.620833333333231],[105.86249999999981,14.612499999999898],[105.86249999999981,14.595833333333232]]},"properties":{"FID":721,"ARCID":785939,"UP_CELLS":690328}},{"type":"Feature","id":722,"geometry":{"type":"LineString","coordinates":[[105.86249999999981,14.595833333333232],[105.86249999999981,14.554166666666568]]},"properties":{"FID":722,"ARCID":786155,"UP_CELLS":692324}},{"type":"Feature","id":723,"geometry":{"type":"LineString","coordinates":[[105.86249999999981,14.554166666666568],[105.86249999999981,14.529166666666569]]},"properties":{"FID":723,"ARCID":786290,"UP_CELLS":692371}},{"type":"Feature","id":724,"geometry":{"type":"LineString","coordinates":[[105.86249999999981,14.529166666666569],[105.86249999999981,14.487499999999898]]},"properties":{"FID":724,"ARCID":786482,"UP_CELLS":692422}},{"type":"Feature","id":725,"geometry":{"type":"LineString","coordinates":[[105.86249999999981,14.487499999999898],[105.85416666666647,14.479166666666565]]},"properties":{"FID":725,"ARCID":786543,"UP_CELLS":692483}},{"type":"Feature","id":726,"geometry":{"type":"LineString","coordinates":[[105.85416666666647,14.479166666666565],[105.85416666666647,14.420833333333235]]},"properties":{"FID":726,"ARCID":786893,"UP_CELLS":692589}},{"type":"Feature","id":727,"geometry":{"type":"LineString","coordinates":[[105.85416666666647,14.420833333333235],[105.85416666666647,14.404166666666569]]},"properties":{"FID":727,"ARCID":786979,"UP_CELLS":692684}},{"type":"Feature","id":728,"geometry":{"type":"LineString","coordinates":[[105.85416666666647,14.404166666666569],[105.86249999999981,14.395833333333236],[105.86249999999981,14.370833333333238],[105.87083333333314,14.362499999999898],[105.87083333333314,14.337499999999899]]},"properties":{"FID":728,"ARCID":787285,"UP_CELLS":692810}},{"type":"Feature","id":729,"geometry":{"type":"LineString","coordinates":[[105.87083333333314,14.337499999999899],[105.87083333333314,14.320833333333233]]},"properties":{"FID":729,"ARCID":787385,"UP_CELLS":692906}},{"type":"Feature","id":730,"geometry":{"type":"LineString","coordinates":[[105.87083333333314,14.320833333333233],[105.87083333333314,14.287499999999902]]},"properties":{"FID":730,"ARCID":787578,"UP_CELLS":693247}},{"type":"Feature","id":731,"geometry":{"type":"LineString","coordinates":[[105.87083333333314,14.287499999999902],[105.87083333333314,14.262499999999903],[105.86249999999981,14.254166666666571],[105.86249999999981,14.245833333333238],[105.85416666666647,14.237499999999905],[105.85416666666647,14.229166666666565],[105.84583333333313,14.220833333333232],[105.84583333333313,14.179166666666568],[105.86249999999981,14.162499999999902],[105.86249999999981,14.137499999999903]]},"properties":{"FID":731,"ARCID":788356,"UP_CELLS":693588}},{"type":"Feature","id":732,"geometry":{"type":"LineString","coordinates":[[105.86249999999981,14.137499999999903],[105.86249999999981,14.104166666666572],[105.84583333333313,14.087499999999899],[105.85416666666647,14.079166666666566],[105.86249999999981,14.079166666666566],[105.87916666666646,14.062499999999901]]},"properties":{"FID":732,"ARCID":788793,"UP_CELLS":693808}},{"type":"Feature","id":733,"geometry":{"type":"LineString","coordinates":[[105.87916666666646,14.062499999999901],[105.8874999999998,14.054166666666568],[105.8874999999998,14.037499999999902],[105.90416666666647,14.020833333333236],[105.90416666666647,14.012499999999903],[105.9124999999998,14.004166666666571],[105.9124999999998,13.995833333333238]]},"properties":{"FID":733,"ARCID":789180,"UP_CELLS":693886}},{"type":"Feature","id":734,"geometry":{"type":"LineString","coordinates":[[105.9124999999998,13.995833333333238],[105.92083333333315,13.987499999999905]]},"properties":{"FID":734,"ARCID":789223,"UP_CELLS":697789}},{"type":"Feature","id":735,"geometry":{"type":"LineString","coordinates":[[105.92083333333315,13.987499999999905],[105.92916666666648,13.979166666666572],[105.97083333333313,13.979166666666572],[105.98749999999981,13.962499999999899],[105.98749999999981,13.945833333333233]]},"properties":{"FID":735,"ARCID":789499,"UP_CELLS":697967}},{"type":"Feature","id":736,"geometry":{"type":"LineString","coordinates":[[105.98749999999981,13.945833333333233],[105.98749999999981,13.937499999999901],[105.96249999999981,13.912499999999902]]},"properties":{"FID":736,"ARCID":789679,"UP_CELLS":698138}},{"type":"Feature","id":737,"geometry":{"type":"LineString","coordinates":[[105.96249999999981,13.912499999999902],[105.96249999999981,13.895833333333236]]},"properties":{"FID":737,"ARCID":789775,"UP_CELLS":698210}},{"type":"Feature","id":738,"geometry":{"type":"LineString","coordinates":[[105.96249999999981,13.895833333333236],[105.97083333333313,13.887499999999903],[105.97083333333313,13.870833333333238],[105.97916666666647,13.862499999999905]]},"properties":{"FID":738,"ARCID":789947,"UP_CELLS":698298}},{"type":"Feature","id":739,"geometry":{"type":"LineString","coordinates":[[105.97916666666647,13.862499999999905],[105.97916666666647,13.854166666666572]]},"properties":{"FID":739,"ARCID":790011,"UP_CELLS":698382}},{"type":"Feature","id":740,"geometry":{"type":"LineString","coordinates":[[105.97916666666647,13.854166666666572],[105.97916666666647,13.837499999999906],[105.97083333333313,13.829166666666566],[105.97083333333313,13.820833333333233],[105.96249999999981,13.812499999999901]]},"properties":{"FID":740,"ARCID":790235,"UP_CELLS":698457}},{"type":"Feature","id":741,"geometry":{"type":"LineString","coordinates":[[105.96249999999981,13.812499999999901],[105.96249999999981,13.795833333333235]]},"properties":{"FID":741,"ARCID":790324,"UP_CELLS":698539}},{"type":"Feature","id":742,"geometry":{"type":"LineString","coordinates":[[105.96249999999981,13.795833333333235],[105.97083333333313,13.787499999999902],[105.97083333333313,13.762499999999903],[105.96249999999981,13.754166666666571]]},"properties":{"FID":742,"ARCID":790556,"UP_CELLS":700310}},{"type":"Feature","id":743,"geometry":{"type":"LineString","coordinates":[[105.96249999999981,13.754166666666571],[105.97083333333313,13.745833333333238],[105.97916666666647,13.745833333333238],[106.00416666666646,13.720833333333239]]},"properties":{"FID":743,"ARCID":790728,"UP_CELLS":700578}},{"type":"Feature","id":744,"geometry":{"type":"LineString","coordinates":[[106.00416666666646,13.720833333333239],[106.00416666666646,13.712499999999906],[106.02916666666647,13.687499999999901]]},"properties":{"FID":744,"ARCID":790894,"UP_CELLS":700707}},{"type":"Feature","id":745,"geometry":{"type":"LineString","coordinates":[[106.02916666666647,13.687499999999901],[106.0374999999998,13.679166666666568],[106.0374999999998,13.637499999999903]]},"properties":{"FID":745,"ARCID":791156,"UP_CELLS":700803}},{"type":"Feature","id":746,"geometry":{"type":"LineString","coordinates":[[106.0374999999998,13.637499999999903],[106.0374999999998,13.629166666666571],[106.02916666666647,13.620833333333238],[106.02916666666647,13.612499999999905],[106.02083333333314,13.604166666666572]]},"properties":{"FID":746,"ARCID":791342,"UP_CELLS":700862}},{"type":"Feature","id":747,"geometry":{"type":"LineString","coordinates":[[106.02083333333314,13.604166666666572],[105.95416666666648,13.537499999999902]]},"properties":{"FID":747,"ARCID":791676,"UP_CELLS":701031}},{"type":"Feature","id":748,"geometry":{"type":"LineString","coordinates":[[105.95416666666648,13.537499999999902],[105.94583333333314,13.529166666666569]]},"properties":{"FID":748,"ARCID":791717,"UP_CELLS":795902}},{"type":"Feature","id":749,"geometry":{"type":"LineString","coordinates":[[105.94583333333314,13.529166666666569],[105.92916666666648,13.512499999999903],[105.92916666666648,13.504166666666571]]},"properties":{"FID":749,"ARCID":791852,"UP_CELLS":796438}},{"type":"Feature","id":750,"geometry":{"type":"LineString","coordinates":[[105.92916666666648,13.504166666666571],[105.92916666666648,13.462499999999906],[105.9374999999998,13.454166666666573],[105.9374999999998,13.44583333333324]]},"properties":{"FID":750,"ARCID":792130,"UP_CELLS":797100}},{"type":"Feature","id":751,"geometry":{"type":"LineString","coordinates":[[105.9374999999998,13.44583333333324],[105.9374999999998,13.420833333333235]]},"properties":{"FID":751,"ARCID":792257,"UP_CELLS":797162}},{"type":"Feature","id":752,"geometry":{"type":"LineString","coordinates":[[105.9374999999998,13.420833333333235],[105.9374999999998,13.412499999999902],[105.92916666666648,13.404166666666569],[105.92916666666648,13.370833333333238],[105.9374999999998,13.362499999999905]]},"properties":{"FID":752,"ARCID":792549,"UP_CELLS":797312}},{"type":"Feature","id":753,"geometry":{"type":"LineString","coordinates":[[105.9374999999998,13.362499999999905],[105.9374999999998,13.337499999999906]]},"properties":{"FID":753,"ARCID":792699,"UP_CELLS":797366}},{"type":"Feature","id":754,"geometry":{"type":"LineString","coordinates":[[105.9374999999998,13.337499999999906],[105.9374999999998,13.312499999999908],[105.92916666666648,13.304166666666575],[105.92916666666648,13.287499999999902]]},"properties":{"FID":754,"ARCID":792941,"UP_CELLS":797576}},{"type":"Feature","id":755,"geometry":{"type":"LineString","coordinates":[[105.92916666666648,13.287499999999902],[105.92916666666648,13.270833333333236],[105.9374999999998,13.262499999999903],[105.9374999999998,13.254166666666571]]},"properties":{"FID":755,"ARCID":793089,"UP_CELLS":798328}},{"type":"Feature","id":756,"geometry":{"type":"LineString","coordinates":[[105.9374999999998,13.254166666666571],[105.9374999999998,13.245833333333238],[105.95416666666648,13.229166666666572],[105.97083333333313,13.229166666666572]]},"properties":{"FID":756,"ARCID":793196,"UP_CELLS":798960}},{"type":"Feature","id":757,"geometry":{"type":"LineString","coordinates":[[105.97083333333313,13.229166666666572],[106.00416666666646,13.229166666666572],[106.0124999999998,13.220833333333239]]},"properties":{"FID":757,"ARCID":793247,"UP_CELLS":799267}},{"type":"Feature","id":758,"geometry":{"type":"LineString","coordinates":[[106.0124999999998,13.220833333333239],[106.02083333333314,13.212499999999906],[106.02083333333314,13.204166666666573],[106.02916666666647,13.19583333333324],[106.02916666666647,13.162499999999909],[106.02083333333314,13.154166666666569],[106.02083333333314,13.145833333333236],[106.00416666666646,13.129166666666571],[106.00416666666646,13.112499999999905]]},"properties":{"FID":758,"ARCID":793727,"UP_CELLS":799628}},{"type":"Feature","id":759,"geometry":{"type":"LineString","coordinates":[[106.00416666666646,13.112499999999905],[106.00416666666646,13.087499999999906]]},"properties":{"FID":759,"ARCID":793831,"UP_CELLS":799661}},{"type":"Feature","id":760,"geometry":{"type":"LineString","coordinates":[[106.00416666666646,13.087499999999906],[106.00416666666646,13.045833333333242],[105.98749999999981,13.029166666666576],[105.98749999999981,12.995833333333238]]},"properties":{"FID":760,"ARCID":794276,"UP_CELLS":799784}},{"type":"Feature","id":761,"geometry":{"type":"LineString","coordinates":[[105.98749999999981,12.995833333333238],[105.98749999999981,12.962499999999906]]},"properties":{"FID":761,"ARCID":794440,"UP_CELLS":800199}},{"type":"Feature","id":762,"geometry":{"type":"LineString","coordinates":[[105.98749999999981,12.962499999999906],[105.98749999999981,12.920833333333242],[105.96249999999981,12.895833333333243]]},"properties":{"FID":762,"ARCID":794767,"UP_CELLS":800277}},{"type":"Feature","id":763,"geometry":{"type":"LineString","coordinates":[[105.96249999999981,12.895833333333243],[105.96249999999981,12.887499999999903],[105.95416666666648,12.879166666666571],[105.95416666666648,12.870833333333238],[105.94583333333314,12.862499999999905]]},"properties":{"FID":763,"ARCID":794920,"UP_CELLS":800321}},{"type":"Feature","id":764,"geometry":{"type":"LineString","coordinates":[[105.94583333333314,12.862499999999905],[105.94583333333314,12.779166666666576]]},"properties":{"FID":764,"ARCID":795322,"UP_CELLS":800410}},{"type":"Feature","id":765,"geometry":{"type":"LineString","coordinates":[[105.94583333333314,12.779166666666576],[105.94583333333314,12.770833333333243]]},"properties":{"FID":765,"ARCID":795358,"UP_CELLS":800889}},{"type":"Feature","id":766,"geometry":{"type":"LineString","coordinates":[[105.94583333333314,12.770833333333243],[105.94583333333314,12.76249999999991],[105.95416666666648,12.754166666666571]]},"properties":{"FID":766,"ARCID":795439,"UP_CELLS":801412}},{"type":"Feature","id":767,"geometry":{"type":"LineString","coordinates":[[105.95416666666648,12.754166666666571],[105.96249999999981,12.745833333333238],[105.96249999999981,12.729166666666572],[105.97083333333313,12.720833333333239],[105.97083333333313,12.712499999999906],[105.98749999999981,12.69583333333324]]},"properties":{"FID":767,"ARCID":795670,"UP_CELLS":807068}},{"type":"Feature","id":768,"geometry":{"type":"LineString","coordinates":[[105.98749999999981,12.69583333333324],[105.98749999999981,12.679166666666575],[105.99583333333314,12.670833333333242],[105.99583333333314,12.654166666666576],[106.00416666666646,12.645833333333243]]},"properties":{"FID":768,"ARCID":795885,"UP_CELLS":807300}},{"type":"Feature","id":769,"geometry":{"type":"LineString","coordinates":[[106.00416666666646,12.645833333333243],[106.0124999999998,12.63749999999991],[106.0124999999998,12.620833333333238]]},"properties":{"FID":769,"ARCID":795982,"UP_CELLS":807491}},{"type":"Feature","id":770,"geometry":{"type":"LineString","coordinates":[[106.0124999999998,12.620833333333238],[106.0124999999998,12.604166666666572]]},"properties":{"FID":770,"ARCID":796046,"UP_CELLS":807670}},{"type":"Feature","id":771,"geometry":{"type":"LineString","coordinates":[[106.0124999999998,12.604166666666572],[106.0124999999998,12.554166666666575],[105.99583333333314,12.537499999999909],[105.99583333333314,12.529166666666576]]},"properties":{"FID":771,"ARCID":796394,"UP_CELLS":809102}},{"type":"Feature","id":772,"geometry":{"type":"LineString","coordinates":[[105.99583333333314,12.529166666666576],[105.99583333333314,12.51249999999991]]},"properties":{"FID":772,"ARCID":796491,"UP_CELLS":809158}},{"type":"Feature","id":773,"geometry":{"type":"LineString","coordinates":[[105.99583333333314,12.51249999999991],[106.0124999999998,12.495833333333245],[106.0124999999998,12.470833333333239]]},"properties":{"FID":773,"ARCID":796704,"UP_CELLS":809998}},{"type":"Feature","id":774,"geometry":{"type":"LineString","coordinates":[[106.0124999999998,12.470833333333239],[106.0124999999998,12.454166666666573]]},"properties":{"FID":774,"ARCID":796768,"UP_CELLS":815002}},{"type":"Feature","id":775,"geometry":{"type":"LineString","coordinates":[[106.0124999999998,12.454166666666573],[106.02083333333314,12.44583333333324]]},"properties":{"FID":775,"ARCID":796800,"UP_CELLS":815032}},{"type":"Feature","id":776,"geometry":{"type":"LineString","coordinates":[[106.02083333333314,12.44583333333324],[106.02083333333314,12.395833333333243]]},"properties":{"FID":776,"ARCID":797001,"UP_CELLS":815084}},{"type":"Feature","id":777,"geometry":{"type":"LineString","coordinates":[[106.02083333333314,12.395833333333243],[106.02083333333314,12.379166666666578],[106.02916666666647,12.370833333333245],[106.02916666666647,12.362499999999912]]},"properties":{"FID":777,"ARCID":797133,"UP_CELLS":815233}},{"type":"Feature","id":778,"geometry":{"type":"LineString","coordinates":[[106.02916666666647,12.362499999999912],[106.0374999999998,12.354166666666579],[106.0374999999998,12.312499999999908]]},"properties":{"FID":778,"ARCID":797350,"UP_CELLS":815338}},{"type":"Feature","id":779,"geometry":{"type":"LineString","coordinates":[[106.0374999999998,12.312499999999908],[106.0374999999998,12.304166666666575],[106.02083333333314,12.287499999999909]]},"properties":{"FID":779,"ARCID":797468,"UP_CELLS":815384}},{"type":"Feature","id":780,"geometry":{"type":"LineString","coordinates":[[105.69583333333314,12.279166666666576],[105.64583333333314,12.279166666666576],[105.6374999999998,12.287499999999909],[105.62916666666646,12.287499999999909],[105.62083333333314,12.295833333333242],[105.58749999999981,12.295833333333242],[105.5624999999998,12.270833333333243]]},"properties":{"FID":780,"ARCID":797544,"UP_CELLS":823877}},{"type":"Feature","id":781,"geometry":{"type":"LineString","coordinates":[[105.72083333333313,12.270833333333243],[105.70416666666648,12.270833333333243],[105.69583333333314,12.279166666666576]]},"properties":{"FID":781,"ARCID":797545,"UP_CELLS":823457}},{"type":"Feature","id":782,"geometry":{"type":"LineString","coordinates":[[106.02083333333314,12.287499999999909],[106.0124999999998,12.279166666666576],[106.00416666666646,12.279166666666576],[105.99583333333314,12.270833333333243],[105.9374999999998,12.270833333333243]]},"properties":{"FID":782,"ARCID":797548,"UP_CELLS":815477}},{"type":"Feature","id":783,"geometry":{"type":"LineString","coordinates":[[105.85416666666647,12.26249999999991],[105.72916666666647,12.26249999999991],[105.72083333333313,12.270833333333243]]},"properties":{"FID":783,"ARCID":797592,"UP_CELLS":823296}},{"type":"Feature","id":784,"geometry":{"type":"LineString","coordinates":[[105.92916666666648,12.26249999999991],[105.85416666666647,12.26249999999991]]},"properties":{"FID":784,"ARCID":797593,"UP_CELLS":822879}},{"type":"Feature","id":785,"geometry":{"type":"LineString","coordinates":[[105.9374999999998,12.270833333333243],[105.92916666666648,12.26249999999991]]},"properties":{"FID":785,"ARCID":797594,"UP_CELLS":815772}},{"type":"Feature","id":786,"geometry":{"type":"LineString","coordinates":[[105.5624999999998,12.270833333333243],[105.55416666666648,12.26249999999991],[105.55416666666648,12.254166666666578],[105.54583333333315,12.245833333333245]]},"properties":{"FID":786,"ARCID":797656,"UP_CELLS":823919}},{"type":"Feature","id":787,"geometry":{"type":"LineString","coordinates":[[105.54583333333315,12.245833333333245],[105.54583333333315,12.212499999999906]]},"properties":{"FID":787,"ARCID":797793,"UP_CELLS":823982}},{"type":"Feature","id":788,"geometry":{"type":"LineString","coordinates":[[105.54583333333315,12.212499999999906],[105.54583333333315,12.154166666666576],[105.53749999999981,12.145833333333243],[105.53749999999981,12.095833333333246]]},"properties":{"FID":788,"ARCID":798266,"UP_CELLS":824353}},{"type":"Feature","id":789,"geometry":{"type":"LineString","coordinates":[[105.53749999999981,12.095833333333246],[105.52083333333314,12.079166666666573]]},"properties":{"FID":789,"ARCID":798333,"UP_CELLS":825638}},{"type":"Feature","id":790,"geometry":{"type":"LineString","coordinates":[[105.52083333333314,12.079166666666573],[105.52083333333314,12.07083333333324],[105.48749999999981,12.037499999999909]]},"properties":{"FID":790,"ARCID":798479,"UP_CELLS":826022}},{"type":"Feature","id":791,"geometry":{"type":"LineString","coordinates":[[105.48749999999981,12.037499999999909],[105.47916666666647,12.029166666666576],[105.47916666666647,12.020833333333243],[105.47083333333313,12.01249999999991],[105.47083333333313,11.970833333333246]]},"properties":{"FID":791,"ARCID":798762,"UP_CELLS":826219}},{"type":"Feature","id":792,"geometry":{"type":"LineString","coordinates":[[105.47083333333313,11.970833333333246],[105.47083333333313,11.95416666666658]]},"properties":{"FID":792,"ARCID":798827,"UP_CELLS":826277}},{"type":"Feature","id":793,"geometry":{"type":"LineString","coordinates":[[105.37916666666648,11.904166666666576],[105.36249999999981,11.920833333333242],[105.34583333333313,11.920833333333242],[105.33749999999981,11.929166666666575],[105.24583333333314,11.929166666666575],[105.23749999999981,11.937499999999908],[105.22916666666647,11.937499999999908]]},"properties":{"FID":793,"ARCID":799009,"UP_CELLS":826994}},{"type":"Feature","id":794,"geometry":{"type":"LineString","coordinates":[[105.47083333333313,11.95416666666658],[105.47083333333313,11.937499999999908],[105.4374999999998,11.904166666666576]]},"properties":{"FID":794,"ARCID":799010,"UP_CELLS":826498}},{"type":"Feature","id":795,"geometry":{"type":"LineString","coordinates":[[105.4374999999998,11.904166666666576],[105.42083333333315,11.904166666666576],[105.41249999999981,11.895833333333243],[105.38749999999982,11.895833333333243],[105.37916666666648,11.904166666666576]]},"properties":{"FID":795,"ARCID":799037,"UP_CELLS":826834}},{"type":"Feature","id":796,"geometry":{"type":"LineString","coordinates":[[105.22916666666647,11.937499999999908],[105.22083333333313,11.94583333333324],[105.1874999999998,11.94583333333324],[105.15416666666647,11.912499999999909],[105.15416666666647,11.904166666666576],[105.14583333333314,11.895833333333243],[105.14583333333314,11.88749999999991],[105.12083333333314,11.862499999999912],[105.11249999999981,11.862499999999912],[105.10416666666647,11.854166666666579]]},"properties":{"FID":796,"ARCID":799183,"UP_CELLS":827151}},{"type":"Feature","id":797,"geometry":{"type":"LineString","coordinates":[[105.10416666666647,11.854166666666579],[105.07916666666648,11.854166666666579],[105.07083333333314,11.845833333333246],[105.02083333333314,11.845833333333246],[104.99583333333314,11.820833333333248],[104.99583333333314,11.804166666666575],[105.00416666666648,11.795833333333242],[105.00416666666648,11.787499999999909],[105.01249999999982,11.779166666666576],[105.01249999999982,11.754166666666578],[104.97916666666649,11.720833333333246],[104.97916666666649,11.712499999999913],[104.97083333333313,11.70416666666658],[104.97083333333313,11.695833333333248],[104.96249999999981,11.687499999999915]]},"properties":{"FID":797,"ARCID":799742,"UP_CELLS":827455}},{"type":"Feature","id":798,"geometry":{"type":"LineString","coordinates":[[104.96249999999981,11.687499999999915],[104.96249999999981,11.662499999999909],[104.95416666666648,11.654166666666576],[104.95416666666648,11.629166666666578],[104.94583333333314,11.620833333333245],[104.94583333333314,11.57916666666658],[104.9374999999998,11.570833333333248]]},"properties":{"FID":798,"ARCID":800167,"UP_CELLS":827570}},{"type":"Feature","id":799,"geometry":{"type":"LineString","coordinates":[[104.9374999999998,11.570833333333248],[104.94583333333314,11.562499999999915],[104.96249999999981,11.562499999999915],[104.97083333333313,11.554166666666582],[105.00416666666648,11.554166666666582],[105.01249999999982,11.545833333333242],[105.02916666666647,11.545833333333242],[105.03749999999981,11.537499999999909],[105.0624999999998,11.537499999999909],[105.07083333333314,11.529166666666576],[105.07916666666648,11.529166666666576],[105.09583333333313,11.51249999999991],[105.10416666666647,11.51249999999991],[105.12083333333314,11.495833333333245],[105.12916666666648,11.495833333333245],[105.14583333333314,11.479166666666579],[105.16249999999981,11.479166666666579],[105.17916666666648,11.462499999999913]]},"properties":{"FID":799,"ARCID":800565,"UP_CELLS":933451}},{"type":"Feature","id":800,"geometry":{"type":"LineString","coordinates":[[105.17916666666648,11.462499999999913],[105.25416666666648,11.38749999999991],[105.25416666666648,11.320833333333248]]},"properties":{"FID":800,"ARCID":801101,"UP_CELLS":933626}},{"type":"Feature","id":801,"geometry":{"type":"LineString","coordinates":[[105.25416666666648,11.320833333333248],[105.26249999999982,11.312499999999915],[105.26249999999982,11.304166666666582]]},"properties":{"FID":801,"ARCID":801161,"UP_CELLS":933690}},{"type":"Feature","id":802,"geometry":{"type":"LineString","coordinates":[[105.26249999999982,11.304166666666582],[105.26249999999982,11.287499999999916],[105.27083333333314,11.279166666666583],[105.27083333333314,11.270833333333243],[105.27916666666647,11.26249999999991],[105.27916666666647,11.229166666666579]]},"properties":{"FID":802,"ARCID":801430,"UP_CELLS":935841}},{"type":"Feature","id":803,"geometry":{"type":"LineString","coordinates":[[105.27916666666647,11.229166666666579],[105.27083333333314,11.220833333333246],[105.27083333333314,11.20416666666658],[105.26249999999982,11.195833333333248],[105.26249999999982,11.187499999999915],[105.25416666666648,11.179166666666582],[105.25416666666648,11.162499999999916],[105.24583333333314,11.154166666666583]]},"properties":{"FID":803,"ARCID":801692,"UP_CELLS":936640}},{"type":"Feature","id":804,"geometry":{"type":"LineString","coordinates":[[105.24583333333314,11.154166666666583],[105.24583333333314,11.14583333333325],[105.23749999999981,11.13749999999991],[105.23749999999981,11.129166666666578]]},"properties":{"FID":804,"ARCID":801786,"UP_CELLS":937181}},{"type":"Feature","id":805,"geometry":{"type":"LineString","coordinates":[[105.23749999999981,11.129166666666578],[105.22083333333313,11.112499999999912],[105.22083333333313,11.095833333333246],[105.21249999999981,11.087499999999913],[105.21249999999981,11.054166666666582],[105.20416666666648,11.045833333333249],[105.20416666666648,11.02083333333325],[105.19583333333314,11.012499999999918],[105.19583333333314,11.004166666666578]]},"properties":{"FID":805,"ARCID":802185,"UP_CELLS":937440}},{"type":"Feature","id":806,"geometry":{"type":"LineString","coordinates":[[105.19583333333314,11.004166666666578],[105.1874999999998,10.995833333333245],[105.1874999999998,10.912499999999916]]},"properties":{"FID":806,"ARCID":802475,"UP_CELLS":937825}},{"type":"Feature","id":807,"geometry":{"type":"LineString","coordinates":[[105.1874999999998,10.912499999999916],[105.1874999999998,10.887499999999918]]},"properties":{"FID":807,"ARCID":802554,"UP_CELLS":937887}},{"type":"Feature","id":808,"geometry":{"type":"LineString","coordinates":[[105.1874999999998,10.887499999999918],[105.20416666666648,10.870833333333245],[105.20416666666648,10.837499999999913],[105.23749999999981,10.804166666666582]]},"properties":{"FID":808,"ARCID":802818,"UP_CELLS":938011}},{"type":"Feature","id":809,"geometry":{"type":"LineString","coordinates":[[105.23749999999981,10.804166666666582],[105.27083333333314,10.804166666666582],[105.29583333333315,10.779166666666583],[105.33749999999981,10.779166666666583]]},"properties":{"FID":809,"ARCID":802896,"UP_CELLS":938146}},{"type":"Feature","id":810,"geometry":{"type":"LineString","coordinates":[[105.33749999999981,10.779166666666583],[105.34583333333313,10.77083333333325]]},"properties":{"FID":810,"ARCID":802926,"UP_CELLS":938799}},{"type":"Feature","id":811,"geometry":{"type":"LineString","coordinates":[[105.34583333333313,10.77083333333325],[105.35416666666647,10.762499999999918],[105.35416666666647,10.729166666666579]]},"properties":{"FID":811,"ARCID":803052,"UP_CELLS":938875}},{"type":"Feature","id":812,"geometry":{"type":"LineString","coordinates":[[105.35416666666647,10.729166666666579],[105.35416666666647,10.712499999999913],[105.34583333333313,10.70416666666658],[105.34583333333313,10.679166666666582],[105.33749999999981,10.670833333333249],[105.33749999999981,10.64583333333325],[105.34583333333313,10.637499999999918],[105.34583333333313,10.620833333333252]]},"properties":{"FID":812,"ARCID":803350,"UP_CELLS":939137}},{"type":"Feature","id":813,"geometry":{"type":"LineString","coordinates":[[105.34583333333313,10.620833333333252],[105.35416666666647,10.612499999999919],[105.35416666666647,10.595833333333246],[105.36249999999981,10.587499999999913],[105.36249999999981,10.570833333333248]]},"properties":{"FID":813,"ARCID":803476,"UP_CELLS":939208}},{"type":"Feature","id":814,"geometry":{"type":"LineString","coordinates":[[105.36249999999981,10.570833333333248],[105.32916666666648,10.537499999999916]]},"properties":{"FID":814,"ARCID":803578,"UP_CELLS":939276}},{"type":"Feature","id":815,"geometry":{"type":"LineString","coordinates":[[105.32916666666648,10.537499999999916],[105.32916666666648,10.52083333333325],[105.33749999999981,10.512499999999918],[105.33749999999981,10.504166666666585],[105.37083333333314,10.470833333333246]]},"properties":{"FID":815,"ARCID":803761,"UP_CELLS":954241}},{"type":"Feature","id":816,"geometry":{"type":"LineString","coordinates":[[105.37083333333314,10.470833333333246],[105.38749999999982,10.45416666666658]]},"properties":{"FID":816,"ARCID":803806,"UP_CELLS":954543}},{"type":"Feature","id":817,"geometry":{"type":"LineString","coordinates":[[105.38749999999982,10.45416666666658],[105.39583333333314,10.445833333333248],[105.40416666666647,10.445833333333248],[105.41249999999981,10.437499999999915]]},"properties":{"FID":817,"ARCID":803834,"UP_CELLS":954617}},{"type":"Feature","id":818,"geometry":{"type":"LineString","coordinates":[[105.41249999999981,10.437499999999915],[105.4374999999998,10.412499999999916],[105.4374999999998,10.404166666666583],[105.44583333333314,10.39583333333325]]},"properties":{"FID":818,"ARCID":803927,"UP_CELLS":954704}},{"type":"Feature","id":819,"geometry":{"type":"LineString","coordinates":[[105.44583333333314,10.39583333333325],[105.44583333333314,10.387499999999918],[105.45416666666648,10.379166666666585]]},"properties":{"FID":819,"ARCID":803970,"UP_CELLS":954756}},{"type":"Feature","id":820,"geometry":{"type":"LineString","coordinates":[[105.45416666666648,10.379166666666585],[105.45416666666648,10.370833333333252],[105.46249999999981,10.362499999999919],[105.46249999999981,10.354166666666586]]},"properties":{"FID":820,"ARCID":804032,"UP_CELLS":954804}},{"type":"Feature","id":821,"geometry":{"type":"LineString","coordinates":[[105.46249999999981,10.354166666666586],[105.52083333333314,10.295833333333249]]},"properties":{"FID":821,"ARCID":804135,"UP_CELLS":955086}},{"type":"Feature","id":822,"geometry":{"type":"LineString","coordinates":[[105.52083333333314,10.295833333333249],[105.55416666666648,10.262499999999918]]},"properties":{"FID":822,"ARCID":804213,"UP_CELLS":955186}},{"type":"Feature","id":823,"geometry":{"type":"LineString","coordinates":[[105.55416666666648,10.262499999999918],[105.57916666666648,10.237499999999919]]},"properties":{"FID":823,"ARCID":804261,"UP_CELLS":955321}},{"type":"Feature","id":824,"geometry":{"type":"LineString","coordinates":[[105.57916666666648,10.237499999999919],[105.62083333333314,10.195833333333248]]},"properties":{"FID":824,"ARCID":804353,"UP_CELLS":955562}},{"type":"Feature","id":825,"geometry":{"type":"LineString","coordinates":[[105.62083333333314,10.195833333333248],[105.64583333333314,10.170833333333249]]},"properties":{"FID":825,"ARCID":804379,"UP_CELLS":955651}},{"type":"Feature","id":826,"geometry":{"type":"LineString","coordinates":[[105.64583333333314,10.170833333333249],[105.67916666666648,10.137499999999918],[105.6874999999998,10.137499999999918],[105.70416666666648,10.120833333333252],[105.71249999999981,10.120833333333252],[105.73749999999981,10.095833333333253]]},"properties":{"FID":826,"ARCID":804504,"UP_CELLS":955821}},{"type":"Feature","id":827,"geometry":{"type":"LineString","coordinates":[[105.73749999999981,10.095833333333253],[105.74583333333314,10.095833333333253],[105.7624999999998,10.079166666666588],[105.77083333333314,10.079166666666588]]},"properties":{"FID":827,"ARCID":804542,"UP_CELLS":955873}},{"type":"Feature","id":828,"geometry":{"type":"LineString","coordinates":[[105.77083333333314,10.079166666666588],[105.79583333333315,10.054166666666582],[105.79583333333315,10.045833333333249]]},"properties":{"FID":828,"ARCID":804602,"UP_CELLS":956185}},{"type":"Feature","id":829,"geometry":{"type":"LineString","coordinates":[[105.79583333333315,10.045833333333249],[105.8124999999998,10.029166666666583],[105.8124999999998,10.02083333333325],[105.84583333333313,9.987499999999919],[105.84583333333313,9.9791666666665861]]},"properties":{"FID":829,"ARCID":804719,"UP_CELLS":956367}},{"type":"Feature","id":830,"geometry":{"type":"LineString","coordinates":[[105.84583333333313,9.9791666666665861],[105.87083333333314,9.9541666666665876],[105.87916666666646,9.9541666666665876],[105.89583333333314,9.9374999999999218],[105.90416666666647,9.9374999999999218],[105.92916666666648,9.9124999999999162],[105.9374999999998,9.9124999999999162]]},"properties":{"FID":830,"ARCID":804836,"UP_CELLS":956545}},{"type":"Feature","id":831,"geometry":{"type":"LineString","coordinates":[[105.9374999999998,9.9124999999999162],[105.94583333333314,9.9041666666665833]]},"properties":{"FID":831,"ARCID":804847,"UP_CELLS":956750}},{"type":"Feature","id":832,"geometry":{"type":"LineString","coordinates":[[105.94583333333314,9.9041666666665833],[105.97916666666647,9.8708333333332519],[105.98749999999981,9.8708333333332519],[105.99583333333314,9.862499999999919]]},"properties":{"FID":832,"ARCID":804917,"UP_CELLS":956868}},{"type":"Feature","id":833,"geometry":{"type":"LineString","coordinates":[[105.99583333333314,9.862499999999919],[106.02916666666647,9.8291666666665876],[106.02916666666647,9.8208333333332547],[106.08749999999981,9.7624999999999176]]},"properties":{"FID":833,"ARCID":805072,"UP_CELLS":957140}},{"type":"Feature","id":834,"geometry":{"type":"LineString","coordinates":[[106.08749999999981,9.7624999999999176],[106.12916666666646,9.7208333333332533],[106.1374999999998,9.7208333333332533]]},"properties":{"FID":834,"ARCID":805160,"UP_CELLS":957311}},{"type":"Feature","id":835,"geometry":{"type":"LineString","coordinates":[[106.1374999999998,9.7208333333332533],[106.21249999999981,9.6458333333332504],[106.22083333333313,9.6458333333332504],[106.25416666666646,9.612499999999919]]},"properties":{"FID":835,"ARCID":805369,"UP_CELLS":957515}},{"type":"Feature","id":836,"geometry":{"type":"LineString","coordinates":[[105.35540616172925,10.752778385138861],[105.36534881649612,10.713705569888544],[105.40065676289578,10.636044316762352],[105.42302703914382,10.58683999129584],[105.47109222468204,10.538239231125388],[105.51229095514979,10.530138357792268],[105.53563690240917,10.532838672567504],[105.56996917779749,10.499083039024256],[105.57546234185746,10.455870451143161],[105.59092563249271,10.420331460288278],[105.60567474419628,10.412651847996537],[105.64138031059508,10.415353186472254],[105.69493866020225,10.403196979060064],[105.73476409964155,10.374830654521874],[105.76497650198937,10.301876885999265],[105.78557586721874,10.288365072157493],[105.82540130666702,10.297823402624598],[105.87346649220525,10.292418677077716],[105.92839813282295,10.281608948279802],[105.95687125723605,10.310583213586316],[106.06789670779251,10.306567382392409],[106.10416666666647,10.312499999999915],[106.11249999999981,10.304166666666582],[106.14583333333314,10.304166666666582],[106.22502899216025,10.32079245223313],[106.37059783979443,10.346461758614319],[106.48732757610024,10.285662639954388],[106.6874999999998,10.220833333333253]]},"properties":{"FID":836,"ARCID":0,"UP_CELLS":957516}},{"type":"Feature","id":837,"geometry":{"type":"LineString","coordinates":[[106.0649079721654,10.308607262441249],[106.11279869935534,10.281095643611067],[106.2154159550508,10.243771986478626],[106.29506683394735,10.268096267066776],[106.32527923628616,10.245123384401511],[106.36098480268498,10.201875797353466],[106.40493011517373,10.105899268124309],[106.49282074016924,10.012598837213751],[106.55416666666648,9.9958333333332519]]},"properties":{"FID":837,"ARCID":0,"UP_CELLS":957516}},{"type":"Feature","id":838,"geometry":{"type":"LineString","coordinates":[[105.92839813282295,10.281608948279802],[105.95998382618126,10.264042350089138],[106.01216888475999,10.261339709913152],[106.06847381639714,10.247826162964348],[106.13851165818424,10.220797341049082],[106.19618988083192,10.128882183556566],[106.26348114058902,10.057224144778926],[106.34587860151557,9.9963699296235102],[106.49144744914975,9.9165660389602319],[106.60131073038511,9.7785542278737889]]},"properties":{"FID":838,"ARCID":0,"UP_CELLS":957516}},{"type":"Feature","id":839,"geometry":{"type":"LineString","coordinates":[[106.1974020874333,10.31499265208423],[106.32285565954191,10.29378190774907],[106.48749999999981,10.237499999999919],[106.59583333333313,10.179166666666582],[106.68330011634445,10.096136983176576]]},"properties":{"FID":839,"ARCID":0,"UP_CELLS":957516}},{"type":"Feature","id":840,"geometry":{"type":"LineString","coordinates":[[106.08749999999981,9.7624999999999176],[106.10271626742778,9.690470434043986],[106.19618988083192,9.5633041456870398],[106.23189544723071,9.4671419787023758]]},"properties":{"FID":840,"ARCID":0,"UP_CELLS":957516}},{"type":"Feature","id":841,"geometry":{"type":"LineString","coordinates":[[106.45416666666648,10.304166666666582],[106.51366513260034,10.304111079650454],[106.55416666666648,10.295833333333249],[106.5624999999998,10.287499999999916],[106.62083333333314,10.287499999999916],[106.62916666666646,10.279166666666583],[106.6624999999998,10.279166666666583],[106.6874999999998,10.295833333333249],[106.72083333333313,10.27083333333325]]},"properties":{"FID":841,"ARCID":0,"UP_CELLS":957516}}]}