Date,Hkamti,Mawlaik,Monywa,Katha,Sagaing,Magway,Pyay
2001-01-01,79,771,1316,1210,1312,3520,3564
2001-01-02,79,771,1308,1197,1283,3478,3544
2001-01-03,78,753,1292,1181,1264,3444,3514
2001-01-04,78,736,1276,1176,1256,3440,3477
2001-01-05,78,736,1271,1168,1245,3440,3454
2001-01-06,78,736,1255,1155,1229,3429,3448
2001-01-07,78,736,1244,1144,1213,3429,3431
2001-01-08,79,730,1231,1131,1195,3410,3399
2001-01-09,81,724,1215,1120,1179,3406,3388
2001-01-10,79,712,1204,1113,1160,3387,3363
2001-01-11,76,700,1188,1106,1128,3395,3313
2001-01-12,73,700,1180,1099,1109,3383,3288
2001-01-13,70,688,1172,1092,1096,3372,3264
2001-01-14,68,677,1169,1092,1085,3355,3235
2001-01-15,66,665,1159,1092,1072,3338,3213
2001-01-16,65,653,1151,1083,1061,3269,3209
2001-01-17,62,653,1140,1051,1045,3228,3205
2001-01-18,60,644,1132,1025,1032,3162,3169
2001-01-19,58,635,1124,1013,1024,3137,3139
2001-01-20,56,626,1116,1000,1021,3128,3109
2001-01-21,53,617,1105,990,1005,3109,3083
2001-01-22,51,608,1094,980,985,3094,3070
2001-01-23,48,599,1088,970,950,3051,3039
2001-01-24,48,590,1082,950,925,3037,3029
2001-01-25,61,580,1076,920,915,3023,3021
2001-01-26,57,571,1068,910,890,3009,3011
2001-01-27,56,562,1064,900,860,2995,3003
2001-01-28,57,553,1058,893,841,2966,2983
2001-01-29,55,544,1052,886,817,2938,2979
2001-01-30,50,544,1050,920,815,2908,2946
2001-01-31,42,539,1046,927,895,2892,2923
2001-02-01,36,534,1046,903,945,2873,2905
2001-02-02,31,534,1044,893,858,2865,2882
2001-02-03,29,525,1040,886,808,2858,2847
2001-02-04,29,525,1036,886,772,2846,2870
2001-02-05,29,516,1034,884,745,2835,2940
2001-02-06,30,516,1028,872,737,2823,2917
2001-02-07,29,507,1026,865,732,2819,2859
2001-02-08,29,507,1022,858,732,2812,2804
2001-02-09,28,507,1018,851,729,2800,2783
2001-02-10,28,498,1012,851,719,2796,2772
2001-02-11,28,498,1004,844,716,2785,2759
2001-02-12,27,489,1000,844,705,2762,2748
2001-02-13,27,489,994,837,684,2758,2742
2001-02-14,27,489,982,824,672,2747,2735
2001-02-15,27,489,976,821,662,2735,2723
2001-02-16,27,480,966,821,648,2708,2711
2001-02-17,27,480,964,821,633,2681,2699
2001-02-18,26,480,960,818,628,2670,2683
2001-02-19,26,471,952,818,620,2658,2659
2001-02-20,26,471,938,815,617,2651,2615
2001-02-21,27,462,930,815,612,2639,2588
2001-02-22,27,462,922,815,608,2632,2569
2001-02-23,28,453,916,815,596,2620,2554
2001-02-24,29,453,908,815,592,2608,2535
2001-02-25,29,453,900,815,588,2589,2519
2001-02-26,34,443,892,812,588,2582,2493
2001-02-27,50,434,886,860,601,2570,2483
2001-02-28,45,434,878,872,609,2558,2470
2001-03-01,35,434,870,837,616,2551,2467
2001-03-02,32,425,864,821,641,2535,2460
2001-03-03,31,439,858,1032,1560,2535,2457
2001-03-04,29,471,854,1315,1576,2554,2450
2001-03-05,27,503,848,1234,798,2582,2477
2001-03-06,26,513,860,997,1016,2593,2490
2001-03-07,25,498,884,844,1011,2582,2508
2001-03-08,25,471,888,828,827,2574,2523
2001-03-09,24,446,866,819,732,2612,2600
2001-03-10,24,426,836,815,668,2628,2707
2001-03-11,23,409,812,858,642,2635,2770
2001-03-12,23,398,789,879,631,2632,2768
2001-03-13,23,398,771,831,632,2647,2703
2001-03-14,22,398,757,816,660,2639,2639
2001-03-15,22,394,736,807,654,2628,2562
2001-03-16,22,392,720,806,631,2616,2519
2001-03-17,21,391,717,803,620,2605,2512
2001-03-18,21,388,707,800,604,2605,2512
2001-03-19,21,384,696,790,584,2593,2512
2001-03-20,21,381,688,790,576,2601,2487
2001-03-21,21,371,683,780,560,2624,2450
2001-03-22,21,364,672,780,550,2593,2437
2001-03-23,21,364,656,770,534,2582,2403
2001-03-24,20,357,648,770,538,2570,2388
2001-03-25,20,354,648,760,540,2578,2370
2001-03-26,21,354,637,760,524,2593,2358
2001-03-27,23,354,624,760,508,2605,2355
2001-03-28,27,354,616,892,486,2616,2346
2001-03-29,28,350,616,1132,477,2632,2340
2001-03-30,27,350,608,1139,504,2651,2337
2001-03-31,25,350,600,1017,649,2662,2325
2001-04-01,24,350,600,911,794,2655,2291
2001-04-02,25,350,592,881,782,2639,2266
2001-04-03,30,347,592,1069,703,2651,2263
2001-04-04,28,364,584,1453,643,2662,2310
2001-04-05,26,371,584,1610,649,2670,2417
2001-04-06,26,364,600,1545,817,2685,2477
2001-04-07,26,357,608,1495,990,2662,2480
2001-04-08,24,350,608,1322,975,2628,2450
2001-04-09,22,362,608,1055,895,2609,2410
2001-04-10,21,371,600,882,820,2670,2430
2001-04-11,21,371,600,821,694,2685,2539
2001-04-12,21,352,600,812,629,2685,2611
2001-04-13,20,337,608,812,595,2674,2615
2001-04-14,20,330,608,812,576,2655,2581
2001-04-15,22,323,600,958,584,2639,2512
2001-04-16,37,323,581,1248,588,2616,2440
2001-04-17,47,316,568,1393,620,2589,2379
2001-04-18,47,316,563,1207,773,2558,2340
2001-04-19,29,309,555,1160,1006,2507,2319
2001-04-20,29,309,541,1303,935,2535,2319
2001-04-21,27,308,520,1277,815,2543,2331
2001-04-22,27,362,512,1184,806,2531,2391
2001-04-23,26,371,520,1073,834,2523,2480
2001-04-24,26,371,539,1025,803,2562,2554
2001-04-25,26,368,560,988,751,2628,2558
2001-04-26,26,364,584,930,694,2647,2527
2001-04-27,25,357,605,910,688,2639,2523
2001-04-28,24,350,592,893,680,2620,2523
2001-04-29,23,343,565,881,676,2574,2490
2001-04-30,47,332,557,1308,629,2547,2463
2001-05-01,239,337,544,2982,590,2515,2440
2001-05-02,129,316,544,3147,596,2504,2430
2001-05-03,115,309,536,2352,1162,2480,2410
2001-05-04,89,303,528,2230,2204,2465,2382
2001-05-05,76,303,536,2063,2203,2476,2346
2001-05-06,63,337,544,1657,1959,2681,2304
2001-05-07,74,418,544,1592,1816,3729,2536
2001-05-08,132,495,619,1678,1556,4041,3074
2001-05-09,297,503,810,1790,1365,3993,3354
2001-05-10,315,489,906,2080,1363,3646,3375
2001-05-11,1041,574,914,2170,1836,3566,3288
2001-05-12,1076,640,912,3017,2210,3577,3213
2001-05-13,764,872,942,3125,2342,3769,3148
2001-05-14,512,1415,1006,3362,3088,4194,3235
2001-05-15,335,1837,1121,2577,3382,4717,3446
2001-05-16,240,1725,1471,2720,3727,4895,3650
2001-05-17,181,1458,1743,2387,3443,5194,3994
2001-05-18,175,1197,1860,1987,3060,5533,4395
2001-05-19,207,992,1809,1777,2724,5912,4893
2001-05-20,211,864,1684,1687,2477,6208,5291
2001-05-21,204,782,1577,1630,2159,6483,5412
2001-05-22,169,736,1428,1475,1945,6094,5310
2001-05-23,176,712,1321,1440,1844,5352,5007
2001-05-24,173,694,1284,1457,1696,4784,4731
2001-05-25,213,677,1217,1495,1560,4432,4312
2001-05-26,277,732,1185,1735,1532,4376,4106
2001-05-27,239,740,1159,2180,1660,4318,3957
2001-05-28,392,783,1140,2363,1816,4247,3797
2001-05-29,496,913,1191,2480,2089,4353,3694
2001-05-30,436,1195,1212,2655,2518,4656,3902
2001-05-31,426,1447,1364,2840,2915,4972,4208
2001-06-01,654,1629,1583,2935,3242,5206,4238
2001-06-02,952,1793,1973,3358,4249,5791,4556
2001-06-03,1298,2423,2431,5242,5313,7170,5789
2001-06-04,1831,2769,2544,6912,7483,7640,6568
2001-06-05,2568,2975,2688,8223,9096,8869,7492
2001-06-06,2568,3554,2764,9290,10513,10442,8521
2001-06-07,4323,5031,2988,10390,11470,12367,10492
2001-06-08,4417,5591,3932,10730,12070,13127,12237
2001-06-09,3732,6389,5500,11213,12527,14110,13563
2001-06-10,2862,7136,6351,11630,12947,15123,14603
2001-06-11,2416,7644,7520,12000,13520,16010,16117
2001-06-12,1991,7976,8304,12513,14527,16850,17507
2001-06-13,1677,6429,8472,12043,15800,18837,18683
2001-06-14,1531,5678,7648,9853,16773,21763,20207
2001-06-15,1382,5362,6899,8317,17173,22647,21160
2001-06-16,1208,5496,6584,7360,16103,22930,21870
2001-06-17,1400,5400,6701,6477,14093,23080,22383
2001-06-18,1727,5438,6716,5440,12040,23020,22440
2001-06-19,2134,5419,6584,5300,9853,22357,22310
2001-06-20,2439,5220,6650,5123,8008,20663,21300
2001-06-21,5016,5030,6577,6138,6713,19183,19840
2001-06-22,5374,5166,6044,8007,6414,17900,18357
2001-06-23,4253,6440,5770,9143,6813,16777,17073
2001-06-24,3595,7407,6459,9913,7704,15970,15783
2001-06-25,2857,7588,7816,9940,8851,15470,14917
2001-06-26,2314,6743,8592,9693,9563,16533,14477
2001-06-27,2230,5833,7808,9353,10230,18043,15533
2001-06-28,3279,5021,7077,8463,10640,19737,16940
2001-06-29,3961,4788,6193,8037,10410,20260,17987
2001-06-30,3742,5639,5596,8110,10048,20217,18677
2001-07-01,5646,7011,6090,8663,9474,17510,18880
2001-07-02,4609,10133,7640,9633,9494,16870,18110
2001-07-03,3762,10857,10073,10610,10747,16840,17517
2001-07-04,3093,10367,12060,10450,11647,17697,17493
2001-07-05,2545,9126,11603,9587,12563,20383,18507
2001-07-06,2254,7770,10337,8503,12800,22753,20723
2001-07-07,2496,6995,9509,7562,13043,23507,22523
2001-07-08,2283,6955,8752,6613,13090,23813,22570
2001-07-09,2137,6099,8392,5972,12507,23117,23110
2001-07-10,3569,5782,8000,5963,11410,22720,22767
2001-07-11,4336,6564,7488,6220,10148,22037,22337
2001-07-12,4505,7399,8024,6628,9731,21000,21767
2001-07-13,4612,8081,8968,7525,9586,19673,20273
2001-07-14,4735,8139,9739,8788,9594,19340,19820
2001-07-15,4789,8395,9792,9413,9955,19493,19513
2001-07-16,5189,9246,9584,9767,10550,20040,19883
2001-07-17,4566,10068,10112,10593,11320,20520,20300
2001-07-18,3947,10567,11007,10703,12030,20870,20660
2001-07-19,3733,10353,11723,9587,12553,21577,21067
2001-07-20,4948,9784,11947,8657,12920,22943,22063
2001-07-21,5504,9237,11510,8783,12910,24413,23273
2001-07-22,5683,8977,10880,9713,12640,25593,24350
2001-07-23,4872,9887,10680,10513,12387,25647,24823
2001-07-24,4011,9861,11173,11247,12500,25397,24757
2001-07-25,4612,9248,11880,11460,12887,24507,24217
2001-07-26,5817,8384,11460,12033,13417,24460,23820
2001-07-27,6140,8058,10453,11927,13870,24920,23863
2001-07-28,6480,8600,9648,11310,13930,25367,24173
2001-07-29,7183,8929,9528,11220,13930,24960,24260
2001-07-30,8584,9296,9845,11713,13543,24490,23857
2001-07-31,12350,9822,9877,12190,13183,24240,23650
2001-08-01,12927,10300,10167,12670,13090,24007,23423
2001-08-02,12677,10880,10613,13677,13820,23933,23257
2001-08-03,9821,11597,11120,14847,15617,24150,23287
2001-08-04,7428,12077,11823,15370,17330,24567,23567
2001-08-05,6288,12290,12547,15230,19270,26363,24680
2001-08-06,4915,12133,13570,14710,20593,27743,25920
2001-08-07,4084,11260,13893,13780,22077,29120,27407
2001-08-08,3275,9769,13897,13540,22583,30973,30080
2001-08-09,2784,8129,12173,12887,22413,31640,31260
2001-08-10,2561,6806,10337,11617,21660,32333,32153
2001-08-11,2428,5880,9040,10083,19717,32120,32573
2001-08-12,2132,5250,7632,8060,17377,31227,31820
2001-08-13,2077,4788,6665,7387,14587,30233,30770
2001-08-14,1989,4726,7049,7027,12783,27937,28517
2001-08-15,2043,5156,6467,7000,11630,25413,26387
2001-08-16,2056,5192,6966,7127,10583,23113,24157
2001-08-17,3137,4896,7159,7193,10088,21213,22440
2001-08-18,3705,4744,6540,6865,9550,20040,20943
2001-08-19,3047,5412,6203,6670,9346,19360,19990
2001-08-20,2573,6201,6481,7307,8960,18593,19347
2001-08-21,2312,6099,7504,7943,8722,17587,18433
2001-08-22,3255,5629,8000,7903,9095,17370,17823
2001-08-23,5870,5323,7408,7547,9503,17677,17593
2001-08-24,6532,5699,6936,7837,9565,18097,17793
2001-08-25,6240,7391,6819,8657,9394,18120,18073
2001-08-26,6376,8444,7952,9673,9383,17980,18057
2001-08-27,6376,9299,9192,10650,9624,17747,17880
2001-08-28,5876,10557,10015,11113,10450,18310,17810
2001-08-29,4895,11247,11400,11187,11233,19563,18360
2001-08-30,4094,11467,12837,11040,11993,20863,19497
2001-08-31,3676,10677,13393,10903,12490,22550,20713
2001-09-01,3630,9603,12630,10650,12747,24380,22463
2001-09-02,5072,8564,11623,10020,13100,25190,23613
2001-09-03,5075,7977,10720,9467,13203,25530,24257
2001-09-04,4551,8035,9699,9420,12937,25433,24340
2001-09-05,4950,8370,9200,9893,12563,25010,24020
2001-09-06,4593,8637,9408,10240,12227,24080,23520
2001-09-07,4344,9823,9739,10530,12133,23157,22953
2001-09-08,4154,9681,10507,10797,12263,22930,22483
2001-09-09,4402,8734,11137,10920,12290,22920,22300
2001-09-10,5181,8323,10327,10863,12467,23333,22297
2001-09-11,5943,8564,9835,10583,12773,24550,22643
2001-09-12,5340,9272,10180,10677,12963,23920,22960
2001-09-13,4950,9577,10560,10787,12970,23773,22920
2001-09-14,4844,9296,11107,10843,12840,23993,22900
2001-09-15,4222,8685,11073,10757,12727,24240,23077
2001-09-16,3690,8266,10460,10557,12743,24460,23420
2001-09-17,3267,8081,10187,10330,12770,24627,23693
2001-09-18,2998,8139,9627,10140,12690,24510,23760
2001-09-19,3357,8370,9528,9773,12550,24240,23560
2001-09-20,3131,8613,9480,9287,12403,23600,23187
2001-09-21,3176,8832,9685,9017,12180,22930,22833
2001-09-22,2642,8220,9931,8968,12040,22780,22600
2001-09-23,2723,7419,9536,8778,11647,22780,22390
2001-09-24,2618,7006,9272,8337,11283,22690,22370
2001-09-25,2519,6597,8400,8103,10960,22507,22260
2001-09-26,2349,6211,7720,8003,10590,22133,21910
2001-09-27,2223,5783,7221,7675,10190,21363,21360
2001-09-28,2090,5457,6936,7097,9832,20470,20613
2001-09-29,2056,5238,6613,6555,9514,19523,19913
2001-09-30,1981,5030,6313,6510,9190,18943,19410
2001-10-01,1947,4923,6159,6393,8722,17933,18740
2001-10-02,2640,5003,5884,6427,8312,17000,17967
2001-10-03,5440,4959,6268,6887,8056,16210,17313
2001-10-04,6436,6038,6973,8117,8232,16000,16677
2001-10-05,6019,9027,7251,9507,9282,16047,16230
2001-10-06,5344,9991,9184,10237,11003,16810,16267
2001-10-07,4593,10327,10900,10373,11920,17937,16983
2001-10-08,4121,10247,11283,10693,12470,20473,18077
2001-10-09,3661,9809,11273,10763,12860,22533,20087
2001-10-10,3237,9245,11167,10617,13120,24083,22470
2001-10-11,3815,9075,10583,10210,13263,24943,23690
2001-10-12,3861,8277,10497,9653,13380,25230,23920
2001-10-13,3723,7955,9793,9292,13260,24867,23960
2001-10-14,3222,7839,9168,8690,13110,24540,23883
2001-10-15,2878,7781,9304,8183,12620,24220,23673
2001-10-16,2474,6816,9573,7478,12020,24003,23273
2001-10-17,2298,6775,8976,6732,11320,23587,22930
2001-10-18,2204,5687,8408,6473,10460,22840,22997
2001-10-19,2587,6130,7816,6590,9685,22440,22537
2001-10-20,2372,5620,7688,6347,9630,21823,21397
2001-10-21,2194,5495,7632,5840,9741,20223,20270
2001-10-22,2119,5372,7196,6233,9406,19147,19343
2001-10-23,1934,5030,6965,5748,8881,18987,18987
2001-10-24,1628,4647,6606,5267,8542,18380,18710
2001-10-25,1460,4282,5884,4740,7960,17643,18180
2001-10-26,1394,3992,5362,4450,7331,16930,17737
2001-10-27,1284,3789,5077,4335,7013,16263,17260
2001-10-28,1218,3560,4811,4192,7087,15373,16497
2001-10-29,1165,3377,4555,3987,7060,14777,15623
2001-10-30,1105,3453,4267,3920,7020,14560,14937
2001-10-31,1076,3644,4315,3947,7020,14520,14590
2001-11-01,1266,4000,4480,4147,7087,14363,14667
2001-11-02,1090,4075,4965,4610,7367,14160,14303
2001-11-03,1076,4182,5374,5250,8392,14050,13820
2001-11-04,1018,4058,5374,5883,9108,14730,13770
2001-11-05,904,3713,5320,6087,9496,15607,14517
2001-11-06,821,3393,5029,5342,9473,16307,15570
2001-11-07,754,3158,4528,4540,8966,16870,16327
2001-11-08,699,2961,4123,3852,7936,16710,16520
2001-11-09,651,2856,3787,3665,6853,16220,16187
2001-11-10,602,2856,3468,3463,6054,15483,15230
2001-11-11,553,2870,3372,3335,5563,13523,13923
2001-11-12,535,2808,3559,3357,4969,12360,12740
2001-11-13,499,2695,3599,3190,4787,11283,11590
2001-11-14,472,2510,3492,3037,4685,10367,10900
2001-11-15,445,2384,3376,2993,4594,9747,10570
2001-11-16,430,2304,3204,2885,4397,9531,10260
2001-11-17,420,2230,3068,2760,4184,9335,9877
2001-11-18,469,2174,2964,2633,3981,9098,9453
2001-11-19,431,2111,2780,2607,3858,8879,8970
2001-11-20,410,2076,2632,2567,3625,8794,8670
2001-11-21,372,2062,2520,2633,3522,8708,8295
2001-11-22,337,2005,2476,2630,3489,8622,8004
2001-11-23,322,1942,2420,2515,3461,8487,7665
2001-11-24,351,1858,2397,2387,3433,8407,7322
2001-11-25,315,1809,2340,2320,3303,8378,6794
2001-11-26,280,1747,2297,2257,3139,8292,6669
2001-11-27,257,1712,2213,2230,3004,8226,6515
2001-11-28,236,1689,2167,2220,2906,8198,6286
2001-11-29,220,1629,2120,2217,2859,8170,6038
2001-11-30,204,1558,2090,2187,2775,8113,5895
2001-12-01,192,1535,2037,2170,2654,8043,5767
2001-12-02,176,1500,1977,2147,2556,7595,5652
2001-12-03,163,1441,1930,2117,2498,7157,5507
2001-12-04,145,1411,1892,2103,2443,6939,5383
2001-12-05,133,1387,1865,2077,2354,6866,5245
2001-12-06,125,1352,1836,2027,2296,6796,5144
2001-12-07,117,1317,1809,1953,2288,6783,5036
2001-12-08,105,1302,1785,1877,2247,6732,4979
2001-12-09,99,1268,1761,1850,2214,6719,4979
2001-12-10,96,1234,1729,1783,2159,6683,4950
2001-12-11,91,1204,1708,1730,2104,6660,4857
2001-12-12,87,1185,1689,1698,2031,6613,4754
2001-12-13,83,1160,1671,1690,2005,6601,4668
2001-12-14,79,1131,1641,1685,1983,6572,4547
2001-12-15,76,1112,1625,1672,1943,6560,4460
2001-12-16,72,1087,1604,1663,1906,6537,4372
2001-12-17,68,1058,1588,1648,1836,6504,4332
2001-12-18,65,1034,1569,1638,1796,6462,4264
2001-12-19,61,1025,1551,1620,1752,6448,4191
2001-12-20,60,1000,1529,1610,1712,6420,4126
2001-12-21,58,976,1508,1595,1684,6378,4113
2001-12-22,55,952,1492,1540,1648,6357,4077
2001-12-23,53,931,1471,1465,1576,6315,4050
2001-12-24,50,904,1452,1427,1556,6294,3993
2001-12-25,48,876,1433,1397,1532,6244,3979
2001-12-26,45,845,1420,1360,1484,6186,3881
2001-12-27,44,841,1404,1335,1436,5961,3829
2001-12-28,42,833,1396,1315,1412,6025,3754
2001-12-29,39,806,1377,1302,1389,6008,3718
2001-12-30,37,794,1361,1287,1357,5996,3652
2001-12-31,37,794,1345,1280,1333,5975,3602
2002-01-01,7,783,1332,1277,1312,5969,3896
2002-01-02,6,771,1321,1257,1296,5932,3866
2002-01-03,4,759,1305,1240,1267,5864,3806
2002-01-04,2,747,1289,1230,1248,5846,3763
2002-01-05,0,736,1273,1220,1240,5809,3725
2002-01-06,0,736,1257,1200,1224,5790,3702
2002-01-07,0,724,1241,1189,1200,5769,3660
2002-01-08,0,712,1233,1176,1171,5748,3627
2002-01-09,0,700,1220,1176,1149,5705,3595
2002-01-10,4,688,1220,1165,1133,5684,3548
2002-01-11,1,677,1212,1149,1112,5677,3506
2002-01-12,0,665,1204,1144,1104,5642,3487
2002-01-13,0,665,1193,1128,1104,5599,3455
2002-01-14,0,653,1185,1120,1096,5585,3436
2002-01-15,0,653,1177,1097,1096,5566,3413
2002-01-16,0,644,1164,1085,1096,5542,3394
2002-01-17,0,635,1156,1078,1093,5525,3380
2002-01-18,0,629,1156,1071,1059,5507,3357
2002-01-19,0,617,1148,1059,1024,5483,3338
2002-01-20,0,617,1140,1057,965,5453,3338
2002-01-21,0,617,1129,1050,920,5430,3324
2002-01-22,0,608,1121,1045,870,5406,3282
2002-01-23,0,603,1105,1045,841,5388,3249
2002-01-24,0,590,1098,1092,822,5364,3217
2002-01-25,2,580,1090,1106,908,5346,3175
2002-01-26,2,580,1082,1293,1101,5316,3128
2002-01-27,9,571,1076,1593,1179,5292,3081
2002-01-28,14,571,1076,1777,1240,5262,3067
2002-01-29,0,571,1076,1817,1341,5310,3058
2002-01-30,0,568,1076,1663,1556,5406,3114
2002-01-31,0,617,1070,1580,1592,5489,3198
2002-02-01,0,638,1092,1330,1349,5477,3287
2002-02-02,0,626,1127,1205,1168,5525,3352
2002-02-03,0,617,1151,1147,1021,5548,3436
2002-02-04,0,599,1172,1120,945,5548,3501
2002-02-05,0,571,1156,1094,870,5525,3445
2002-02-06,0,550,1137,1069,838,5507,3329
2002-02-07,0,534,1113,1035,829,5418,3240
2002-02-08,0,525,1094,1022,808,5239,3119
2002-02-09,0,516,1082,1002,780,4562,3058
2002-02-10,0,507,1070,980,748,4531,3002
2002-02-11,0,498,1058,970,716,4487,2951
2002-02-12,0,480,1058,957,688,4413,2923
2002-02-13,0,462,1046,930,654,4382,2876
2002-02-14,0,453,1040,930,644,4371,2825
2002-02-15,0,434,1026,930,640,4347,2801
2002-02-16,0,418,1006,930,636,4306,2750
2002-02-17,0,411,986,950,636,4146,2717
2002-02-18,0,405,962,950,636,4133,2708
2002-02-19,0,405,942,940,636,4095,2666
2002-02-20,0,398,930,930,636,4108,2638
2002-02-21,0,398,920,930,631,4108,2610
2002-02-22,0,391,914,930,623,4071,2601
2002-02-23,0,391,908,930,616,4041,2596
2002-02-24,0,384,908,930,612,4023,2577
2002-02-25,0,384,902,930,608,4005,2554
2002-02-26,0,384,902,930,607,3963,2535
2002-02-27,0,377,896,920,600,3933,2498
2002-02-28,0,377,896,910,603,3902,2489
2002-03-01,0,371,890,910,600,3893,2465
2002-03-02,0,371,890,910,594,3889,2442
2002-03-03,0,364,890,920,588,3876,2428
2002-03-04,0,364,884,1022,572,3867,2414
2002-03-05,0,360,878,1012,585,3863,2400
2002-03-06,0,357,878,953,645,3833,2384
2002-03-07,0,357,872,940,682,3786,2360
2002-03-08,0,354,866,930,632,3767,2340
2002-03-09,0,354,860,930,601,3743,2328
2002-03-10,0,350,854,920,576,3730,2376
2002-03-11,0,350,848,923,623,3743,2423
2002-03-12,0,347,842,967,732,3799,2414
2002-03-13,0,347,842,943,751,3786,2364
2002-03-14,0,343,836,930,699,3786,2340
2002-03-15,0,343,834,903,640,3773,2328
2002-03-16,0,343,828,893,592,3810,2384
2002-03-17,0,337,816,893,566,3945,2465
2002-03-18,0,330,804,886,528,3947,2470
2002-03-19,0,330,800,879,522,3825,2405
2002-03-20,0,323,789,879,516,3808,2352
2002-03-21,0,323,781,1057,522,3799,2280
2002-03-22,0,320,768,1163,579,3767,2228
2002-03-23,0,316,760,1111,654,3674,2192
2002-03-24,0,313,755,1047,682,3637,2156
2002-03-25,0,313,752,1018,640,3656,2164
2002-03-26,0,307,744,983,599,3724,2184
2002-03-27,0,303,741,970,556,3749,2224
2002-03-28,0,299,736,1000,552,3767,2316
2002-03-29,0,296,728,1082,558,3755,2304
2002-03-30,0,292,728,1438,604,3699,2268
2002-03-31,0,309,736,1743,691,3558,2220
2002-04-01,0,320,744,1753,1057,3566,2172
2002-04-02,0,333,739,1712,1224,3600,2160
2002-04-03,0,349,728,1660,1253,3731,2196
2002-04-04,0,398,720,1643,1301,4196,2264
2002-04-05,0,418,725,1610,1251,4437,2343
2002-04-06,0,415,771,1585,1096,4568,2661
2002-04-07,0,410,816,1490,925,4604,2778
2002-04-08,0,399,836,1373,774,4622,2843
2002-04-09,0,393,830,1343,692,4481,2871
2002-04-10,0,374,828,1325,711,4406,2867
2002-04-11,0,343,812,1315,769,4371,2741
2002-04-12,0,333,792,1312,719,4288,2633
2002-04-13,0,321,768,1310,676,4125,2596
2002-04-14,0,316,749,1320,662,4191,2507
2002-04-15,0,316,736,1430,778,4059,2498
2002-04-16,0,309,723,1670,1333,4029,2470
2002-04-17,0,309,720,1642,1568,3975,2428
2002-04-18,0,307,712,1493,1376,3987,2396
2002-04-19,0,303,704,1292,1117,4291,2419
2002-04-20,0,303,696,1199,940,4783,2680
2002-04-21,37,303,696,2125,817,4949,2918
2002-04-22,41,303,704,4200,926,4691,2965
2002-04-23,33,296,701,4880,1874,4494,2862
2002-04-24,0,296,696,3808,3503,4230,2736
2002-04-25,0,316,688,2963,4087,4338,2647
2002-04-26,0,405,672,2383,3452,5141,2647
2002-04-27,0,459,672,2233,2953,7102,3291
2002-04-28,0,462,701,2180,2174,7273,4364
2002-04-29,0,434,768,1857,1872,6869,4928
2002-04-30,0,400,824,1810,1640,6300,4898
2002-05-01,0,379,836,1943,1504,5792,4442
2002-05-02,7,369,824,1850,1448,5358,4028
2002-05-03,45,362,800,1930,1484,5221,3688
2002-05-04,50,355,781,2220,1464,5152,3506
2002-05-05,19,352,760,2117,1424,5047,3380
2002-05-06,0,386,752,1827,1592,5036,3282
2002-05-07,0,471,749,1790,1732,5018,3240
2002-05-08,0,565,752,2267,1604,4995,3226
2002-05-09,2,587,789,2037,1468,5007,3198
2002-05-10,0,577,860,1803,1592,5194,3203
2002-05-11,0,559,926,1698,1680,5111,3268
2002-05-12,72,519,956,1603,1516,5074,3282
2002-05-13,487,513,936,1577,1401,5286,3226
2002-05-14,936,510,926,3367,1365,5382,3259
2002-05-15,385,568,910,6783,1380,5370,3389
2002-05-16,134,835,902,6105,2118,5292,3413
2002-05-17,106,1629,922,4685,4321,5364,3436
2002-05-18,63,1763,980,3055,5182,5532,3651
2002-05-19,59,1500,1345,2570,4766,6886,4748
2002-05-20,71,1335,1777,1963,3795,9259,6013
2002-05-21,63,1258,1748,1900,3046,9352,7033
2002-05-22,258,1136,1700,2555,2635,9016,7150
2002-05-23,883,1010,1735,5643,2361,8479,7047
2002-05-24,863,927,1655,7332,2607,8056,6495
2002-05-25,443,933,1617,7680,4283,7844,5973
2002-05-26,357,1391,1505,6795,6033,7607,5609
2002-05-27,142,2104,1439,5813,6733,8146,5438
2002-05-28,255,2020,1596,5040,6174,9971,5953
2002-05-29,287,1732,1983,3858,5686,10893,7282
2002-05-30,247,1529,2110,4210,4741,11203,8382
2002-05-31,150,1470,2033,4595,4118,11027,8820
2002-06-01,137,1594,1883,4335,3971,10520,8811
2002-06-02,233,1570,1788,3760,4184,9836,8382
2002-06-03,150,1506,1828,3500,4113,9410,7788
2002-06-04,148,1335,1836,3700,3727,9229,7282
2002-06-05,148,1253,1788,3933,3424,9352,7084
2002-06-06,129,1317,1748,3973,3368,9175,7062
2002-06-07,137,1364,1660,3790,3517,8815,7033
2002-06-08,127,1375,1641,3715,3573,8533,6710
2002-06-09,127,1388,1729,3740,3508,8313,6300
2002-06-10,117,1488,1721,3958,3415,8190,6260
2002-06-11,115,1529,1705,4290,3410,8177,6193
2002-06-12,146,1523,1761,4370,3606,8113,6160
2002-06-13,483,1476,1825,4050,3807,8120,6160
2002-06-14,778,1458,1841,3930,3910,8299,6140
2002-06-15,1170,1746,1807,4365,3821,8527,6160
2002-06-16,1692,2322,1772,5853,3676,8951,6407
2002-06-17,2540,3066,1872,7397,3890,9459,6659
2002-06-18,2279,3819,2163,9000,4787,8872,6842
2002-06-19,2156,4787,2852,9547,5951,8793,6864
2002-06-20,2032,5706,3767,9997,7027,9650,6703
2002-06-21,2193,6099,4901,10177,7952,11287,7223
2002-06-22,4167,6669,5818,10617,8661,13197,8715
2002-06-23,5040,7862,6335,11673,9319,14517,10793
2002-06-24,4413,8672,7287,11720,9747,16090,13220
2002-06-25,3233,9900,9251,12430,10350,17120,14847
2002-06-26,2427,9539,10720,12417,10837,18270,16217
2002-06-27,2182,8340,10590,12210,11500,20133,17947
2002-06-28,2035,6990,9999,11433,11973,22667,19520
2002-06-29,1940,6020,8544,10517,12190,22260,21123
2002-06-30,1776,5315,7150,9833,12087,22243,21683
2002-07-01,1892,4950,6287,9793,11740,21907,21653
2002-07-02,1880,5412,5584,10087,11247,20863,21053
2002-07-03,2098,6429,5506,10700,10850,20093,20193
2002-07-04,3000,6865,6317,10893,10770,19587,19213
2002-07-05,4480,6749,7244,10753,10770,19120,18347
2002-07-06,4880,6943,7472,10603,10820,18750,17693
2002-07-07,4593,7758,7320,10770,10840,18923,17627
2002-07-08,5180,8430,7648,11087,10810,19217,18320
2002-07-09,5620,8807,8536,11720,10783,19450,18720
2002-07-10,5730,9474,9008,12020,11050,19590,18907
2002-07-11,5190,10093,9600,12500,11470,20223,19280
2002-07-12,5513,10433,10350,13290,12077,21403,20043
2002-07-13,5550,10817,10933,13550,12650,21983,20860
2002-07-14,5030,10937,11603,14100,13470,22587,21783
2002-07-15,4903,11137,11543,14150,14230,23970,22907
2002-07-16,4400,11203,11723,14150,15347,24727,23857
2002-07-17,3693,11553,12027,13700,16563,25737,24923
2002-07-18,3333,11070,12170,13440,17583,26577,25917
2002-07-19,4255,10570,12080,13103,17710,27283,26827
2002-07-20,5388,9732,11527,11970,17343,27620,27463
2002-07-21,8298,9526,11020,11570,16470,27910,28180
2002-07-22,10448,10237,10433,11233,15250,28227,28557
2002-07-23,12243,11667,10647,12517,14130,28000,28670
2002-07-24,12800,12960,11640,13993,13540,27680,28670
2002-07-25,13043,14247,12767,15220,13480,27227,28180
2002-07-26,12863,15597,14077,16060,13887,27147,27440
2002-07-27,12527,17107,15443,16750,15177,27610,27480
2002-07-28,11980,19193,16057,16740,17173,28353,28070
2002-07-29,11103,20170,17333,16420,19820,29897,29510
2002-07-30,10127,21303,18370,16050,22200,31403,30910
2002-07-31,8500,21500,18827,15450,23257,32680,32570
2002-08-01,7053,21060,18930,14563,23860,33677,35060
2002-08-02,6935,20250,18890,13903,23983,35050,35720
2002-08-03,6040,19377,18847,13360,24453,36863,37687
2002-08-04,4870,18640,18543,13270,24680,38873,39240
2002-08-05,4022,17820,18273,12847,23960,39710,40560
2002-08-06,3508,16130,17813,12350,23150,40057,41380
2002-08-07,3095,14107,16933,11540,22583,40120,41600
2002-08-08,2660,11640,15733,10653,21840,39887,41720
2002-08-09,2418,9595,14050,9867,19820,39093,41160
2002-08-10,4167,8094,12227,8790,17840,38180,40220
2002-08-11,6343,7712,11090,8530,15490,37103,39100
2002-08-12,9468,9739,9866,8577,13367,35400,37550
2002-08-13,10883,13617,10793,10193,12173,32417,35197
2002-08-14,11393,16703,14050,11843,11687,29780,32837
2002-08-15,10923,20767,16550,13080,12150,28477,30807
2002-08-16,10157,24327,18627,13880,13070,28930,30180
2002-08-17,8900,26370,20553,14027,14033,30430,31500
2002-08-18,8195,26443,21703,13797,15537,32347,33133
2002-08-19,7253,25587,22020,13520,17060,34580,34467
2002-08-20,6038,24220,21837,13350,18337,36927,36560
2002-08-21,4607,22643,20833,13550,19183,39190,39120
2002-08-22,3767,21050,20390,13620,19760,40567,41460
2002-08-23,3110,19353,19867,13450,19997,41320,42000
2002-08-24,2705,17107,19350,12620,20080,41387,43500
2002-08-25,2555,14593,18453,12177,19997,41040,43160
2002-08-26,2295,11577,17347,11927,19120,40800,42680
2002-08-27,2158,9339,15177,10827,17953,40007,42300
2002-08-28,2035,8069,12997,9587,16327,39360,41380
2002-08-29,1973,6952,11860,9083,14300,38027,40560
2002-08-30,2036,6099,10211,8477,12793,36173,38800
2002-08-31,2078,5567,9152,7797,11500,33590,38673
2002-09-01,1792,5324,8320,7387,10330,30367,33557
2002-09-02,1622,5324,7488,7113,9377,27127,30313
2002-09-03,1523,4860,7068,7002,8655,24070,26667
2002-09-04,1368,4429,6613,6890,8096,22167,23753
2002-09-05,1337,4149,5986,6837,7523,20910,21563
2002-09-06,1298,3904,5350,6698,6907,20713,20890
2002-09-07,1222,3755,4971,6025,6500,20530,21167
2002-09-08,1101,3682,4944,5803,6224,20123,21340
2002-09-09,1050,3670,4939,5447,6066,19180,19867
2002-09-10,1027,3768,5443,5360,5915,19937,19373
2002-09-11,922,4450,8176,5347,5818,18900,18320
2002-09-12,867,4237,10153,4480,5757,19207,17293
2002-09-13,833,3613,10227,4010,5504,20383,17387
2002-09-14,817,3288,8984,3977,5217,20437,18400
2002-09-15,773,3109,7479,3915,5157,20293,18600
2002-09-16,753,3003,5614,3810,4984,19323,18187
2002-09-17,777,3200,4667,3858,4964,17483,16960
2002-09-18,732,3340,4613,4007,5086,15650,15840
2002-09-19,630,3340,4688,4190,5240,15010,14300
2002-09-20,713,3193,5321,4495,5781,15130,13960
2002-09-21,713,3137,4965,5347,6218,15687,13960
2002-09-22,615,3116,5196,5693,6401,17393,14367
2002-09-23,914,3270,5848,4895,6248,18490,16447
2002-09-24,1123,4381,5968,4590,5842,17300,16397
2002-09-25,2708,5214,6951,4305,5234,16870,15453
2002-09-26,2763,5907,7185,5083,5035,16600,15167
2002-09-27,2304,6191,8128,7447,5223,16900,14880
2002-09-28,2188,7552,8544,7600,6613,17020,15007
2002-09-29,3447,6890,10047,7327,7768,17393,15050
2002-09-30,4830,6140,9120,7207,8168,18763,15463
2002-10-01,5137,6849,8136,8100,8104,20433,16987
2002-10-02,4523,7885,7832,10333,8256,20643,18627
2002-10-03,3397,8231,8808,11097,9044,20057,18733
2002-10-04,2492,8313,9336,11260,9910,19933,18293
2002-10-05,2088,7465,9488,10670,10827,20953,18400
2002-10-06,1722,6902,9016,10013,11413,22353,19533
2002-10-07,1519,5862,8032,9307,11480,23440,21007
2002-10-08,1319,5260,7280,8892,11050,23733,22037
2002-10-09,1202,4383,6496,8210,10047,22920,22093
2002-10-10,1066,3889,5710,6855,8987,21770,21150
2002-10-11,970,3651,4955,5717,7600,20177,19933
2002-10-12,917,3464,4320,4942,6402,18200,18387
2002-10-13,852,3228,3947,4058,5495,15857,16480
2002-10-14,743,2989,3631,3900,4873,14010,14823
2002-10-15,720,2828,3508,3865,4508,12920,13173
2002-10-16,732,2755,3488,3830,4315,12077,11860
2002-10-17,692,2669,3480,3720,4148,12353,11137
2002-10-18,670,2589,3909,3640,3976,11797,11073
2002-10-19,698,2715,3925,3570,3853,11380,10483
2002-10-20,685,2662,3600,3510,3853,11290,9849
2002-10-21,722,2622,3456,3720,4179,11050,9710
2002-10-22,717,2775,3372,4975,4503,10843,9441
2002-10-23,638,2947,3312,5450,5030,10877,8921
2002-10-24,568,2884,3384,5270,5799,11090,9155
2002-10-25,490,2722,3576,4820,5957,11457,9381
2002-10-26,465,2636,3548,3970,5571,12060,9736
2002-10-27,423,2314,3384,3670,4939,12470,10343
2002-10-28,390,2209,3324,3450,4392,12583,10840
2002-10-29,377,2146,3304,3210,4072,11667,10913
2002-10-30,360,1984,3124,3053,4184,10997,10277
2002-10-31,330,1928,2868,2923,3931,10363,9554
2002-11-01,303,1823,2648,2765,3746,10160,8999
2002-11-02,275,1761,2496,2617,3508,9755,8705
2002-11-03,260,1683,2444,2495,3256,9521,8426
2002-11-04,243,1594,2432,2450,3116,9121,8177
2002-11-05,230,1529,2373,2377,2939,8972,8030
2002-11-06,218,1529,2290,2333,2817,8520,7605
2002-11-07,190,1576,2220,2300,2701,8313,7297
2002-11-08,167,1500,2187,2280,2579,8082,7135
2002-11-09,157,1393,2177,2277,2462,7908,6923
2002-11-10,149,1317,2167,2257,2321,7728,6645
2002-11-11,147,1273,2097,2220,2287,7572,6380
2002-11-12,146,1229,2043,2173,2240,7454,6220
2002-11-13,148,1195,1987,2130,2166,7351,6100
2002-11-14,178,1180,1950,2080,2115,7095,5927
2002-11-15,160,1195,1927,2050,2093,6933,5800
2002-11-16,195,1209,1900,2023,2082,6860,5693
2002-11-17,175,1224,1892,2680,2075,6751,5516
2002-11-18,144,1195,1884,3897,2322,6630,5474
2002-11-19,136,1180,1884,3285,3275,6560,5384
2002-11-20,134,1165,1879,2482,3508,6619,5324
2002-11-21,130,1121,1857,2187,3013,7089,5300
2002-11-22,129,1058,1828,2033,2449,7493,5637
2002-11-23,128,1005,1804,1943,2196,7253,6033
2002-11-24,127,948,1783,1873,2012,6888,6100
2002-11-25,127,900,1743,1837,1917,6453,5860
2002-11-26,127,857,1703,1817,1889,6272,5462
2002-11-27,126,864,1687,1807,2429,6129,5216
2002-11-28,125,841,1665,1770,2654,6079,5186
2002-11-29,122,829,1647,1720,2509,6364,5186
2002-11-30,121,829,1639,1695,2297,6630,5228
2002-12-01,119,829,1623,1687,2262,6607,5450
2002-12-02,118,827,1612,1672,2240,6399,5456
2002-12-03,118,800,1593,1663,2155,6165,5402
2002-12-04,115,794,1580,1655,1990,6143,5240
2002-12-05,114,753,1564,1650,1858,6075,5162
2002-12-06,114,736,1540,1637,1732,6025,5042
2002-12-07,113,724,1524,1630,1608,5864,4934
2002-12-08,113,712,1500,1625,1532,5691,4808
2002-12-09,113,700,1489,1625,1492,5459,4664
2002-12-10,112,677,1471,1620,1424,5400,4490
2002-12-11,111,653,1449,1605,1376,5310,4340
2002-12-12,110,644,1431,1555,1336,5221,4250
2002-12-13,110,626,1417,1510,1301,5194,4178
2002-12-14,109,608,1401,1443,1275,5132,4118
2002-12-15,109,580,1388,1427,1235,5018,3992
2002-12-16,109,571,1380,1390,1208,4961,3932
2002-12-17,109,571,1364,1353,1184,4909,3920
2002-12-18,109,562,1340,1343,1160,4839,3854
2002-12-19,109,562,1316,1325,1131,4800,3791
2002-12-20,109,553,1300,1308,1117,4760,3767
2002-12-21,110,544,1292,1287,1104,4743,3767
2002-12-22,110,534,1284,1267,1093,4702,3660
2002-12-23,110,525,1268,1260,1088,4673,3613
2002-12-24,109,516,1260,1260,1125,4610,3585
2002-12-25,109,516,1252,1250,1179,4574,3557
2002-12-26,108,507,1244,1240,1192,4531,3529
2002-12-27,104,507,1236,1201,1160,4518,3501
2002-12-28,102,498,1228,1171,1125,4555,3487
2002-12-29,100,498,1228,1157,1083,4656,3459
2002-12-30,95,489,1220,1133,1051,4650,3389
2002-12-31,94,480,1212,1113,1016,4586,3282
2003-01-01,92,468,1204,1085,960,4568,3254
2003-01-02,92,448,1196,1057,905,4550,3235
2003-01-03,91,434,1191,1045,860,4475,3165
2003-01-04,85,425,1183,1035,848,4437,3142
2003-01-05,83,418,1169,1035,829,4394,3133
2003-01-06,84,411,1153,1035,820,4376,3095
2003-01-07,83,405,1132,1030,806,4312,3044
2003-01-08,81,398,1116,1025,782,4258,2993
2003-01-09,80,391,1108,1025,740,4219,2969
2003-01-10,77,384,1100,1020,732,4206,2960
2003-01-11,74,384,1100,1020,732,4185,2913
2003-01-12,72,377,1094,1020,751,4163,2890
2003-01-13,69,371,1084,1015,753,4150,2876
2003-01-14,67,364,1082,1015,724,4125,2862
2003-01-15,65,357,1078,1015,694,4083,2848
2003-01-16,64,357,1076,1015,670,4023,2848
2003-01-17,62,357,1070,1015,656,3951,2834
2003-01-18,61,350,1064,1010,637,3933,2820
2003-01-19,60,343,1058,1010,625,3915,2820
2003-01-20,58,337,1052,1010,616,3915,2783
2003-01-21,57,330,1052,1010,611,3906,2736
2003-01-22,56,323,1046,1010,604,3893,2680
2003-01-23,55,323,1040,1005,600,3880,2624
2003-01-24,54,316,1034,1005,592,3855,2582
2003-01-25,52,316,1028,1005,580,3838,2526
2003-01-26,52,309,1022,1005,570,3808,2493
2003-01-27,52,306,1012,990,562,3790,2465
2003-01-28,52,303,1002,983,550,3786,2456
2003-01-29,52,296,994,960,540,3767,2437
2003-01-30,52,296,992,960,536,3749,2409
2003-01-31,53,289,986,960,556,3712,2400
2003-02-01,53,289,980,960,582,3662,2384
2003-02-02,53,282,974,950,558,3613,2364
2003-02-03,55,275,968,893,536,3596,2352
2003-02-04,54,275,968,872,512,3585,2340
2003-02-05,53,269,958,927,544,3573,2328
2003-02-06,53,269,956,1010,657,3566,2316
2003-02-07,56,262,956,1023,767,3558,2304
2003-02-08,55,262,956,1025,724,3554,2292
2003-02-09,54,255,938,1030,668,3590,2280
2003-02-10,58,255,948,1037,654,3761,2272
2003-02-11,59,255,944,1108,628,3799,2373
2003-02-12,61,262,944,1165,643,3786,2428
2003-02-13,58,262,944,1176,761,3773,2423
2003-02-14,56,269,944,1189,822,3755,2376
2003-02-15,65,275,938,1200,784,3737,2352
2003-02-16,60,282,950,1200,729,3699,2352
2003-02-17,74,282,956,1200,690,3758,2340
2003-02-18,84,274,956,1258,664,3912,2328
2003-02-19,80,275,956,1525,660,3838,2409
2003-02-20,67,269,952,1468,740,3784,2465
2003-02-21,56,269,944,1263,856,3749,2461
2003-02-22,52,275,938,1124,1000,3730,2414
2003-02-23,51,275,932,1042,863,3850,2384
2003-02-24,50,269,932,1035,740,3981,2344
2003-02-25,50,269,932,1030,664,4005,2340
2003-02-26,50,262,932,1030,642,3951,2507
2003-02-27,51,262,926,1025,654,3889,2619
2003-02-28,50,262,926,1020,678,3838,2624
2003-03-01,50,255,922,1018,674,3821,2582
2003-03-02,51,255,920,1002,627,3795,2484
2003-03-03,49,255,914,990,590,3755,2376
2003-03-04,48,255,914,963,548,3712,2316
2003-03-05,47,253,908,950,536,3643,2304
2003-03-06,46,253,906,950,546,3619,2292
2003-03-07,44,250,902,950,540,3577,2288
2003-03-08,43,250,902,940,528,3566,2264
2003-03-09,43,248,902,940,506,3543,2240
2003-03-10,42,243,896,930,486,3531,2216
2003-03-11,41,233,890,920,564,3520,2196
2003-03-12,39,228,890,920,641,3489,2148
2003-03-13,38,223,888,920,635,3474,2100
2003-03-14,37,218,884,920,578,3474,2052
2003-03-15,41,216,878,910,516,3462,2040
2003-03-16,41,213,878,910,473,3451,2064
2003-03-17,41,210,872,910,457,3440,2192
2003-03-18,53,208,866,940,447,3429,2220
2003-03-19,56,208,864,1051,457,3406,2148
2003-03-20,49,205,854,1335,567,3338,2088
2003-03-21,52,205,854,1550,695,3280,2016
2003-03-22,49,203,848,1515,721,3286,1956
2003-03-23,48,203,840,1343,708,3372,1920
2003-03-24,44,203,836,1292,740,3485,1908
2003-03-25,41,211,830,1237,748,3527,2024
2003-03-26,35,213,832,1160,745,3527,2160
2003-03-27,33,220,818,1144,706,3554,2220
2003-03-28,32,210,848,1136,651,3566,2244
2003-03-29,30,210,844,1128,616,3577,2268
2003-03-30,30,205,836,1120,576,3589,2268
2003-03-31,34,200,830,1104,566,3543,2268
2003-04-01,40,195,830,1106,564,3489,2244
2003-04-02,43,193,824,1155,562,3458,2220
2003-04-03,49,190,818,1211,538,3440,2184
2003-04-04,64,188,806,1327,546,3429,2136
2003-04-05,93,185,800,1783,568,3417,2108
2003-04-06,110,185,792,2298,615,3395,2088
2003-04-07,95,183,792,2338,779,3383,2040
2003-04-08,65,193,781,2277,1219,3398,2028
2003-04-09,54,203,776,2153,1456,3489,2024
2003-04-10,46,210,765,1943,1349,3661,2188
2003-04-11,41,225,752,1860,1144,3928,2188
2003-04-12,37,249,763,1753,955,4197,2356
2003-04-13,36,249,792,1720,834,4185,2549
2003-04-14,44,244,814,1622,799,4159,2722
2003-04-15,98,211,832,1560,761,4133,2815
2003-04-16,130,189,834,1678,699,3993,2699
2003-04-17,107,177,818,2615,652,3917,2535
2003-04-18,110,180,797,2093,773,3876,2419
2003-04-19,192,187,779,1880,1413,3821,2376
2003-04-20,192,226,763,1843,1688,3812,2304
2003-04-21,135,334,744,2353,1512,3892,2232
2003-04-22,119,351,763,2825,1516,4505,2232
2003-04-23,110,430,814,2753,1800,5085,2400
2003-04-24,117,574,848,1897,1924,5095,2708
2003-04-25,140,562,908,2500,1736,5100,2974
2003-04-26,127,559,986,2945,1500,5142,2955
2003-04-27,112,426,1030,2438,1644,5382,3063
2003-04-28,109,405,1086,1963,1966,5566,3235
2003-04-29,106,418,1052,1712,2010,5599,3254
2003-04-30,95,453,1014,1662,1736,5733,3231
2003-05-01,107,418,994,1647,1449,5957,3245
2003-05-02,115,389,1022,1640,1333,6136,3445
2003-05-03,121,359,1010,1685,1291,6071,3506
2003-05-04,114,350,1028,2130,1317,5967,3459
2003-05-05,124,377,992,2277,1349,5819,3268
2003-05-06,124,405,962,2500,1456,5600,3128
2003-05-07,115,434,962,2817,1652,5471,3039
2003-05-08,121,453,966,3828,1891,5388,3016
2003-05-09,116,498,1000,4305,2089,5471,3016
2003-05-10,118,507,1040,3220,2724,5656,3100
2003-05-11,116,498,1052,2628,3158,5916,3212
2003-05-12,124,453,1060,2133,2939,6321,3366
2003-05-13,117,434,1070,2053,2317,6855,3753
2003-05-14,112,434,1058,2027,2020,7122,4250
2003-05-15,109,425,1044,1857,1863,6809,4646
2003-05-16,109,498,1040,1813,1696,6566,4778
2003-05-17,105,446,1064,1710,1636,6364,4502
2003-05-18,122,434,1066,1680,1628,6229,4232
2003-05-19,352,405,1106,1947,1568,6042,4022
2003-05-20,169,425,1343,2233,1901,6182,3962
2003-05-21,233,446,1308,3037,2436,7075,3890
2003-05-22,377,544,1220,3215,2962,7075,4556
2003-05-23,144,868,1247,3357,3555,7116,4904
2003-05-24,140,912,1257,3882,3741,7301,4916
2003-05-25,195,914,1444,4000,3976,7454,5054
2003-05-26,230,1015,1500,3673,3991,7702,5390
2003-05-27,170,931,1543,2847,3536,7915,5780
2003-05-28,238,908,1500,2450,3097,8050,6073
2003-05-29,217,939,1495,2353,2761,7858,6213
2003-05-30,166,931,1468,2347,2493,7479,6173
2003-05-31,132,888,1428,3725,2449,7034,5900
2003-06-01,122,876,1428,3242,2701,6815,5660
2003-06-02,110,864,1417,2937,2915,6665,5288
2003-06-03,116,794,1401,2623,2878,6701,5054
2003-06-04,115,759,1460,2127,2451,6874,4988
2003-06-05,131,1020,1793,2080,2170,7324,5060
2003-06-06,865,1165,1983,2043,2133,7432,5493
2003-06-07,1748,1219,2073,2037,2192,7054,5760
2003-06-08,3188,1682,2330,4842,2304,6973,5694
2003-06-09,2862,2668,2183,7998,2635,6993,5694
2003-06-10,2457,4122,2193,9012,4063,7303,5720
2003-06-11,2467,4743,2896,9527,6194,7674,5773
2003-06-12,2388,4717,4187,9840,7459,8618,6200
2003-06-13,2507,4744,4773,9827,8192,10740,6776
2003-06-14,3280,4815,4944,9760,8766,13057,8912
2003-06-15,3340,4842,5072,10187,9159,14267,11400
2003-06-16,2767,4842,5083,10643,9349,15090,13007
2003-06-17,2304,5476,5083,11140,9500,15660,13960
2003-06-18,1663,5448,5404,11200,9894,16027,14653
2003-06-19,1518,5467,5788,11173,10440,16520,15057
2003-06-20,1465,6011,5836,10970,10847,16910,15483
2003-06-21,1539,5672,6279,9740,11220,17573,16427
2003-06-22,1847,5328,6687,8743,11080,18410,17560
2003-06-23,1714,5874,6247,8423,10540,19117,18293
2003-06-24,1678,6191,6120,8337,9679,19410,19013
2003-06-25,3663,5649,6870,8310,9020,19073,19093
2003-06-26,5072,5400,6848,8303,8686,18390,18440
2003-06-27,6453,6119,6364,8417,8622,18230,18093
2003-06-28,8385,7873,6379,8583,8520,18017,17920
2003-06-29,9428,8917,7792,9545,8574,17737,17653
2003-06-30,10205,9835,9016,12147,9052,17807,17600
2003-07-01,11973,10623,9877,12507,9848,18763,17853
2003-07-02,12343,11597,10793,14170,10927,19950,18867
2003-07-03,12530,12867,11720,15117,11957,21383,20257
2003-07-04,13750,13873,12913,15430,13013,22810,21960
2003-07-05,14630,14877,13943,15450,14323,24023,23443
2003-07-06,14287,15877,14733,15420,15943,25387,25100
2003-07-07,13320,17690,15517,15420,17393,26860,26913
2003-07-08,12713,18940,16467,15213,18033,28137,28037
2003-07-09,12540,19700,17387,14787,18640,29217,29670
2003-07-10,12340,20167,18000,14733,18950,30140,30907
2003-07-11,12553,20120,18340,14733,19180,31297,32123
2003-07-12,12440,19930,18447,15103,19160,32240,33200
2003-07-13,12403,19440,18380,15560,19140,32947,34157
2003-07-14,12057,19417,18153,15480,19527,33717,35147
2003-07-15,11343,19617,18027,15277,20273,34120,35850
2003-07-16,10383,20173,18107,15020,20977,34467,36263
2003-07-17,9307,20343,18230,14697,21423,34720,36487
2003-07-18,8010,19877,18330,14543,21573,35103,36767
2003-07-19,7602,18987,18197,14393,21403,35393,37143
2003-07-20,7438,17873,17840,14060,20957,35827,37440
2003-07-21,6595,16617,17253,13670,20487,36047,37813
2003-07-22,6130,15910,16327,12960,19697,36047,37890
2003-07-23,5747,14573,15710,12433,19247,35773,37740
2003-07-24,4717,13500,15037,12387,19630,35323,37477
2003-07-25,3830,12540,14160,12543,18997,34907,36990
2003-07-26,3303,11553,13450,12307,18367,34467,36767
2003-07-27,3103,10370,12790,11813,17777,33640,34347
2003-07-28,2922,8990,12473,9913,16887,32853,35387
2003-07-29,4153,7827,11507,8643,15393,31800,34003
2003-07-30,7372,7028,10027,8517,13673,30970,32950
2003-07-31,8587,9313,9056,9633,12283,29397,31567
2003-08-01,8338,12610,9499,11570,11257,27710,29897
2003-08-02,8195,14103,12780,12267,11273,26047,27177
2003-08-03,7518,14480,14530,12943,12003,24733,24957
2003-08-04,6253,14137,15057,13140,12770,25853,24580
2003-08-05,4655,13807,14783,12820,13560,26997,25900
2003-08-06,3643,13060,14400,12380,14417,28147,27497
2003-08-07,3073,11623,13763,11703,15017,28907,28827
2003-08-08,2910,9644,12603,10557,15130,29113,29657
2003-08-09,3228,7977,11150,8900,14783,29150,30010
2003-08-10,3413,6871,9563,8497,13760,28867,30007
2003-08-11,3837,6345,8512,8003,12557,27943,29243
2003-08-12,3732,6232,7680,8263,11223,26277,27730
2003-08-13,3893,6747,7480,8850,10108,24553,25800
2003-08-14,4033,6898,7632,9970,9522,22973,23673
2003-08-15,4557,7093,7688,10597,9625,21427,21520
2003-08-16,5190,7190,7848,11153,10158,21487,19987
2003-08-17,5510,7465,7992,11903,10837,21460,19253
2003-08-18,6017,8625,8200,12177,11563,21700,19307
2003-08-19,5543,9410,9176,12447,12620,21950,20053
2003-08-20,4740,10107,10163,12353,13197,22153,20437
2003-08-21,4030,10173,11150,12513,13627,23003,21387
2003-08-22,3680,9989,12017,12260,14083,23320,22940
2003-08-23,3538,9161,11693,11780,14530,22280,25023
2003-08-24,3255,8127,11077,11207,14650,23330,26363
2003-08-25,2737,7342,9983,11067,14403,27350,27837
2003-08-26,2610,6878,8960,10983,13867,27257,27857
2003-08-27,2873,6416,8344,10263,13217,26313,27350
2003-08-28,4013,5841,7696,8857,12473,25283,26283
2003-08-29,4703,5658,7054,8390,11713,24073,25180
2003-08-30,5437,6273,6591,8137,10877,22750,23873
2003-08-31,6390,7223,6863,8637,9914,21703,22347
2003-09-01,7113,8315,7688,9017,9444,20637,20813
2003-09-02,7177,9504,8760,9427,9387,19823,19653
2003-09-03,7210,10650,10017,10343,9448,19630,19000
2003-09-04,6877,10923,11267,10820,9842,20360,19013
2003-09-05,5800,11130,11720,11273,10703,21343,19733
2003-09-06,4543,11823,11870,11677,11450,22620,20963
2003-09-07,3800,11960,12423,12187,12010,23587,22317
2003-09-08,3523,11183,12687,11003,12547,24360,23583
2003-09-09,3325,10125,12233,10107,13207,25297,24640
2003-09-10,3140,9359,12077,9407,13270,26300,26043
2003-09-11,2955,9142,12273,8670,13013,27193,27443
2003-09-12,2617,8445,11833,8350,12400,27553,27873
2003-09-13,2480,7611,11193,8203,11657,27543,28290
2003-09-14,2315,6790,11157,7977,10907,26857,28037
2003-09-15,2450,6008,9780,7445,10360,26147,27143
2003-09-16,2325,5649,9120,6962,9877,25310,26300
2003-09-17,2473,5424,8240,6823,9212,24037,25067
2003-09-18,2533,5467,7552,7293,8686,22820,23627
2003-09-19,2428,5869,7090,7573,8665,21323,22093
2003-09-20,2332,5878,7456,7440,8766,20177,20380
2003-09-21,2218,5821,7568,7542,8744,19370,18933
2003-09-22,2123,5744,7424,7877,8737,19040,18253
2003-09-23,2005,6212,7400,7990,9151,19170,18080
2003-09-24,1947,6669,8328,7937,9565,19537,18453
2003-09-25,1867,6161,8488,8243,9761,19850,19227
2003-09-26,1746,5505,8384,8717,9923,20517,19307
2003-09-27,1683,5093,7672,8457,10120,20920,19747
2003-09-28,1731,4815,6929,7658,9964,20933,20160
2003-09-29,1635,4624,6577,6857,9425,20533,20133
2003-09-30,1708,4681,6217,6037,8601,19810,19613
2003-10-01,1700,4761,6064,6253,7856,18783,18827
2003-10-02,1797,4708,6437,6863,7776,17653,18080
2003-10-03,1762,4941,6105,6920,7872,16930,17093
2003-10-04,1847,5084,5956,7017,7736,16840,16480
2003-10-05,2224,5021,6320,7520,7704,16740,16207
2003-10-06,2453,5247,6533,7767,7928,16383,15923
2003-10-07,2255,5496,6591,8050,8184,16820,16000
2003-10-08,1928,5687,6936,8708,8432,17260,16480
2003-10-09,1723,5620,7384,9373,8906,17747,16773
2003-10-10,1642,5183,7209,8690,9410,17803,17120
2003-10-11,2078,4842,6848,8023,9543,18207,17413
2003-10-12,2733,4761,6393,6940,9384,18520,17680
2003-10-13,2752,5419,6028,6343,8622,18380,17960
2003-10-14,2475,6140,6159,9237,7944,18053,18053
2003-10-15,2080,6396,7079,9963,8476,17477,17547
2003-10-16,1873,6212,7688,9997,9400,15900,17147
2003-10-17,1617,5967,7736,8997,10148,17080,16587
2003-10-18,1454,5496,7400,8080,10410,17783,17107
2003-10-19,1338,4653,6841,6600,9925,18167,18040
2003-10-20,1262,4083,6215,5687,9094,18260,18760
2003-10-21,1205,4141,5548,5408,7952,17690,18920
2003-10-22,1172,4042,5452,5257,7173,16697,18507
2003-10-23,1035,3774,5416,4810,6419,15640,17467
2003-10-24,967,3621,4944,4272,5860,14647,15997
2003-10-25,910,3897,4901,3665,5654,14200,14813
2003-10-26,880,3441,4923,3263,5444,13703,13930
2003-10-27,919,3342,5266,3003,5121,13197,13170
2003-10-28,872,3021,4827,2855,4822,12927,12590
2003-10-29,1006,2954,4336,2815,4538,12747,12220
2003-10-30,1015,2856,3968,3295,4244,12450,11900
2003-10-31,897,2751,3744,4947,4285,11940,11303
2003-11-01,823,2735,3544,5450,4964,11360,10620
2003-11-02,778,2708,3396,5423,5474,11080,9943
2003-11-03,773,2428,3288,4840,5164,11213,9641
2003-11-04,723,2329,3200,4272,4523,11400,9727
2003-11-05,700,2227,3132,3587,4037,11307,9997
2003-11-06,703,2153,3012,3038,3746,10783,9927
2003-11-07,687,2020,2892,2605,3447,10051,9277
2003-11-08,653,1907,2756,2430,3158,9538,8646
2003-11-09,622,1781,2692,2390,3111,9231,8250
2003-11-10,598,1700,2632,2353,2939,8836,7876
2003-11-11,582,1635,2560,2350,2808,8520,7458
2003-11-12,560,1570,2512,2340,2729,8270,7238
2003-11-13,537,1535,2456,2327,2710,8037,6930
2003-11-14,520,1500,2416,2310,2635,7844,6659
2003-11-15,502,1446,2363,2310,2565,7676,6587
2003-11-16,490,1346,2300,2300,2449,7523,6420
2003-11-17,477,1282,2247,2300,2322,7388,6287
2003-11-18,460,1224,2207,2290,2283,7218,6180
2003-11-19,443,1165,2140,2270,2192,7041,6040
2003-11-20,433,1116,2093,2260,2137,6913,5873
2003-11-21,418,1078,2040,2220,2093,6738,5760
2003-11-22,402,1020,2000,2183,2038,6630,5571
2003-11-23,390,976,1973,2160,1983,6560,5420
2003-11-24,378,947,1933,2120,1927,6469,5276
2003-11-25,367,923,1887,2100,1908,6301,5132
2003-11-26,358,923,1847,2090,1868,6186,5042
2003-11-27,347,912,1828,2063,1808,6063,4946
2003-11-28,315,900,1812,2030,1724,5977,4838
2003-11-29,285,882,1796,1990,1700,5852,4664
2003-11-30,275,847,1788,1950,1652,5548,4574
2003-12-01,268,827,1772,1913,1604,5471,4532
2003-12-02,260,817,1756,1900,1588,5394,4484
2003-12-03,253,806,1700,1873,1528,5292,4292
2003-12-04,243,794,1647,1820,1488,5238,4208
2003-12-05,233,765,1593,1780,1468,5189,4040
2003-12-06,223,745,1556,1740,1413,5116,3938
2003-12-07,213,732,1548,1703,1371,5064,3777
2003-12-08,203,712,1529,1687,1344,4984,3753
2003-12-09,197,712,1513,1680,1325,4961,3739
2003-12-10,192,706,1492,1670,1296,4944,3725
2003-12-11,183,706,1476,1663,1269,4944,3716
2003-12-12,173,706,1465,1655,1245,4909,3702
2003-12-13,163,700,1449,1725,1221,4879,3660
2003-12-14,155,700,1425,1633,1205,4822,3627
2003-12-15,155,696,1409,1625,1184,4743,3613
2003-12-16,150,688,1388,1615,1168,4673,3585
2003-12-17,150,688,1372,1570,1160,4639,3473
2003-12-18,148,683,1364,1495,1149,4616,3352
2003-12-19,147,665,1340,1440,1120,4568,3268
2003-12-20,158,653,1329,1403,1093,4562,3240
2003-12-21,151,653,1321,1390,1085,4506,3240
2003-12-22,148,653,1308,1380,1059,4462,3221
2003-12-23,147,644,1292,1403,1056,4431,3156
2003-12-24,146,608,1284,1437,1056,4371,3025
2003-12-25,145,580,1284,1440,1056,4341,2979
2003-12-26,144,565,1287,1430,1104,4288,2974
2003-12-27,143,557,1292,1420,1128,4258,2974
2003-12-28,142,553,1284,1410,1104,4219,2974
2003-12-29,140,539,1276,1400,1064,4181,2960
2003-12-30,138,521,1265,1400,1001,4142,2960
2003-12-31,137,503,1249,1390,920,4117,3002
2004-01-01,142,476,1228,1380,853,4095,3016
2004-01-02,143,466,1212,1425,836,4095,2997
2004-01-03,139,457,1199,1520,956,4077,2946
2004-01-04,137,439,1172,1540,1189,4053,2876
2004-01-05,134,422,1164,1495,1245,4029,2820
2004-01-06,132,409,1156,1430,1144,4005,2787
2004-01-07,130,398,1156,1407,1032,3963,2778
2004-01-08,129,398,1148,1377,910,3951,2862
2004-01-09,128,391,1145,1348,827,3945,2974
2004-01-10,128,391,1132,1340,785,3917,2997
2004-01-11,127,391,1121,1340,756,3872,2885
2004-01-12,127,388,1105,1328,740,3846,2792
2004-01-13,127,384,1092,1320,721,3803,2722
2004-01-14,126,382,1080,1315,694,3761,2638
2004-01-15,126,377,1068,1310,701,3724,2587
2004-01-16,125,371,1056,1305,732,3693,2540
2004-01-17,124,358,1046,1300,716,3650,2507
2004-01-18,123,350,1040,1290,684,3619,2484
2004-01-19,123,347,1034,1283,664,3600,2470
2004-01-20,122,340,1028,1280,652,3585,2465
2004-01-21,122,332,1020,1290,695,3550,2442
2004-01-22,121,323,1010,1290,753,3527,2428
2004-01-23,120,320,1008,1280,721,3493,2423
2004-01-24,120,320,998,1270,678,3485,2376
2004-01-25,119,316,992,1260,652,3458,2328
2004-01-26,117,313,990,1250,680,3436,2328
2004-01-27,116,313,980,1247,711,3406,2372
2004-01-28,115,313,974,1230,688,3395,2376
2004-01-29,115,309,974,1220,656,3372,2340
2004-01-30,115,306,962,1220,637,3366,2328
2004-01-31,115,303,962,1270,721,3338,2328
2004-02-01,114,298,950,1290,890,3303,2328
2004-02-02,114,293,944,1290,905,3280,2312
2004-02-03,114,289,942,1280,794,3252,2288
2004-02-04,113,286,936,1280,696,3211,2264
2004-02-05,111,285,932,1267,637,3181,2284
2004-02-06,110,281,928,1220,608,3142,2419
2004-02-07,109,279,926,1187,582,3109,2428
2004-02-08,109,279,920,1168,574,3085,2352
2004-02-09,108,275,918,1128,546,3065,2292
2004-02-10,108,275,912,1120,526,3023,2228
2004-02-11,108,269,908,1113,522,2986,2156
2004-02-12,105,258,904,1106,516,2957,2100
2004-02-13,101,250,898,1099,508,2943,2052
2004-02-14,99,248,888,1099,492,2929,2020
2004-02-15,96,246,882,1092,475,2911,2000
2004-02-16,94,243,878,1078,468,2881,1976
2004-02-17,92,240,872,1040,467,2865,1956
2004-02-18,87,238,862,1015,456,2842,1924
2004-02-19,87,235,852,980,449,2819,1920
2004-02-20,85,233,844,940,444,2800,1904
2004-02-21,85,233,836,910,443,2777,1868
2004-02-22,88,230,824,910,443,2766,1860
2004-02-23,87,230,816,900,440,2735,1848
2004-02-24,92,225,804,893,435,2720,1832
2004-02-25,96,223,800,886,432,2693,1812
2004-02-26,90,220,792,879,432,2674,1808
2004-02-27,87,218,784,879,428,2662,1792
2004-02-28,87,218,779,872,431,2662,1776
2004-02-29,83,215,768,865,436,2662,1764
2004-03-01,84,215,760,865,455,2658,1748
2004-03-02,85,212,760,858,472,2635,1728
2004-03-03,107,208,752,851,468,2612,1724
2004-03-04,109,208,749,880,453,2593,1716
2004-03-05,103,208,741,1102,481,2582,1716
2004-03-06,87,205,736,1633,730,2582,1716
2004-03-07,80,205,728,1793,1069,2570,1732
2004-03-08,76,205,720,1800,1072,2593,1740
2004-03-09,69,202,712,1770,905,2701,1728
2004-03-10,66,198,704,1702,740,2819,1808
2004-03-11,65,193,696,1635,649,2907,2092
2004-03-12,65,193,688,1495,600,2846,2288
2004-03-13,64,190,688,1353,570,2789,2308
2004-03-14,63,188,680,1325,556,2731,2244
2004-03-15,61,188,680,1312,534,2693,2112
2004-03-16,59,184,672,1310,528,2662,2016
2004-03-17,58,180,672,1280,528,2635,1956
2004-03-18,58,179,664,1250,534,2616,1908
2004-03-19,56,171,656,1240,512,2601,1880
2004-03-20,58,167,648,1220,472,2582,1860
2004-03-21,58,167,648,1210,460,2570,1848
2004-03-22,59,167,640,1200,456,2570,1812
2004-03-23,63,167,640,1184,453,2562,1800
2004-03-24,109,164,632,1176,456,2547,1784
2004-03-25,108,163,624,1254,467,2547,1760
2004-03-26,114,159,624,1630,567,2547,1716
2004-03-27,115,157,616,2753,760,2543,1692
2004-03-28,108,153,616,3413,961,2535,1676
2004-03-29,98,152,608,3177,1405,2562,1668
2004-03-30,77,152,608,2510,2137,2674,1704
2004-03-31,64,154,608,2153,2298,2781,1800
2004-04-01,75,167,611,2067,2148,3234,2036
2004-04-02,103,186,624,2775,1862,3728,2353
2004-04-03,125,186,648,2730,1837,3876,2932
2004-04-04,123,180,704,2473,2005,4214,3273
2004-04-05,116,175,712,2007,2082,4133,3783
2004-04-06,110,170,712,1737,2023,4095,4070
2004-04-07,111,167,691,1530,1780,4159,4106
2004-04-08,109,168,680,1410,1427,4264,4124
2004-04-09,111,180,664,1688,1224,4117,4184
2004-04-10,111,198,669,1612,1144,3951,4214
2004-04-11,127,214,691,1622,1144,3902,4052
2004-04-12,140,230,709,1973,1128,3859,3492
2004-04-13,273,248,787,1820,1120,3767,3165
2004-04-14,255,258,810,2263,1235,3693,2909
2004-04-15,453,294,814,2760,1336,3637,2834
2004-04-16,1118,408,824,3323,1469,3650,2834
2004-04-17,1353,662,840,5437,1931,3712,2834
2004-04-18,1887,991,892,7738,2770,3788,2876
2004-04-19,1789,1579,1046,8683,4376,3923,2965
2004-04-20,1388,2425,1500,8510,5909,4584,3142
2004-04-21,945,3186,2223,7543,6960,6749,3669
2004-04-22,643,3102,2988,5953,7313,9002,4772
2004-04-23,505,2602,3468,4535,6987,10827,6240
2004-04-24,402,2104,3372,3817,6066,11260,8206
2004-04-25,313,1600,2992,2657,4832,11883,9632
2004-04-26,262,1273,2724,2430,3778,11507,10283
2004-04-27,220,1049,2293,2820,3023,10917,10086
2004-04-28,207,1000,2063,2502,2626,9975,9138
2004-04-29,175,884,1877,2250,2386,8822,8067
2004-04-30,155,736,1687,2123,2262,8193,7172
2004-05-01,151,599,1601,1990,2060,7699,6293
2004-05-02,146,562,1495,1940,1899,7239,5760
2004-05-03,142,525,1412,1823,1748,6868,5312
2004-05-04,138,489,1324,1893,1652,6559,4934
2004-05-05,138,462,1236,2127,1568,6069,4736
2004-05-06,129,411,1156,2513,1488,5833,4520
2004-05-07,126,384,1099,2167,1572,5610,4166
2004-05-08,121,350,1058,1715,1862,5264,3902
2004-05-09,117,323,1044,1640,1736,5106,3744
2004-05-10,115,316,1020,1650,1425,5111,3688
2004-05-11,114,303,1000,1608,1240,5173,3674
2004-05-12,115,289,978,1480,1197,5095,3716
2004-05-13,283,288,952,1678,1152,4844,3730
2004-05-14,1170,282,930,5170,1107,4691,3627
2004-05-15,748,289,892,6950,1329,4500,3380
2004-05-16,1106,322,944,7207,3186,4437,3184
2004-05-17,1387,686,944,7147,5182,4547,3100
2004-05-18,948,1570,902,7333,6054,5361,3035
2004-05-19,2013,1829,1127,6812,6351,7119,3249
2004-05-20,2568,2963,1931,6210,6713,8863,5111
2004-05-21,1963,3923,2448,8455,6573,10173,7319
2004-05-22,1484,5139,3316,9647,6534,10660,8401
2004-05-23,1227,4959,4736,9553,7457,10983,9433
2004-05-24,1568,4101,5596,8377,8454,12090,10185
2004-05-25,1573,3359,5190,6897,8931,13487,10410
2004-05-26,1338,2933,4496,6670,8816,14860,11767
2004-05-27,1146,3010,3781,6550,8016,15480,13627
2004-05-28,949,3045,3384,6167,7213,15167,14197
2004-05-29,863,2822,3428,5853,6780,14497,14057
2004-05-30,946,2569,3320,5113,6507,13697,13427
2004-05-31,848,2354,3208,4455,6072,13023,12380
2004-06-01,727,2251,3040,4305,5471,12710,11740
2004-06-02,645,2174,2856,4550,4928,12240,11200
2004-06-03,683,2069,2664,4775,4685,11513,10620
2004-06-04,1233,1886,2544,4830,4660,10993,10032
2004-06-05,2303,1900,2484,5152,4726,10363,9355
2004-06-06,2226,2251,2460,6845,4883,10187,8716
2004-06-07,1742,3543,2572,8563,5462,10070,8404
2004-06-08,1505,4565,2868,9150,7101,10190,8250
2004-06-09,1648,4521,3877,8975,8500,10667,8206
2004-06-10,1542,4174,4928,8350,9172,12017,8710
2004-06-11,1292,4025,4960,7838,9345,14010,10433
2004-06-12,1217,4302,5279,7670,9169,16017,12643
2004-06-13,1184,4599,6031,7500,8895,17050,14857
2004-06-14,1285,4435,7068,6117,8737,17320,15740
2004-06-15,1278,4232,6701,5663,8112,17410,15870
2004-06-16,1091,4124,6082,5510,7304,17700,16113
2004-06-17,1042,3944,5764,5958,6800,17230,16307
2004-06-18,1628,3697,5512,6313,6480,16357,15933
2004-06-19,2545,3651,5104,6347,6339,15440,15220
2004-06-20,2913,3667,5040,5818,6218,14857,14600
2004-06-21,5517,7485,5560,5872,6139,14500,14410
2004-06-22,7870,9490,7802,7063,6366,14337,14217
2004-06-23,8203,10427,10293,8857,6867,14750,14000
2004-06-24,8060,10787,11563,11313,7728,16893,15177
2004-06-25,7945,11070,12073,12607,8821,18900,16960
2004-06-26,7143,11270,12130,13850,9851,20690,18560
2004-06-27,5692,11250,11987,14497,11027,21900,20090
2004-06-28,3883,11083,12143,14710,12040,22900,21443
2004-06-29,2960,10477,12010,14443,13150,23903,22630
2004-06-30,2748,9238,11593,13930,14333,24727,23860
2004-07-01,2417,7966,10817,13330,15583,25487,24800
2004-07-02,2535,7190,9328,12783,16353,25890,25727
2004-07-03,2343,6498,8624,12210,17113,25960,26090
2004-07-04,2348,6686,7904,11610,16887,25927,26090
2004-07-05,2358,6728,7576,10937,16390,25707,26027
2004-07-06,2687,6334,7856,10493,15677,25387,25707
2004-07-07,3897,5977,7592,11297,14577,25037,25227
2004-07-08,7745,6150,6863,11937,13657,24650,24843
2004-07-09,9040,7626,7127,12497,13127,24150,24470
2004-07-10,11003,9401,7624,13320,12967,23367,23690
2004-07-11,12543,10760,9344,14467,13227,22650,22770
2004-07-12,12490,11890,10990,15990,13867,22900,22120
2004-07-13,12500,13400,12373,16853,15160,23967,22360
2004-07-14,12253,14773,13910,17613,17187,25433,23827
2004-07-15,12127,16593,15410,17880,19800,26960,25563
2004-07-16,11983,18597,16627,17587,22920,28687,27533
2004-07-17,11863,19653,17853,17000,24493,30170,30007
2004-07-18,11647,20117,18583,16710,25533,32093,32310
2004-07-19,12357,20213,18830,16787,25863,34057,33770
2004-07-20,13003,19820,18810,17627,25687,35807,36247
2004-07-21,14617,19670,18713,19040,25490,37503,38187
2004-07-22,14370,19540,18530,20593,25687,38533,39660
2004-07-23,14400,20287,18607,21350,26830,39217,41120
2004-07-24,13627,21450,18923,21433,28393,39580,41760
2004-07-25,12753,22283,19657,21080,30490,39843,42120
2004-07-26,11763,22337,20187,20253,31887,40507,42760
2004-07-27,10188,21947,20280,19347,32613,41747,43830
2004-07-28,7090,21320,20100,18293,32507,42987,45057
2004-07-29,5167,21197,19950,17467,32050,44133,46443
2004-07-30,3997,20713,19900,16220,31253,44780,47233
2004-07-31,3640,18997,19687,15220,30050,44973,47643
2004-08-01,3270,16350,18893,14290,28573,44873,47697
2004-08-02,3523,13967,17773,13560,27203,44463,47357
2004-08-03,3360,11653,16343,13000,25447,43780,46887
2004-08-04,3200,10096,14160,12477,23657,42693,46147
2004-08-05,4203,9310,12340,12563,22337,41293,44883
2004-08-06,4717,8685,11687,12703,20613,39597,43200
2004-08-07,5173,8722,11163,12913,19100,37553,41160
2004-08-08,4840,9926,10823,13170,18320,35267,38780
2004-08-09,3953,11137,11500,13170,17857,33037,36417
2004-08-10,3480,11510,12837,12960,17983,31187,33977
2004-08-11,3263,10977,13693,12827,18463,30373,32553
2004-08-12,3147,10290,13403,12167,18803,30557,32123
2004-08-13,3022,9310,12923,11437,18860,31077,32590
2004-08-14,2962,8197,12233,11160,18547,31787,33127
2004-08-15,3503,7277,11353,10613,17650,31880,33497
2004-08-16,4018,7082,10123,10153,16680,31560,33437
2004-08-17,3580,7529,9653,9960,15880,30477,32790
2004-08-18,3117,7874,10135,10267,14983,29030,31500
2004-08-19,2797,8104,11990,10020,14163,28353,30270
2004-08-20,2675,7816,11487,9953,13970,27810,29173
2004-08-21,2575,7180,11230,9600,13703,27893,28630
2004-08-22,2487,6564,10450,9420,13570,27857,28610
2004-08-23,2291,6242,9248,9173,13407,27520,28380
2004-08-24,2347,5949,8424,8757,12907,26643,27587
2004-08-25,2378,5138,7688,8630,12273,25417,26620
2004-08-26,2360,5191,6958,8965,11630,24400,25387
2004-08-27,2293,5173,6921,9260,11000,23520,24027
2004-08-28,2898,5304,6775,9680,10720,22453,22483
2004-08-29,2830,5391,6650,10367,10720,21623,21123
2004-08-30,2907,6110,6555,11053,10950,20583,20207
2004-08-31,3602,6617,7157,11260,11520,20137,19533
2004-09-01,3958,6764,7864,11300,12050,20207,19253
2004-09-02,3810,7443,7968,11620,12490,20767,19240
2004-09-03,4192,8173,8840,12057,13090,21677,19933
2004-09-04,4460,8454,9523,12347,13663,22517,20873
2004-09-05,4477,8807,10040,12670,14107,23480,21780
2004-09-06,4633,9373,10163,12750,14543,24440,23073
2004-09-07,4347,10067,10740,12643,14937,25267,24273
2004-09-08,4227,10180,11563,12580,15250,25707,25003
2004-09-09,5280,10747,12350,12777,15930,26310,25593
2004-09-10,5487,10790,13437,13290,16467,27363,26620
2004-09-11,4740,11143,13993,14070,17553,29200,28267
2004-09-12,4437,11747,14793,14540,18287,31070,31273
2004-09-13,5673,12863,16403,14537,19567,32560,33003
2004-09-14,5447,14880,17773,14203,21590,33817,33873
2004-09-15,4600,15427,17840,13640,23630,35687,35630
2004-09-16,3867,14967,18160,13400,26127,37803,38287
2004-09-17,3330,14120,18027,13180,26940,39670,40420
2004-09-18,2935,12837,17453,12160,26323,41427,42520
2004-09-19,2907,11610,16427,10740,25443,42457,44237
2004-09-20,2665,10410,15720,9740,24330,42373,44953
2004-09-21,2413,9237,14400,9167,23197,41823,44727
2004-09-22,2218,8327,13357,9050,21583,40627,43853
2004-09-23,2093,7408,12207,9500,19070,39650,42800
2004-09-24,2018,6764,10880,9600,16947,38283,41400
2004-09-25,2030,6722,9921,9300,15253,36333,39380
2004-09-26,1920,7201,9392,9100,13923,34010,37050
2004-09-27,1882,7244,9432,9300,13263,31037,34140
2004-09-28,1832,7060,9392,9673,12830,28257,31413
2004-09-29,2008,6767,9232,9813,12700,27140,29080
2004-09-30,2512,6416,8912,9647,12710,26383,26897
2004-10-01,2205,6110,8240,9600,12710,25607,25660
2004-10-02,2083,6008,7856,9580,12573,25227,25067
2004-10-03,2298,5938,7840,9673,12430,25187,24940
2004-10-04,2253,5620,7568,9427,12237,24100,24610
2004-10-05,2175,5391,7039,8770,12067,23427,23830
2004-10-06,3252,5343,6767,8913,11713,22850,23980
2004-10-07,5860,5823,6379,9025,11357,22120,22223
2004-10-08,7375,8722,6797,11223,11050,21497,21327
2004-10-09,7782,10530,9325,12687,11227,20793,20510
2004-10-10,7130,11780,11177,13927,12190,20860,20053
2004-10-11,6077,12657,12197,14150,13657,22560,20223
2004-10-12,5017,13317,13043,14200,15947,25030,22500
2004-10-13,3815,13497,13570,13937,17810,27250,25263
2004-10-14,3182,12927,13813,13140,18873,28687,28053
2004-10-15,2685,12020,13653,12040,19590,30033,30023
2004-10-16,2768,10453,13043,10843,19633,31047,31673
2004-10-17,3217,9111,11880,9580,18953,31760,32570
2004-10-18,3063,8734,10707,9150,17743,31853,32740
2004-10-19,2738,8116,9963,11220,15863,31280,32683
2004-10-20,2393,7643,9408,11370,14093,30110,31843
2004-10-21,2012,6893,8880,10683,13487,28800,30890
2004-10-22,1764,6070,8192,9217,13270,27517,28700
2004-10-23,1575,5335,7347,8650,12983,25857,27273
2004-10-24,1473,4726,6569,7157,12133,24483,25560
2004-10-25,1385,4199,5830,6273,10857,23193,24023
2004-10-26,1322,3789,5245,5815,9188,21780,22590
2004-10-27,1248,3483,4789,5425,8056,20263,20860
2004-10-28,1187,3242,4453,5240,7200,17883,18707
2004-10-29,1137,3042,4192,4925,6580,16027,16640
2004-10-30,1073,2842,3920,4785,6145,14633,14973
2004-10-31,1025,2675,3717,4755,5818,13600,13740
2004-11-01,958,2433,3484,4390,5543,13030,12660
2004-11-02,913,2314,3312,4230,5293,12440,11870
2004-11-03,867,2167,3176,4013,5086,11890,11163
2004-11-04,820,2104,3044,3908,4863,11493,10723
2004-11-05,767,1977,2908,3770,4690,11293,10270
2004-11-06,733,1872,2784,3590,4523,10833,9866
2004-11-07,713,1767,2672,3442,4371,10453,9459
2004-11-08,685,1700,2540,3347,4209,10177,9138
2004-11-09,643,1641,2456,3320,4067,9874,8829
2004-11-10,612,1552,2370,3230,3920,9569,8558
2004-11-11,585,1488,2293,3130,3830,9335,8360
2004-11-12,553,1446,2230,3065,3713,9183,8118
2004-11-13,510,1399,2170,3020,3620,9074,7920
2004-11-14,472,1370,2090,2970,3522,8822,7744
2004-11-15,440,1323,2060,2835,3461,8665,7531
2004-11-16,437,1263,2040,2735,3382,8520,7348
2004-11-17,425,1224,2030,2645,3303,8418,7172
2004-11-18,420,1160,2010,2620,3186,8206,7062
2004-11-19,415,1121,1990,2570,3074,8050,6945
2004-11-20,407,1092,1980,2520,3004,7915,6813
2004-11-21,392,1087,1960,2403,2920,7786,6666
2004-11-22,387,1029,1933,2330,2836,7641,6553
2004-11-23,377,971,1887,2253,2747,7483,6380
2004-11-24,370,962,1852,2240,2705,7388,6273
2004-11-25,360,943,1799,2240,2640,7294,6153
2004-11-26,355,916,1764,2230,2570,7177,6040
2004-11-27,345,900,1740,2190,2528,7095,5940
2004-11-28,338,888,1732,2150,2509,7014,5860
2004-11-29,335,880,1724,2110,2475,6933,5780
2004-11-30,330,868,1708,2100,2437,6886,5680
2004-12-01,322,847,1700,2090,2405,6854,5582
2004-12-02,315,835,1665,2047,2386,6815,5510
2004-12-03,310,812,1652,2000,2361,6745,5474
2004-12-04,303,788,1636,1950,2303,6695,5450
2004-12-05,297,765,1625,1910,2244,6613,5384
2004-12-06,282,736,1601,1890,2152,6536,5318
2004-12-07,255,718,1577,1863,2130,6420,5312
2004-12-08,233,712,1540,1810,2100,6336,5270
2004-12-09,205,710,1513,1743,2049,6244,5210
2004-12-10,185,700,1497,1702,1994,6136,5096
2004-12-11,162,694,1460,1690,1961,6100,5000
2004-12-12,146,686,1428,1673,1936,6084,4898
2004-12-13,144,677,1417,1650,1915,6038,4802
2004-12-14,143,667,1396,1630,1887,5957,4694
2004-12-15,141,657,1377,1620,1864,5914,4580
2004-12-16,139,653,1361,1615,1820,5889,4502
2004-12-17,138,646,1348,1615,1780,5846,4412
2004-12-18,136,634,1332,1597,1756,5768,4322
2004-12-19,134,620,1321,1585,1732,5642,4298
2004-12-20,132,608,1300,1570,1708,5572,4268
2004-12-21,130,599,1289,1555,1676,5513,4244
2004-12-22,129,588,1265,1555,1636,5453,4244
2004-12-23,128,571,1241,1555,1600,5364,4226
2004-12-24,127,556,1217,1540,1576,5316,4196
2004-12-25,126,544,1204,1510,1544,5274,4172
2004-12-26,126,537,1193,1495,1496,5205,4136
2004-12-27,126,534,1172,1480,1456,5126,4100
2004-12-28,125,528,1161,1480,1480,5047,4034
2004-12-29,125,525,1140,1465,1516,4995,3992
2004-12-30,124,521,1132,1390,1468,4961,3956
2004-12-31,124,516,1124,1340,1424,4909,3932
2005-01-01,123,509,1116,1320,1384,4909,3872
2005-01-02,123,501,1108,1310,1376,4898,3824
2005-01-03,122,494,1105,1305,1368,4879,3777
2005-01-04,121,491,1092,1305,1352,4861,3744
2005-01-05,120,480,1086,1300,1320,4839,3725
2005-01-06,118,474,1074,1300,1291,4830,3707
2005-01-07,117,469,1062,1290,1277,4813,3688
2005-01-08,115,465,1052,1277,1253,4795,3674
2005-01-09,115,460,1044,1270,1245,4769,3660
2005-01-10,114,456,1032,1270,1221,4737,3637
2005-01-11,113,442,1020,1260,1213,4696,3590
2005-01-12,113,428,1010,1260,1205,4650,3534
2005-01-13,112,422,1002,1250,1184,4622,3501
2005-01-14,112,418,992,1240,1165,4587,3473
2005-01-15,111,418,984,1230,1149,4550,3445
2005-01-16,113,417,974,1220,1157,4518,3417
2005-01-17,113,414,968,1210,1179,4456,3417
2005-01-18,112,411,962,1200,1189,4382,3366
2005-01-19,110,411,956,1192,1173,4312,3352
2005-01-20,110,408,950,1184,1144,4270,3338
2005-01-21,109,404,944,1176,1115,4241,3324
2005-01-22,109,400,938,1168,1096,4229,3310
2005-01-23,108,390,930,1160,1072,4206,3296
2005-01-24,109,383,920,1152,1056,4181,3296
2005-01-25,109,380,912,1144,1056,4163,3282
2005-01-26,109,376,900,1136,1109,4146,3268
2005-01-27,109,373,888,1136,1149,4117,3249
2005-01-28,109,370,878,1136,1157,4095,3226
2005-01-29,108,367,878,1136,1112,4077,3212
2005-01-30,106,367,874,1136,1059,4053,3198
2005-01-31,102,364,872,1128,1048,4029,3184
2005-02-01,99,360,866,1116,1045,4155,3170
2005-02-02,96,357,860,1092,1021,4125,3156
2005-02-03,92,357,858,1073,970,4099,3123
2005-02-04,90,354,848,1064,940,4077,3086
2005-02-05,89,350,842,1052,920,4059,3039
2005-02-06,85,347,836,1045,870,4035,3030
2005-02-07,84,343,830,1040,845,3987,3016
2005-02-08,81,343,824,1040,870,3927,2988
2005-02-09,78,340,818,1040,995,3885,2960
2005-02-10,73,340,812,1035,1037,3863,2946
2005-02-11,70,337,806,1030,970,3846,2918
2005-02-12,69,333,800,1030,855,3808,2904
2005-02-13,70,330,792,1025,808,3767,2890
2005-02-14,93,330,789,1025,769,3699,2876
2005-02-15,97,326,784,1020,740,3674,2862
2005-02-16,104,323,776,1015,729,3650,2848
2005-02-17,115,323,768,1288,716,3625,2825
2005-02-18,113,320,768,1923,719,3596,2806
2005-02-19,128,316,760,2587,872,3577,2792
2005-02-20,131,313,741,3333,1348,3554,2773
2005-02-21,122,309,736,3360,1859,3527,2750
2005-02-22,141,309,731,3180,2399,3508,2736
2005-02-23,156,310,749,3070,2635,3527,2727
2005-02-24,165,323,768,2987,2673,3597,2689
2005-02-25,131,355,848,2817,2631,3856,2699
2005-02-26,124,384,812,2413,2509,4288,3589
2005-02-27,117,405,820,1970,2411,4804,4190
2005-02-28,110,434,828,1823,2185,4813,4352
2005-03-01,109,480,840,1793,1951,4782,4376
2005-03-02,109,513,856,1753,1796,4725,4376
2005-03-03,108,528,860,1740,1600,4550,4292
2005-03-04,101,534,854,1730,1576,4437,4136
2005-03-05,111,525,848,1730,1604,4347,3890
2005-03-06,127,516,842,1907,1456,4258,3730
2005-03-07,303,506,834,2612,1347,4210,3581
2005-03-08,662,494,822,3863,1444,4142,3534
2005-03-09,678,471,806,5753,1970,4077,3520
2005-03-10,432,439,776,6247,2925,3987,3478
2005-03-11,293,446,744,5163,4452,4029,3394
2005-03-12,290,690,736,4058,5035,4185,3324
2005-03-13,217,1204,776,3468,4685,4546,3389
2005-03-14,152,1145,932,3115,3928,5896,4424
2005-03-15,134,986,1169,2440,3377,7329,5653
2005-03-16,127,900,1252,2307,2915,7123,6180
2005-03-17,120,849,1204,2193,2488,6703,6187
2005-03-18,114,794,1132,2153,2225,6215,5820
2005-03-19,112,747,1078,2003,2016,5823,5559
2005-03-20,110,698,1032,1980,1886,5346,5366
2005-03-21,112,644,996,1970,1752,4978,5084
2005-03-22,130,599,956,1950,1660,4631,4700
2005-03-23,435,553,924,1950,1548,4202,4352
2005-03-24,675,545,878,3157,1496,3930,4178
2005-03-25,705,550,842,4250,1592,3850,4082
2005-03-26,582,562,824,4355,2234,3799,3813
2005-03-27,815,708,792,5020,3153,3742,3609
2005-03-28,750,1039,801,6172,3653,3965,3492
2005-03-29,582,1112,898,6958,4316,4529,3473
2005-03-30,522,1150,1141,5817,5241,5167,3705
2005-03-31,598,1248,1383,4600,5605,6163,4760
2005-04-01,472,1160,1473,4950,5096,7611,5306
2005-04-02,377,1058,1540,4640,4538,8612,6207
2005-04-03,317,976,1561,4093,4356,9443,7128
2005-04-04,243,962,1511,4093,4209,8910,7414
2005-04-05,185,927,1455,3525,3916,8255,7179
2005-04-06,149,864,1412,3035,3690,8164,6952
2005-04-07,141,790,1369,2715,3363,8050,6725
2005-04-08,135,688,1276,2570,2948,7901,6540
2005-04-09,131,652,1191,2240,2603,7744,6320
2005-04-10,130,580,1113,2150,2321,7477,6020
2005-04-11,163,516,1042,2368,2192,7239,5847
2005-04-12,154,494,988,3208,2034,6993,5516
2005-04-13,150,476,946,4375,2056,6777,5234
2005-04-14,137,459,918,4650,2433,6624,4916
2005-04-15,129,462,892,4460,3195,6399,4682
2005-04-16,125,489,872,4300,3671,6150,4430
2005-04-17,117,504,860,3200,3769,7179,4352
2005-04-18,113,471,842,2637,3545,7676,4598
2005-04-19,111,442,830,2347,3046,7546,4940
2005-04-20,109,418,824,2190,2529,7485,5294
2005-04-21,108,394,824,2150,2234,7280,5510
2005-04-22,103,377,812,2210,2012,7089,5546
2005-04-23,96,350,804,2077,1927,6599,5546
2005-04-24,89,337,776,2023,1908,6125,4976
2005-04-25,85,325,736,1963,1864,5740,4472
2005-04-26,94,313,696,1877,1768,5442,4250
2005-04-27,104,309,664,2003,1708,5159,4088
2005-04-28,110,309,632,2230,1700,4826,3890
2005-04-29,119,303,600,2153,1692,4475,3707
2005-04-30,125,311,568,2620,1788,4228,3674
2005-05-01,122,323,552,2800,1860,4400,3562
2005-05-02,125,325,560,2805,1984,4419,3520
2005-05-03,123,314,592,2815,2170,4525,3520
2005-05-04,121,341,608,2373,2279,4627,3520
2005-05-05,117,377,640,2057,2281,4877,3539
2005-05-06,115,398,664,2043,2148,5121,3683
2005-05-07,121,407,720,2063,1975,5194,3819
2005-05-08,127,418,704,1983,1896,5246,3944
2005-05-09,129,398,720,2153,1836,4995,4034
2005-05-10,129,384,704,2668,1764,4800,4016
2005-05-11,143,378,688,2520,1824,4592,3821
2005-05-12,141,396,720,2445,2005,4512,3730
2005-05-13,144,409,704,2902,2133,4462,3646
2005-05-14,133,408,712,3530,2104,4543,3618
2005-05-15,126,408,712,3287,2203,4786,3599
2005-05-16,119,432,744,2527,2487,4905,3646
2005-05-17,113,471,744,2107,2537,5001,3744
2005-05-18,125,489,752,1987,2272,5206,3786
2005-05-19,138,483,736,1940,1994,5400,3842
2005-05-20,202,453,736,2308,1748,5441,4034
2005-05-21,163,418,752,2415,1628,5228,4160
2005-05-22,152,394,744,2280,1724,4901,4172
2005-05-23,144,374,728,2110,1860,4475,3950
2005-05-24,133,396,717,2070,1860,4212,3791
2005-05-25,128,429,677,2160,1796,4129,3525
2005-05-26,135,480,696,2113,1720,4059,3478
2005-05-27,145,541,717,2080,1708,4053,3478
2005-05-28,136,568,744,2450,1652,4023,3497
2005-05-29,128,534,818,2507,1684,4023,3506
2005-05-30,125,507,860,2623,1804,4029,3464
2005-05-31,121,498,848,2695,1906,4112,3469
2005-06-01,114,480,830,2912,1962,4212,3511
2005-06-02,114,471,830,2520,2049,4365,3539
2005-06-03,111,453,884,2470,2119,4603,3590
2005-06-04,109,418,866,3078,2111,4839,3646
2005-06-05,109,393,834,3145,2034,4995,3716
2005-06-06,109,367,814,2612,2126,5163,3786
2005-06-07,106,364,768,2257,2276,5274,3854
2005-06-08,99,357,736,2140,2185,5152,3890
2005-06-09,92,345,699,1997,1970,5310,3890
2005-06-10,80,337,664,1950,1784,5477,3980
2005-06-11,97,345,883,1990,1632,5158,4034
2005-06-12,103,345,808,2217,1620,4941,3956
2005-06-13,118,330,672,2017,1580,4702,3758
2005-06-14,146,366,688,2233,1636,4650,3632
2005-06-15,240,393,688,2655,1628,4450,3567
2005-06-16,417,417,696,3283,1664,4401,3562
2005-06-17,447,465,768,3840,1873,4300,3478
2005-06-18,687,674,860,4480,2220,4329,3408
2005-06-19,1473,983,990,5013,2696,4536,3385
2005-06-20,1606,1243,1080,5287,3312,4876,3375
2005-06-21,1708,1570,1207,5923,3889,5360,3529
2005-06-22,1581,2859,1519,7695,4331,6167,3783
2005-06-23,1335,3522,1775,8880,5040,6922,4274
2005-06-24,1454,3552,2540,9200,6145,7754,5162
2005-06-25,3003,3256,3380,9125,7093,8731,5820
2005-06-26,3317,3348,3344,9783,7800,9891,6799
2005-06-27,3407,5190,3312,10263,8256,11487,8489
2005-06-28,2602,6565,3533,11733,8751,12433,10293
2005-06-29,2565,6887,5419,12320,9399,13170,11503
2005-06-30,2345,6459,6518,12293,10257,13760,12330
2005-07-01,2545,5869,6672,11500,11167,15877,13190
2005-07-02,2898,5400,6261,10870,11740,17347,13523
2005-07-03,2548,5111,5674,10477,11900,18440,16273
2005-07-04,2368,5467,5434,10330,11650,19070,17920
2005-07-05,2154,5448,5554,10093,11273,18883,18040
2005-07-06,1835,5111,5824,10010,10877,18500,18040
2005-07-07,1512,4824,5902,10060,10490,18490,17840
2005-07-08,2145,4317,5764,9920,10160,18410,17720
2005-07-09,2037,3713,5154,9407,9882,18290,17533
2005-07-10,4270,3354,4549,8790,9802,18017,17320
2005-07-11,6023,4209,3931,8717,9488,17200,16920
2005-07-12,7175,6050,3909,9950,9155,16527,16373
2005-07-13,7757,7897,4789,11177,8823,15820,15750
2005-07-14,7643,8977,6903,12383,9105,15330,15110
2005-07-15,7148,9655,8664,12943,9828,15760,14717
2005-07-16,6443,10093,9456,13030,11043,17493,15143
2005-07-17,5382,10273,9996,12313,12003,19567,16757
2005-07-18,4400,10207,10273,12130,12680,21513,19027
2005-07-19,3663,9732,10240,11960,13030,22580,20800
2005-07-20,3088,8746,9920,11980,13233,23323,22303
2005-07-21,2860,7657,9168,12230,13320,23880,23260
2005-07-22,2675,6723,8256,12300,13207,23787,23690
2005-07-23,2703,6252,7408,11833,13190,23387,23780
2005-07-24,2495,5897,7200,11470,13243,23020,23383
2005-07-25,2407,5706,6731,11043,13410,22780,22663
2005-07-26,2133,5515,6335,10753,13177,22543,22050
2005-07-27,1872,5400,5998,10103,12773,22107,21580
2005-07-28,1802,5553,5848,9427,12440,21753,21330
2005-07-29,1616,5534,5956,9300,11900,21197,20937
2005-07-30,1508,5066,6016,9350,11270,20607,20377
2005-07-31,1403,4683,6016,8650,10620,20180,19867
2005-08-01,1275,4233,5776,8497,10140,19713,19387
2005-08-02,1429,3789,5500,8290,9628,18987,18907
2005-08-03,1795,3370,4981,8263,9286,18317,18360
2005-08-04,1772,3416,4496,8837,9303,17480,17707
2005-08-05,2617,4407,4176,8377,9363,16750,16973
2005-08-06,5083,4694,4437,8230,9169,16167,16180
2005-08-07,7533,5951,5045,8967,8866,16000,15710
2005-08-08,8875,8415,5410,9933,8701,15900,15433
2005-08-09,9260,10082,7515,10980,8701,16057,15400
2005-08-10,8805,11400,9659,11947,9144,16497,15507
2005-08-11,8400,12540,11283,12643,9825,18043,16037
2005-08-12,7570,13307,12390,13170,10817,20033,17560
2005-08-13,6390,13567,13583,13400,11890,21963,19737
2005-08-14,5053,13330,14520,13620,12870,24520,22333
2005-08-15,4180,13470,14783,13500,13667,26577,25167
2005-08-16,3917,13950,14650,12520,14353,27220,27307
2005-08-17,3747,13193,14877,11603,14937,27967,28467
2005-08-18,3932,12093,14497,10890,15030,28327,29513
2005-08-19,3770,11063,13667,10497,14610,29093,30370
2005-08-20,4500,10493,12500,9760,13973,29230,30773
2005-08-21,6422,10157,11943,10143,13443,29133,30980
2005-08-22,7832,9932,11387,10550,12507,28787,30667
2005-08-23,9222,10183,10967,11330,11780,27907,29830
2005-08-24,10357,10883,10787,12417,11620,26570,28683
2005-08-25,11577,11810,11163,13490,11557,25343,26987
2005-08-26,11760,12867,11823,14353,12187,24430,25693
2005-08-27,11443,13903,12680,14437,13150,24370,25083
2005-08-28,10773,15117,13550,14517,14383,25270,25180
2005-08-29,10005,16183,14617,14780,15830,26390,26157
2005-08-30,8790,16890,15563,14963,17027,27733,27587
2005-08-31,7257,17100,15970,14677,17890,29223,29420
2005-09-01,5603,16847,16200,14180,18463,30427,30980
2005-09-02,3568,16160,16150,13330,18820,31153,32980
2005-09-03,2687,14783,15767,12603,18800,31920,33770
2005-09-04,2260,12973,14890,11563,18383,32747,34333
2005-09-05,2137,10707,13633,10567,17537,32893,34930
2005-09-06,2077,8343,11970,9413,16280,32600,34900
2005-09-07,2047,6787,10189,8263,14490,31813,34003
2005-09-08,2023,5792,8544,7543,12850,30640,33510
2005-09-09,2002,5314,7424,6717,11183,29127,32247
2005-09-10,1977,4779,7248,6478,9698,27417,30617
2005-09-11,1853,4340,6841,5887,8764,25840,27860
2005-09-12,1703,4050,6848,5457,7720,23567,25613
2005-09-13,1443,3959,7520,5250,6933,21997,23750
2005-09-14,1253,4025,7696,4825,6286,20520,22140
2005-09-15,1212,3415,7280,4725,5727,19463,20397
2005-09-16,1195,3102,7127,4575,5229,18340,19800
2005-09-17,1187,3470,7193,4242,4878,18347,19587
2005-09-18,1057,4241,6819,4113,4685,19290,19493
2005-09-19,1047,4274,7712,3953,4351,17653,19520
2005-09-20,1133,3682,8808,3910,4239,16347,18333
2005-09-21,1288,4708,9480,3810,4239,15453,16587
2005-09-22,1205,6142,9587,3855,4179,16297,16010
2005-09-23,1222,6522,9200,3885,4108,16730,16103
2005-09-24,1487,5658,9352,4165,4052,17500,16200
2005-09-25,1535,4860,8320,4435,4113,16780,15953
2005-09-26,1449,4595,7131,5613,4305,16393,15687
2005-09-27,1363,4617,6291,6170,4741,15810,15380
2005-09-28,1218,4735,6064,6482,5408,14647,14557
2005-09-29,1182,4224,5980,5767,6151,13900,13937
2005-09-30,1337,4000,6022,5783,6900,13900,13830
2005-10-01,2160,4887,5800,5800,7307,14870,13770
2005-10-02,3393,5993,6057,5975,7395,15950,14420
2005-10-03,3587,7375,7094,7112,7528,16060,14847
2005-10-04,3278,7989,8288,7828,7400,16307,14973
2005-10-05,2785,8000,8976,8030,7752,17030,15450
2005-10-06,2104,7608,9224,8183,8112,17967,16380
2005-10-07,1751,6876,8976,7840,8344,18773,17413
2005-10-08,1555,6038,8304,6937,8416,19297,18413
2005-10-09,1479,5176,7696,5907,8192,19460,19147
2005-10-10,1333,4447,6848,5232,7563,19147,19240
2005-10-11,1225,4000,6045,5055,6713,18483,18720
2005-10-12,1129,3789,5410,5010,5909,17570,17987
2005-10-13,1038,3422,5131,4435,5392,16653,16667
2005-10-14,965,3102,4795,4093,5106,15067,15050
2005-10-15,900,2870,4389,3810,4746,13703,13660
2005-10-16,862,2728,4048,3645,4356,12780,12690
2005-10-17,803,2589,3797,3480,4022,11963,11890
2005-10-18,770,2721,3803,3440,3946,11357,10930
2005-10-19,735,2563,3648,3413,3896,10453,10320
2005-10-20,723,2795,3608,3390,3802,10143,9988
2005-10-21,677,2569,3601,3290,3741,10003,9537
2005-10-22,673,2261,3840,3205,3564,9946,9268
2005-10-23,798,2563,3696,3220,3499,9866,9138
2005-10-24,1116,2843,4005,3407,3443,9826,9034
2005-10-25,1354,3401,4027,3640,3625,9739,8895
2005-10-26,1300,3758,4165,6023,4072,9620,8690
2005-10-27,1071,4025,4688,6957,5140,9827,8624
2005-10-28,915,4002,4960,5620,6422,10660,8863
2005-10-29,813,3954,5125,4735,6887,12027,9641
2005-10-30,713,3350,5542,4167,6522,13583,11367
2005-10-31,660,3179,5142,4010,5829,14777,12670
2005-11-01,647,2782,4677,3745,5666,14880,13787
2005-11-02,687,2415,4485,3397,5197,14197,13830
2005-11-03,693,2263,4288,3185,4944,13100,13220
2005-11-04,608,2146,4064,3140,4726,12703,12520
2005-11-05,560,2048,3568,3110,4234,12410,11740
2005-11-06,518,1953,3212,3075,3883,11293,11083
2005-11-07,485,1774,3008,3027,3620,10667,10520
2005-11-08,460,1671,2876,2683,3429,10100,9901
2005-11-09,435,1629,2728,2570,3317,9583,9320
2005-11-10,417,1529,2608,2505,3307,9191,8713
2005-11-11,392,1423,2488,2465,3256,8858,8140
2005-11-12,368,1346,2363,2330,3167,8609,7825
2005-11-13,350,1297,2270,2280,3009,8540,7502
2005-11-14,333,1209,2193,2250,2808,8335,7150
2005-11-15,313,1150,2083,2217,2631,8178,6871
2005-11-16,295,1073,1997,2130,2467,7928,6842
2005-11-17,270,1005,1923,2080,2304,7598,6688
2005-11-18,243,957,1868,2070,2275,7344,6520
2005-11-19,222,923,1828,2060,2214,7218,6347
2005-11-20,210,884,1772,2060,2133,7116,6100
2005-11-21,208,853,1716,2030,2075,6953,5940
2005-11-22,198,864,1668,1990,2020,6796,5753
2005-11-23,190,829,1628,1950,1983,6619,5571
2005-11-24,183,817,1601,1940,2005,6483,5456
2005-11-25,170,810,1564,1927,2034,6336,5366
2005-11-26,153,794,1524,1870,1968,6251,5294
2005-11-27,148,783,1492,1820,1903,6186,5222
2005-11-28,147,771,1465,1800,1844,6103,5138
2005-11-29,144,759,1439,1770,1820,6046,5108
2005-11-30,140,759,1409,1760,1808,5936,5060
2005-12-01,138,747,1380,1750,1788,5767,4988
2005-12-02,135,736,1361,1740,1744,5606,4916
2005-12-03,131,736,1337,1730,1684,5525,4844
2005-12-04,130,724,1313,1720,1624,5447,4772
2005-12-05,129,712,1289,1710,1580,5364,4706
2005-12-06,128,712,1252,1700,1516,5328,4700
2005-12-07,127,665,1225,1700,1456,5304,4682
2005-12-08,127,677,1201,1695,1412,5244,4634
2005-12-09,126,677,1169,1690,1392,5199,4616
2005-12-10,123,665,1145,1685,1376,5189,4574
2005-12-11,120,665,1116,1680,1400,5126,4532
2005-12-12,116,653,1098,1675,1384,5085,4502
2005-12-13,115,644,1080,1660,1365,5030,4430
2005-12-14,113,626,1062,1635,1312,5024,4388
2005-12-15,113,617,1040,1615,1264,4984,4352
2005-12-16,112,608,1028,1605,1240,4909,4280
2005-12-17,112,599,1020,1600,1211,4852,4160
2005-12-18,111,590,1010,1585,1192,4786,4016
2005-12-19,111,580,1002,1570,1163,4737,3872
2005-12-20,110,571,984,1570,1139,4691,3781
2005-12-21,110,562,966,1555,1120,4633,3697
2005-12-22,110,544,948,1540,1096,4581,3627
2005-12-23,110,534,938,1525,1083,4544,3590
2005-12-24,111,530,932,1510,1067,4512,3576
2005-12-25,111,516,926,1495,1059,4475,3562
2005-12-26,112,516,928,1500,1056,4437,3543
2005-12-27,114,507,934,1570,1101,4437,3492
2005-12-28,111,498,946,1610,1152,4425,3459
2005-12-29,109,489,958,1620,1168,4388,3450
2005-12-30,109,480,1004,1620,1173,4347,3436
2005-12-31,109,471,1010,1615,1160,4335,3422
2006-01-01,109,462,1004,1585,1152,4347,3389
2006-01-02,109,453,996,1525,1131,4318,3375
2006-01-03,109,443,984,1465,1104,4276,3361
2006-01-04,107,434,966,1420,1067,4235,3347
2006-01-05,100,425,940,1400,1011,4219,3319
2006-01-06,95,418,926,1400,955,4197,3310
2006-01-07,93,411,920,1380,895,4185,3296
2006-01-08,90,405,894,1330,843,4155,3296
2006-01-09,86,405,878,1295,827,4146,3282
2006-01-10,82,398,864,1270,808,4133,3268
2006-01-11,79,391,848,1230,792,4104,3254
2006-01-12,77,384,842,1192,777,4077,3235
2006-01-13,75,377,830,1160,756,4059,3207
2006-01-14,73,371,822,1128,737,4017,3184
2006-01-15,73,367,806,1099,721,3987,3170
2006-01-16,71,357,800,1071,705,3957,3114
2006-01-17,71,357,792,1057,682,3927,3035
2006-01-18,69,357,781,1050,664,3898,2946
2006-01-19,69,357,757,1045,650,3863,2853
2006-01-20,67,350,741,1040,640,3846,2787
2006-01-21,67,343,725,1035,637,3821,2722
2006-01-22,65,337,712,1030,636,3808,2666
2006-01-23,65,330,704,1030,633,3786,2638
2006-01-24,65,330,696,1025,625,3767,2638
2006-01-25,64,324,688,1020,620,3749,2624
2006-01-26,63,316,680,1020,620,3724,2605
2006-01-27,63,309,672,1015,616,3693,2577
2006-01-28,62,303,664,1010,611,3668,2568
2006-01-29,60,296,656,1005,608,3656,2563
2006-01-30,58,296,648,1005,604,3631,2554
2006-01-31,56,296,640,1000,600,3600,2540
2006-02-01,55,289,632,990,588,3589,2526
2006-02-02,54,289,624,977,570,3581,2507
2006-02-03,54,282,613,960,546,3566,2479
2006-02-04,53,282,597,950,540,3566,2451
2006-02-05,53,275,581,937,532,3547,2442
2006-02-06,55,275,552,917,526,3520,2428
2006-02-07,56,275,541,901,518,3520,2396
2006-02-08,54,269,525,872,504,3489,2352
2006-02-09,53,269,520,844,490,3466,2308
2006-02-10,53,262,509,830,480,3447,2276
2006-02-11,52,262,509,830,476,3433,2252
2006-02-12,50,262,496,827,476,3413,2208
2006-02-13,48,255,488,827,476,3395,2184
2006-02-14,47,255,488,824,469,3383,2172
2006-02-15,46,255,480,824,456,3379,2172
2006-02-16,48,255,472,821,444,3366,2160
2006-02-17,49,255,464,821,435,3332,2148
2006-02-18,52,255,459,818,432,3303,2132
2006-02-19,59,255,448,823,431,3275,2112
2006-02-20,105,253,440,1383,428,3252,2100
2006-02-21,89,253,432,2213,433,3211,2100
2006-02-22,68,255,424,1837,561,3200,2088
2006-02-23,64,258,416,1455,1021,3191,2076
2006-02-24,63,258,424,1184,1232,3186,2076
2006-02-25,62,258,432,1184,1131,3224,2064
2006-02-26,80,255,440,1165,953,3482,2116
2006-02-27,109,255,459,1128,766,3680,2405
2006-02-28,109,253,483,1099,768,3761,2703
2006-03-01,87,250,493,1309,1109,3755,2885
2006-03-02,97,250,477,1598,1368,3718,2834
2006-03-03,82,249,461,2357,1381,3680,2624
2006-03-04,62,245,445,2543,1259,3656,2526
2006-03-05,59,244,432,2107,1361,3787,2563
2006-03-06,55,240,469,1770,1580,3939,2890
2006-03-07,51,239,488,1573,1588,3963,3011
2006-03-08,50,235,480,1347,1336,4116,3016
2006-03-09,49,235,469,1325,1133,4197,3044
2006-03-10,47,230,453,1305,948,4197,3156
2006-03-11,46,228,437,1300,794,4023,3263
2006-03-12,44,228,419,1290,724,3850,3165
2006-03-13,46,224,395,1280,694,3527,2988
2006-03-14,46,220,387,1273,662,3174,2815
2006-03-15,47,220,379,1255,631,2943,2666
2006-03-16,54,220,372,1625,609,2869,2517
2006-03-17,54,219,367,1780,609,2812,2414
2006-03-18,51,215,363,1720,677,2777,2356
2006-03-19,47,215,352,1447,861,2750,2304
2006-03-20,44,214,340,1203,1021,2720,2240
2006-03-21,42,210,334,1031,930,2720,2196
2006-03-22,40,210,328,1005,784,2747,2180
2006-03-23,39,209,324,1005,701,2854,2276
2006-03-24,38,205,322,1005,668,2839,2429
2006-03-25,39,205,318,1005,641,2781,2484
2006-03-26,38,204,312,1000,616,2727,2484
2006-03-27,39,200,306,1000,576,2558,2364
2006-03-28,40,200,304,1000,548,2480,2292
2006-03-29,38,199,299,1000,550,2476,2224
2006-03-30,34,198,295,1000,562,2484,2216
2006-03-31,30,195,291,1330,546,2480,2172
2006-04-01,29,195,284,1565,530,2465,2124
2006-04-02,30,194,280,1287,566,2453,2096
2006-04-03,28,188,279,1092,663,2447,2076
2006-04-04,31,183,275,1030,727,2435,2052
2006-04-05,37,179,271,1030,674,2424,2052
2006-04-06,37,175,267,1113,623,2415,2052
2006-04-07,62,174,260,1210,574,2465,2088
2006-04-08,112,172,257,1284,564,2461,2148
2006-04-09,126,181,253,2003,582,2424,2208
2006-04-10,112,185,247,2283,617,2418,2200
2006-04-11,109,185,245,2050,748,2409,2124
2006-04-12,110,185,243,1850,1083,2400,2028
2006-04-13,135,190,252,1850,1197,2412,1972
2006-04-14,157,195,265,2975,1192,2511,1968
2006-04-15,120,202,277,3960,1136,2804,2088
2006-04-16,109,210,293,3517,1339,2986,2268
2006-04-17,86,220,347,3573,2128,3014,2442
2006-04-18,69,225,432,2685,2316,3128,2568
2006-04-19,79,230,448,2505,2281,3688,2610
2006-04-20,66,243,475,2418,2155,4439,2755
2006-04-21,108,262,544,2007,1960,4679,3385
2006-04-22,107,286,579,2023,1740,4667,3581
2006-04-23,96,301,525,2253,1536,4506,3665
2006-04-24,65,309,459,2333,1379,4278,3669
2006-04-25,64,316,413,1950,1405,4041,3539
2006-04-26,62,323,387,1700,1420,3842,3403
2006-04-27,72,333,371,1662,1344,3693,3347
2006-04-28,80,343,385,1698,1293,3656,3217
2006-04-29,80,356,376,1663,1213,3637,3184
2006-04-30,88,371,384,1697,1160,3619,4454
2006-05-01,78,377,380,1673,1152,3550,4238
2006-05-02,61,384,367,1673,1147,3485,3896
2006-05-03,58,377,352,1633,1157,3429,3772
2006-05-04,61,384,340,1570,1128,3417,3716
2006-05-05,57,384,330,1645,1083,3391,3562
2006-05-06,53,393,330,1675,1064,3372,3441
2006-05-07,52,400,332,1733,1109,3349,3380
2006-05-08,52,384,354,1750,1200,3280,3366
2006-05-09,54,357,365,1685,1203,3263,3319
2006-05-10,52,343,367,1597,1253,3303,3254
2006-05-11,68,337,356,1595,1272,3355,3198
2006-05-12,80,330,368,1615,1224,3406,3193
2006-05-13,112,332,456,1772,1179,3451,3231
2006-05-14,120,350,491,2053,1219,3466,3259
2006-05-15,180,382,608,2563,1408,3474,3268
2006-05-16,192,411,608,4128,1815,3489,3352
2006-05-17,142,440,555,4252,2111,3600,3380
2006-05-18,126,498,624,3593,2775,3850,3464
2006-05-19,111,544,696,2645,3303,4240,3716
2006-05-20,96,580,763,2267,3107,4826,3908
2006-05-21,76,617,920,1580,2582,5473,4220
2006-05-22,65,635,984,1937,2100,6011,4700
2006-05-23,70,654,958,1930,1744,5746,5132
2006-05-24,74,617,902,2040,1532,5220,5354
2006-05-25,66,599,832,1807,1524,4842,4988
2006-05-26,77,605,789,1713,1508,4500,4412
2006-05-27,142,590,747,1677,1444,4329,3998
2006-05-28,820,571,691,1760,1323,4202,3749
2006-05-29,1518,608,691,2630,1251,4133,3618
2006-05-30,3107,673,720,5615,1299,4059,3576
2006-05-31,4540,962,755,8827,1616,3927,3492
2006-06-01,5377,3129,836,10723,3383,4009,3450
2006-06-02,5983,5312,1117,12283,5879,4194,3450
2006-06-03,5863,6659,2933,13933,7679,5016,3478
2006-06-04,5213,7610,5263,14790,8962,7981,3950
2006-06-05,4413,8127,6731,14897,10147,11043,6080
2006-06-06,4090,7868,7616,14277,11703,14317,9724
2006-06-07,5393,7375,7656,13077,12920,17080,13593
2006-06-08,5747,7147,7289,12427,13753,19043,16447
2006-06-09,6683,7631,6899,12110,13950,20377,18640
2006-06-10,6965,8244,7053,12050,13723,21093,20097
2006-06-11,7173,9038,7560,12267,13207,21490,20860
2006-06-12,7285,9539,8360,12643,12780,21753,21313
2006-06-13,7042,9796,8944,13220,12910,21960,21727
2006-06-14,6760,9990,9320,13983,12957,22400,21960
2006-06-15,6222,9951,9565,14447,13217,22950,22553
2006-06-16,5305,9771,9707,14393,13567,23453,23060
2006-06-17,4085,9334,9584,13953,14247,23893,23673
2006-06-18,3070,8564,9320,13230,15140,24260,24167
2006-06-19,2420,7421,8768,12077,15567,24540,24687
2006-06-20,1867,5979,7920,9000,15537,24947,25133
2006-06-21,1612,4744,6731,8363,15190,24907,25370
2006-06-22,1635,3963,5602,6853,13637,24543,25433
2006-06-23,1695,3506,4704,6102,11993,22770,25003
2006-06-24,1797,4019,4021,6143,9406,22187,23900
2006-06-25,2348,4017,3963,5703,7561,19970,21800
2006-06-26,2523,4299,4240,6113,6793,17477,19293
2006-06-27,2857,5366,4325,7095,6359,15420,16713
2006-06-28,3495,6808,4885,7107,6242,14337,14720
2006-06-29,4353,7387,6379,6997,6740,13600,13653
2006-06-30,4277,8150,7528,7440,6900,13707,12943
2006-07-01,4077,9349,8216,7540,6853,15003,13117
2006-07-02,3543,9822,9096,7625,6940,16463,14460
2006-07-03,3207,9680,9877,7722,6980,17343,16060
2006-07-04,2333,9423,10357,8270,7000,18180,17040
2006-07-05,2628,8625,10540,8770,7100,18820,17933
2006-07-06,3067,7598,9812,9400,7321,19260,18693
2006-07-07,3880,7505,8792,10380,7712,19500,19013
2006-07-08,4397,7266,8088,11423,8144,19267,19320
2006-07-09,4720,7724,7784,12153,8831,18797,19400
2006-07-10,5270,9002,7704,12783,9568,18580,19133
2006-07-11,5690,9783,8568,13650,10643,18730,18867
2006-07-12,5480,10353,9523,14083,11600,19373,19120
2006-07-13,5683,10633,10350,14010,12487,20663,19680
2006-07-14,6045,10777,10763,13960,13410,22093,21080
2006-07-15,6233,10910,10980,13750,14240,23433,22680
2006-07-16,6310,11177,10980,13430,15237,24423,24347
2006-07-17,5810,11567,11137,13240,15740,25333,25593
2006-07-18,5450,11723,11433,12953,15990,25917,26510
2006-07-19,6340,11540,11847,12560,16150,26347,27247
2006-07-20,6070,11270,11880,12027,16353,26893,28070
2006-07-21,5457,11777,11760,11663,16517,27457,28793
2006-07-22,4767,11977,11970,11253,16260,27683,29153
2006-07-23,4237,11707,12150,10867,15377,27787,29310
2006-07-24,3927,11043,12027,10657,14323,27977,29310
2006-07-25,3753,10210,11667,10773,13627,28000,29310
2006-07-26,3880,10028,11303,11330,13280,27800,29310
2006-07-27,3330,9951,11300,11560,13280,27327,28990
2006-07-28,2647,10170,11230,11313,13580,26880,28433
2006-07-29,2453,10613,11707,10607,14140,26563,28127
2006-07-30,1897,10094,12957,9493,14337,26870,28070
2006-07-31,2083,8868,13020,8537,14013,27437,28503
2006-08-01,1837,7644,12450,7787,13320,28280,29190
2006-08-02,1853,6841,11940,7135,12480,28680,30143
2006-08-03,2000,6457,10657,6937,11573,28337,30580
2006-08-04,1833,6911,10293,7160,10570,27560,30093
2006-08-05,1728,6752,10430,7147,10006,25867,28613
2006-08-06,1653,5921,10174,6838,9514,24773,26347
2006-08-07,1572,5085,9160,6670,9116,23960,25243
2006-08-08,1468,4579,8096,6530,8462,23960,24073
2006-08-09,1323,4103,6430,6280,8096,23013,22923
2006-08-10,1232,4075,6071,5942,8360,21780,21593
2006-08-11,1208,3976,5818,5590,8200,19373,19933
2006-08-12,1342,3859,5668,5317,7523,18763,19093
2006-08-13,1329,3629,5584,5348,6960,18060,18067
2006-08-14,1258,3606,5986,5590,6620,17240,17480
2006-08-15,1560,4023,6298,5307,6900,19770,16600
2006-08-16,1394,3903,6672,4990,7080,19620,15880
2006-08-17,1243,3735,6811,4920,6800,16730,15580
2006-08-18,1118,3789,6665,4875,6254,17050,15967
2006-08-19,1088,3651,6180,4870,5769,16910,16440
2006-08-20,1023,3312,5596,5005,5617,16353,16287
2006-08-21,1406,3073,5157,4860,6303,15683,15690
2006-08-22,1435,2989,4965,4775,6200,14773,15080
2006-08-23,1539,3228,4811,4625,6060,14540,14420
2006-08-24,2032,3613,4848,5313,5836,14190,14193
2006-08-25,2368,3674,4933,5757,5479,14030,13993
2006-08-26,2550,4219,5013,6575,5629,13610,13653
2006-08-27,2670,5289,5040,7462,6275,13420,13287
2006-08-28,2627,5947,5722,8290,7133,13387,12930
2006-08-29,2780,6334,6789,8910,8056,13867,12820
2006-08-30,2360,7465,7392,9460,9291,15253,13403
2006-08-31,1950,7850,8328,9640,9657,16950,14753
2006-09-01,1792,7000,9136,9347,10034,18593,16960
2006-09-02,1918,6049,8960,8843,10530,20397,19187
2006-09-03,2003,5372,8440,8370,10870,21897,21460
2006-09-04,1918,4986,7800,7840,10743,22507,22753
2006-09-05,1620,4923,7272,7590,10108,22180,22910
2006-09-06,1780,4647,7127,7107,9420,21543,22373
2006-09-07,1758,4265,6914,7000,8758,20960,21593
2006-09-08,1678,4050,5908,7287,8112,20230,20860
2006-09-09,1678,4407,5284,7650,7880,18900,19720
2006-09-10,2078,4808,5184,7763,7816,17783,18480
2006-09-11,4193,5505,5909,8043,8660,16860,17293
2006-09-12,5783,6979,6577,8470,9403,16407,16267
2006-09-13,7253,10336,7616,9302,9558,17130,15920
2006-09-14,8172,12123,10692,9673,9842,18370,16373
2006-09-15,7778,13227,13077,10250,10613,19717,17733
2006-09-16,6505,13730,13957,11097,11440,20350,19640
2006-09-17,4807,13820,14410,11653,12060,25303,22900
2006-09-18,2920,13527,14400,11290,12600,26583,25880
2006-09-19,2630,12453,14290,10433,13283,27777,28017
2006-09-20,2503,11803,15230,9328,14090,28773,29830
2006-09-21,1908,11523,16440,8290,15503,29737,31000
2006-09-22,1773,10198,16140,7443,15863,30630,32040
2006-09-23,2062,8892,15577,6625,15013,31520,32770
2006-09-24,1902,8173,14520,6132,13493,32227,33500
2006-09-25,1732,7331,13210,5992,11750,32187,33920
2006-09-26,1578,6711,11400,6067,9964,31493,33797
2006-09-27,1543,5958,9472,5787,8793,30363,33067
2006-09-28,1450,5212,8248,5385,7856,28007,31117
2006-09-29,1405,4869,7488,5280,7393,25460,28973
2006-09-30,1358,4590,6907,5093,6953,22743,25867
2006-10-01,1233,4315,6657,4830,6607,20797,22563
2006-10-02,1173,4075,6291,4650,6218,18887,20413
2006-10-03,1152,3766,5686,4495,5878,17380,18440
2006-10-04,1138,3651,5192,4325,5599,16250,16840
2006-10-05,1215,4042,5083,4290,5446,15260,15910
2006-10-06,1278,4116,5894,4405,5678,14723,15047
2006-10-07,1600,4349,5986,5405,5799,15190,14740
2006-10-08,1459,4332,6907,7105,7217,15450,15207
2006-10-09,1118,4075,8576,7587,9522,18317,15497
2006-10-10,1076,3951,6892,6840,11870,20920,18440
2006-10-11,1060,3836,6738,5995,13513,23110,21783
2006-10-12,1163,3903,6694,5497,15140,24220,23430
2006-10-13,893,3697,7512,5320,15093,24707,24363
2006-10-14,827,3812,7272,5730,13933,25583,24893
2006-10-15,745,3606,6657,5293,12870,26087,25743
2006-10-16,703,3256,6980,4765,11760,25693,26123
2006-10-17,680,2989,6391,4445,10257,24807,25550
2006-10-18,647,2761,5620,4100,8728,23753,24640
2006-10-19,532,2403,4955,3848,7191,22177,23303
2006-10-20,457,2309,4283,3580,6407,20440,21253
2006-10-21,432,2258,3984,3445,5757,17693,18853
2006-10-22,427,2153,3648,3380,5222,15423,16500
2006-10-23,413,1879,3592,3290,4903,13993,14367
2006-10-24,398,2005,3176,3150,4650,12873,12843
2006-10-25,382,1942,2976,3110,4447,11770,11720
2006-10-26,345,1802,2928,3062,4290,10983,10697
2006-10-27,297,1700,2748,2860,4037,10383,10313
2006-10-28,273,1612,2664,2800,3892,9797,9831
2006-10-29,253,1541,2612,2670,3690,9797,9294
2006-10-30,233,1435,2504,2607,3527,9344,8753
2006-10-31,218,1364,2424,2560,3382,8708,8367
2006-11-01,210,1346,2307,2520,3195,8342,8074
2006-11-02,205,1311,2193,2377,3060,8069,7744
2006-11-03,195,1311,2120,2320,2999,7872,7443
2006-11-04,185,1306,2060,2280,2878,7563,7201
2006-11-05,180,1277,1993,2260,2752,7388,6930
2006-11-06,172,1263,1950,2250,2626,7198,6666
2006-11-07,149,1214,1892,2210,2579,7041,6447
2006-11-08,145,1263,1985,2133,2649,6912,6340
2006-11-09,139,1165,2160,2180,2710,6892,6313
2006-11-10,134,1131,2100,2227,2687,7048,6273
2006-11-11,130,1087,2053,2170,2640,7068,6260
2006-11-12,129,1063,1885,2120,2593,6973,6260
2006-11-13,127,1049,1788,2053,2473,6886,6247
2006-11-14,126,1049,1737,1980,2312,6738,6227
2006-11-15,123,1034,1700,1960,2286,6516,6167
2006-11-16,119,1013,1623,1950,2218,6315,5947
2006-11-17,115,986,1620,1937,2148,6125,5720
2006-11-18,113,962,1585,1890,2104,6038,5564
2006-11-19,111,962,1548,1850,2060,5957,5468
2006-11-20,110,947,1492,1783,1998,5883,5300
2006-11-21,109,935,1449,1740,1938,5684,5210
2006-11-22,109,935,1417,1702,1908,5519,5114
2006-11-23,98,935,1401,1680,1864,5394,5018
2006-11-24,82,921,1361,1730,1804,5286,4934
2006-11-25,71,906,1345,2007,1776,5184,4856
2006-11-26,64,900,1321,1787,1796,5046,4742
2006-11-27,66,888,1308,1877,1844,4944,4646
2006-11-28,65,876,1292,2560,1808,4955,4574
2006-11-29,64,876,1284,2710,1859,4926,4502
2006-11-30,51,864,1273,2378,2108,4926,4430
2006-12-01,49,853,1249,2077,2276,4870,4394
2006-12-02,45,841,1236,1867,2247,5067,4376
2006-12-03,43,829,1228,1763,2034,5256,4412
2006-12-04,41,829,1225,1740,1863,5334,4502
2006-12-05,38,817,1220,1690,1716,5189,4580
2006-12-06,36,806,1217,1665,1620,4990,4712
2006-12-07,35,794,1207,1655,1548,4861,4700
2006-12-08,34,783,1183,1630,1508,4691,4568
2006-12-09,34,771,1140,1605,1456,4512,4376
2006-12-10,34,771,1101,1555,1404,4431,4196
2006-12-11,33,759,1078,1510,1392,4294,4034
2006-12-12,33,759,1062,1490,1368,4193,3944
2006-12-13,33,747,1052,1510,1336,4181,3902
2006-12-14,32,747,1040,1495,1312,4142,3866
2006-12-15,32,736,1018,1480,1280,4089,3801
2006-12-16,32,736,1004,1465,1240,4035,3758
2006-12-17,31,724,996,1450,1229,3825,3716
2006-12-18,31,718,984,1450,1200,3808,3679
2006-12-19,31,712,974,1450,1192,3795,3632
2006-12-20,30,700,966,1450,1192,3761,3576
2006-12-21,30,688,962,1410,1168,3705,3520
2006-12-22,30,683,956,1370,1136,3761,3487
2006-12-23,30,677,956,1350,1107,3705,3436
2006-12-24,30,665,956,1345,1091,3631,3399
2006-12-25,30,653,948,1340,1080,3589,3352
2006-12-26,30,653,930,1340,1069,3539,3301
2006-12-27,30,644,918,1335,1053,3504,3291
2006-12-28,29,635,908,1330,1037,3474,3268
2006-12-29,29,631,902,1298,1021,3470,3231
2006-12-30,29,626,896,1250,1005,3440,3189
2006-12-31,29,626,888,1240,980,3395,3142
2007-01-01,28,617,884,1230,950,3570,3128
2007-01-02,28,605,876,1220,905,3562,3114
2007-01-03,28,590,866,1220,875,3520,3100
2007-01-04,28,580,860,1201,850,3497,3058
2007-01-05,27,568,854,1176,843,3485,3025
2007-01-06,27,553,846,1168,841,3474,3002
2007-01-07,27,544,836,1160,831,3428,2983
2007-01-08,26,544,830,1152,810,3395,2955
2007-01-09,26,534,824,1144,794,3326,2904
2007-01-10,26,525,816,1136,792,3280,2876
2007-01-11,26,516,804,1128,787,3234,2871
2007-01-12,25,507,792,1128,780,3201,2848
2007-01-13,25,501,784,1120,769,3157,2834
2007-01-14,25,489,776,1120,745,3123,2806
2007-01-15,24,489,765,1113,732,3085,2750
2007-01-16,24,480,752,1113,721,3056,2722
2007-01-17,24,476,744,1106,705,3028,2708
2007-01-18,24,471,741,1106,694,3009,2694
2007-01-19,23,462,728,1099,688,2986,2657
2007-01-20,23,453,720,1099,680,2916,2633
2007-01-21,23,443,720,1092,668,2877,2605
2007-01-22,22,434,712,1092,658,2846,2582
2007-01-23,22,425,696,1085,658,2823,2568
2007-01-24,22,418,688,1078,652,2785,2512
2007-01-25,22,415,680,1071,652,2750,2503
2007-01-26,22,411,672,1064,646,2743,2461
2007-01-27,21,408,664,1057,642,2731,2437
2007-01-28,21,408,656,1050,639,2720,2414
2007-01-29,21,405,653,1045,636,2697,2414
2007-01-30,21,398,648,1040,631,2674,2396
2007-01-31,21,391,640,1035,623,2651,2372
2007-02-01,22,391,632,1030,616,2628,2352
2007-02-02,36,391,632,1030,612,2612,2340
2007-02-03,49,384,624,1035,620,2586,2324
2007-02-04,52,377,627,1080,632,2562,2300
2007-02-05,49,377,651,1187,636,2547,2280
2007-02-06,55,377,656,1223,646,2562,2268
2007-02-07,74,377,648,1283,670,2612,2264
2007-02-08,83,371,656,1171,701,2616,2240
2007-02-09,98,371,667,1185,748,2628,2220
2007-02-10,90,367,680,1328,737,2689,2208
2007-02-11,74,364,712,1367,703,2754,2208
2007-02-12,62,364,704,1263,732,2842,2196
2007-02-13,59,364,707,1230,787,2835,2204
2007-02-14,58,364,723,1230,789,2835,2300
2007-02-15,57,364,747,1208,777,2862,2429
2007-02-16,55,360,784,1173,748,2925,2512
2007-02-17,54,360,806,1320,740,2986,2484
2007-02-18,61,357,792,1570,719,2991,2526
2007-02-19,58,357,781,1637,727,2952,2559
2007-02-20,54,364,768,1800,786,2911,2610
2007-02-21,52,360,765,1650,950,2888,2652
2007-02-22,50,357,752,1362,1107,2854,2652
2007-02-23,46,357,744,1208,1109,2874,2540
2007-02-24,44,350,733,1144,996,3172,2461
2007-02-25,42,347,720,1092,836,3315,2489
2007-02-26,41,347,712,1085,759,3429,2633
2007-02-27,41,343,704,1085,697,3394,2745
2007-02-28,40,343,693,1085,664,3090,2806
2007-03-01,40,343,664,1078,646,2785,2806
2007-03-02,40,343,645,1059,640,2781,2675
2007-03-03,39,333,629,1092,640,2735,2540
2007-03-04,39,323,613,1168,635,2689,2415
2007-03-05,38,316,597,1129,628,2670,2332
2007-03-06,37,309,576,1110,627,2632,2280
2007-03-07,36,303,544,1273,624,2624,2240
2007-03-08,36,296,512,1523,619,2566,2228
2007-03-09,36,289,488,1338,630,2531,2208
2007-03-10,35,279,477,1260,721,2511,2160
2007-03-11,34,274,472,1201,753,2492,2136
2007-03-12,34,269,464,1168,695,2531,2136
2007-03-13,33,262,461,1144,664,2616,2124
2007-03-14,33,254,456,1120,642,2674,2160
2007-03-15,32,250,453,1113,632,2708,2208
2007-03-16,32,244,448,1106,611,2620,2256
2007-03-17,32,240,437,1106,588,2535,2276
2007-03-18,31,238,421,1099,566,2504,2232
2007-03-19,31,238,413,1099,558,2488,2184
2007-03-20,31,233,405,1116,544,2421,2156
2007-03-21,30,230,396,1152,540,2386,2136
2007-03-22,30,223,388,1128,597,2365,2088
2007-03-23,29,222,384,1106,624,2354,2040
2007-03-24,29,217,380,1092,644,2367,2004
2007-03-25,29,212,376,1085,620,2421,1956
2007-03-26,28,204,376,1078,594,2500,1932
2007-03-27,28,200,372,1106,568,2511,1924
2007-03-28,28,199,368,1120,572,2465,1992
2007-03-29,27,195,368,1141,599,2418,2060
2007-03-30,27,193,367,1480,616,2364,2064
2007-03-31,27,190,364,1753,624,2315,2004
2007-04-01,26,190,360,1527,690,2329,1944
2007-04-02,26,184,354,1327,856,2412,1920
2007-04-03,26,180,354,1307,848,2438,1908
2007-04-04,25,179,348,1315,764,2523,1900
2007-04-05,25,167,348,1320,711,2727,1892
2007-04-06,24,169,342,1380,698,2766,1992
2007-04-07,25,163,342,1813,668,2685,2180
2007-04-08,32,159,336,2010,646,2616,2264
2007-04-09,37,159,336,1970,720,2547,2208
2007-04-10,46,165,330,1887,925,2531,2140
2007-04-11,107,171,324,1990,1040,2496,2044
2007-04-12,135,186,324,2670,970,2593,1984
2007-04-13,96,225,318,3078,960,2789,1996
2007-04-14,150,272,318,2900,1144,2957,2072
2007-04-15,136,359,326,2770,1580,2930,2196
2007-04-16,117,498,342,2907,1792,2971,2312
2007-04-17,68,586,352,2690,1816,3332,2360
2007-04-18,55,688,467,2577,1894,3850,2380
2007-04-19,46,708,637,2067,1853,4172,2545
2007-04-20,42,673,760,1850,1640,4312,2871
2007-04-21,38,553,812,1980,1397,4382,3142
2007-04-22,43,382,824,1873,1259,4512,3296
2007-04-23,41,312,799,1760,1192,4383,3413
2007-04-24,37,296,712,1693,1168,4195,3422
2007-04-25,90,269,624,2908,1128,3999,3357
2007-04-26,125,262,552,3848,1117,3855,3193
2007-04-27,333,253,496,3800,1336,3784,3016
2007-04-28,373,243,512,3545,1988,3736,2946
2007-04-29,312,234,480,3260,2359,3636,2848
2007-04-30,130,256,448,3037,2386,3842,2750
2007-05-01,116,507,456,3368,2289,4660,2829
2007-05-02,85,542,475,3345,2243,5158,3305
2007-05-03,54,556,496,2637,2304,5189,3711
2007-05-04,45,568,672,2127,2273,5095,3842
2007-05-05,44,544,728,1973,2056,5245,3974
2007-05-06,38,522,789,1873,1822,5340,3980
2007-05-07,31,398,800,1800,1568,5286,3992
2007-05-08,26,366,797,1750,1395,5147,4100
2007-05-09,24,343,781,1675,1355,4914,4088
2007-05-10,22,330,755,1665,1304,4609,3914
2007-05-11,48,334,731,1682,1272,4431,3711
2007-05-12,84,442,1036,1813,1280,4282,3515
2007-05-13,164,501,2360,1867,1323,4375,3389
2007-05-14,452,1073,3541,2207,1448,5184,3408
2007-05-15,799,1732,3449,4155,1576,6598,3731
2007-05-16,2558,2874,4165,6022,1883,7966,4730
2007-05-17,3518,5270,4901,7450,2449,8113,5940
2007-05-18,2833,6754,6878,8437,4206,8507,6732
2007-05-19,1619,6910,10433,9627,5804,9964,7033
2007-05-20,765,6416,11567,9713,7417,13207,8353
2007-05-21,523,6171,10940,8690,8517,17053,11907
2007-05-22,757,5048,10125,7097,8995,19940,15660
2007-05-23,1207,4265,8216,5832,8999,21287,18613
2007-05-24,1754,3858,6390,6038,8375,21013,19813
2007-05-25,1115,3812,5416,7665,7148,20193,19667
2007-05-26,888,4100,4992,8377,6533,18197,18320
2007-05-27,653,3743,4784,8323,6760,16360,16473
2007-05-28,503,3193,4651,7863,7113,14877,14793
2007-05-29,267,2688,4283,6810,7280,14430,13600
2007-05-30,168,2500,3589,5515,7013,14330,13023
2007-05-31,128,2069,3136,4710,6301,14170,12840
2007-06-01,114,1594,2716,4007,5312,13903,12540
2007-06-02,109,1399,2424,3625,4442,12490,12010
2007-06-03,98,1312,2287,3305,3760,11643,11173
2007-06-04,90,1092,2127,3230,3275,10148,10097
2007-06-05,88,1083,1828,3063,2915,9167,8996
2007-06-06,82,953,1764,2698,2747,8472,8052
2007-06-07,87,888,1732,2573,2529,7987,7304
2007-06-08,303,845,1665,2600,2291,7242,6725
2007-06-09,412,1277,1564,2770,2170,6854,6200
2007-06-10,463,1423,1620,3527,2225,6553,5947
2007-06-11,887,1809,1831,5368,2288,6201,5740
2007-06-12,2528,2310,2083,6638,2761,6142,5474
2007-06-13,2633,3404,2277,8473,4149,6574,5384
2007-06-14,2186,4887,2700,10553,5752,7183,5773
2007-06-15,2305,5792,3627,11613,7116,8310,5987
2007-06-16,2718,5888,5195,11527,8567,10019,6757
2007-06-17,3813,5773,5824,10730,9523,12283,8375
2007-06-18,4072,5465,5824,9897,10280,14680,10830
2007-06-19,4330,6365,5806,10213,10620,16533,13377
2007-06-20,4107,6867,6065,11337,10530,17613,15103
2007-06-21,3240,7508,6958,12153,10480,18300,16160
2007-06-22,2840,7885,7856,12433,10927,18657,16707
2007-06-23,3420,7387,8312,12300,11650,19413,17267
2007-06-24,3170,6941,8056,12090,12263,20333,18000
2007-06-25,2963,6936,7480,11767,12610,21223,19040
2007-06-26,3257,7342,7488,11213,12810,21787,20017
2007-06-27,3553,6963,7856,10667,12840,21990,20670
2007-06-28,2770,6661,7672,10097,12573,22110,20900
2007-06-29,3260,6809,7312,9285,12100,22453,21110
2007-06-30,4008,7399,7211,8743,11510,22467,21620
2007-07-01,3358,8421,7776,9015,10613,21983,21650
2007-07-02,3953,8905,8592,9360,9745,21337,21050
2007-07-03,3597,8661,9520,8903,9394,21187,20463
2007-07-04,3320,8722,9584,8617,9274,21187,20240
2007-07-05,3137,8783,9520,9053,9020,21680,20787
2007-07-06,2620,8746,9739,9633,8787,21730,21697
2007-07-07,2279,8661,10121,9993,8708,21660,22077
2007-07-08,2738,8323,10560,10043,8903,21553,21507
2007-07-09,3097,7386,10547,9927,9190,21600,20977
2007-07-10,4092,6730,9584,10383,9429,21870,20860
2007-07-11,5523,7017,8520,10797,9507,22070,20860
2007-07-12,6353,8023,8104,10747,9647,21787,21243
2007-07-13,6902,8929,8480,10963,9986,21080,20843
2007-07-14,6648,10081,9352,11510,10220,20577,20163
2007-07-15,6162,11043,10317,12040,10430,20777,19720
2007-07-16,5673,11793,11413,12340,10743,21623,19787
2007-07-17,5563,12420,12253,12300,11433,22473,20960
2007-07-18,5610,12597,12983,12170,11853,23470,22153
2007-07-19,7830,12273,13360,12280,12187,24687,23383
2007-07-20,10490,12047,13020,12823,12423,25667,24707
2007-07-21,11380,12290,12637,13797,12793,26373,26073
2007-07-22,11497,13093,12537,15103,13300,26907,27403
2007-07-23,12177,14373,12887,16310,14607,27253,28867
2007-07-24,13150,15843,14270,17240,16010,27553,28070
2007-07-25,12857,17220,15563,17613,17743,28280,28397
2007-07-26,12993,18487,16560,17467,19993,28860,29060
2007-07-27,12843,19590,17440,17573,22723,30537,30250
2007-07-28,12820,20410,18223,17787,24293,31680,31740
2007-07-29,12517,20917,18660,17813,25620,33263,33273
2007-07-30,11883,21283,19117,17480,26347,34877,34813
2007-07-31,11323,21403,19393,17213,26783,36563,36937
2007-08-01,10473,21273,19527,17160,27050,37800,38740
2007-08-02,9662,20873,19540,17280,27113,39247,40260
2007-08-03,8473,20083,19407,17560,27290,40003,41560
2007-08-04,7512,19580,18937,17320,27717,40500,42560
2007-08-05,6462,19033,18593,16737,28050,40907,43140
2007-08-06,5710,18220,18297,16030,28103,41093,43500
2007-08-07,4953,17217,18000,15090,27800,41227,43780
2007-08-08,3380,15960,17680,14150,26983,41293,43820
2007-08-09,3010,14103,17080,13390,25773,41187,43680
2007-08-10,2768,11653,15697,12663,24060,40907,43620
2007-08-11,2673,9391,13527,11993,22690,40303,43280
2007-08-12,2588,7978,11467,11107,20870,39600,42580
2007-08-13,2670,7039,9683,9993,18713,37873,41420
2007-08-14,6440,8058,8672,9733,17137,36290,39840
2007-08-15,7263,9189,8768,10787,15187,34083,37367
2007-08-16,7730,10637,9653,12620,13693,31407,34717
2007-08-17,7840,12063,11040,13570,13360,29483,31867
2007-08-18,7283,13197,12583,14073,14080,28313,29723
2007-08-19,6330,14260,13593,14170,15663,28133,28213
2007-08-20,4920,14877,14413,14127,17237,28767,28107
2007-08-21,3273,14860,15050,13710,18463,29703,29007
2007-08-22,2753,14043,15133,13083,19100,30803,30200
2007-08-23,2745,12323,14700,12210,19440,31653,31310
2007-08-24,2603,10361,13503,11210,19247,32693,32730
2007-08-25,2500,8674,11890,10197,18593,33240,33663
2007-08-26,3012,7644,10583,9840,17503,33013,33900
2007-08-27,3192,7006,9429,9950,16057,32347,33690
2007-08-28,3353,7309,8944,10033,14653,31193,32837
2007-08-29,3233,7712,9008,9900,14067,29703,31277
2007-08-30,3530,8151,9312,9793,14230,27850,29367
2007-08-31,3403,8383,9709,9667,13927,26937,27357
2007-09-01,3520,8394,10080,9620,13417,26750,26477
2007-09-02,3463,8254,9920,9753,12937,26740,26107
2007-09-03,4108,8347,9597,9720,12630,26590,26090
2007-09-04,5653,9247,9424,9847,12450,26207,25997
2007-09-05,8198,11923,10443,10027,12237,25550,25467
2007-09-06,9375,15133,12737,10993,12147,25397,25053
2007-09-07,9453,17013,15803,11680,12717,25633,24717
2007-09-08,9895,19543,17053,12010,13110,27083,25147
2007-09-09,10143,20990,18410,12423,13523,28927,26957
2007-09-10,10567,21047,19263,13577,13897,30497,29117
2007-09-11,10753,20637,19647,14953,14310,31653,31120
2007-09-12,10673,20080,19527,15750,15660,32853,32573
2007-09-13,10593,19657,19160,16120,17127,33927,33723
2007-09-14,9668,19580,19147,16250,19440,34773,34907
2007-09-15,8705,19260,19087,16010,21830,35367,35760
2007-09-16,7567,18810,18867,15670,23667,36113,36490
2007-09-17,6330,18243,18487,15140,24807,37017,37347
2007-09-18,5383,17477,18297,14293,25220,37967,38500
2007-09-19,4848,16523,17960,13680,24833,39410,40280
2007-09-20,4457,15307,17253,13053,24047,40697,42000
2007-09-21,3810,13783,16303,12130,23197,41293,43973
2007-09-22,2777,11670,15000,11017,21997,41133,44903
2007-09-23,2313,9454,13080,9385,20187,40473,44110
2007-09-24,2130,7523,11243,8110,18177,39660,42780
2007-09-25,1978,6253,9507,7160,15583,37490,41180
2007-09-26,1890,5367,8352,6587,12767,34373,38740
2007-09-27,1863,4797,7161,6037,10290,32067,35817
2007-09-28,1847,4340,6160,5720,8612,28237,32280
2007-09-29,1830,4000,5680,5567,7568,24043,27823
2007-09-30,1843,3827,5446,5710,7033,20487,23460
2007-10-01,1890,3743,5013,5610,6893,18180,20033
2007-10-02,1868,3735,4709,5683,6900,16520,17387
2007-10-03,1818,4108,4640,5657,6733,15453,15773
2007-10-04,1787,3967,4912,5800,6667,14893,14823
2007-10-05,1753,3751,4832,5813,6507,14580,14290
2007-10-06,1688,3491,4704,5395,6460,14970,14653
2007-10-07,1635,3325,4656,4955,6473,15430,15977
2007-10-08,1595,3357,4544,4665,6145,15590,17120
2007-10-09,1643,4472,4496,4625,5714,15287,16297
2007-10-10,2063,5306,5923,4860,5587,14857,15327
2007-10-11,1833,5754,6877,5250,5379,14490,14480
2007-10-12,1618,5448,7856,5743,5431,15003,14280
2007-10-13,1473,5610,7552,5883,5793,15743,14720
2007-10-14,1558,5467,7872,6253,6359,16667,15647
2007-10-15,1537,5084,7800,6510,6740,17303,16250
2007-10-16,1720,5755,7896,6418,7240,19197,17027
2007-10-17,3055,6979,8776,6305,7768,19350,18627
2007-10-18,3255,8328,9995,7632,8056,19413,18800
2007-10-19,3523,9197,11407,9403,8344,20230,18693
2007-10-20,3367,9628,12500,10870,9209,21453,19600
2007-10-21,3058,9526,12153,11560,10563,22740,20697
2007-10-22,2935,9513,11993,11720,12387,24173,22377
2007-10-23,2737,8710,11563,11640,13960,25250,23797
2007-10-24,2463,7793,10667,11220,15707,26047,24910
2007-10-25,2297,6786,9475,10050,16533,26897,25867
2007-10-26,2193,5906,8424,8637,16420,27253,26427
2007-10-27,2060,5111,7552,7307,15410,27203,26793
2007-10-28,1977,4459,6489,6253,13453,26590,26523
2007-10-29,1882,3953,5626,5498,11280,25457,25420
2007-10-30,1833,3598,5008,5102,9132,23673,24550
2007-10-31,1788,3305,4555,4795,7421,21183,22250
2007-11-01,1733,3144,4341,4515,6337,18463,19820
2007-11-02,1665,3286,3888,4330,5660,15847,16847
2007-11-03,1604,3066,3540,4133,5275,14063,15040
2007-11-04,1573,2662,3456,4020,5116,12847,13413
2007-11-05,1542,2669,3609,3888,4984,12110,12250
2007-11-06,1525,2454,3653,3780,4888,11810,11573
2007-11-07,1478,2354,3400,3680,4716,11460,11173
2007-11-08,1367,2309,3232,3560,4508,11123,10913
2007-11-09,1278,2251,3112,3520,4336,10863,10567
2007-11-10,1147,2195,3040,3685,4169,10350,10193
2007-11-11,985,2185,2964,3635,4037,10034,9771
2007-11-12,863,2216,2916,3383,4001,9627,9311
2007-11-13,697,2216,2892,3295,3882,9360,8921
2007-11-14,555,2034,2928,3190,3662,9152,8690
2007-11-15,532,1963,2964,3155,3531,8986,8529
2007-11-16,568,1963,2880,3015,3424,8779,8345
2007-11-17,607,1963,2788,3140,3401,8581,8140
2007-11-18,617,2005,2788,3872,3419,8413,7993
2007-11-19,640,2237,2872,4790,3475,8328,7854
2007-11-20,668,2195,2876,5233,3954,8277,7722
2007-11-21,608,2048,2808,4515,4716,8399,7678
2007-11-22,497,1984,2784,3750,5055,8808,7707
2007-11-23,443,1900,2652,3307,4716,9545,7993
2007-11-24,428,1683,2532,3050,4098,10459,8558
2007-11-25,418,1600,2413,2830,3587,9764,8921
2007-11-26,407,1488,2290,2815,3247,9192,8805
2007-11-27,393,1452,2217,2715,3004,8576,8367
2007-11-28,365,1417,2147,2620,2878,8164,7773
2007-11-29,338,1630,2047,2610,2757,7725,7326
2007-11-30,323,1282,1963,2535,2640,7352,6937
2007-12-01,303,1258,1917,2495,2542,7109,6717
2007-12-02,285,1239,1873,2412,2487,6900,6440
2007-12-03,278,1224,1833,2357,2367,6732,6280
2007-12-04,270,1207,1801,2327,2299,6589,6120
2007-12-05,278,1175,1764,2290,2285,6441,5980
2007-12-06,292,1136,1737,2260,2262,6265,5820
2007-12-07,275,1107,1697,2270,2203,6136,5680
2007-12-08,273,1107,1628,2343,2159,6029,5534
2007-12-09,258,1092,1569,2437,2137,5973,5414
2007-12-10,242,1078,1548,2287,2177,5877,5312
2007-12-11,218,1063,1529,2187,2181,5796,5222
2007-12-12,192,1049,1508,2147,2108,5769,5132
2007-12-13,180,1034,1489,2110,2023,5726,5066
2007-12-14,168,1020,1473,2073,1965,5642,5042
2007-12-15,153,1005,1457,2037,1949,5554,5000
2007-12-16,149,991,1428,2010,1922,5430,4904
2007-12-17,146,976,1404,1987,1906,5328,4790
2007-12-18,145,969,1375,1950,1870,5220,4658
2007-12-19,144,962,1353,1950,1852,5173,4616
2007-12-20,143,947,1316,1930,1804,5126,4490
2007-12-21,141,941,1289,1903,1780,5075,4430
2007-12-22,140,931,1273,1870,1756,5012,4418
2007-12-23,140,923,1257,1850,1732,4955,4322
2007-12-24,139,912,1241,1810,1688,4892,4256
2007-12-25,138,900,1233,1770,1652,4852,4202
2007-12-26,137,894,1225,1750,1624,4826,4148
2007-12-27,135,888,1212,1730,1600,4786,4118
2007-12-28,133,882,1204,1695,1576,4720,4058
2007-12-29,130,874,1193,1685,1552,4633,3998
2007-12-30,128,864,1164,1675,1532,4587,3920
2007-12-31,125,862,1132,1655,1520,4531,3836
2008-01-01,123,853,1113,1635,1512,4475,3777
2008-01-02,121,851,1088,1625,1492,4419,3730
2008-01-03,120,841,1064,1620,1468,4382,3702
2008-01-04,119,833,1040,1615,1444,4347,3688
2008-01-05,118,827,1020,1610,1420,4312,3674
2008-01-06,117,823,1008,1603,1392,4276,3651
2008-01-07,116,823,996,1575,1373,4241,3627
2008-01-08,115,817,984,1530,1357,4154,3595
2008-01-09,115,814,966,1510,1328,4163,3553
2008-01-10,114,800,954,1470,1307,4121,3506
2008-01-11,114,786,942,1450,1296,4077,3450
2008-01-12,113,769,930,1440,1264,4029,3394
2008-01-13,112,757,912,1430,1232,3951,3366
2008-01-14,111,745,902,1420,1203,3902,3352
2008-01-15,111,734,896,1397,1184,3863,3329
2008-01-16,110,722,888,1380,1160,3797,3282
2008-01-17,110,710,878,1380,1149,3693,3226
2008-01-18,110,698,872,1370,1133,3615,3170
2008-01-19,109,686,866,1353,1128,3554,3114
2008-01-20,109,675,860,1337,1128,3531,3044
2008-01-21,109,663,852,1328,1117,3493,2988
2008-01-22,109,649,840,1313,1109,3451,2960
2008-01-23,109,641,830,1305,1091,3451,2932
2008-01-24,109,632,824,1300,1072,3425,2913
2008-01-25,109,625,818,1738,1056,3383,2885
2008-01-26,115,619,812,2170,1091,3355,2857
2008-01-27,113,616,806,1967,1245,3326,2834
2008-01-28,115,606,846,1720,1417,3349,2820
2008-01-29,121,600,866,2297,1416,3451,2801
2008-01-30,149,610,858,2570,1387,3683,2806
2008-01-31,148,617,902,2552,1612,3893,2937
2008-02-01,136,617,944,2450,1929,3853,3137
2008-02-02,133,617,958,2243,2075,4074,3301
2008-02-03,130,616,956,2090,2023,4427,3305
2008-02-04,129,608,944,2400,1888,4743,3427
2008-02-05,127,608,936,2350,1768,4870,3609
2008-02-06,123,608,934,2227,1812,4776,3902
2008-02-07,118,603,926,1867,1836,4622,4148
2008-02-08,113,597,926,1730,1712,4544,4004
2008-02-09,110,594,920,1652,1536,4581,3749
2008-02-10,110,590,908,1600,1393,4519,3730
2008-02-11,110,574,904,1565,1317,4341,3730
2008-02-12,110,560,878,1590,1261,4134,3697
2008-02-13,114,548,854,2340,1224,3942,3525
2008-02-14,116,533,824,2835,1221,3808,3450
2008-02-15,113,524,787,2553,1387,3705,3287
2008-02-16,110,516,757,2160,1811,3550,3170
2008-02-17,109,512,736,1917,1957,3589,3044
2008-02-18,108,503,728,1823,1826,3898,2937
2008-02-19,107,480,712,1665,1576,4329,2918
2008-02-20,97,480,704,1630,1404,4425,2932
2008-02-21,91,479,701,1550,1323,4189,3529
2008-02-22,89,471,685,1540,1267,3987,3711
2008-02-23,83,469,672,1530,1211,3691,3576
2008-02-24,76,460,664,1510,1184,3643,3291
2008-02-25,75,448,656,1505,1165,3539,3137
2008-02-26,74,430,648,1485,1149,3455,3016
2008-02-27,73,412,637,1480,1141,3399,2904
2008-02-28,71,404,621,1490,1125,3344,2834
2008-02-29,76,397,592,1495,1109,3292,2778
2008-03-01,83,390,573,1485,1104,3246,2727
2008-03-02,91,388,557,1567,1099,3162,2708
2008-03-03,82,382,533,1660,1104,3123,2638
2008-03-04,78,377,517,1585,1115,3099,2605
2008-03-05,72,374,504,1597,1165,3085,2577
2008-03-06,75,367,493,1540,1168,3099,2549
2008-03-07,80,356,480,1525,1117,3104,2535
2008-03-08,75,350,472,1510,1072,3147,2512
2008-03-09,77,347,464,1635,1056,3147,2531
2008-03-10,75,347,464,1463,1051,3066,2629
2008-03-11,67,343,456,1550,1064,3019,2610
2008-03-12,64,343,456,1622,1117,2986,2540
2008-03-13,63,340,448,1620,1112,2952,2479
2008-03-14,59,340,448,1610,1104,2986,2376
2008-03-15,58,336,448,1643,1112,3056,2316
2008-03-16,58,330,440,1640,1115,3075,2316
2008-03-17,60,326,440,1665,1125,3051,2356
2008-03-18,64,323,437,2060,1136,3129,2531
2008-03-19,69,320,429,2327,1133,3056,2540
2008-03-20,72,315,416,2113,1229,3080,2540
2008-03-21,74,309,408,1833,1472,3070,2540
2008-03-22,103,309,400,1692,1564,3104,2540
2008-03-23,134,306,399,1977,1420,3269,2545
2008-03-24,138,303,387,2347,1285,3531,2629
2008-03-25,126,303,379,2563,1261,3595,2736
2008-03-26,119,302,372,2328,1437,3470,2895
2008-03-27,111,312,368,2292,1700,3338,2890
2008-03-28,111,405,373,1870,1772,3340,2773
2008-03-29,114,500,403,2043,1628,3547,2643
2008-03-30,117,507,467,2422,1432,3850,2685
2008-03-31,113,507,536,2750,1384,3921,2951
2008-04-01,110,516,600,2438,1524,3846,3058
2008-04-02,110,516,613,2237,1824,3795,3100
2008-04-03,113,510,584,2270,1896,3816,3072
2008-04-04,117,498,539,2237,1772,4011,2937
2008-04-05,125,497,520,2080,1648,4210,2969
2008-04-06,133,489,512,2280,1648,4225,3198
2008-04-07,125,483,504,2363,1588,4102,3347
2008-04-08,115,471,496,2070,1600,4005,3319
2008-04-09,109,471,485,1933,1700,3963,3165
2008-04-10,103,480,477,1920,1624,3911,3133
2008-04-11,76,480,536,1910,1460,3915,3114
2008-04-12,66,480,555,1890,1365,3987,3095
2008-04-13,69,471,568,1920,1347,3889,3021
2008-04-14,71,468,571,1963,1341,3788,3095
2008-04-15,76,443,557,1967,1336,3730,3086
2008-04-16,79,425,528,1880,1352,3693,2979
2008-04-17,107,424,504,2087,1357,3596,2918
2008-04-18,109,418,464,2420,1336,3550,2885
2008-04-19,104,415,408,2157,1347,3527,2862
2008-04-20,91,410,388,1867,1528,3493,2820
2008-04-21,86,404,364,1953,1620,3466,2783
2008-04-22,87,398,352,2558,1464,3512,2750
2008-04-23,71,397,342,2415,1347,3621,2722
2008-04-24,62,390,350,2027,1504,3724,2694
2008-04-25,58,384,360,1867,1724,3485,2820
2008-04-26,55,383,354,1747,1620,3462,2881
2008-04-27,52,377,354,1697,1420,3607,2778
2008-04-28,52,374,360,1685,1307,3816,2717
2008-04-29,56,371,352,1663,1253,3712,2811
2008-04-30,63,367,344,1758,1200,3527,2918
2008-05-01,111,356,336,2405,1179,3432,2904
2008-05-02,126,354,330,3640,1176,3298,2778
2008-05-03,110,350,322,3482,1352,3228,2647
2008-05-04,109,351,310,2803,2066,3186,2559
2008-05-05,109,343,300,2413,2430,3205,2549
2008-05-06,108,339,296,2583,2299,3635,2526
2008-05-07,110,340,292,2387,2078,4397,2577
2008-05-08,109,454,288,2187,1987,4787,2904
2008-05-09,106,522,320,2177,1915,4650,3399
2008-05-10,92,495,351,2253,1796,4444,3665
2008-05-11,78,426,443,2250,1684,4359,3604
2008-05-12,74,397,517,2247,1664,4264,3399
2008-05-13,85,391,485,2230,1688,4223,3371
2008-05-14,90,389,464,2247,1688,4185,3329
2008-05-15,106,371,480,2273,1652,4220,3403
2008-05-16,111,377,501,2263,1692,4258,3595
2008-05-17,109,443,629,2433,1836,4692,3483
2008-05-18,111,452,902,2850,1894,5001,3511
2008-05-19,122,531,966,3830,1964,4880,3802
2008-05-20,418,577,884,4275,2276,4929,4010
2008-05-21,350,635,908,4485,2841,5173,3854
2008-05-22,282,751,826,4585,3503,5829,3866
2008-05-23,238,908,810,4137,3898,6072,4124
2008-05-24,170,1034,814,3528,4042,6554,4442
2008-05-25,141,1083,916,3343,3788,7014,4880
2008-05-26,139,1020,1119,3305,3373,7388,5396
2008-05-27,135,958,1220,3180,2999,7337,5907
2008-05-28,132,900,1209,3353,2906,7116,6033
2008-05-29,282,888,1177,3720,2808,6861,6013
2008-05-30,267,862,1156,4162,2715,6630,5840
2008-05-31,146,837,1145,4560,2887,6523,5680
2008-06-01,207,841,1132,4865,3247,6406,5522
2008-06-02,144,1160,1113,4795,3718,6462,5348
2008-06-03,137,1529,1064,4595,4143,6643,5258
2008-06-04,128,1141,1252,4197,4168,7021,5288
2008-06-05,124,1111,1601,3770,4006,7543,5654
2008-06-06,128,1010,1897,3605,3811,7957,5973
2008-06-07,287,1263,1591,3675,3536,8192,6427
2008-06-08,562,1482,1457,3665,3298,8263,6623
2008-06-09,883,1893,1564,3763,3279,7933,6798
2008-06-10,675,2395,1767,4460,3438,7617,6754
2008-06-11,1145,3326,1983,5332,3592,7454,6333
2008-06-12,1373,3552,2548,6092,4087,7641,6047
2008-06-13,1781,3858,3496,6797,5123,8020,6053
2008-06-14,2012,3952,3604,8170,5909,8724,6387
2008-06-15,3295,4477,3979,8637,6847,10487,7121
2008-06-16,2543,5854,4208,8437,7752,11670,8477
2008-06-17,2389,7082,4843,8043,8368,12947,9967
2008-06-18,3040,8104,6211,7670,8643,14220,11303
2008-06-19,3623,9087,7480,8390,8520,15470,13007
2008-06-20,4975,8576,8576,9573,8184,16917,14440
2008-06-21,4523,8637,8832,10783,8232,17933,15583
2008-06-22,3873,8576,8488,11577,8894,18720,16400
2008-06-23,3618,8746,8616,12040,9858,19110,17200
2008-06-24,4023,8746,8736,12253,10733,19587,17560
2008-06-25,3390,8795,8752,12120,11490,20487,18053
2008-06-26,3425,8892,8728,11753,12060,21377,18987
2008-06-27,5563,8734,8760,11327,12450,22003,19920
2008-06-28,5343,8905,8744,11490,12707,22610,20803
2008-06-29,4273,10493,8640,12187,12720,23010,21390
2008-06-30,3592,11650,9131,12637,12800,23320,22003
2008-07-01,4390,11383,11613,12210,13177,23733,22447
2008-07-02,5517,11070,11833,11290,13703,24610,23107
2008-07-03,6312,10513,11423,10250,14000,25750,24227
2008-07-04,8120,10487,10957,9973,13897,26453,25517
2008-07-05,11687,11237,10600,10523,13290,26750,26237
2008-07-06,13457,14480,10923,11483,12480,26763,26330
2008-07-07,12980,16537,13920,12747,12003,26240,26330
2008-07-08,12160,20627,17650,14010,12113,26250,26173
2008-07-09,11050,23253,19613,14510,13117,27470,26010
2008-07-10,9757,24410,21137,14103,16740,29137,28180
2008-07-11,8860,24160,21880,13093,17983,30953,30287
2008-07-12,8647,22720,21637,11560,18143,32720,32043
2008-07-13,7687,21217,20607,10393,18190,34730,34183
2008-07-14,7290,20043,19720,10047,17443,36427,36543
2008-07-15,7388,18777,18803,10213,15943,37127,37910
2008-07-16,6960,17583,18020,10400,14107,37193,38440
2008-07-17,6158,16517,17013,10630,12940,36647,38240
2008-07-18,5683,15723,16020,10933,12280,35577,37590
2008-07-19,5387,15163,15240,11367,11917,34163,36340
2008-07-20,5123,14700,14833,11883,11860,32627,34527
2008-07-21,5800,13980,14547,11947,12150,31203,33070
2008-07-22,6683,13003,13967,11580,12743,30450,31653
2008-07-23,7380,12317,12950,11687,13197,29887,30893
2008-07-24,7298,12120,12197,12670,13530,29580,30130
2008-07-25,6938,12527,11993,13817,13600,29200,29817
2008-07-26,6880,13287,12067,14353,13857,28867,29403
2008-07-27,6442,14170,12790,14443,14890,28527,28863
2008-07-28,5590,15790,13983,14520,16373,28550,28467
2008-07-29,4747,15660,15193,14647,17727,29207,28863
2008-07-30,4900,14750,15383,14570,18757,30273,29797
2008-07-31,4663,13937,14650,14310,19930,31427,31220
2008-08-01,4373,12867,14270,13610,20850,32480,32643
2008-08-02,3907,12623,13513,12860,21403,33160,33510
2008-08-03,3853,11723,12973,12123,21467,33580,34273
2008-08-04,4200,10717,13007,11550,20740,33793,34750
2008-08-05,4487,9822,11903,11057,19633,33657,34930
2008-08-06,4703,10327,11387,10520,18420,33417,34570
2008-08-07,4540,10287,11683,10310,17443,32880,34110
2008-08-08,3930,10313,11403,10563,16247,32040,33617
2008-08-09,3597,9978,11507,10780,15093,31200,32890
2008-08-10,3507,10553,11563,10623,14623,30747,32107
2008-08-11,3693,11410,12377,9793,14763,30080,31550
2008-08-12,4713,12333,13983,9300,14907,29770,31047
2008-08-13,4947,12687,14847,9540,14890,30170,30513
2008-08-14,4460,13437,15167,9997,14607,30673,31277
2008-08-15,4220,13933,15527,9960,14290,31213,31950
2008-08-16,5968,14810,15550,9987,14387,31667,32530
2008-08-17,7952,15660,15587,10353,14510,31987,32830
2008-08-18,8980,15803,15983,11123,14453,32200,33150
2008-08-19,9727,16823,16033,12060,14307,32360,33180
2008-08-20,9705,17027,16143,12797,14370,32627,33393
2008-08-21,8835,17323,16627,13150,14843,32760,33587
2008-08-22,7742,17910,16933,13360,15803,32800,33630
2008-08-23,6267,17953,17000,13290,17270,33013,33630
2008-08-24,4903,17353,17133,12990,18560,33433,33900
2008-08-25,4640,16360,16840,12307,19247,34003,34570
2008-08-26,4710,14910,16083,11343,19523,34640,35313
2008-08-27,4727,13293,15107,10650,19330,35220,36023
2008-08-28,4407,12003,13773,10577,18433,35390,36487
2008-08-29,5040,10893,12423,11163,17077,35157,36693
2008-08-30,5703,10054,11453,11713,15613,34237,36097
2008-08-31,5940,9835,10550,12360,14763,32947,34740
2008-09-01,6165,10287,10070,13380,14797,31363,33233
2008-09-02,5867,10773,10357,14150,15203,29863,31550
2008-09-03,5607,11097,10627,14897,15977,28773,30513
2008-09-04,5140,11300,10957,15117,17330,28360,28683
2008-09-05,4583,12450,11137,14893,18810,28550,28540
2008-09-06,4280,12657,11620,14543,20657,29100,28610
2008-09-07,3893,11663,12610,14160,22047,29760,29440
2008-09-08,3460,10787,11907,13740,22630,31007,30407
2008-09-09,3237,10407,11283,12987,22780,32253,31827
2008-09-10,2982,9513,11323,12283,22677,32987,33197
2008-09-11,2920,8421,10440,11417,22263,33227,33750
2008-09-12,2840,7386,9256,10597,21400,33253,34130
2008-09-13,2638,6629,8416,9767,20017,33107,34130
2008-09-14,2440,6109,7600,9142,18337,32600,34260
2008-09-15,2213,5678,7024,8463,16357,31507,33540
2008-09-16,1962,5249,6298,7663,14133,30243,32413
2008-09-17,1872,5247,6298,7340,12633,28410,30703
2008-09-18,2047,5200,6804,7220,11240,26303,28217
2008-09-19,1910,5266,6804,7043,9985,24527,25787
2008-09-20,1797,5021,6973,6675,9343,23017,24040
2008-09-21,1778,4597,6165,6207,9024,23053,22033
2008-09-22,1753,4224,5692,5883,8502,20940,20947
2008-09-23,1670,4357,5154,5820,7920,19680,19867
2008-09-24,1562,4443,4997,6215,7504,18463,18507
2008-09-25,1505,4232,4976,6677,7387,17323,17227
2008-09-26,1536,3928,4965,6457,7409,16583,16110
2008-09-27,1870,3789,4827,5793,7448,16150,15473
2008-09-28,2227,3889,4608,5783,7173,15867,15103
2008-09-29,2565,4472,4709,6145,6787,15503,14877
2008-09-30,2463,4851,4891,6680,6633,15063,14567
2008-10-01,1998,4923,5512,7147,6880,14867,14080
2008-10-02,1875,5266,5542,7133,7273,15130,14527
2008-10-03,2853,5620,5999,6568,7736,15673,14533
2008-10-04,4247,5438,6694,5883,7784,16163,14857
2008-10-05,4120,6242,6496,6273,7431,16870,15240
2008-10-06,3158,7267,6518,6918,7187,17310,15850
2008-10-07,2660,7862,7512,7267,7632,17160,16170
2008-10-08,2453,7522,8344,7227,8112,17210,16050
2008-10-09,2218,6781,8864,6598,8512,17990,16167
2008-10-10,2271,6160,7592,6437,8737,19267,17053
2008-10-11,2194,6109,6951,5733,8744,19700,18267
2008-10-12,1935,5601,6430,6843,8456,19450,18720
2008-10-13,1783,5102,6159,7180,8152,18927,18653
2008-10-14,1640,4697,5668,6710,8160,18320,17907
2008-10-15,1598,4257,5143,5833,8216,17603,17227
2008-10-16,1465,3913,4939,5217,7832,17030,16323
2008-10-17,1388,3613,4779,4830,7020,16483,15977
2008-10-18,1288,3385,4560,4575,6255,15697,15520
2008-10-19,1245,3123,3808,4285,5616,15020,14857
2008-10-20,1218,2905,3280,4023,5111,14070,13883
2008-10-21,1158,2768,3148,3878,4782,13377,13057
2008-10-22,1110,2510,3048,3700,4513,12587,11910
2008-10-23,1072,2369,2836,3615,4300,11317,11147
2008-10-24,1038,2289,2676,3475,4118,10757,10740
2008-10-25,998,2237,2648,3390,4006,10423,10317
2008-10-26,985,2188,2592,3300,3901,10014,10105
2008-10-27,1151,2230,2536,3230,3891,9460,9476
2008-10-28,1379,2294,2516,3260,4072,9221,9069
2008-10-29,1136,3087,2576,3905,4589,9643,8852
2008-10-30,1014,3583,2664,7362,5116,10006,9138
2008-10-31,1297,3506,2948,9187,6470,10347,9459
2008-11-01,1200,3499,3532,8577,8985,10990,9736
2008-11-02,1076,3235,3480,7313,10450,12473,10270
2008-11-03,1021,2871,3448,5702,11060,14463,11720
2008-11-04,963,2500,3360,4730,10713,15730,13790
2008-11-05,935,2282,3200,4210,9609,16520,15027
2008-11-06,915,2294,2932,4060,8497,16340,15617
2008-11-07,898,2216,2592,4067,7412,15460,15340
2008-11-08,888,2005,2395,4087,6740,14237,14527
2008-11-09,882,1935,2408,3883,6383,13283,13493
2008-11-10,868,1844,2373,3585,6127,12630,12510
2008-11-11,857,1767,2320,3383,5745,11937,11750
2008-11-12,833,1735,2250,3215,5106,11527,11140
2008-11-13,797,1718,1993,3095,4655,11007,10613
2008-11-14,758,1671,1884,2993,4204,10353,10066
2008-11-15,735,1623,1847,2960,3902,9727,9415
2008-11-16,723,1570,1788,2815,3699,9160,8731
2008-11-17,705,1558,1751,2740,3531,8708,8125
2008-11-18,692,1541,1711,2660,3373,8320,7788
2008-11-19,672,1517,1673,2600,3279,8011,7399
2008-11-20,663,1479,1628,2558,3167,7767,7091
2008-11-21,653,1429,1601,2495,3055,7556,6835
2008-11-22,643,1399,1577,2430,2976,7381,6637
2008-11-23,633,1370,1553,2400,2915,7204,6480
2008-11-24,620,1320,1513,2370,2850,7000,6320
2008-11-25,605,1309,1476,2340,2803,6860,6133
2008-11-26,593,1289,1449,2300,2696,6720,5920
2008-11-27,582,1261,1415,2280,2570,6666,5787
2008-11-28,573,1239,1372,2243,2449,6371,5700
2008-11-29,563,1212,1340,2230,2334,6287,5558
2008-11-30,553,1187,1329,2140,2289,6143,5402
2008-12-01,543,1158,1292,2100,2247,6000,5258
2008-12-02,520,1129,1273,2073,2225,5889,5126
2008-12-03,498,1099,1255,2050,2214,5755,4988
2008-12-04,478,1070,1212,2040,2181,5620,4844
2008-12-05,462,1047,1180,2010,2137,5536,4724
2008-12-06,448,1034,1148,1970,2100,5465,4682
2008-12-07,438,1020,1121,1960,2060,5280,4610
2008-12-08,430,1020,1100,1933,1998,5268,4526
2008-12-09,423,1008,1092,1913,1990,5221,4442
2008-12-10,410,996,1076,1897,1947,5142,4346
2008-12-11,395,969,1046,1867,1894,5090,4268
2008-12-12,383,962,1026,1840,1852,5064,4208
2008-12-13,373,945,1008,1803,1796,4961,4178
2008-12-14,363,933,990,1793,1772,4857,4082
2008-12-15,353,918,978,1780,1772,4767,3974
2008-12-16,347,900,966,1777,1776,4719,3878
2008-12-17,338,886,948,1767,1760,4702,3801
2008-12-18,328,874,936,1760,1712,4673,3753
2008-12-19,318,866,918,1733,1672,4662,3693
2008-12-20,310,859,906,1720,1648,4604,3688
2008-12-21,310,851,896,1710,1596,4531,3655
2008-12-22,305,839,888,1700,1564,4481,3627
2008-12-23,300,827,876,1690,1532,4419,3576
2008-12-24,295,823,866,1670,1504,4347,3520
2008-12-25,288,817,860,1660,1480,4258,3478
2008-12-26,278,812,852,1655,1444,4206,3422
2008-12-27,275,806,842,1645,1420,4172,3366
2008-12-28,270,800,836,1625,1397,4106,3333
2008-12-29,265,794,828,1615,1373,3957,3282
2008-12-30,260,785,818,1605,1371,3846,3240
2008-12-31,260,753,810,1570,1376,3812,3198
2009-01-01,258,745,800,1555,1365,3786,3156
2009-01-02,255,736,792,1525,1336,3761,3123
2009-01-03,250,730,781,1480,1317,3712,3091
2009-01-04,248,724,768,1465,1296,3668,3067
2009-01-05,243,718,760,1450,1267,3619,3030
2009-01-06,240,712,749,1440,1243,3585,2997
2009-01-07,233,712,736,1413,1277,3543,2946
2009-01-08,228,706,725,1370,1309,3504,2904
2009-01-09,225,706,717,1350,1285,3485,2848
2009-01-10,220,700,709,1345,1211,3497,2820
2009-01-11,215,694,693,1340,1171,3508,2820
2009-01-12,212,694,688,1332,1141,3451,2820
2009-01-13,207,688,680,1323,1136,3378,2806
2009-01-14,200,683,672,1312,1117,3286,2736
2009-01-15,195,683,661,1303,1096,3246,2671
2009-01-16,190,683,653,1287,1067,3211,2624
2009-01-17,183,677,640,1250,1056,3171,2605
2009-01-18,173,671,632,1230,1056,3137,2563
2009-01-19,165,665,624,1220,1056,2946,2535
2009-01-20,160,653,616,1192,1056,3056,2484
2009-01-21,155,649,608,1152,1037,3023,2456
2009-01-22,150,644,600,1128,1024,3000,2428
2009-01-23,149,644,592,1128,1013,2986,2414
2009-01-24,148,644,592,1120,990,2957,2400
2009-01-25,147,640,584,1113,985,2916,2380
2009-01-26,146,635,581,1106,970,2881,2352
2009-01-27,146,635,568,1099,920,2865,2324
2009-01-28,145,631,560,1092,895,2846,2304
2009-01-29,145,631,557,1085,885,2823,2292
2009-01-30,145,631,549,1132,880,2800,2264
2009-01-31,145,626,541,1530,880,2785,2232
2009-02-01,145,626,533,1687,865,2777,2196
2009-02-02,145,626,528,1600,1009,2766,2184
2009-02-03,145,622,520,1337,1181,2781,2172
2009-02-04,144,622,517,1305,1299,2800,2160
2009-02-05,143,622,509,1300,1248,2958,2148
2009-02-06,142,622,501,1283,1144,3173,2216
2009-02-07,141,614,493,1187,1056,3269,2316
2009-02-08,141,613,480,1136,1003,3148,2456
2009-02-09,140,613,480,1113,940,2967,2447
2009-02-10,139,613,472,1085,885,2950,2340
2009-02-11,138,608,469,1059,848,2897,2236
2009-02-12,137,603,461,1047,827,2808,2152
2009-02-13,136,603,456,1040,820,2777,2088
2009-02-14,135,599,448,1035,806,2750,2052
2009-02-15,134,594,448,1035,792,2712,2012
2009-02-16,134,585,437,1030,777,2720,1952
2009-02-17,133,580,432,1025,748,2720,1908
2009-02-18,132,576,424,1025,740,2720,1856
2009-02-19,132,570,416,1020,745,2720,1832
2009-02-20,131,560,413,1007,748,2708,1780
2009-02-21,130,551,405,1002,743,2693,1728
2009-02-22,130,547,400,980,729,2685,1700
2009-02-23,130,533,399,960,713,2681,1680
2009-02-24,129,528,396,950,698,2685,1668
2009-02-25,128,525,392,930,686,2685,1668
2009-02-26,127,525,391,910,672,2670,1628
2009-02-27,126,521,388,943,670,2658,1604
2009-02-28,125,516,384,930,666,2655,1560
2009-03-01,123,515,383,977,656,2624,1500
2009-03-02,125,507,380,1236,652,2612,1468
2009-03-03,128,506,376,1410,654,2589,1452
2009-03-04,127,498,375,1417,684,2570,1440
2009-03-05,127,494,372,1335,810,2558,1424
2009-03-06,126,489,368,1273,990,2554,1408
2009-03-07,124,488,367,1152,1040,2601,1392
2009-03-08,123,479,364,1069,995,2789,1404
2009-03-09,123,471,360,1085,885,2940,1552
2009-03-10,122,466,358,1052,808,3028,1704
2009-03-11,122,462,354,1062,782,3000,1812
2009-03-12,121,457,348,1195,772,2938,1836
2009-03-13,120,453,348,1290,751,2888,1812
2009-03-14,119,448,342,1171,756,2854,1716
2009-03-15,118,443,342,1136,801,2831,1620
2009-03-16,118,437,336,1147,829,2812,1548
2009-03-17,117,428,336,1168,815,2823,1488
2009-03-18,116,424,330,1097,787,2865,1452
2009-03-19,115,418,330,1078,792,2904,1452
2009-03-20,115,415,324,1071,808,2900,1488
2009-03-21,114,411,324,1085,787,2888,1572
2009-03-22,114,410,318,1080,767,2881,1632
2009-03-23,113,405,312,1064,761,2885,1644
2009-03-24,113,404,306,1057,745,2904,1628
2009-03-25,113,398,300,1033,737,2881,1608
2009-03-26,112,394,296,1003,729,2842,1596
2009-03-27,113,391,296,960,745,2835,1584
2009-03-28,115,390,292,937,709,2831,1572
2009-03-29,115,383,292,943,670,2823,1544
2009-03-30,115,376,288,983,650,2812,1520
2009-03-31,122,370,288,1022,639,2785,1496
2009-04-01,128,364,287,1037,631,2739,1472
2009-04-02,130,360,280,1003,633,2685,1448
2009-04-03,136,357,280,1132,648,2662,1424
2009-04-04,187,354,280,2057,654,2628,1400
2009-04-05,228,350,284,2477,656,2616,1368
2009-04-06,172,346,284,2023,832,2651,1320
2009-04-07,136,338,280,1703,1332,2678,1276
2009-04-08,128,346,284,1407,1500,2712,1276
2009-04-09,129,393,288,1750,1331,3025,1300
2009-04-10,128,459,292,1883,1141,3593,1332
2009-04-11,127,488,292,1690,1085,3987,1436
2009-04-12,128,480,296,1675,1205,3855,2100
2009-04-13,131,466,297,1665,1248,3668,2244
2009-04-14,134,451,300,1763,1229,3650,2208
2009-04-15,141,443,306,1993,1195,3799,2136
2009-04-16,139,443,306,1787,1232,3885,2080
2009-04-17,130,443,312,1618,1304,3889,2120
2009-04-18,126,446,318,1570,1280,3863,2232
2009-04-19,127,466,320,1480,1245,3933,2248
2009-04-20,130,485,332,1553,1168,4005,2196
2009-04-21,143,489,336,2040,1107,4023,2184
2009-04-22,148,489,342,2730,1104,3929,2212
2009-04-23,205,454,342,2370,1259,3850,2232
2009-04-24,235,442,348,1903,1724,3829,2256
2009-04-25,182,434,342,1823,1906,3876,2244
2009-04-26,188,430,330,2013,1700,3962,2216
2009-04-27,175,428,318,2428,1456,4359,2196
2009-04-28,143,462,310,2293,1412,4413,2481
2009-04-29,135,503,300,1930,1628,4213,2722
2009-04-30,130,521,296,1690,1788,4041,2722
2009-05-01,128,536,308,1540,1640,4023,2605
2009-05-02,124,539,320,1495,1403,4228,2373
2009-05-03,119,519,330,1427,1293,4353,2280
2009-05-04,126,500,328,1410,1211,4249,2425
2009-05-05,132,497,316,1690,1173,4053,2563
2009-05-06,153,488,304,1700,1147,3872,2465
2009-05-07,139,480,295,1660,1157,3778,2336
2009-05-08,132,476,288,1640,1229,3712,2196
2009-05-09,136,476,283,1653,1224,3693,2124
2009-05-10,132,489,272,1660,1181,3668,2052
2009-05-11,129,498,268,1645,1181,3705,2028
2009-05-12,130,509,260,1638,1171,3712,2028
2009-05-13,127,522,257,1632,1147,3693,2064
2009-05-14,123,495,257,1630,1147,3668,2088
2009-05-15,127,494,268,1620,1229,3631,2100
2009-05-16,130,498,277,1597,1427,3619,2084
2009-05-17,130,494,292,1555,1648,3600,2060
2009-05-18,134,480,312,1465,1624,3643,2040
2009-05-19,145,480,314,1450,1379,4049,2080
2009-05-20,183,485,292,1475,1371,4450,2292
2009-05-21,156,494,280,1525,1341,4425,2685
2009-05-22,165,479,284,2080,1203,4234,2778
2009-05-23,203,473,280,2253,1123,4159,2722
2009-05-24,177,498,280,1777,1221,4093,2666
2009-05-25,185,614,292,1682,1468,3963,2610
2009-05-26,252,724,330,1650,1425,3904,2549
2009-05-27,338,794,359,1622,1299,4245,2428
2009-05-28,368,876,385,1615,1219,4500,2489
2009-05-29,325,1005,499,1607,1208,4437,2689
2009-05-30,355,1083,576,1887,1243,4382,2792
2009-05-31,457,1190,747,2203,1312,4450,2708
2009-06-01,572,1165,942,2210,1803,4525,2773
2009-06-02,678,1190,1078,4277,2321,4691,2717
2009-06-03,622,1253,1058,5697,2498,5026,2727
2009-06-04,577,1268,1040,5567,3599,5835,3063
2009-06-05,493,1268,1044,5227,4716,6364,3613
2009-06-06,433,1253,1076,4565,4918,7223,4448
2009-06-07,402,1576,1209,3700,4827,8362,5282
2009-06-08,550,2268,1460,3265,4503,9002,6521
2009-06-09,740,2033,1719,3003,4240,9302,7700
2009-06-10,832,1754,1934,3688,3966,9286,7964
2009-06-11,941,1683,1901,4782,3802,9214,7832
2009-06-12,965,1665,1791,6197,3807,9261,7685
2009-06-13,753,1629,1644,6550,4376,9261,7656
2009-06-14,667,1683,1588,5703,5254,9121,7656
2009-06-15,627,1893,1585,4947,5666,9294,7524
2009-06-16,612,1942,1631,4635,5418,9859,7436
2009-06-17,578,1914,1676,4740,4852,10283,8235
2009-06-18,528,1558,1628,4565,4452,10243,8536
2009-06-19,548,1470,1564,4350,4341,9915,8558
2009-06-20,847,1405,1476,3857,4321,9612,8243
2009-06-21,1034,1405,1404,3765,4118,9293,8030
2009-06-22,1327,1623,1343,4198,3769,9113,7898
2009-06-23,1423,1970,1356,4775,3541,8851,7619
2009-06-24,1827,2557,1479,5382,3676,8569,7165
2009-06-25,1858,3235,1609,6052,4072,8277,6820
2009-06-26,2147,3483,1861,6678,4513,8219,6487
2009-06-27,2580,3430,2351,6847,5040,8514,6287
2009-06-28,3382,3348,2832,7040,5636,9242,6521
2009-06-29,3267,4804,3092,7770,5981,10195,7187
2009-06-30,3578,5678,3408,8070,6224,11140,8191
2009-07-01,5100,5859,3797,8503,6620,11653,9190
2009-07-02,6455,6212,4443,9547,7027,12317,9917
2009-07-03,7797,7624,5261,10680,7453,13257,10670
2009-07-04,8457,9087,6084,11667,8216,14237,11840
2009-07-05,8372,10107,7768,12600,9055,15273,12997
2009-07-06,7697,10730,8952,13300,9818,17417,14100
2009-07-07,7568,11190,9728,13720,10877,18733,15560
2009-07-08,7070,11667,10283,13913,12010,20593,17587
2009-07-09,7048,11990,10817,14020,12990,22110,19640
2009-07-10,7183,12030,11323,14140,13900,23443,21377
2009-07-11,7243,11820,11480,14047,14953,24647,22937
2009-07-12,6847,11650,11520,13840,15897,25833,24303
2009-07-13,5593,11493,11310,13400,16647,26623,25337
2009-07-14,4217,11203,11127,12907,16790,27257,26157
2009-07-15,3572,10663,10923,11997,16873,27647,26957
2009-07-16,3632,9836,10487,11000,16777,28137,27423
2009-07-17,3693,8518,9813,9760,16023,27980,27693
2009-07-18,3387,7643,8864,8703,14873,27837,27750
2009-07-19,3170,7158,7880,8257,13453,27280,27677
2009-07-20,3053,6869,7090,7950,12253,26167,26603
2009-07-21,2955,6334,6870,7623,11013,24797,25210
2009-07-22,3123,5821,6562,7420,9638,23210,23627
2009-07-23,2973,5534,6004,7050,8823,21690,21913
2009-07-24,2807,5400,5872,6807,8224,20230,20200
2009-07-25,3303,5295,5578,6680,7712,18993,18720
2009-07-26,4013,5191,5332,6515,7383,17850,17267
2009-07-27,5140,5496,5179,7285,7080,16890,16167
2009-07-28,6000,6552,4976,8603,6880,16230,15647
2009-07-29,6898,8271,5443,9647,7241,15880,15357
2009-07-30,6717,10082,6888,10460,8032,15730,15180
2009-07-31,6873,10787,8792,11227,8838,16617,15253
2009-08-01,6828,10977,10005,11933,9570,18247,16333
2009-08-02,6163,11287,10487,12433,10500,20310,17773
2009-08-03,5342,11780,10923,12733,11500,22010,19467
2009-08-04,4807,11510,11330,12593,12283,23290,21093
2009-08-05,6332,10840,11330,12247,13013,24310,22437
2009-08-06,7538,10650,10710,11640,13607,25240,23720
2009-08-07,6917,11523,10280,11003,13900,25863,24923
2009-08-08,5660,12020,11180,10677,13870,26077,25597
2009-08-09,4323,12103,11803,10447,13580,26310,25660
2009-08-10,3700,11650,11947,9893,13207,26767,25980
2009-08-11,2970,10597,11750,9265,12733,27183,26507
2009-08-12,3317,9211,10923,8570,12160,27297,26970
2009-08-13,3493,8268,9685,8277,11560,27057,26813
2009-08-14,3592,7528,8800,8257,11010,26073,26410
2009-08-15,3400,8468,7864,8830,10450,24857,25420
2009-08-16,3923,8697,8056,9600,10330,23667,24040
2009-08-17,4353,8813,8648,10217,10530,22530,22613
2009-08-18,4240,9209,8832,10500,11280,22090,21447
2009-08-19,4248,9487,9032,10410,12040,22400,20990
2009-08-20,5748,9577,9240,10597,12553,23127,21563
2009-08-21,7927,9835,9416,11063,13023,23613,22180
2009-08-22,8828,10557,9480,11457,13273,24240,22843
2009-08-23,8880,12560,10039,12010,13677,24800,23613
2009-08-24,8490,13540,11910,12633,14340,25510,24363
2009-08-25,7397,14323,13297,13260,15233,25667,25003
2009-08-26,6020,15257,14230,13500,16150,27517,26170
2009-08-27,4807,16073,15397,13170,17267,28980,28033
2009-08-28,3903,15973,16057,12310,18113,30140,29670
2009-08-29,3380,14753,16067,11093,18867,31113,31033
2009-08-30,3090,13033,15240,9827,19100,32213,32357
2009-08-31,2712,10977,14247,8590,18897,33107,33497
2009-09-01,2480,8942,12750,8010,17743,33790,34510
2009-09-02,2268,7456,10433,7387,16073,33610,34840
2009-09-03,2168,6365,8808,6742,13787,32480,34407
2009-09-04,2075,5701,7520,5990,12143,30740,33127
2009-09-05,1943,5323,6987,5630,10490,28147,30980
2009-09-06,1892,5102,5812,5677,9030,25373,28127
2009-09-07,1877,5057,6254,5740,8144,22747,24900
2009-09-08,1835,5529,6606,6112,7864,20410,22020
2009-09-09,1800,6427,7992,6433,7928,19290,19857
2009-09-10,1748,6222,9064,6307,8096,19317,18640
2009-09-11,1655,5562,9288,6000,8264,19900,18440
2009-09-12,1601,4797,8744,5650,8048,20853,19067
2009-09-13,1588,4424,7287,5243,7624,21227,19880
2009-09-14,1634,3984,6148,4935,7120,20657,20053
2009-09-15,1763,3959,5518,4915,7060,19267,19387
2009-09-16,1897,4000,4987,5055,7060,17680,17960
2009-09-17,1987,4050,4800,5270,7200,16553,16300
2009-09-18,2114,4436,4709,5737,7180,15800,15477
2009-09-19,2600,4624,4699,6000,7213,15520,14760
2009-09-20,2912,5204,5174,6585,7616,15420,14547
2009-09-21,3262,6050,5224,7867,8088,15597,14500
2009-09-22,3562,7062,5896,9062,8765,16093,14653
2009-09-23,3238,7747,7672,9917,9692,16717,15070
2009-09-24,3160,8613,8504,10460,11043,18017,15680
2009-09-25,2682,8734,9296,10517,12263,20053,17053
2009-09-26,2357,7943,9995,9880,13100,21917,19147
2009-09-27,2106,6936,10037,8765,13580,23903,21770
2009-09-28,1903,5990,9432,7652,13570,25797,24607
2009-09-29,1758,5371,8288,7043,12880,27040,26683
2009-09-30,1581,4781,7472,6392,11627,26907,27443
2009-10-01,1506,4369,6819,5490,10117,25727,26703
2009-10-02,1388,4034,5881,4905,8841,24240,25833
2009-10-03,1310,3751,4976,4520,7501,22303,24770
2009-10-04,1385,3804,5210,4232,6457,20477,22393
2009-10-05,1295,4938,6729,3960,5884,19990,20367
2009-10-06,1313,5840,9349,3960,5536,20453,20080
2009-10-07,1263,5610,11593,4060,5187,19533,19813
2009-10-08,1371,5021,11633,4132,5342,20007,18893
2009-10-09,1436,4638,10487,4445,5237,20570,19307
2009-10-10,3140,4618,9032,5007,5273,20647,19720
2009-10-11,3215,4504,7536,6680,5629,20083,19680
2009-10-12,2757,5621,6252,8630,6560,19063,18960
2009-10-13,2274,6426,5734,9010,8072,18080,17840
2009-10-14,1907,6120,6833,8323,9303,17877,17147
2009-10-15,1763,5553,6943,7192,9932,19140,17147
2009-10-16,1592,4914,6577,6247,9842,20490,18360
2009-10-17,1473,4528,6716,4963,9234,21067,19533
2009-10-18,1364,4091,6062,4415,8096,21013,19933
2009-10-19,1293,3820,5446,4080,6913,19987,19653
2009-10-20,1270,3728,4939,3918,6006,18670,18627
2009-10-21,1203,3651,4501,3805,5218,17050,17173
2009-10-22,1110,3407,3941,3725,4898,15727,15560
2009-10-23,1090,3207,3496,3575,4599,14517,14027
2009-10-24,1008,3066,3200,3410,4457,13483,12730
2009-10-25,963,2912,2972,3205,4341,12310,11850
2009-10-26,922,2781,2840,3032,4098,11660,11140
2009-10-27,885,2655,2744,2930,3774,11097,10510
2009-10-28,860,2510,2652,2800,3499,10497,9934
2009-10-29,783,2400,2608,2680,3293,9915,9320
2009-10-30,740,2324,2552,2583,3121,9427,8684
2009-10-31,715,2258,2448,2500,2990,8950,8184
2009-11-01,695,2174,2347,2412,2864,8588,7729
2009-11-02,673,2122,2223,2357,2710,8270,7326
2009-11-03,645,2048,2130,2287,2575,7990,6981
2009-11-04,625,1995,2013,2240,2479,7702,6688
2009-11-05,610,1977,1930,2200,2348,7403,6420
2009-11-06,585,1872,1876,2140,2298,7081,6160
2009-11-07,565,1848,1812,2080,2269,6939,5980
2009-11-08,545,1830,1756,2063,2210,6828,5760
2009-11-09,530,1781,1716,2020,2170,6643,5583
2009-11-10,515,1744,1660,1980,2130,6455,5384
2009-11-11,503,1691,1596,1933,2075,6371,5276
2009-11-12,482,1656,1548,1900,2060,6258,5150
2009-11-13,473,1620,1521,1870,1923,6110,5006
2009-11-14,452,1585,1476,1860,1824,6050,4916
2009-11-15,445,1550,1441,1840,1792,5984,4844
2009-11-16,438,1535,1417,1820,1744,5760,4718
2009-11-17,430,1520,1385,1800,1692,5684,4532
2009-11-18,430,1494,1361,1760,1676,5599,4322
2009-11-19,442,1470,1340,1977,1644,5436,4160
2009-11-20,517,1470,1321,3370,1616,5286,4070
2009-11-21,522,1464,1305,4635,1724,5250,3998
2009-11-22,462,1443,1281,4103,2475,5163,3926
2009-11-23,438,1435,1260,3203,3564,5080,3854
2009-11-24,402,1470,1241,2513,3667,5801,3786
2009-11-25,380,1458,1225,2180,3139,6817,3730
2009-11-26,360,1429,1204,2010,2494,7373,3980
2009-11-27,335,1381,1204,1887,2119,7116,4730
2009-11-28,315,1317,1188,1813,1884,6727,5378
2009-11-29,295,1311,1161,1760,1668,6371,5234
2009-11-30,278,1297,1137,1720,1600,5799,4748
2009-12-01,255,1282,1108,1690,1520,5495,4352
2009-12-02,237,1268,1086,1670,1460,5286,4178
2009-12-03,228,1239,1074,1643,1401,5106,3873
2009-12-04,218,1234,1046,1613,1373,4922,3646
2009-12-05,215,1209,1022,1545,1323,4817,3478
2009-12-06,208,1200,986,1453,1280,4762,3394
2009-12-07,203,1180,966,1407,1248,4656,3319
2009-12-08,193,1165,938,1373,1235,4574,3277
2009-12-09,188,1165,918,1348,1221,4512,3226
2009-12-10,183,1165,900,1345,1200,4400,3165
2009-12-11,173,1165,888,1477,1155,4312,3058
2009-12-12,162,1150,870,1520,1120,4258,2974
2009-12-13,153,1150,858,1400,1128,4210,2941
2009-12-14,149,1136,846,1347,1181,4159,2913
2009-12-15,147,1136,834,1335,1168,4121,2876
2009-12-16,145,1136,822,1315,1136,4095,2820
2009-12-17,143,1136,806,1303,1099,4168,2764
2009-12-18,140,1121,792,1290,1075,4029,2731
2009-12-19,139,1121,784,1280,1056,4023,2703
2009-12-20,138,1107,776,1270,1027,3969,2675
2009-12-21,137,1107,765,1247,998,3915,2624
2009-12-22,136,1107,736,1230,950,3872,2591
2009-12-23,136,1107,720,1220,920,3833,2563
2009-12-24,135,1092,712,1270,895,3767,2498
2009-12-25,135,1078,709,1250,940,3712,2433
2009-12-26,134,1078,704,1210,975,3656,2396
2009-12-27,134,1070,688,1192,975,3603,2344
2009-12-28,133,1065,664,1163,940,3566,2292
2009-12-29,133,1049,637,1128,930,3531,2256
2009-12-30,132,1034,608,1106,925,3497,2256
2009-12-31,131,1025,576,1094,930,3462,2256
2010-01-01,130,1020,549,1087,895,3451,2256
2010-01-02,129,1020,525,1078,855,3440,2256
2010-01-03,129,1005,501,1078,841,3440,2244
2010-01-04,128,1005,488,1069,737,3440,2244
2010-01-05,127,1005,469,1055,688,3433,2244
2010-01-06,126,991,461,1045,670,3406,2228
2010-01-07,126,991,448,1045,658,3383,2180
2010-01-08,125,984,440,1037,646,3338,2084
2010-01-09,124,976,432,1030,640,3286,2012
2010-01-10,123,976,424,1025,637,3234,1956
2010-01-11,122,976,416,1020,613,3186,1908
2010-01-12,121,959,405,1015,607,3152,1860
2010-01-13,121,937,400,1010,603,3114,1844
2010-01-14,120,935,395,1005,594,3075,1816
2010-01-15,119,923,388,1000,586,3056,1788
2010-01-16,118,923,384,990,580,3014,1740
2010-01-17,118,912,379,980,572,2971,1708
2010-01-18,117,912,371,970,564,2929,1688
2010-01-19,117,906,363,960,558,2892,1644
2010-01-20,116,900,352,950,552,2873,1596
2010-01-21,115,900,340,940,550,2858,1548
2010-01-22,115,888,328,940,528,2842,1520
2010-01-23,114,888,318,930,514,2823,1500
2010-01-24,114,888,312,920,494,2808,1496
2010-01-25,114,880,306,920,486,2796,1484
2010-01-26,113,876,300,920,492,2777,1464
2010-01-27,113,872,296,920,490,2770,1416
2010-01-28,112,864,292,910,473,2750,1368
2010-01-29,112,862,288,910,468,2739,1332
2010-01-30,112,853,284,910,464,2716,1296
2010-01-31,111,853,280,910,460,2693,1280
2010-02-01,111,851,276,910,445,2670,1260
2010-02-02,110,835,272,900,444,2655,1248
2010-02-03,110,829,268,900,444,2635,1232
2010-02-04,110,829,264,893,443,2616,1190
2010-02-05,109,829,260,893,453,2593,1150
2010-02-06,109,829,257,886,440,2558,1127
2010-02-07,109,817,254,886,424,2523,1107
2010-02-08,109,812,251,879,409,2492,1087
2010-02-09,109,806,248,879,404,2488,1067
2010-02-10,109,800,245,872,404,2484,1047
2010-02-11,109,794,242,872,404,2454,1027
2010-02-12,108,788,239,872,380,2438,1007
2010-02-13,108,785,236,865,350,2427,992
2010-02-14,108,771,233,865,337,2418,979
2010-02-15,108,771,230,858,330,2406,966
2010-02-16,108,757,227,851,313,2391,953
2010-02-17,108,747,226,844,298,2371,940
2010-02-18,107,742,224,837,288,2354,920
2010-02-19,106,736,221,851,307,2342,897
2010-02-20,104,734,220,877,420,2331,874
2010-02-21,103,724,218,860,428,2315,851
2010-02-22,102,718,215,960,432,2292,828
2010-02-23,101,710,211,1013,402,2323,815
2010-02-24,101,698,206,894,327,2388,807
2010-02-25,99,688,203,838,402,2403,807
2010-02-26,99,683,199,821,452,2415,832
2010-02-27,96,720,198,821,476,2415,878
2010-02-28,96,732,195,818,444,2397,924
2010-03-01,94,710,193,820,435,2394,950
2010-03-02,94,698,190,837,432,2432,955
2010-03-03,92,688,190,821,433,2438,959
2010-03-04,92,681,190,816,429,2435,983
2010-03-05,91,677,188,812,420,2427,996
2010-03-06,90,671,188,924,436,2415,972
2010-03-07,90,652,184,1543,441,2400,953
2010-03-08,93,644,182,1630,452,2394,955
2010-03-09,97,640,179,1630,525,2424,920
2010-03-10,105,638,177,1890,723,2435,950
2010-03-11,112,632,175,1827,801,2453,968
2010-03-12,110,628,175,1638,950,2473,968
2010-03-13,108,625,173,1318,1045,2581,970
2010-03-14,103,620,175,1160,1009,2659,987
2010-03-15,94,616,175,1097,801,2769,1150
2010-03-16,91,611,173,1069,676,2889,1380
2010-03-17,91,608,175,1050,612,2971,1680
2010-03-18,87,613,175,1045,586,2881,1800
2010-03-19,87,608,173,1040,550,2808,1804
2010-03-20,85,603,169,1030,524,2747,1668
2010-03-21,83,599,164,995,502,2685,1528
2010-03-22,81,587,155,987,496,2700,1412
2010-03-23,80,585,146,1047,472,2674,1336
2010-03-24,77,580,143,1050,452,2674,1232
2010-03-25,74,579,139,1092,460,2674,1193
2010-03-26,72,576,134,1133,472,2670,1177
2010-03-27,71,571,130,1380,484,2651,1157
2010-03-28,74,565,128,1950,506,2639,1093
2010-03-29,85,562,125,1813,586,2628,1053
2010-03-30,107,573,123,1660,672,2631,1050
2010-03-31,118,591,121,1817,724,2701,1050
2010-04-01,130,610,128,2100,822,2785,1050
2010-04-02,202,622,125,2307,950,2858,1113
2010-04-03,187,632,134,3110,1112,2930,1272
2010-04-04,178,669,143,4510,1253,3133,1396
2010-04-05,153,708,156,4980,1600,3444,1528
2010-04-06,149,786,176,4910,2545,3630,1672
2010-04-07,355,813,199,4760,3349,3965,1828
2010-04-08,365,813,265,4550,3709,4574,2056
2010-04-09,255,833,272,4375,3695,5684,2551
2010-04-10,207,853,288,3810,3583,6265,3385
2010-04-11,136,825,284,3185,3410,6613,4214
2010-04-12,125,817,279,2565,3088,6601,4790
2010-04-13,123,864,271,2223,2576,6530,4844
2010-04-14,348,847,264,2572,2137,6329,4820
2010-04-15,217,806,263,2780,1880,5986,4622
2010-04-16,208,736,297,2340,1840,5556,4346
2010-04-17,390,692,322,3317,1936,5305,4004
2010-04-18,238,702,288,3873,1889,4884,3492
2010-04-19,173,787,260,3112,2091,4879,3268
2010-04-20,245,806,232,2505,2584,4870,3137
2010-04-21,673,864,223,2367,2612,4857,3100
2010-04-22,1539,888,240,2678,2122,5025,3100
2010-04-23,1557,1199,269,4940,1895,5617,3315
2010-04-24,1270,888,291,6495,1931,5370,3548
2010-04-25,1059,1199,320,7407,3032,5132,3571
2010-04-26,883,1956,342,7650,4482,4901,3361
2010-04-27,865,2090,368,7347,5261,5580,3212
2010-04-28,647,1900,536,6948,5994,6929,3436
2010-04-29,637,1748,1052,6647,6018,8388,4616
2010-04-30,463,1576,1327,6108,5860,9297,6013
2010-05-01,378,1482,1257,4893,5678,9901,7121
2010-05-02,317,1381,1183,3867,5231,10260,7781
2010-05-03,282,1253,1080,3263,4442,10069,7979
2010-05-04,227,1146,1022,2987,3625,9627,8052
2010-05-05,192,1063,968,2647,2929,8952,7722
2010-05-06,157,971,920,2530,2416,8263,7194
2010-05-07,155,931,866,2753,2214,7355,6461
2010-05-08,148,884,812,2750,2075,6613,5645
2010-05-09,172,853,752,2363,2170,6093,5018
2010-05-10,282,813,704,2280,2166,5643,4460
2010-05-11,415,790,640,3000,2016,5454,4076
2010-05-12,562,771,576,4560,1913,5436,3778
2010-05-13,750,751,533,5112,2104,5442,3758
2010-05-14,645,751,408,5357,2995,5329,3627
2010-05-15,843,936,291,6197,3737,5131,3450
2010-05-16,858,1049,280,6220,4163,5677,3371
2010-05-17,647,1175,310,5643,4731,6521,3609
2010-05-18,598,1229,375,5163,4949,7199,4310
2010-05-19,675,1311,485,4725,4761,7829,5018
2010-05-20,607,1329,672,4168,4391,8286,5587
2010-05-21,453,1318,786,3585,4098,8447,6127
2010-05-22,432,1282,904,3330,3709,8255,6400
2010-05-23,538,1253,932,5138,3214,8069,6380
2010-05-24,605,1190,868,6402,2953,7722,6133
2010-05-25,665,1382,820,6360,3708,7572,5840
2010-05-26,948,1311,808,5337,4767,7351,5693
2010-05-27,2218,1329,914,5283,5101,7301,5492
2010-05-28,2003,1749,956,7097,4817,8281,5536
2010-05-29,1655,2367,888,7603,4695,9008,6260
2010-05-30,1088,3529,990,7078,5461,9214,6864
2010-05-31,1025,3728,1441,5937,6218,8914,7062
2010-06-01,1177,3116,2285,5065,6236,9383,6981
2010-06-02,1377,2649,2616,4760,5757,10370,7341
2010-06-03,1633,2339,2310,5322,4908,11193,8206
2010-06-04,1845,2244,2053,5643,4488,11343,9008
2010-06-05,1634,2272,1823,5330,4599,10747,9190
2010-06-06,1980,2669,1649,4890,4792,10109,8760
2010-06-07,1721,2940,1724,5197,4858,9723,8162
2010-06-08,1503,3144,1925,5942,4589,9686,7759
2010-06-09,1164,3305,2113,7367,4888,9818,7656
2010-06-10,1078,3340,2320,7655,5118,9794,7744
2010-06-11,1072,3377,2500,6973,5988,10105,7825
2010-06-12,1403,3137,2640,5810,6480,10590,7979
2010-06-13,1292,3102,2752,5843,6248,11307,8441
2010-06-14,1517,3430,2760,6717,5793,11950,9086
2010-06-15,1934,3629,2764,7027,5787,12103,9762
2010-06-16,2742,4199,3092,8317,6311,12247,10127
2010-06-17,3320,4663,3276,9987,7113,12273,10407
2010-06-18,3970,5515,3655,11357,7904,12503,10490
2010-06-19,3997,6079,4320,12583,8777,13233,10790
2010-06-20,3633,6778,5095,13160,9634,14267,11603
2010-06-21,3783,7028,5890,13440,10877,15367,12600
2010-06-22,3977,6930,6467,13797,11990,16817,13950
2010-06-23,4543,7082,6518,14083,13060,18377,15410
2010-06-24,5493,7977,6511,14260,13867,19713,16973
2010-06-25,5627,8953,7163,14377,14890,20530,18467
2010-06-26,5470,9950,8192,14537,15803,21330,19587
2010-06-27,6023,10500,9128,14533,16580,22840,20800
2010-06-28,6467,10540,9963,14360,17300,23613,22183
2010-06-29,6373,10790,10153,14387,17857,24840,23613
2010-06-30,6387,10910,10273,14653,17997,25867,25003
2010-07-01,6003,10963,10497,14917,18047,26640,26090
2010-07-02,6188,11270,10560,14870,18240,27120,26857
2010-07-03,6243,11820,10910,14543,18560,27453,27480
2010-07-04,6010,12077,11283,14443,18950,27763,28070
2010-07-05,6227,11950,11663,14430,19247,28287,28413
2010-07-06,6205,11990,11770,14377,19440,28720,28847
2010-07-07,5980,11990,11700,14130,19590,29163,29530
2010-07-08,5353,11807,11807,13880,19633,29333,30040
2010-07-09,4808,11480,11640,13630,19820,29533,30213
2010-07-10,4140,10883,11350,13410,19570,29697,30477
2010-07-11,4222,10014,10743,13100,18990,29783,30683
2010-07-12,4833,8989,10007,12753,18513,29670,30740
2010-07-13,5510,8406,9176,12423,17903,29240,30233
2010-07-14,5813,8527,8344,12267,17283,28933,29007
2010-07-15,5847,9075,8144,12300,16630,28440,28163
2010-07-16,6030,9770,8664,12367,15880,27313,26927
2010-07-17,5873,10367,9600,11907,15410,26500,26153
2010-07-18,5310,10380,10238,11793,15250,26137,26040
2010-07-19,4897,10513,10600,11877,14953,26320,26107
2010-07-20,5197,10407,10530,12293,14783,26640,26477
2010-07-21,6673,9887,10430,12577,14800,26840,26477
2010-07-22,7062,10187,10230,13043,14920,26830,26570
2010-07-23,7180,11207,10337,13963,15300,26590,26670
2010-07-24,6597,12090,10963,14793,15880,26580,26413
2010-07-25,5960,13227,11833,15197,16707,26713,26443
2010-07-26,5493,13697,12717,14973,17953,27230,26860
2010-07-27,5300,13920,13320,14557,19653,27977,27607
2010-07-28,4827,13683,13787,14260,20487,29097,28737
2010-07-29,3998,12883,13787,14150,21743,30010,30097
2010-07-30,4143,12477,13143,14240,21763,31023,31707
2010-07-31,4673,11877,12707,14033,21487,31787,32680
2010-08-01,5390,11637,12820,13700,21443,32453,33407
2010-08-02,5337,11440,12397,13240,21763,32520,33590
2010-08-03,4887,11287,12233,12643,22047,32467,33680
2010-08-04,4710,11690,12070,12140,22077,32400,33680
2010-08-05,4780,11990,12157,11800,21850,32507,33590
2010-08-06,3917,12093,12820,11747,21150,32520,33693
2010-08-07,3472,11260,12717,11780,20143,32573,33720
2010-08-08,3018,10147,12347,11550,19207,32720,33750
2010-08-09,2917,8807,11330,10920,18353,32640,33887
2010-08-10,2463,7610,9881,9910,17727,32333,33513
2010-08-11,2343,6740,8576,8942,16840,31453,32870
2010-08-12,2175,6030,7377,8277,15677,30373,31587
2010-08-13,2133,5716,6731,8030,14127,29300,30213
2010-08-14,2521,5371,6127,8030,13010,27610,28143
2010-08-15,3003,5276,5602,7977,12140,24410,26123
2010-08-16,3207,5706,5440,8090,11470,22503,24010
2010-08-17,3230,6396,5536,8390,11187,21063,21990
2010-08-18,3232,7201,6569,9587,12507,19963,20537
2010-08-19,3330,7735,7267,10680,13233,19820,19720
2010-08-20,3770,8527,8016,10777,13907,20983,19720
2010-08-21,4217,8783,8744,10743,14843,22300,20740
2010-08-22,4793,8661,9360,10940,15503,23420,22047
2010-08-23,4870,9063,9440,11140,15993,24650,23290
2010-08-24,4920,9862,9368,11403,16403,25740,24567
2010-08-25,4443,10070,10017,11860,17047,26277,25850
2010-08-26,4100,9913,10507,12320,17283,26713,25617
2010-08-27,4497,9538,10303,12360,17313,27260,27160
2010-08-28,4943,9836,9803,11913,17503,27720,28160
2010-08-29,4697,10447,10143,11200,17550,28227,29080
2010-08-30,3922,11003,10850,10950,17443,28653,29187
2010-08-31,3572,10660,11147,10763,17093,28540,29530
2010-09-01,3190,9939,11177,10367,16630,28707,29530
2010-09-02,2863,9148,10570,9680,15990,28840,29530
2010-09-03,2693,8351,9835,9180,15280,28760,29640
2010-09-04,2410,7597,9136,8523,14293,28477,29603
2010-09-05,2438,8035,8600,8103,13753,28060,28847
2010-09-06,3183,7386,8200,8083,12940,27537,27800
2010-09-07,3908,6941,8336,8825,11963,26643,26590
2010-09-08,4553,7477,7664,9613,11167,25297,25227
2010-09-09,4423,9104,7656,10160,11000,23693,23903
2010-09-10,3977,10004,8696,10533,11320,22163,22753
2010-09-11,3612,9964,10047,10270,12103,21773,21683
2010-09-12,3305,9654,11233,9910,12743,22693,21667
2010-09-13,2993,9160,10313,9567,13293,23947,22510
2010-09-14,2992,9038,10080,9320,13560,24777,24023
2010-09-15,2820,8421,10317,9227,13473,25290,24940
2010-09-16,3028,8564,9931,8975,13310,25670,25483
2010-09-17,3030,10508,9930,8703,13240,25823,25773
2010-09-18,2958,10380,11927,8980,13230,25790,26073
2010-09-19,2705,9681,12767,9108,13270,25790,26090
2010-09-20,2565,8398,11777,9233,13190,26600,26170
2010-09-21,2363,7575,10937,9240,13213,27413,27287
2010-09-22,2198,7006,9112,8993,13023,27340,27910
2010-09-23,1983,6617,8520,8683,12780,26947,27857
2010-09-24,1807,6273,7329,7912,12507,26077,27057
2010-09-25,2058,5869,7039,7307,12377,24600,25820
2010-09-26,2500,5553,6782,6987,11873,23627,24517
2010-09-27,2675,5620,6181,7193,11427,22627,23273
2010-09-28,2887,6028,5920,7905,11397,21967,22360
2010-09-29,2740,6467,5920,8813,11267,21387,21480
2010-09-30,2443,6697,6606,9340,11517,20947,20933
2010-10-01,2205,6437,6877,9513,11733,20853,20597
2010-10-02,1997,6130,6892,9270,11278,21093,20510
2010-10-03,1817,5678,6503,8710,12150,21313,20583
2010-10-04,1720,5202,5614,7612,12200,21363,20860
2010-10-05,1688,4869,5109,6715,11777,21417,20900
2010-10-06,1780,4561,4875,6030,10957,21277,20873
2010-10-07,1997,5023,5167,5683,9945,20973,20820
2010-10-08,1770,5823,8208,5703,10207,21550,20877
2010-10-09,1958,6840,7848,6077,11300,22660,22063
2010-10-10,2540,7531,9712,6970,12710,23093,22800
2010-10-11,2702,8254,10680,8860,13520,24270,23397
2010-10-12,2610,8323,11797,10847,14543,26300,25010
2010-10-13,2208,7908,11583,11957,16277,28413,27720
2010-10-14,1912,7396,10687,11843,17663,30583,30907
2010-10-15,1716,6933,10007,10953,18767,31920,33110
2010-10-16,1623,6385,9440,9593,19630,32667,34273
2010-10-17,1643,5706,8968,8323,19673,33450,35040
2010-10-18,1558,5247,8216,7482,18483,32693,35403
2010-10-19,1493,4833,6811,7187,17360,31387,34393
2010-10-20,1438,4744,6092,6698,14110,30660,33797
2010-10-21,1323,4694,6239,6515,12450,29940,33123
2010-10-22,1263,4645,6088,6373,11280,28970,33183
2010-10-23,1230,4842,6868,5843,10470,26553,31657
2010-10-24,1212,4761,7904,5480,10220,29963,32897
2010-10-25,1164,4541,7696,5250,10015,29193,33690
2010-10-26,1110,4232,7928,5065,9653,26600,30597
2010-10-27,1028,4058,7648,5055,8983,24567,27417
2010-10-28,1053,3896,6584,4990,8272,23103,25100
2010-10-29,1103,3743,5371,4735,8224,21637,23257
2010-10-30,1018,3674,4800,4980,7816,19663,21447
2010-10-31,935,3560,4059,4925,7504,18220,19760
2010-11-01,878,3422,3560,4530,7300,16910,17987
2010-11-02,767,3256,3360,4143,6960,15873,16380
2010-11-03,735,3144,3236,3905,6348,15117,15360
2010-11-04,680,3059,3164,3710,5836,14287,14493
2010-11-05,650,2965,2956,3585,5287,13363,13490
2010-11-06,622,2849,2832,3555,4944,12463,12500
2010-11-07,600,2751,2684,3460,4680,11560,11583
2010-11-08,555,2688,2560,3392,4609,11060,10707
2010-11-09,515,2549,2405,3220,4518,10560,10031
2010-11-10,468,2415,2303,3080,4326,10150,9450
2010-11-11,435,2359,2253,2997,4098,9971,9095
2010-11-12,403,2327,2180,2925,3921,9627,8407
2010-11-13,380,2287,2100,2840,3816,9254,8448
2010-11-14,363,2248,2000,2755,3718,8943,8140
2010-11-15,348,2192,1960,2740,3634,8708,7803
2010-11-16,320,2143,1920,2780,3499,8480,7568
2010-11-17,300,2101,1876,2627,3387,8292,7348
2010-11-18,290,2058,1793,2570,3335,8088,7143
2010-11-19,278,2016,1687,2495,3289,7886,6901
2010-11-20,262,1974,1631,2475,3181,7667,6666
2010-11-21,283,1932,1615,2415,3097,7410,6513
2010-11-22,333,1907,1575,2383,3046,7177,6413
2010-11-23,422,1883,1553,3192,2990,6973,6220
2010-11-24,317,1855,1516,3897,2957,6796,6040
2010-11-25,262,1830,1468,3285,3550,6613,5913
2010-11-26,227,1823,1455,2825,4027,6469,5793
2010-11-27,205,1806,1415,2508,3812,6690,5680
2010-11-28,182,1855,1388,2377,3354,7027,5633
2010-11-29,157,1827,1356,2287,3069,7607,6400
2010-11-30,149,1788,1335,2260,2929,7309,6447
2010-12-01,148,1757,1321,2250,2780,7021,6140
2010-12-02,146,1741,1297,2277,2705,6796,5820
2010-12-03,143,1712,1273,2408,2673,6578,5552
2010-12-04,142,1691,1255,2392,2668,6357,5360
2010-12-05,139,1656,1233,2300,2668,6125,5174
2010-12-06,137,1635,1207,2090,2593,5926,5054
2010-12-07,135,1612,1185,1987,2523,5677,4970
2010-12-08,133,1558,1156,1950,2437,5519,4898
2010-12-09,133,1523,1129,1893,2303,5459,4802
2010-12-10,132,1523,1116,1917,2275,5465,4718
2010-12-11,130,1517,1105,1990,2240,5400,4640
2010-12-12,129,1506,1096,2273,2299,5274,4610
2010-12-13,132,1506,1124,2697,2367,5221,4460
2010-12-14,136,1497,1116,2512,2677,5142,4352
2010-12-15,132,1479,1108,2173,3167,5184,4322
2010-12-16,131,1449,1100,2157,3251,5370,4448
2010-12-17,130,1435,1092,2057,2831,5670,4550
2010-12-18,127,1426,1082,1903,2482,5969,4862
2010-12-19,119,1417,1072,1830,2311,5812,5108
2010-12-20,112,1399,1058,1763,2243,5442,5042
2010-12-21,110,1378,1046,1713,2159,5184,4748
2010-12-22,109,1364,1034,1680,2078,5041,4520
2010-12-23,109,1361,1020,1650,1994,4915,4304
2010-12-24,108,1352,1004,1630,1936,4844,4172
2010-12-25,108,1343,988,1600,1880,4696,4010
2010-12-26,105,1337,956,1540,1885,4610,3920
2010-12-27,102,1329,926,1470,1872,4456,3763
2010-12-28,99,1320,902,1427,1744,4388,3660
2010-12-29,95,1311,878,1390,1652,4365,3576
2010-12-30,92,1302,856,1370,1732,4323,3525
2010-12-31,88,1289,832,1357,1636,4176,3511
2011-01-01,85,1282,814,1342,1604,4133,3408
2011-01-02,82,1275,800,1335,1568,4121,3343
2011-01-03,80,1266,784,1320,1552,4121,3338
2011-01-04,78,1244,763,1310,1536,4108,3333
2011-01-05,75,1229,747,1305,1488,4065,3305
2011-01-06,80,1217,733,1318,1440,4041,3277
2011-01-07,81,1200,720,1330,1365,4041,3245
2011-01-08,76,1177,712,1283,1360,3999,3184
2011-01-09,70,1155,704,1253,1404,3951,3114
2011-01-10,64,1143,696,1240,1389,3911,3063
2011-01-11,63,1136,696,1203,1328,3889,3105
2011-01-12,62,1126,688,1195,1301,3876,3044
2011-01-13,61,1114,680,1273,1280,3876,3011
2011-01-14,59,1107,680,1270,1264,3854,2974
2011-01-15,58,1099,680,1253,1264,3838,2941
2011-01-16,56,1090,664,1220,1253,3825,2899
2011-01-17,60,1075,659,1210,1224,3808,2834
2011-01-18,74,1061,648,1227,1208,3786,2801
2011-01-19,71,1047,640,1270,1176,3767,2773
2011-01-20,89,1034,616,1540,1213,3736,2745
2011-01-21,84,1025,581,1757,1240,3706,2717
2011-01-22,73,1015,544,1640,1299,3650,2689
2011-01-23,65,998,512,1570,1444,3619,2661
2011-01-24,56,989,480,1515,1448,3593,2624
2011-01-25,49,979,451,1480,1536,3650,2638
2011-01-26,44,976,440,1380,1520,3784,2731
2011-01-27,41,969,432,1332,1439,3838,2829
2011-01-28,38,962,424,1270,1333,3838,2890
2011-01-29,38,954,416,1204,1280,3834,2946
2011-01-30,34,947,408,1184,1203,3799,2960
2011-01-31,39,947,400,1176,1115,3712,2876
2011-02-01,40,941,396,1176,1171,3617,2801
2011-02-02,38,935,392,1165,1144,3520,2694
2011-02-03,41,935,388,1144,1085,3462,2605
2011-02-04,42,929,388,1136,1088,3410,2498
2011-02-05,40,929,384,1189,1099,3406,2414
2011-02-06,37,923,380,1160,1035,3391,2414
2011-02-07,34,918,371,1123,1037,3332,2392
2011-02-08,33,918,360,1128,1032,3292,2372
2011-02-09,31,912,354,1141,1011,3286,2348
2011-02-10,29,912,348,1144,998,3286,2324
2011-02-11,30,906,348,1118,1005,3269,2280
2011-02-12,35,906,342,1092,980,3269,2252
2011-02-13,31,900,336,1092,1027,3252,2232
2011-02-14,29,894,336,1092,935,3234,2220
2011-02-15,28,888,330,1085,930,3171,2188
2011-02-16,26,884,330,1073,925,3157,2180
2011-02-17,27,876,326,1038,978,3142,2172
2011-02-18,30,876,324,1017,940,3114,2168
2011-02-19,35,870,320,1007,915,3070,2148
2011-02-20,32,864,318,1232,843,3028,2132
2011-02-21,35,859,318,1817,806,3014,2124
2011-02-22,46,851,312,2007,817,2986,2124
2011-02-23,43,847,312,1680,1120,2952,2108
2011-02-24,37,841,308,1373,1400,2943,2092
2011-02-25,28,833,306,1205,1421,3033,2028
2011-02-26,26,821,306,1123,1275,3364,2000
2011-02-27,26,812,306,1090,1139,3603,2052
2011-02-28,24,806,306,1085,1040,3674,2403
2011-03-01,22,800,306,1076,955,3520,2526
2011-03-02,19,794,306,1059,860,3381,2456
2011-03-03,18,788,300,1057,848,3187,2324
2011-03-04,17,783,300,1051,850,3061,2204
2011-03-05,15,783,296,1030,841,3014,2132
2011-03-06,15,777,296,1018,810,2971,2044
2011-03-07,12,771,292,1007,792,2929,2016
2011-03-08,10,771,292,1000,772,2892,2000
2011-03-09,9,765,288,1157,745,2865,1976
2011-03-10,7,759,285,1287,729,2842,1952
2011-03-11,6,753,284,1137,727,2812,1892
2011-03-12,5,747,279,1022,836,2777,1836
2011-03-13,11,747,276,973,860,2743,1804
2011-03-14,20,747,272,1003,801,2731,1764
2011-03-15,12,742,268,1121,727,2877,1752
2011-03-16,8,742,265,1184,690,2854,1804
2011-03-17,7,753,261,1297,688,2804,1848
2011-03-18,6,759,257,1197,709,2735,1796
2011-03-19,7,747,254,1085,766,2681,1740
2011-03-20,15,742,251,1022,803,2628,1676
2011-03-21,25,736,248,967,779,2612,1640
2011-03-22,139,730,248,1332,737,2739,1616
2011-03-23,143,736,248,3665,706,2789,1668
2011-03-24,106,730,248,4760,736,2789,1756
2011-03-25,81,724,248,4625,1777,2762,1764
2011-03-26,55,724,248,3837,3396,2685,1728
2011-03-27,45,753,248,3032,3911,3000,1680
2011-03-28,36,777,245,2613,3541,4493,1764
2011-03-29,35,794,260,2553,3368,5600,2636
2011-03-30,49,817,326,2207,2454,5814,3825
2011-03-31,48,813,380,1923,2156,5513,4574
2011-04-01,53,812,397,1807,2122,5226,4526
2011-04-02,51,794,372,1843,1935,4944,4196
2011-04-03,46,788,363,1890,1768,4808,3873
2011-04-04,42,783,354,2067,1684,4627,3604
2011-04-05,35,777,348,2233,1712,4389,3436
2011-04-06,30,771,348,2107,1788,4142,3254
2011-04-07,29,769,352,1900,1901,3975,3067
2011-04-08,25,765,360,1692,1896,3987,2937
2011-04-09,22,765,354,1608,1760,4112,2862
2011-04-10,24,759,346,1445,1552,4172,2857
2011-04-11,18,759,324,1430,1381,4150,2960
2011-04-12,14,753,302,1420,1315,3993,2988
2011-04-13,14,747,288,1400,1291,3993,2848
2011-04-14,11,742,264,1360,1208,3597,2731
2011-04-15,9,740,253,1335,1120,3551,2568
2011-04-16,15,742,248,1318,1059,3447,2479
2011-04-17,9,734,242,1310,1011,3353,2352
2011-04-18,9,730,227,1315,960,3207,2300
2011-04-19,12,722,224,1410,1032,3114,2192
2011-04-20,6,714,226,1480,1088,3042,2096
2011-04-21,10,706,218,1352,1107,2986,2040
2011-04-22,8,700,212,1372,1155,3066,1992
2011-04-23,40,700,206,1860,1096,3099,1992
2011-04-24,43,694,206,2213,1091,3147,1992
2011-04-25,45,688,206,2537,1200,3161,2028
2011-04-26,40,688,202,2163,1452,3114,2064
2011-04-27,33,694,200,1827,1813,3109,2064
2011-04-28,26,706,203,1730,1899,3395,2072
2011-04-29,36,726,232,1702,1792,3728,2172
2011-04-30,41,745,226,1715,1600,3945,2403
2011-05-01,39,759,509,1880,1424,4029,2657
2011-05-02,50,771,440,2107,1333,4059,2797
2011-05-03,67,783,385,2050,1451,4059,2834
2011-05-04,90,806,372,2097,1732,4023,2834
2011-05-05,131,843,356,2673,2009,4063,2834
2011-05-06,308,876,354,3737,2100,4276,2834
2011-05-07,169,912,493,3938,2423,4457,2993
2011-05-08,117,948,448,3273,3321,4708,3212
2011-05-09,110,1005,413,2600,3769,4870,3436
2011-05-10,89,1146,416,2323,3573,5406,3618
2011-05-11,76,1219,461,2377,3079,6050,4070
2011-05-12,61,1175,533,2542,2617,6194,4658
2011-05-13,60,1126,613,2388,2322,6150,4952
2011-05-14,52,1068,664,2217,2411,5816,4886
2011-05-15,47,981,613,2163,2296,5258,4508
2011-05-16,58,935,523,2143,2258,4883,4178
2011-05-17,55,912,485,2293,2141,4888,3998
2011-05-18,57,896,501,2197,2126,4866,3962
2011-05-19,49,876,491,2200,2137,4839,3831
2011-05-20,47,896,424,2267,2144,4804,3702
2011-05-21,59,916,435,2307,2220,4714,3576
2011-05-22,130,952,397,2287,2715,4714,3562
2011-05-23,647,976,395,2835,2822,4748,3562
2011-05-24,952,1000,405,5002,2673,4952,3562
2011-05-25,822,1020,453,5440,2841,5310,3750
2011-05-26,602,1034,509,5587,3933,5364,3998
2011-05-27,417,1124,533,5713,4802,5346,4148
2011-05-28,272,1243,651,5057,5162,6054,4190
2011-05-29,233,1393,918,4072,5386,7029,4616
2011-05-30,170,1529,1503,3438,5030,7782,5521
2011-05-31,1163,1641,1596,3275,4376,8384,6449
2011-06-01,3123,1738,1612,3318,3681,8540,7091
2011-06-02,4413,1928,1652,4710,3335,8285,7392
2011-06-03,3960,2118,1708,7733,3438,7830,7319
2011-06-04,2793,6648,2003,9035,4351,7381,6820
2011-06-05,2033,6876,4459,9148,6500,7300,6460
2011-06-06,1719,6069,5992,8690,8016,8181,6260
2011-06-07,1533,5030,6220,8363,8884,11177,7091
2011-06-08,1425,4528,5680,7957,9441,13653,10223
2011-06-09,1617,5620,5058,7300,9492,15153,13430
2011-06-10,2030,6776,4832,6878,9422,15640,15050
2011-06-11,2615,7396,7161,6743,9328,15570,15520
2011-06-12,2815,7485,7776,7377,9098,15607,15530
2011-06-13,3030,7885,7936,8630,8881,16727,15840
2011-06-14,3015,8104,8072,9447,8938,17290,16800
2011-06-15,2990,8104,8256,9600,9394,17430,17387
2011-06-16,2550,8383,8384,9540,9842,17560,17573
2011-06-17,2453,9026,8792,9320,10360,18120,18160
2011-06-18,2703,9410,9731,9017,10690,18677,19000
2011-06-19,2487,9900,10347,9008,10850,19380,19653
2011-06-20,2154,9732,10837,9125,10753,20293,20460
2011-06-21,1918,8530,10690,8878,10650,21080,21300
2011-06-22,2540,7397,9804,8290,10560,21563,21930
2011-06-23,2990,6160,8440,7890,10470,21607,22267
2011-06-24,2755,6242,7237,7897,10230,21210,22253
2011-06-25,2068,7645,6973,8197,9895,20487,21840
2011-06-26,1772,8116,7472,8163,9550,19630,20873
2011-06-27,1634,8233,8672,7762,9429,18783,19907
2011-06-28,1797,8686,9792,7333,9515,18690,19360
2011-06-29,2185,8673,10250,7327,9464,19203,19373
2011-06-30,3640,8231,9910,7347,9335,20180,20083
2011-07-01,5232,8000,9392,7213,9190,20600,20860
2011-07-02,5383,8904,8856,7645,9137,20683,21107
2011-07-03,6307,10041,9168,8377,8989,20047,20993
2011-07-04,7118,10923,10240,9192,8917,19557,20333
2011-07-05,7405,11863,11340,9977,9222,19490,19867
2011-07-06,7542,12720,12080,11000,9503,20103,20000
2011-07-07,7637,13107,12970,11320,10138,20763,20643
2011-07-08,7302,13167,13460,11530,11020,21890,21577
2011-07-09,6468,13107,13540,11610,11843,22920,22753
2011-07-10,5370,13077,13357,11670,12347,23693,23980
2011-07-11,4127,12687,13187,11373,12727,24410,24990
2011-07-12,3255,11880,12973,11030,13140,25087,25867
2011-07-13,2970,10397,12307,10373,13280,25433,26650
2011-07-14,4153,9026,11443,9627,13167,25603,26923
2011-07-15,4232,8430,9943,8683,13003,25573,27100
2011-07-16,4010,9938,9152,8483,12570,24907,26873
2011-07-17,3750,10717,10358,9105,11937,24250,26237
2011-07-18,4123,10790,11867,9747,11090,23203,25180
2011-07-19,7618,11237,12203,10927,10930,22960,24500
2011-07-20,7927,13567,12397,11003,11130,23507,24657
2011-07-21,7027,16243,14330,11560,11527,23880,27037
2011-07-22,6160,18257,16157,12180,12067,24573,28990
2011-07-23,6010,19820,18240,12050,12757,25993,29477
2011-07-24,5877,20120,19230,11597,13447,27853,30700
2011-07-25,5610,19117,19633,11400,14020,29377,31670
2011-07-26,5397,17580,19043,11280,14527,30663,32987
2011-07-27,5042,15727,18180,10923,14543,31520,33950
2011-07-28,4950,14703,17067,10560,14387,32053,34810
2011-07-29,4942,13713,15817,10027,14420,32160,35310
2011-07-30,4683,12837,14627,9667,14103,31587,35080
2011-07-31,3997,12080,13667,9600,13550,30890,34127
2011-08-01,3413,11357,12840,9553,12937,30153,33527
2011-08-02,3205,10393,12203,9145,12450,29427,33140
2011-08-03,3028,9526,12147,8650,12060,28370,32247
2011-08-04,3203,9198,11213,8450,11660,27297,31133
2011-08-05,4973,8503,11187,8483,11267,26267,30043
2011-08-06,6243,9040,10783,8517,10887,25320,29100
2011-08-07,6007,11527,10370,9157,10520,24697,27853
2011-08-08,5623,14643,12540,10163,10470,24220,27333
2011-08-09,4657,16890,16907,10940,11320,23853,26750
2011-08-10,3793,17883,18477,11180,12340,24887,27160
2011-08-11,3250,17760,19407,10817,13470,27290,28557
2011-08-12,2780,16550,19673,9897,14573,29237,30807
2011-08-13,2673,14467,18923,8733,15537,31083,33033
2011-08-14,2690,12207,17520,7923,15803,32520,34903
2011-08-15,3300,10437,15407,7640,15567,33437,36467
2011-08-16,3810,9861,13310,7837,15140,33720,37120
2011-08-17,4497,10773,12360,8337,14277,32893,37307
2011-08-18,4982,11397,12610,9267,13990,31733,36397
2011-08-19,5333,11877,13163,10223,13960,30537,34773
2011-08-20,4803,12377,13070,10823,14560,29737,33407
2011-08-21,3943,12447,13140,11100,14970,29550,32737
2011-08-22,3633,12140,13210,11140,15643,29550,32680
2011-08-23,3407,11523,13030,10837,16290,29610,32570
2011-08-24,3523,11190,12473,10360,16710,29873,32570
2011-08-25,3865,11483,12570,10030,17097,30117,32920
2011-08-26,3098,11597,13703,9760,18033,30423,33063
2011-08-27,2695,11467,14577,9493,18370,31017,33480
2011-08-28,2267,10730,14567,9042,18447,32187,34773
2011-08-29,2020,9412,14780,8250,18013,33660,36170
2011-08-30,1898,8070,13273,7455,17237,34533,37237
2011-08-31,1820,6956,11753,6660,16040,34800,38400
2011-09-01,1763,6181,10620,6035,14210,33790,38400
2011-09-02,1730,5524,9227,5572,12643,32347,37273
2011-09-03,1720,5057,7658,5475,10893,30477,35307
2011-09-04,1756,4815,6364,5425,9375,27623,32750
2011-09-05,1605,4681,5818,5152,8627,24027,29203
2011-09-06,1738,4842,5620,5095,8708,21060,25507
2011-09-07,2145,4699,6100,5273,8416,19057,21753
2011-09-08,3020,5039,5920,5193,8272,18217,19707
2011-09-09,3125,6755,6144,5987,8232,17830,18947
2011-09-10,2712,7874,7111,7060,8200,17597,18600
2011-09-11,2343,8012,9293,7333,8594,17570,18253
2011-09-12,1983,7245,9696,7460,9355,18723,18733
2011-09-13,1867,6396,8920,7273,9572,20913,21417
2011-09-14,1800,5859,7992,6813,9637,23093,23993
2011-09-15,1777,5725,8048,6433,9550,22890,25290
2011-09-16,1808,6110,8264,6523,9391,21837,24350
2011-09-17,1962,6386,8312,6690,9316,21147,23140
2011-09-18,2193,6007,8072,6665,9447,20703,22180
2011-09-19,2772,5840,7632,7100,9922,20560,21697
2011-09-20,2837,6140,6965,7773,10250,20540,21370
2011-09-21,2523,6375,7488,8650,10260,20570,21387
2011-09-22,2683,6661,7472,9075,10673,20640,21560
2011-09-23,2433,7028,7792,8877,11527,20907,21577
2011-09-24,2300,7411,8096,8730,12460,21080,21740
2011-09-25,3387,7701,8448,8643,12840,21697,21917
2011-09-26,3512,7125,8864,8770,12870,22453,22403
2011-09-27,3042,7375,8552,9400,12687,23087,23287
2011-09-28,2533,7689,8104,9747,12537,23667,24163
2011-09-29,2226,7190,8304,9593,12507,23520,25003
2011-09-30,1920,6386,8224,9113,12727,23333,24957
2011-10-01,1748,5687,7680,8297,13217,23120,24300
2011-10-02,1790,5782,6965,7483,13550,23760,24267
2011-10-03,1787,6206,6789,6485,14027,23970,25133
2011-10-04,1800,7223,8288,5917,13867,24723,26010
2011-10-05,1698,6754,9096,5543,13483,27020,30170
2011-10-06,1589,6048,8880,5527,12710,27390,32690
2011-10-07,1430,5352,8200,5517,11620,27047,31257
2011-10-08,1333,4833,7504,5102,10513,26060,30113
2011-10-09,1288,4455,6496,4645,9594,24737,28503
2011-10-10,1248,4199,5506,4465,8823,22847,26297
2011-10-11,1105,3951,5132,4187,8000,20870,24027
2011-10-12,730,3751,4672,3903,7173,19493,21387
2011-10-13,623,3591,4117,3755,6502,18593,19227
2011-10-14,638,3453,3787,3575,5945,17393,17507
2011-10-15,617,3323,3484,3430,5545,15670,15443
2011-10-16,603,3235,3392,3305,5187,14863,14020
2011-10-17,588,3506,3364,3230,5080,14633,12923
2011-10-18,630,3927,3452,3200,5075,12783,12620
2011-10-19,707,4734,4837,3260,5212,12283,12980
2011-10-20,707,5318,10523,3275,5593,15977,12600
2011-10-21,873,4985,11807,3512,6334,21847,18293
2011-10-22,883,4334,10653,3875,7888,21743,22810
2011-10-23,981,4083,10420,4560,8296,22243,22477
2011-10-24,983,4125,8920,5470,8744,22690,23057
2011-10-25,858,4232,6809,6595,8967,22630,23370
2011-10-26,612,4042,5282,6747,9243,22153,23137
2011-10-27,577,3766,4587,6000,9496,20713,22253
2011-10-28,553,3621,4443,4640,9470,19460,20770
2011-10-29,520,3453,4053,3928,8890,18480,19467
2011-10-30,355,3281,3691,3620,7633,17497,18453
2011-10-31,395,3123,3452,3382,6510,16450,17507
2011-11-01,357,2979,3280,3085,5781,14913,16097
2011-11-02,353,2891,3020,2970,5156,13763,14630
2011-11-03,333,2778,2824,2830,4726,12420,13143
2011-11-04,293,2685,2644,2685,4412,11853,12000
2011-11-05,272,2639,2516,2527,4265,11473,10960
2011-11-06,257,2569,2424,2400,4052,10930,10077
2011-11-07,215,2490,2353,2400,3863,10600,9389
2011-11-08,148,2415,2270,2390,3718,10280,8887
2011-11-09,140,2354,2180,2330,3531,9955,8521
2011-11-10,139,2302,2100,2260,3401,9657,8213
2011-11-11,136,2255,2020,2230,3209,9402,7898
2011-11-12,133,2237,1960,2180,3097,9198,7590
2011-11-13,128,2220,1917,2120,2999,9038,7238
2011-11-14,127,2164,1860,2063,2822,8794,7062
2011-11-15,126,2108,1812,2013,2845,8594,6798
2011-11-16,126,2058,1772,1980,2757,8378,6574
2011-11-17,126,2016,1740,1940,2682,8197,6360
2011-11-18,126,1977,1703,1910,2631,8113,6227
2011-11-19,125,1939,1679,1890,2570,7978,6200
2011-11-20,124,1921,1655,1880,2476,7879,6000
2011-11-21,123,1897,1609,1870,2307,7778,5720
2011-11-22,119,1879,1577,1860,2430,7598,5607
2011-11-23,115,1855,1561,1837,2424,7476,5582
2011-11-24,113,1830,1537,1800,2340,7351,5468
2011-11-25,110,1771,1508,1780,2291,7337,5366
2011-11-26,109,1735,1481,1740,2279,7293,5318
2011-11-27,96,1709,1449,1720,2214,7239,5270
2011-11-28,82,1683,1404,1700,2130,6980,5186
2011-11-29,73,1662,1375,1695,2082,6873,5006
2011-11-30,69,1635,1348,1680,2049,6726,4928
2011-12-01,65,1618,1329,1650,2012,6636,4844
2011-12-02,62,1594,1305,1630,1943,6572,4718
2011-12-03,61,1567,1289,1610,1917,6427,4622
2011-12-04,59,1541,1273,1575,1764,6272,4592
2011-12-05,58,1514,1257,1570,1780,6179,4592
2011-12-06,55,1488,1244,1555,1882,6054,4568
2011-12-07,52,1470,1233,1495,1858,5983,4454
2011-12-08,49,1470,1215,1430,1808,6004,4328
2011-12-09,46,1455,1172,1420,1768,6025,4196
2011-12-10,44,1435,1151,1390,1740,5973,4124
2011-12-11,43,1417,1129,1370,1772,5938,4118
2011-12-12,41,1399,1105,1350,1720,5827,4028
2011-12-13,41,1381,1094,1335,1748,5769,3944
2011-12-14,53,1370,1086,1320,1724,5748,3872
2011-12-15,44,1346,1068,1315,1676,5748,3854
2011-12-16,41,1329,1056,1305,1716,5684,3801
2011-12-17,38,1311,1044,1305,1796,5635,3758
2011-12-18,35,1311,1032,1305,1800,5599,3721
2011-12-19,34,1297,1004,1290,1736,5606,3683
2011-12-20,29,1282,984,1270,1616,5642,3674
2011-12-21,27,1282,972,1260,1544,5620,3674
2011-12-22,23,1273,960,1243,1504,5542,3669
2011-12-23,21,1248,946,1210,1472,5501,3618
2011-12-24,18,1229,928,1184,1452,5453,3539
2011-12-25,17,1207,908,1144,1363,5406,3483
2011-12-26,17,1202,888,1106,1344,5376,3473
2011-12-27,14,1195,876,1099,1355,5328,3422
2011-12-28,11,1187,862,1092,1355,5286,3366
2011-12-29,10,1180,854,1085,1357,5274,3310
2011-12-30,9,1172,846,1078,1371,5256,3296
2011-12-31,4,1165,834,1064,1355,5256,3259
2012-01-01,3,1165,824,1050,1349,5256,3254
2012-01-02,0,1158,816,1045,1248,5238,3254
2012-01-03,1,1155,806,1040,1232,5238,3254
2012-01-04,6,1145,802,1035,1200,5215,3254
2012-01-05,1,1131,789,1020,1173,5158,3212
2012-01-06,0,1121,773,1010,1208,5111,3119
2012-01-07,14,1121,760,1005,1192,5064,3044
2012-01-08,18,1107,752,1042,1184,5030,2988
2012-01-09,12,1107,744,1250,1195,5012,2937
2012-01-10,2,1107,736,1145,1293,5001,2895
2012-01-11,0,1099,736,1076,1325,4978,2853
2012-01-12,0,1099,728,1050,1269,4978,2848
2012-01-13,0,1092,720,1045,1208,5001,2890
2012-01-14,0,1092,720,1045,1181,5047,2983
2012-01-15,1,1085,712,1040,1144,5047,2960
2012-01-16,0,1085,712,1072,1091,4995,2904
2012-01-17,0,1078,704,1184,1120,4950,2848
2012-01-18,0,1078,704,1184,1160,4926,2829
2012-01-19,0,1070,677,1135,1179,4879,2778
2012-01-20,0,1063,672,1036,1203,4839,2722
2012-01-21,0,1056,656,990,1187,4800,2671
2012-01-22,0,1054,645,980,1125,4786,2736
2012-01-23,0,1039,632,1023,1035,4813,2750
2012-01-24,0,1025,624,1144,1019,4809,2750
2012-01-25,0,1013,616,1201,1075,4773,2708
2012-01-26,0,1013,605,1260,1112,4725,2675
2012-01-27,0,1005,592,1154,1147,4685,2596
2012-01-28,0,998,581,1027,1181,4639,2517
2012-01-29,0,991,568,983,1136,4586,2512
2012-01-30,0,991,560,970,1053,4639,2591
2012-01-31,0,991,549,933,1029,4691,2610
2012-02-01,0,984,539,826,945,4691,2610
2012-02-02,0,984,525,810,895,4639,2587
2012-02-03,0,976,512,806,873,4586,2554
2012-02-04,0,976,504,803,873,4531,2512
2012-02-05,0,969,496,811,836,4494,2442
2012-02-06,0,969,483,837,810,4494,2388
2012-02-07,0,969,469,865,861,4475,2344
2012-02-08,0,962,456,851,846,4475,2324
2012-02-09,0,962,448,831,806,4456,2284
2012-02-10,0,962,440,824,801,4437,2264
2012-02-11,0,954,432,821,815,4419,2244
2012-02-12,0,947,421,818,799,4419,2232
2012-02-13,0,935,408,833,786,4400,2212
2012-02-14,0,927,400,1083,813,4382,2164
2012-02-15,0,918,396,1181,810,4365,2160
2012-02-16,0,912,391,1078,895,4347,2160
2012-02-17,0,900,384,1012,1109,4329,2148
2012-02-18,0,894,380,958,1149,4329,2136
2012-02-19,0,888,376,872,1067,4353,2124
2012-02-20,0,876,372,844,935,4475,2232
2012-02-21,0,868,372,827,891,4487,2328
2012-02-22,0,859,368,918,846,4481,2384
2012-02-23,0,853,363,940,834,4469,2372
2012-02-24,0,853,354,886,839,4406,2280
2012-02-25,0,845,348,858,888,4347,2208
2012-02-26,0,829,342,844,886,4329,2148
2012-02-27,0,817,336,827,817,4312,2096
2012-02-28,0,817,330,818,812,4294,2088
2012-02-29,0,812,324,821,775,4294,2124
2012-03-01,0,800,318,900,751,4276,2120
2012-03-02,0,794,312,950,703,4258,2064
2012-03-03,0,794,306,923,700,4241,2036
2012-03-04,0,788,306,886,751,4223,2028
2012-03-05,0,785,300,945,751,4210,1992
2012-03-06,0,781,300,1056,753,4197,1944
2012-03-07,0,777,296,1106,748,4077,1920
2012-03-08,0,771,296,1083,798,4108,1908
2012-03-09,0,765,296,1019,895,4095,1908
2012-03-10,0,759,292,930,985,4104,1896
2012-03-11,0,759,292,983,950,4159,1940
2012-03-12,0,759,288,1078,846,4214,1952
2012-03-13,0,753,288,1165,827,4341,1992
2012-03-14,0,753,288,1072,841,4382,2040
2012-03-15,0,747,288,978,910,4382,2068
2012-03-16,0,747,288,940,950,4276,2064
2012-03-17,0,742,284,950,848,4258,2028
2012-03-18,0,736,280,920,796,4312,2004
2012-03-19,0,730,276,930,772,4341,2040
2012-03-20,0,724,271,950,777,4236,2052
2012-03-21,0,722,264,970,774,4159,2040
2012-03-22,0,712,263,911,782,4121,1992
2012-03-23,0,706,260,879,789,4121,1916
2012-03-24,0,700,257,895,782,4121,1904
2012-03-25,0,694,254,980,759,4121,1896
2012-03-26,0,688,250,1263,756,4121,1892
2012-03-27,0,683,245,1693,771,4108,1872
2012-03-28,0,675,244,1532,824,4095,1860
2012-03-29,0,665,240,1093,1077,4095,1848
2012-03-30,0,659,236,1020,1181,4117,1848
2012-03-31,0,653,236,1059,1104,4197,1852
2012-04-01,0,644,233,1258,996,4481,1912
2012-04-02,0,640,230,1340,868,4604,2004
2012-04-03,0,635,230,1403,888,4544,2124
2012-04-04,0,631,230,1298,970,4419,2136
2012-04-05,0,631,227,1129,1040,4335,2136
2012-04-06,0,631,227,1106,1059,4312,2052
2012-04-07,0,640,227,1267,1024,4276,2028
2012-04-08,0,640,230,1270,1006,4394,2004
2012-04-09,0,640,230,1417,880,4487,2004
2012-04-10,0,640,234,1717,1011,4425,2072
2012-04-11,0,653,245,1833,1085,4400,2068
2012-04-12,0,653,242,1960,1155,4400,2064
2012-04-13,21,661,245,2133,1315,4419,2024
2012-04-14,10,677,248,2010,1376,4481,2020
2012-04-15,0,694,254,1800,1444,4656,2088
2012-04-16,0,728,257,1980,1500,4743,2136
2012-04-17,0,765,261,2367,1405,4944,2292
2012-04-18,0,794,273,2090,1409,5095,2385
2012-04-19,0,817,292,1840,1648,5158,2484
2012-04-20,0,812,308,2030,1812,5085,2540
2012-04-21,47,767,332,2193,1660,5085,2554
2012-04-22,114,759,348,2957,1536,5322,2573
2012-04-23,69,732,332,3610,1604,5531,2685
2012-04-24,47,716,306,2983,1954,5705,2792
2012-04-25,82,747,293,2652,2377,5580,2820
2012-04-26,128,841,281,3340,2640,5471,2722
2012-04-27,232,939,275,3750,2326,5980,2638
2012-04-28,191,947,284,3775,2488,6601,2988
2012-04-29,492,931,342,3785,2957,6665,3417
2012-04-30,808,1034,397,3893,3135,6462,3543
2012-05-01,893,1204,453,4575,3312,6777,3585
2012-05-02,643,1375,467,5035,3396,7187,3725
2012-05-03,300,1570,568,4670,3818,7615,4052
2012-05-04,135,1928,759,3832,4336,7865,4352
2012-05-05,121,1963,940,3145,4311,8082,4544
2012-05-06,114,1762,1144,2583,3769,8624,4814
2012-05-07,89,1535,1308,2187,3186,9144,5294
2012-05-08,54,1364,1281,1983,2623,9547,5680
2012-05-09,44,1261,1172,1713,2208,9642,5747
2012-05-10,29,1150,1052,1717,1952,8798,5565
2012-05-11,17,1049,952,1675,1816,8015,5246
2012-05-12,8,991,866,1665,1660,7615,4772
2012-05-13,0,918,785,1682,1592,7144,4376
2012-05-14,0,868,699,1770,1488,6659,3908
2012-05-15,8,817,611,1850,1472,6510,3660
2012-05-16,0,806,536,1890,1476,6420,3459
2012-05-17,34,779,459,2193,1492,6135,3263
2012-05-18,32,755,403,2800,1532,5961,3114
2012-05-19,34,734,379,2815,1700,5846,3016
2012-05-20,19,720,356,2278,2067,5790,2927
2012-05-21,12,742,340,1833,2284,5748,2918
2012-05-22,1,802,322,1630,2141,5998,2918
2012-05-23,14,779,312,1627,1827,6157,3021
2012-05-24,5,775,324,1653,1484,6520,3240
2012-05-25,5,755,344,1923,1368,6738,3366
2012-05-26,0,734,360,2000,1357,6542,3291
2012-05-27,0,720,354,2137,1405,6229,3063
2012-05-28,0,714,355,2240,1512,6107,2820
2012-05-29,9,700,388,2010,1652,6075,2703
2012-05-30,0,704,368,1947,1732,6145,2680
2012-05-31,36,728,357,2140,1708,6399,2680
2012-06-01,86,817,477,2170,1608,6590,2801
2012-06-02,110,950,584,2163,1684,6866,2937
2012-06-03,690,1351,661,2817,1836,6926,2974
2012-06-04,1875,1956,1018,3538,1906,6867,2974
2012-06-05,1743,2304,1050,5707,2260,7164,3058
2012-06-06,1480,2689,1407,7675,3013,7566,3179
2012-06-07,1039,3221,1745,8137,4488,8123,3441
2012-06-08,668,3200,1953,7580,6103,8991,3702
2012-06-09,513,2947,2379,7527,6920,9510,4340
2012-06-10,202,2609,2484,5687,6940,10380,5602
2012-06-11,1028,2237,2313,3950,6151,11857,7517
2012-06-12,1745,2062,2120,3580,5050,12517,9055
2012-06-13,1718,2266,1863,4498,4108,12120,9788
2012-06-14,1599,3179,1716,5997,3657,11503,9476
2012-06-15,1315,3866,1777,7063,3999,10227,8633
2012-06-16,949,4207,2384,8217,5093,9527,7817
2012-06-17,1723,4207,3184,8830,6238,9431,7187
2012-06-18,1797,3857,3520,9067,7133,10460,6923
2012-06-19,1573,3568,3528,9267,7768,12070,7649
2012-06-20,1634,3758,3432,9340,8256,13290,9363
2012-06-21,2763,3797,3192,8933,8551,14207,10880
2012-06-22,4733,3728,3168,8770,8794,14603,11900
2012-06-23,7288,4919,3240,9248,8881,14860,12350
2012-06-24,8445,7406,3332,10310,8730,15063,12500
2012-06-25,8500,9151,5163,11580,8801,15120,12740
2012-06-26,8855,10043,7784,13060,9381,15373,12920
2012-06-27,9180,10637,9160,14437,10198,16950,13363
2012-06-28,9443,11070,9910,15980,11430,18860,15070
2012-06-29,9520,11423,10440,16783,12727,20337,17453
2012-06-30,9308,11810,11030,17147,14367,21250,19507
2012-07-01,8568,12033,11423,16847,17173,21910,21300
2012-07-02,6730,12147,11660,16170,20187,23463,23170
2012-07-03,4670,12120,11730,15360,22323,24767,24973
2012-07-04,3403,11570,11693,14033,23047,26107,26650
2012-07-05,3763,10198,11370,12647,22903,27530,28487
2012-07-06,4037,8783,10315,11563,22123,28400,29957
2012-07-07,4417,8150,8952,11347,20443,28893,30927
2012-07-08,4573,8407,8088,11360,18287,28737,31260
2012-07-09,4233,8911,8064,11253,16327,27763,30630
2012-07-10,5150,8856,8392,11073,14907,26663,29620
2012-07-11,5620,8430,8672,10943,13873,25563,27927
2012-07-12,5630,8649,8432,10950,13357,24550,26717
2012-07-13,5473,9270,8296,11240,12957,23863,25677
2012-07-14,5473,9371,8696,11470,12697,23140,24703
2012-07-15,6573,9371,8984,11600,12590,22477,23857
2012-07-16,8592,9410,8952,11780,12640,22140,23397
2012-07-17,8830,10003,8992,12153,12800,22140,23107
2012-07-18,8692,10990,9272,12937,12950,22160,23090
2012-07-19,9215,11767,10136,13900,13260,22520,23090
2012-07-20,9405,12463,11030,14563,13687,22880,23410
2012-07-21,9082,13257,11770,15090,14450,23507,24010
2012-07-22,8768,13887,12390,14987,15710,24370,24873
2012-07-23,8945,14247,13077,14683,17157,25273,25950
2012-07-24,9202,14573,13620,14660,18623,26220,27217
2012-07-25,9805,14720,14053,15133,19587,27703,28973
2012-07-26,8915,15260,14173,15810,20100,28423,30320
2012-07-27,7917,15740,14530,16010,20507,29293,31520
2012-07-28,7540,15963,14893,15830,21320,30033,32497
2012-07-29,8587,15740,15217,15307,22370,30623,33350
2012-07-30,8785,15653,15180,14707,23057,31043,33990
2012-07-31,7542,15680,15240,14453,23257,31800,34870
2012-08-01,6823,15500,15340,14023,23027,32467,35777
2012-08-02,8237,15070,15290,13240,22660,33013,36430
2012-08-03,8752,14677,15170,12660,22110,33450,36897
2012-08-04,7912,15103,15517,12627,21190,33540,37100
2012-08-05,6483,15550,15910,12733,19997,33540,37100
2012-08-06,5633,15670,16360,12407,18757,33417,37100
2012-08-07,5440,15340,16600,11783,18013,33240,36900
2012-08-08,5507,14420,16360,11450,17613,33200,36807
2012-08-09,5267,14380,15757,11550,17123,33200,36770
2012-08-10,4450,12683,15010,11373,16243,32947,36430
2012-08-11,4165,11963,14220,11117,15580,32440,36060
2012-08-12,3707,11247,13583,10490,15283,31733,35590
2012-08-13,3593,10159,13113,9807,14940,30737,34423
2012-08-14,3550,8650,12267,8927,14530,29913,33437
2012-08-15,3767,7587,10573,8163,13923,29260,32460
2012-08-16,3595,7049,9016,7810,13000,28317,31460
2012-08-17,3462,6903,8320,7903,12117,26783,30233
2012-08-18,3222,6640,8016,7890,11203,24867,28037
2012-08-19,3023,6324,7736,7778,10490,22993,25660
2012-08-20,3282,6058,7204,8063,10110,21677,23627
2012-08-21,5287,6038,6753,8137,10643,20853,22033
2012-08-22,5693,7203,6489,8583,11557,19690,20963
2012-08-23,5587,8710,6885,9310,12150,19370,20013
2012-08-24,5237,9526,8392,10063,12583,19607,19760
2012-08-25,4363,9783,9491,10817,12840,20423,20053
2012-08-26,3593,9526,10048,11357,13023,21823,20990
2012-08-27,3440,8904,10017,11510,13330,22870,22527
2012-08-28,3497,7781,9603,10993,13800,23533,23613
2012-08-29,3285,7201,8768,10027,14180,23997,24330
2012-08-30,3053,7050,7968,9070,14293,24090,24717
2012-08-31,3763,6759,7480,8237,13867,23977,24800
2012-09-01,4110,6888,7194,7768,13223,23387,24560
2012-09-02,3873,7520,7090,7917,12200,22820,23963
2012-09-03,3763,8649,7576,8583,11187,22120,23213
2012-09-04,4617,9358,9917,9060,10723,21157,22253
2012-09-05,4913,9667,10797,9042,11217,21627,21797
2012-09-06,4643,10093,11640,8643,11807,23073,23043
2012-09-07,4257,10207,12560,8397,12050,23747,25133
2012-09-08,3632,9939,13077,8017,11870,24497,26480
2012-09-09,3212,9247,12400,7313,11530,25810,27480
2012-09-10,3140,9371,11480,6593,10970,26960,29040
2012-09-11,3213,8127,11443,6207,10218,26373,29443
2012-09-12,3383,7874,10977,6273,9338,25210,28273
2012-09-13,5120,8151,9691,6618,8701,24300,26733
2012-09-14,6410,8964,10132,7807,8551,22970,25467
2012-09-15,6025,11350,11143,9237,8787,21553,23813
2012-09-16,5457,13257,13020,10703,9494,20833,22183
2012-09-17,5670,13933,14867,10720,10613,21710,21780
2012-09-18,6287,13917,15803,10523,11873,23137,22600
2012-09-19,6007,13423,15573,11173,12487,25003,24490
2012-09-20,6027,12987,14870,11833,12760,26440,26617
2012-09-21,6187,12523,14207,12220,13010,27287,28143
2012-09-22,6655,12117,13500,12953,13367,27490,29047
2012-09-23,6887,11723,12887,14203,13743,27330,29310
2012-09-24,6837,11570,12310,15413,14323,27160,28990
2012-09-25,6803,11570,12090,16020,15627,26920,28863
2012-09-26,6283,11750,12097,16200,17317,26813,28610
2012-09-27,5853,11737,12243,15820,19633,26813,28503
2012-09-28,4577,11383,12233,15103,21937,27577,28937
2012-09-29,3683,10667,11963,14127,23043,28410,29747
2012-09-30,3328,9455,11423,12847,23567,29410,30807
2012-10-01,3247,8541,10550,11427,23317,30187,31847
2012-10-02,3015,7897,9352,10093,22383,30657,32660
2012-10-03,3153,7442,8840,9050,20743,30690,33180
2012-10-04,3347,6878,8248,8993,18240,29990,33123
2012-10-05,3917,6447,7816,9487,15930,29033,32140
2012-10-06,5937,6304,7165,10703,13903,27507,30753
2012-10-07,6027,7335,6767,12090,12937,25707,28880
2012-10-08,5733,8685,7305,13163,12810,23740,26587
2012-10-09,4843,9209,8736,13850,13370,22440,24427
2012-10-10,4093,9513,9637,13960,14370,22043,23090
2012-10-11,3703,9551,10487,13440,16040,23603,23090
2012-10-12,4142,10171,11030,12490,17507,25050,24943
2012-10-13,4740,11097,11767,11553,18467,26023,26380
2012-10-14,4610,11097,12423,11140,18623,27137,27660
2012-10-15,3813,10663,12497,11397,18063,28123,29060
2012-10-16,3098,10130,12107,11450,17143,29030,30353
2012-10-17,2743,9063,11490,10847,16167,29377,31307
2012-10-18,2572,7758,10473,9607,15440,29057,31483
2012-10-19,2423,6472,9000,8257,14543,28243,30893
2012-10-20,2147,5677,7688,7123,13530,27043,29900
2012-10-21,1970,5030,6489,6228,12230,25637,28270
2012-10-22,2137,4647,5620,5600,10411,23573,26223
2012-10-23,1795,4257,5024,5197,8894,21080,23917
2012-10-24,1750,4025,4533,4865,7623,18060,21153
2012-10-25,1718,3820,4149,4595,6787,16000,18560
2012-10-26,1763,3651,3840,4345,6218,14407,16223
2012-10-27,1743,3476,3541,4120,5745,12997,14493
2012-10-28,1685,3326,3360,3963,5393,12170,13077
2012-10-29,1563,3172,3184,3882,5055,11447,12080
2012-10-30,1543,3059,3048,3685,4878,10750,11260
2012-10-31,1501,2933,2908,3505,4609,10310,10580
2012-11-01,1450,2818,2764,3380,4503,9996,10023
2012-11-02,1425,2728,2636,3270,4356,9649,9528
2012-11-03,1408,2649,2512,3135,4179,9319,9121
2012-11-04,1395,2510,2413,3057,4012,9098,8804
2012-11-05,1358,2395,2333,2962,3811,8829,8536
2012-11-06,1272,2324,2260,2875,3709,8486,8235
2012-11-07,1145,2307,2210,2765,3620,8335,8001
2012-11-08,1047,2302,2180,2640,3550,8185,7722
2012-11-09,975,2369,2107,2865,3522,8011,7524
2012-11-10,937,2438,2103,3040,3387,7858,7370
2012-11-11,918,2347,2237,2905,3531,7745,7172
2012-11-12,910,2237,2350,2725,3746,7598,7084
2012-11-13,867,2090,2250,2572,3396,7821,6974
2012-11-14,833,2005,2080,2430,3205,8031,7113
2012-11-15,783,1918,1953,2317,3060,7851,7304
2012-11-16,757,1837,1884,2290,2948,7633,7194
2012-11-17,743,1778,1831,2220,2841,7373,6842
2012-11-18,720,1735,1783,2160,2780,7212,6581
2012-11-19,692,1686,1761,2050,2691,7068,6380
2012-11-20,678,1680,1719,2033,2673,6912,6160
2012-11-21,658,1653,1676,1990,2589,6790,6033
2012-11-22,627,1558,1620,1950,2520,6694,5880
2012-11-23,642,1514,1553,1933,2443,6578,5780
2012-11-24,593,1479,1521,1850,2363,6462,5647
2012-11-25,580,1452,1484,1850,2289,6272,5546
2012-11-26,572,1435,1439,1850,2275,6118,5402
2012-11-27,565,1408,1409,1840,2240,6038,5240
2012-11-28,548,1390,1380,1827,2177,5988,5150
2012-11-29,538,1355,1348,1770,2082,5846,5042
2012-11-30,528,1304,1311,1740,2067,5741,4934
2012-12-01,522,1277,1289,1717,2012,5599,4862
2012-12-02,502,1268,1260,1690,1990,5483,4736
2012-12-03,483,1232,1233,1670,1936,5376,4598
2012-12-04,473,1187,1209,1647,1910,5256,4538
2012-12-05,468,1175,1180,1625,1917,5238,4406
2012-12-06,462,1165,1153,1612,1891,5168,4340
2012-12-07,448,1136,1129,1610,1808,5126,4340
2012-12-08,442,1114,1098,1605,1740,5080,4232
2012-12-09,433,1094,1080,1605,1636,4978,4142
2012-12-10,427,1078,1062,1600,1532,4861,4100
2012-12-11,422,1061,1052,1585,1588,4800,3944
2012-12-12,410,1042,1038,1570,1572,4685,3836
2012-12-13,403,1027,1020,1570,1544,4580,3739
2012-12-14,397,1005,1004,1555,1524,4544,3702
2012-12-15,393,989,980,1540,1500,4531,3627
2012-12-16,387,967,960,1525,1468,4494,3599
2012-12-17,380,959,948,1505,1397,4475,3571
2012-12-18,375,945,938,1490,1400,4406,3543
2012-12-19,372,933,924,1465,1392,4312,3529
2012-12-20,365,918,906,1423,1400,4241,3459
2012-12-21,360,894,894,1410,1371,4223,3380
2012-12-22,358,876,882,1400,1325,4210,3361
2012-12-23,350,866,870,1390,1312,4181,3338
2012-12-24,345,853,852,1380,1296,4159,3310
2012-12-25,342,839,842,1380,1293,4125,3268
2012-12-26,335,823,836,1370,1256,4077,3212
2012-12-27,333,812,828,1360,1259,4029,3165
2012-12-28,330,794,816,1350,1216,3999,3142
2012-12-29,325,785,799,1350,1173,3951,3142
2012-12-30,320,773,781,1345,1152,3902,3123
2012-12-31,317,763,765,1340,1141,3859,3091
2013-01-01,310,747,749,1340,1131,3778,3030
2013-01-02,303,734,733,1340,1107,3730,2974
2013-01-03,300,718,720,1318,1091,3712,2904
2013-01-04,295,702,712,1171,1061,3693,2890
2013-01-05,293,688,704,1101,1006,3687,2885
2013-01-06,290,677,693,1071,1040,3589,2839
2013-01-07,285,667,677,1051,1006,3550,2792
2013-01-08,285,657,664,1040,973,3520,2731
2013-01-09,280,647,656,1035,960,3508,2666
2013-01-10,280,641,645,1030,905,3478,2638
2013-01-11,277,632,629,1030,890,3478,2619
2013-01-12,275,626,616,1025,841,3440,2591
2013-01-13,270,622,608,1020,829,3399,2563
2013-01-14,268,622,597,1008,810,3395,2535
2013-01-15,265,617,584,990,829,3378,2507
2013-01-16,265,616,573,963,851,3309,2479
2013-01-17,262,608,557,947,836,3201,2428
2013-01-18,255,603,541,920,815,3186,2376
2013-01-19,253,599,525,920,794,3186,2340
2013-01-20,250,594,512,910,779,3186,2340
2013-01-21,247,591,504,895,748,3171,2340
2013-01-22,240,580,496,865,764,3128,2340
2013-01-23,235,573,488,842,745,3099,2324
2013-01-24,235,567,480,830,721,3061,2280
2013-01-25,223,562,472,826,702,3042,2252
2013-01-26,212,556,472,821,698,3009,2228
2013-01-27,197,547,464,818,672,2986,2204
2013-01-28,183,539,456,815,649,2986,2196
2013-01-29,163,533,448,812,668,2948,2192
2013-01-30,150,525,437,809,646,2921,2168
2013-01-31,147,521,424,806,647,2888,2144
2013-02-01,144,516,416,803,639,2846,2100
2013-02-02,139,512,408,800,627,2846,2056
2013-02-03,137,501,399,790,628,2827,2052
2013-02-04,133,494,392,780,621,2808,2036
2013-02-05,130,488,388,760,624,2766,2012
2013-02-06,129,479,383,730,617,2739,1988
2013-02-07,127,469,376,710,619,2697,1964
2013-02-08,125,460,372,700,608,2685,1940
2013-02-09,122,451,367,693,603,2670,1920
2013-02-10,119,443,360,686,600,2651,1920
2013-02-11,122,437,354,679,574,2651,1904
2013-02-12,115,428,346,679,598,2635,1880
2013-02-13,113,422,336,672,586,2605,1856
2013-02-14,112,417,330,672,589,2582,1836
2013-02-15,110,411,330,665,582,2582,1824
2013-02-16,110,406,324,665,580,2570,1812
2013-02-17,109,401,318,658,572,2570,1800
2013-02-18,108,397,310,658,560,2558,1800
2013-02-19,108,391,300,651,556,2535,1784
2013-02-20,105,389,296,651,544,2523,1764
2013-02-21,99,384,292,644,540,2511,1748
2013-02-22,93,381,288,656,532,2511,1724
2013-02-23,86,377,284,975,522,2511,1704
2013-02-24,82,374,279,932,554,2488,1704
2013-02-25,76,371,275,811,666,2469,1692
2013-02-26,72,367,268,694,743,2511,1680
2013-02-27,66,364,264,651,682,2527,1680
2013-02-28,63,360,260,630,629,2566,1680
2013-03-01,61,357,257,630,599,2628,1728
2013-03-02,58,354,253,630,572,2681,1852
2013-03-03,55,350,248,630,544,2620,1872
2013-03-04,53,347,245,627,522,2551,1848
2013-03-05,51,343,245,627,498,2480,1784
2013-03-06,48,340,242,624,514,2435,1712
2013-03-07,46,337,238,624,498,2403,1676
2013-03-08,44,333,233,621,481,2400,1616
2013-03-09,42,330,229,612,475,2367,1580
2013-03-10,39,326,224,609,464,2323,1556
2013-03-11,37,323,221,609,448,2315,1524
2013-03-12,35,320,220,606,464,2308,1496
2013-03-13,35,316,216,606,475,2289,1472
2013-03-14,34,313,215,603,463,2273,1452
2013-03-15,33,309,212,603,461,2273,1448
2013-03-16,32,306,212,600,461,2273,1424
2013-03-17,31,303,209,600,465,2258,1416
2013-03-18,31,303,209,600,448,2231,1416
2013-03-19,30,309,206,606,461,2216,1416
2013-03-20,29,309,203,620,461,2235,1412
2013-03-21,29,305,200,649,447,2216,1392
2013-03-22,28,303,200,688,431,2216,1380
2013-03-23,29,303,198,860,444,2204,1368
2013-03-24,43,302,196,841,469,2181,1368
2013-03-25,45,303,195,818,536,2166,1368
2013-03-26,56,305,193,814,597,2147,1368
2013-03-27,56,306,193,827,582,2158,1348
2013-03-28,52,309,190,865,564,2266,1344
2013-03-29,36,309,190,901,589,2338,1368
2013-03-30,29,317,193,1031,630,2415,1440
2013-03-31,44,324,193,1288,630,2427,1488
2013-04-01,41,330,195,1383,640,2418,1524
2013-04-02,53,339,198,1074,784,2444,1524
2013-04-03,63,343,201,943,950,2500,1524
2013-04-04,89,341,206,1352,844,2512,1572
2013-04-05,132,350,209,1493,759,2620,1596
2013-04-06,149,350,209,1293,973,2800,1604
2013-04-07,146,347,206,1163,1136,2823,1796
2013-04-08,143,347,206,1072,1136,2804,1868
2013-04-09,137,356,206,1442,1035,2885,1872
2013-04-10,131,382,209,1463,970,3075,1888
2013-04-11,128,391,212,1278,1125,3166,2016
2013-04-12,126,398,224,1185,1235,3066,2104
2013-04-13,119,413,237,1042,1059,3000,2112
2013-04-14,116,410,245,970,753,2962,2028
2013-04-15,114,404,245,1380,640,3014,2004
2013-04-16,145,378,242,2790,592,3075,2140
2013-04-17,373,355,241,2443,860,2935,2172
2013-04-18,353,343,232,2133,1779,2747,2064
2013-04-19,327,341,223,1933,2126,2651,1872
2013-04-20,313,335,217,1702,2064,2842,1748
2013-04-21,278,330,208,1505,1922,3642,1824
2013-04-22,162,368,199,1540,1712,3999,2240
2013-04-23,131,405,199,1380,1476,4059,2713
2013-04-24,122,440,219,1097,1428,3916,2918
2013-04-25,117,466,245,1030,1415,3772,2904
2013-04-26,116,471,261,1030,1315,3706,2755
2013-04-27,121,471,268,1020,1189,3637,2619
2013-04-28,118,434,268,1051,1096,3625,2568
2013-04-29,115,411,259,1027,1045,3585,2512
2013-04-30,115,371,253,950,1013,3543,2470
2013-05-01,161,357,245,910,925,3436,2410
2013-05-02,147,340,231,1011,794,3320,2260
2013-05-03,163,330,236,1165,756,3201,2152
2013-05-04,192,330,230,1227,781,3024,2128
2013-05-05,543,357,217,2545,861,3005,2064
2013-05-06,547,378,206,4027,873,2957,2016
2013-05-07,473,453,203,3818,1347,2943,1996
2013-05-08,403,498,212,3152,2859,2995,1992
2013-05-09,400,590,228,2437,3396,3075,1992
2013-05-10,523,739,264,2060,3121,3903,2016
2013-05-11,563,794,330,1977,2645,5072,2355
2013-05-12,648,856,324,2452,2255,5424,3235
2013-05-13,558,1034,635,2855,2016,5412,3769
2013-05-14,545,1063,848,2725,2075,5057,3980
2013-05-15,463,1346,930,2460,2445,4903,3825
2013-05-16,447,1482,1000,2307,2649,4857,3707
2013-05-17,512,1500,1083,2430,2556,5012,3604
2013-05-18,962,1435,1249,2480,2386,5382,3674
2013-05-19,1613,1399,1313,2292,2303,5761,4058
2013-05-20,1344,1641,1311,4963,2333,5908,4250
2013-05-21,1024,1998,1305,5878,2378,5920,4394
2013-05-22,917,2390,1377,5397,3885,5914,4430
2013-05-23,867,2460,1583,4203,5091,5955,4406
2013-05-24,740,2174,1915,3215,5131,6638,4358
2013-05-25,610,1725,1993,2860,4513,8212,4928
2013-05-26,555,1677,1828,2608,3760,8872,6173
2013-05-27,532,1665,1799,2370,3303,8794,7062
2013-05-28,460,1653,1823,2395,3055,7766,7165
2013-05-29,423,1774,1809,2303,2785,7143,6776
2013-05-30,622,1647,1740,2327,2635,6815,6360
2013-05-31,947,1470,1641,3022,2497,6595,5840
2013-06-01,1225,1399,1553,4152,2443,6329,5602
2013-06-02,1123,1729,1420,4565,2789,6165,5348
2013-06-03,918,2179,1329,4975,3587,6050,5132
2013-06-04,860,2471,1425,5140,4204,6013,4970
2013-06-05,868,2425,1713,4370,4650,6399,4934
2013-06-06,958,2369,1957,3923,4817,7002,5156
2013-06-07,1133,2285,2030,4255,4549,7864,5800
2013-06-08,1283,2836,2033,4640,4138,8342,6544
2013-06-09,1369,3137,2060,5428,4123,8406,7253
2013-06-10,1400,3483,2439,6523,4518,8139,7326
2013-06-11,1320,4257,3180,7537,5279,8088,7238
2013-06-12,1164,4702,3895,8317,6256,8743,7612
2013-06-13,979,4653,4539,8443,7233,9953,8250
2013-06-14,803,4042,4982,7398,8064,11340,9155
2013-06-15,713,3454,4715,5730,8360,12850,10653
2013-06-16,547,2933,4213,4367,7872,13567,11980
2013-06-17,427,2504,3553,3482,6264,13833,12870
2013-06-18,400,2244,3012,2983,5569,13283,13067
2013-06-19,432,1851,2572,2740,4432,12347,12520
2013-06-20,405,1647,2263,3087,3808,11123,11470
2013-06-21,493,1558,2283,3420,3382,9872,10135
2013-06-22,507,1582,1904,3645,3279,8569,8800
2013-06-23,605,1928,1719,4062,3471,7927,7854
2013-06-24,597,2062,1775,4830,3597,7282,6945
2013-06-25,602,2132,1967,5303,3938,7143,6541
2013-06-26,1808,2104,2147,4990,4452,7207,6233
2013-06-27,3043,2125,2190,4820,4858,7700,6240
2013-06-28,4527,2496,2100,6367,4868,8131,6487
2013-06-29,5540,3502,2083,8145,4812,8651,7011
2013-06-30,5673,7169,2607,9600,5552,8794,7619
2013-07-01,5030,8491,5321,10517,6920,8829,7781
2013-07-02,4360,9099,7570,10670,8248,9725,7869
2013-07-03,5075,9014,8752,10490,9140,12297,8719
2013-07-04,5128,8491,9168,10400,9601,14973,11723
2013-07-05,5427,8405,9008,10530,9972,16867,14967
2013-07-06,6270,8710,8856,10550,10260,17980,17093
2013-07-07,6693,9272,9136,10823,10540,18470,18200
2013-07-08,7007,10130,9836,11597,10720,18657,18693
2013-07-09,7520,10553,10700,12370,11080,19107,19107
2013-07-10,7677,10950,11277,12863,11650,19743,19760
2013-07-11,8897,11327,11610,13430,12263,20533,20433
2013-07-12,8603,11807,11733,13947,12867,21387,21533
2013-07-13,8288,12537,12093,14433,13560,21943,22567
2013-07-14,8380,13273,12707,14483,14400,22597,23290
2013-07-15,8022,14483,13837,14260,15473,23267,24150
2013-07-16,7027,14570,14960,13850,16463,24240,25097
2013-07-17,6110,14467,15120,13440,17077,25260,26283
2013-07-18,6172,13950,14903,12717,17363,26393,27710
2013-07-19,7435,13393,14460,11840,17283,27253,29007
2013-07-20,8015,12640,13860,11240,16887,27703,30110
2013-07-21,7975,12407,13163,11403,16150,27967,30633
2013-07-22,7090,12670,12863,12087,15140,27870,30740
2013-07-23,6233,13167,13117,12447,14130,27433,30563
2013-07-24,5793,13560,13680,12333,13887,26933,29920
2013-07-25,4957,13697,14027,12180,13800,26467,29313
2013-07-26,4580,13437,14197,11917,13890,26290,28830
2013-07-27,4640,12897,14157,11887,13983,26480,29403
2013-07-28,4908,12790,14017,12080,14027,26790,30773
2013-07-29,4340,12583,13803,12327,13990,27000,33183
2013-07-30,3870,12073,13477,12477,14193,27053,31640
2013-07-31,3510,11300,13513,12333,14370,26947,30940
2013-08-01,3470,10420,13210,11740,14590,26880,30907
2013-08-02,3320,10313,12673,10847,14907,26840,30250
2013-08-03,3087,10067,12383,10103,14920,26867,30010
2013-08-04,2735,9237,11997,9760,14497,26703,29690
2013-08-05,4697,7989,10973,9500,13780,26527,29460
2013-08-06,6075,7429,9565,9158,13120,26063,28863
2013-08-07,5998,9484,8800,9080,12460,25057,28380
2013-08-08,5533,11070,9472,9847,11973,23747,26850
2013-08-09,4963,11360,11320,10550,11900,22667,25113
2013-08-10,4367,11343,12053,10917,12257,22560,24163
2013-08-11,3870,11523,12047,11227,12667,23240,24410
2013-08-12,3613,11310,12477,11227,13010,23943,25130
2013-08-13,3747,10760,12840,10910,13477,24400,25983
2013-08-14,3820,9888,12683,10950,14100,25023,26557
2013-08-15,3580,9221,11677,10807,14607,25617,27497
2013-08-16,3467,9461,11260,10223,14987,25917,28433
2013-08-17,4372,8675,11560,9473,15237,25813,28433
2013-08-18,5010,9063,11683,8960,15077,25740,28290
2013-08-19,4550,9966,11620,8790,14667,25890,29063
2013-08-20,3832,11383,12410,8930,13980,26103,31447
2013-08-21,3490,11297,14280,8637,13397,26350,33467
2013-08-22,3120,10840,14973,8230,12897,27053,33570
2013-08-23,2693,9461,15143,8110,12393,27500,31963
2013-08-24,2371,8445,14210,7910,11787,27763,31393
2013-08-25,2225,6882,12410,7540,11197,27690,31327
2013-08-26,2153,6099,10102,7153,10723,26900,30683
2013-08-27,2395,6375,8800,7033,10460,25873,29403
2013-08-28,2640,7331,8376,7133,10960,23303,27347
2013-08-29,2490,8000,9200,7133,11340,21723,24817
2013-08-30,2437,8046,9985,7360,11187,21187,22923
2013-08-31,2642,7440,9931,8170,10653,21597,22360
2013-09-01,2690,7407,9080,9025,10220,21960,22843
2013-09-02,3260,7114,8736,9613,10573,21680,23140
2013-09-03,5530,7169,8528,10020,11583,21000,22723
2013-09-04,7743,8231,8208,10647,12283,20560,21797
2013-09-05,8905,10321,8592,11360,12707,20647,21447
2013-09-06,10357,11860,10124,12487,13090,20987,21473
2013-09-07,10260,12630,11787,13853,13577,21783,22133
2013-09-08,9997,13840,12433,15483,14450,22990,23303
2013-09-09,9560,14530,13617,16470,16583,24397,24910
2013-09-10,9247,15387,14667,16817,19240,25773,26523
2013-09-11,8287,16027,15973,16700,22297,27567,28397
2013-09-12,6453,16450,16177,16290,24440,29050,30837
2013-09-13,4570,16183,16560,15640,26433,30697,33223
2013-09-14,3527,15293,16257,14583,27313,32480,35350
2013-09-15,2930,13623,15783,13100,27360,34573,37687
2013-09-16,2657,11280,14927,12037,26873,35963,39480
2013-09-17,2522,9102,13647,10390,26040,37287,41180
2013-09-18,2358,7633,11987,9380,24507,38077,42460
2013-09-19,2136,6871,10573,8410,22950,37687,42780
2013-09-20,2022,6263,9603,7753,20230,36363,41700
2013-09-21,2151,5716,8920,7427,17170,34760,40020
2013-09-22,1985,5138,7856,7260,14133,32600,38520
2013-09-23,1870,4950,6819,7153,12247,30110,36467
2013-09-24,1792,4626,6210,6795,11037,27060,32887
2013-09-25,1629,4398,5734,6252,10148,23483,28810
2013-09-26,1720,4266,5686,5917,9495,21123,24977
2013-09-27,1610,4316,5452,5813,9063,19370,22483
2013-09-28,1665,4257,5179,5783,9159,18697,20563
2013-09-29,1578,4632,6931,6333,9406,19360,19893
2013-09-30,1372,5314,14160,6687,9398,19887,20403
2013-10-01,1285,4959,11637,5980,9579,23577,21997
2013-10-02,1228,4174,10943,5232,9611,25113,26093
2013-10-03,1197,3766,10028,4745,9169,25300,27727
2013-10-04,1280,3690,8832,4580,8192,23773,27817
2013-10-05,1387,3812,7720,4490,7304,22537,26040
2013-10-06,1512,4174,6657,4595,6887,20520,23783
2013-10-07,3090,4749,6393,5368,6987,18430,21180
2013-10-08,4138,7871,10287,6770,7485,17010,18893
2013-10-09,3723,10291,13777,7003,8561,17940,17707
2013-10-10,2867,10857,13707,6960,9328,20520,18973
2013-10-11,2332,9836,13957,6825,9464,22543,21860
2013-10-12,1925,8222,12380,5977,9429,23653,23997
2013-10-13,1738,6775,10710,5153,9147,24180,25307
2013-10-14,1534,5639,8800,4585,8280,23477,25580
2013-10-15,1356,4833,7350,4208,7199,21827,24553
2013-10-16,1267,4311,6157,3940,6337,19633,22453
2013-10-17,1222,3935,5398,3780,5720,17283,19847
2013-10-18,1168,3671,4859,3585,5249,15300,17093
2013-10-19,1108,3491,4400,3490,4898,13993,15380
2013-10-20,1057,3355,3968,3580,4706,13320,14527
2013-10-21,1090,3172,3792,3660,4888,12407,13630
2013-10-22,1052,3270,3739,3645,5096,11907,12270
2013-10-23,985,3242,3920,3565,5172,11760,11660
2013-10-24,933,3362,3845,3462,5162,11740,11427
2013-10-25,905,3130,3696,3497,5010,11627,11200
2013-10-26,932,2940,3619,3472,4847,11520,11257
2013-10-27,897,2912,3500,3373,4807,11487,11153
2013-10-28,862,2808,3744,3265,5075,13257,12067
2013-10-29,972,2808,4011,3313,5302,13363,17027
2013-10-30,1154,2768,4832,3335,5824,12773,15410
2013-10-31,1243,2731,4475,3302,6054,12823,13630
2013-11-01,1153,2721,3669,4383,5775,13160,13083
2013-11-02,1014,2668,3456,4485,5422,12980,13200
2013-11-03,938,2912,3400,3815,5696,12253,12720
2013-11-04,835,2808,3372,3245,5666,11727,11920
2013-11-05,722,2583,3068,2978,5035,11527,11250
2013-11-06,640,2369,3004,2750,4467,11440,10923
2013-11-07,608,2274,2768,2593,4123,10910,10770
2013-11-08,585,2181,2496,2495,3879,10293,10123
2013-11-09,575,2058,2436,2347,3681,9819,9389
2013-11-10,558,1942,2393,2290,3555,9352,8799
2013-11-11,552,1872,2377,2240,3354,9045,8353
2013-11-12,543,1834,2297,2200,3242,8729,7986
2013-11-13,533,1785,2233,2150,3149,8480,7678
2013-11-14,517,1744,2183,2090,3037,8255,7385
2013-11-15,503,1715,2020,2030,2943,8069,7143
2013-11-16,488,1668,1860,1970,2859,7872,6908
2013-11-17,480,1603,1836,1923,2752,7598,6681
2013-11-18,468,1564,1812,1900,2570,7403,6460
2013-11-19,457,1506,1769,1873,2598,7205,6280
2013-11-20,445,1435,1737,1863,2550,7007,6120
2013-11-21,438,1384,1705,1833,2444,6841,5913
2013-11-22,430,1346,1663,1730,2351,6758,5747
2013-11-23,427,1326,1649,1658,2299,6648,5640
2013-11-24,418,1289,1623,1637,2277,6560,5558
2013-11-25,413,1266,1609,1633,2174,6399,5408
2013-11-26,405,1244,1580,1622,2185,6272,5306
2013-11-27,400,1209,1561,1597,2097,6143,5198
2013-11-28,393,1170,1529,1540,2012,6050,5084
2013-11-29,387,1126,1505,1495,1999,5988,4976
2013-11-30,380,1087,1479,1465,1941,5901,4868
2013-12-01,375,1061,1449,1437,1884,5846,4766
2013-12-02,370,1039,1423,1400,1858,5803,4664
2013-12-03,365,1015,1388,1380,1840,5705,4592
2013-12-04,360,991,1367,1353,1816,5599,4466
2013-12-05,355,976,1345,1342,1800,5507,4316
2013-12-06,350,962,1329,1335,1724,5418,4214
2013-12-07,345,947,1308,1325,1676,5328,4196
2013-12-08,338,935,1276,1310,1640,5238,4124
2013-12-09,330,918,1257,1283,1584,5189,4022
2013-12-10,307,894,1239,1260,1572,5158,3914
2013-12-11,288,876,1225,1250,1620,5095,3807
2013-12-12,272,862,1207,1240,1568,5012,3753
2013-12-13,250,843,1188,1230,1532,4961,3711
2013-12-14,232,829,1159,1220,1488,4915,3702
2013-12-15,212,829,1140,1210,1435,4879,3683
2013-12-16,198,813,1113,1210,1352,4848,3641
2013-12-17,185,794,1088,1200,1325,4786,3590
2013-12-18,170,783,1072,1200,1285,4708,3515
2013-12-19,153,771,1046,1192,1264,4604,3408
2013-12-20,148,763,1034,1184,1275,4531,3338
2013-12-21,146,747,1026,1165,1307,4437,3282
2013-12-22,144,736,1012,1149,1272,4365,3203
2013-12-23,140,724,994,1131,1189,4347,3142
2013-12-24,135,718,986,1111,1187,4329,3109
2013-12-25,131,712,974,1087,1203,4288,3086
2013-12-26,129,698,966,1078,1125,4210,3081
2013-12-27,127,688,944,1071,1176,4172,3053
2013-12-28,126,681,936,1062,1181,4133,3011
2013-12-29,122,669,924,1050,1149,4077,2955
2013-12-30,120,659,918,1043,1101,4059,2890
2013-12-31,119,644,904,1035,1099,4041,2876
2014-01-01,116,640,898,1028,1099,4023,2871
2014-01-02,114,635,890,1020,1021,4005,2843
2014-01-03,113,629,884,1013,1035,3975,2815
2014-01-04,112,620,882,1005,1029,3933,2787
2014-01-05,110,606,870,1000,925,3876,2759
2014-01-06,109,593,862,980,890,3825,2731
2014-01-07,109,585,844,970,993,3780,2680
2014-01-08,107,579,826,957,991,3730,2647
2014-01-09,102,570,814,940,915,3693,2619
2014-01-10,95,562,804,927,808,3693,2591
2014-01-11,90,553,787,907,761,3780,2545
2014-01-12,84,541,763,891,819,3705,2540
2014-01-13,78,528,747,877,841,3554,2540
2014-01-14,72,516,733,865,930,3489,2498
2014-01-15,66,507,712,856,873,3543,2442
2014-01-16,64,497,683,856,880,3554,2392
2014-01-17,62,489,672,905,822,3554,2388
2014-01-18,60,480,664,893,803,3543,2388
2014-01-19,58,471,645,858,792,3531,2388
2014-01-20,57,465,629,839,782,3508,2372
2014-01-21,55,457,611,830,794,3474,2344
2014-01-22,54,453,600,826,791,3429,2328
2014-01-23,52,448,595,823,779,3417,2316
2014-01-24,51,443,587,827,766,3417,2300
2014-01-25,50,439,576,823,781,3417,2280
2014-01-26,49,434,573,817,748,3406,2268
2014-01-27,47,430,565,812,727,3395,2256
2014-01-28,44,425,557,809,745,3383,2244
2014-01-29,42,418,549,808,737,3355,2232
2014-01-30,41,411,544,804,715,3309,2220
2014-01-31,40,405,536,801,691,3280,2208
2014-02-01,38,401,528,790,668,3240,2196
2014-02-02,37,397,520,780,650,3211,2184
2014-02-03,35,391,520,770,633,3181,2172
2014-02-04,34,384,512,760,670,3152,2156
2014-02-05,33,380,504,753,647,3123,2124
2014-02-06,32,371,504,743,639,3099,2088
2014-02-07,31,364,496,733,633,3099,2052
2014-02-08,30,357,488,723,625,3099,2004
2014-02-09,29,350,480,713,617,3099,1992
2014-02-10,28,343,480,703,599,3080,1992
2014-02-11,27,337,480,693,617,3047,1988
2014-02-12,25,337,472,686,605,3014,1964
2014-02-13,25,330,472,686,586,2995,1940
2014-02-14,24,330,472,684,593,2966,1916
2014-02-15,24,322,464,707,584,2929,1892
2014-02-16,23,316,464,700,609,2892,1868
2014-02-17,25,345,464,695,613,2862,1844
2014-02-18,32,352,472,727,629,2835,1820
2014-02-19,38,350,472,740,621,2823,1796
2014-02-20,21,343,472,843,609,2858,1776
2014-02-21,5,337,472,1570,586,2888,1776
2014-02-22,0,330,464,1608,619,2911,1764
2014-02-23,0,330,464,1318,976,2877,1764
2014-02-24,0,323,464,1129,1280,2881,1764
2014-02-25,0,349,483,995,1269,2913,1760
2014-02-26,0,374,523,908,1107,3184,1752
2014-02-27,0,384,563,865,878,3429,1900
2014-02-28,0,384,568,824,791,3458,2196
2014-03-01,0,362,576,802,724,3421,2328
2014-03-02,0,346,579,780,721,3309,2316
2014-03-03,0,336,584,760,653,3162,2244
2014-03-04,0,328,563,740,656,3070,2160
2014-03-05,0,316,536,779,641,3019,2048
2014-03-06,0,309,504,918,635,2957,1992
2014-03-07,0,306,472,1003,645,2924,1944
2014-03-08,0,303,437,1015,674,2900,1884
2014-03-09,0,298,405,983,682,2869,1848
2014-03-10,0,289,381,923,688,2839,1836
2014-03-11,0,282,364,900,704,2877,1824
2014-03-12,0,275,348,884,670,2881,1812
2014-03-13,0,271,328,865,645,2881,1812
2014-03-14,0,262,310,846,635,2869,1812
2014-03-15,0,255,297,830,624,2854,1812
2014-03-16,0,249,293,824,548,2823,1812
2014-03-17,0,244,285,821,480,2777,1808
2014-03-18,0,240,280,815,578,2743,1776
2014-03-19,0,235,276,811,578,2685,1728
2014-03-20,0,230,268,806,591,2674,1664
2014-03-21,0,228,263,805,570,2651,1608
2014-03-22,0,228,260,803,582,2651,1596
2014-03-23,0,225,257,813,574,2647,1620
2014-03-24,0,220,254,851,556,2639,1620
2014-03-25,0,218,253,899,627,2628,1620
2014-03-26,0,215,251,950,632,2628,1620
2014-03-27,0,218,250,990,643,2616,1620
2014-03-28,0,223,248,1003,639,2643,1620
2014-03-29,0,228,245,967,680,2670,1620
2014-03-30,0,234,244,923,645,2674,1620
2014-03-31,0,232,242,903,613,2674,1648
2014-04-01,0,230,239,879,619,2685,1660
2014-04-02,0,225,239,1159,606,2681,1680
2014-04-03,0,220,236,2150,598,2651,1680
2014-04-04,0,215,233,2337,655,2616,1644
2014-04-05,0,220,230,1977,1229,2593,1616
2014-04-06,0,220,227,1780,1862,2593,1608
2014-04-07,0,225,227,1620,1876,2643,1592
2014-04-08,0,225,224,1458,1700,2941,1584
2014-04-09,0,238,225,1221,1437,3231,1888
2014-04-10,0,256,227,1015,1235,3395,2330
2014-04-11,0,257,231,889,1033,3344,2629
2014-04-12,0,255,233,942,810,3099,2694
2014-04-13,0,252,233,1185,660,2881,2577
2014-04-14,0,250,230,1330,633,2716,2402
2014-04-15,0,245,230,1135,664,2558,2200
2014-04-16,0,245,230,1040,764,2424,2052
2014-04-17,0,240,228,990,822,2374,1920
2014-04-18,0,240,227,967,774,2397,1828
2014-04-19,0,240,226,899,745,2466,1744
2014-04-20,0,235,224,849,774,2523,1764
2014-04-21,0,230,224,810,767,2500,1860
2014-04-22,0,225,221,803,789,2476,1884
2014-04-23,0,220,220,801,795,2465,1880
2014-04-24,0,215,218,790,753,2465,1848
2014-04-25,0,210,215,790,713,2476,1836
2014-04-26,0,205,212,867,699,2500,1836
2014-04-27,0,205,210,872,717,2465,1848
2014-04-28,0,195,206,858,709,2427,1844
2014-04-29,0,188,205,851,774,2403,1820
2014-04-30,0,167,203,844,779,2400,1776
2014-05-01,0,162,202,844,764,2400,1728
2014-05-02,0,162,200,837,680,2435,1716
2014-05-03,0,162,200,835,709,2444,1752
2014-05-04,0,167,203,877,688,2418,1796
2014-05-05,0,170,203,886,725,2383,1800
2014-05-06,0,170,202,879,846,2377,1784
2014-05-07,0,170,200,1290,861,2400,1728
2014-05-08,3,177,206,1660,824,2412,1716
2014-05-09,38,195,203,1750,824,2458,1716
2014-05-10,403,221,203,1773,994,2507,1752
2014-05-11,968,250,210,3638,1227,2515,1824
2014-05-12,957,282,213,7098,1411,2527,1872
2014-05-13,688,313,218,8197,2752,2678,1884
2014-05-14,360,630,224,8203,5230,2865,1924
2014-05-15,145,1399,234,7377,6873,3245,2064
2014-05-16,133,1547,246,5673,7560,5208,2383
2014-05-17,115,1446,265,4550,7273,7011,3785
2014-05-18,105,1170,830,3735,6241,8163,6080
2014-05-19,66,912,1152,3058,4984,8547,7531
2014-05-20,45,802,1257,2347,4224,8424,8111
2014-05-21,32,700,1231,2003,3513,7961,8140
2014-05-22,24,608,1185,1750,2747,7428,7429
2014-05-23,23,548,1056,1635,2234,6981,6886
2014-05-24,30,538,994,1642,1921,6298,6147
2014-05-25,17,489,950,1757,1732,5843,5445
2014-05-26,2,439,900,1877,1648,5294,4790
2014-05-27,3,398,832,1737,1913,4889,4232
2014-05-28,5,382,802,1585,1992,4627,3743
2014-05-29,26,371,792,1390,1938,4568,3473
2014-05-30,34,359,773,1570,1820,4746,3380
2014-05-31,48,349,757,1897,1644,4782,3394
2014-06-01,37,343,744,2217,1752,4679,3394
2014-06-02,23,340,723,2257,1804,4568,3394
2014-06-03,15,358,685,2247,2042,4443,3254
2014-06-04,11,377,701,2050,2093,4437,3170
2014-06-05,4,391,683,1707,2137,4537,3170
2014-06-06,21,393,672,1623,2064,4725,3170
2014-06-07,20,391,664,1583,1827,4817,3282
2014-06-08,29,398,680,2050,1616,4835,3380
2014-06-09,48,438,667,2340,1552,4741,3497
2014-06-10,56,477,651,2740,1732,4562,3417
2014-06-11,103,541,675,3288,1946,4353,3240
2014-06-12,114,677,709,4248,2224,4437,3095
2014-06-13,189,751,731,4855,2817,4580,3100
2014-06-14,172,817,768,5237,3597,4786,3165
2014-06-15,343,1170,834,5422,4270,5139,3268
2014-06-16,520,1268,1002,5557,4645,6043,3618
2014-06-17,747,1600,1415,6057,5025,6700,4274
2014-06-18,858,1942,1788,6488,5595,7496,5084
2014-06-19,587,2314,2427,6207,6236,8272,6007
2014-06-20,853,2579,2844,5902,6382,9871,7062
2014-06-21,2311,3123,3316,5287,6527,9871,8059
2014-06-22,4380,3472,3148,4905,6372,10470,8969
2014-06-23,5163,5653,3200,7277,5818,10957,9823
2014-06-24,4803,7331,3589,9553,5557,10983,10307
2014-06-25,4523,7954,5854,10877,6605,10790,10323
2014-06-26,3882,8070,7251,11497,8208,11073,10059
2014-06-27,3065,8231,7840,11767,9342,12873,10680
2014-06-28,2927,7816,8152,11760,10290,14737,12627
2014-06-29,3397,6893,8144,11330,11030,16063,14900
2014-06-30,3587,6335,7331,10940,11557,17180,16387
2014-07-01,3595,6595,6621,10553,11920,17780,17693
2014-07-02,3488,7179,6335,10537,11937,18003,18453
2014-07-03,3155,7364,6731,10570,11667,17900,18520
2014-07-04,2970,7407,7157,10630,11460,17793,18493
2014-07-05,3017,7407,7193,10490,11413,17993,18560
2014-07-06,2978,7288,7312,10623,11367,18087,18800
2014-07-07,3033,6787,7053,10690,11300,18157,18800
2014-07-08,2563,6283,6701,10603,11387,18170,18800
2014-07-09,2195,5967,6225,10520,11427,18073,18800
2014-07-10,2145,5706,5884,10560,11377,17923,18720
2014-07-11,1832,5249,5668,10430,11323,17737,18440
2014-07-12,1673,4968,5416,10100,11090,17473,18160
2014-07-13,1788,4869,4965,9640,11120,17200,17880
2014-07-14,1845,4802,4821,9098,11040,17040,17667
2014-07-15,1842,4631,4752,8750,10773,16740,17160
2014-07-16,2301,4663,4528,9272,10320,16380,16773
2014-07-17,2583,5747,4443,9893,9925,16113,16520
2014-07-18,2942,6721,4927,10577,9913,15767,16140
2014-07-19,2933,7114,6125,11167,10260,15330,15730
2014-07-20,2667,7353,6848,11610,10530,15250,15720
2014-07-21,2440,7597,7119,11640,11127,16527,16123
2014-07-22,2582,7839,7472,11620,11750,17280,17333
2014-07-23,3198,7666,8056,11560,12227,17937,18427
2014-07-24,3497,8208,8192,11713,12630,18603,19320
2014-07-25,2890,9026,8816,11887,12990,19473,20040
2014-07-26,2330,9160,9653,11620,13427,19973,20743
2014-07-27,1885,8746,10008,11000,13800,20803,21620
2014-07-28,1678,7989,9584,9807,13947,21437,22540
2014-07-29,1565,6947,8920,8752,13887,21870,23353
2014-07-30,1746,6140,8136,8143,13260,22010,24100
2014-07-31,1587,5668,7238,8057,12257,21807,24210
2014-08-01,1518,5229,6408,7812,11070,21040,23733
2014-08-02,2093,4878,5800,7473,9954,19830,22407
2014-08-03,2720,4726,5428,7247,9352,18573,21287
2014-08-04,3215,5129,5093,7663,8787,17427,20637
2014-08-05,3118,5192,4891,8417,8598,16307,19107
2014-08-06,2722,7793,5920,9102,8636,15567,17560
2014-08-07,2410,8012,7680,9727,9137,15150,16200
2014-08-08,2627,7885,8296,10197,9635,15673,15820
2014-08-09,2603,7418,8456,10440,10240,16870,16353
2014-08-10,2793,6930,8216,10460,10730,17910,17840
2014-08-11,3693,6488,7696,10583,11030,18480,19000
2014-08-12,4347,6212,7143,10727,11387,18730,19640
2014-08-13,4560,6922,6760,11030,11570,18750,19840
2014-08-14,5640,7793,6797,11490,11760,18583,19693
2014-08-15,8403,9140,7528,12290,12107,18470,19680
2014-08-16,8520,12143,8504,13083,12550,18740,19800
2014-08-17,8220,14643,10874,13767,13013,19330,20027
2014-08-18,7717,15790,13593,13850,13677,20370,20920
2014-08-19,7458,16253,14950,13720,14750,22093,22137
2014-08-20,6963,15957,15430,13620,16007,24023,24460
2014-08-21,6393,15470,15397,13760,16680,25570,26973
2014-08-22,5677,15317,15310,13610,17093,26783,29133
2014-08-23,6932,14923,14987,13003,17377,27577,30440
2014-08-24,8445,14667,14747,12603,17550,28047,31343
2014-08-25,9318,15227,14523,12390,17600,28313,31777
2014-08-26,9565,15407,14567,12907,17503,28410,32090
2014-08-27,9315,15843,15323,14020,17410,28527,32190
2014-08-28,8717,16313,15710,14463,17470,29077,32530
2014-08-29,7567,16730,16080,14160,17887,29343,32953
2014-08-30,6243,16783,16427,13863,19110,29567,33393
2014-08-31,4312,17083,16987,12893,20893,30070,33720
2014-09-01,3457,16777,17800,11467,21443,30613,34143
2014-09-02,2885,15070,17853,10343,21083,31253,35077
2014-09-03,2602,12183,16773,9183,19910,32213,35967
2014-09-04,2330,9556,14673,8063,18357,33040,37010
2014-09-05,2037,7862,12063,7492,16217,33583,37720
2014-09-06,1900,6766,10071,7095,13693,32773,38060
2014-09-07,1880,5891,8512,6815,11837,30813,36693
2014-09-08,2158,5230,7223,6560,10075,28037,34140
2014-09-09,2301,4878,6291,6433,9288,24607,30263
2014-09-10,2280,5241,5680,6602,8700,21390,26090
2014-09-11,2178,5763,5668,6887,8536,18867,22217
2014-09-12,2155,6150,6099,7233,8780,17323,19253
2014-09-13,2137,5977,6599,7493,9010,16540,17400
2014-09-14,2043,5859,6584,7520,9356,16690,16573
2014-09-15,1842,5692,6298,7480,9579,17100,16547
2014-09-16,1703,5725,6052,7393,9637,17340,17040
2014-09-17,1640,5477,6058,7133,9485,17583,17360
2014-09-18,1553,4968,5962,6942,9243,17483,17520
2014-09-19,1470,4914,5740,6587,9335,17310,17440
2014-09-20,1933,4761,5734,5992,9387,17090,17200
2014-09-21,3042,4717,5416,6462,9387,16840,16947
2014-09-22,3753,5448,5242,7302,9390,16730,16680
2014-09-23,4013,6757,5476,7997,9437,16417,16453
2014-09-24,4110,8418,6377,8290,9551,16313,16183
2014-09-25,4032,9487,8248,9163,9771,16517,16070
2014-09-26,4530,9616,9600,10183,10063,17337,16373
2014-09-27,4357,10080,9739,11400,10630,18770,17507
2014-09-28,3988,10380,10051,12197,11627,19950,19147
2014-09-29,3568,10170,10317,12647,12570,20577,20463
2014-09-30,3037,9361,10143,12883,13477,21473,21327
2014-10-01,2587,8517,9672,12653,14230,22127,22450
2014-10-02,2215,7432,8800,11750,15123,22730,23457
2014-10-03,1898,6483,7968,10223,15660,23030,24197
2014-10-04,1733,5792,7033,8470,15617,23050,24520
2014-10-05,1613,5221,6291,6992,14700,22840,24487
2014-10-06,1563,4648,5770,6040,13090,22300,24070
2014-10-07,1464,4282,5104,5433,10987,21453,23287
2014-10-08,1298,3952,4613,4985,8833,20083,21973
2014-10-09,1180,3636,4315,4650,7143,18090,20120
2014-10-10,1140,3378,3979,4365,6376,15977,17880
2014-10-11,1103,3186,3645,4207,5787,14263,15487
2014-10-12,1085,3137,3508,3970,5383,13250,13607
2014-10-13,1009,3123,3781,3855,5233,12703,12250
2014-10-14,935,3098,3755,3775,5136,12117,11323
2014-10-15,893,3070,3675,3620,4964,11817,10690
2014-10-16,863,3007,3608,3495,4787,11637,10350
2014-10-17,797,2975,3480,3565,4599,11477,10183
2014-10-18,750,2954,3599,3780,4513,11503,10213
2014-10-19,777,2923,3436,3865,4518,11463,10277
2014-10-20,745,2912,3532,3920,4918,11007,9936
2014-10-21,733,2891,3464,3740,5106,10997,9433
2014-10-22,698,2867,3316,3485,4979,11107,9372
2014-10-23,652,2748,3020,3377,4761,11203,9563
2014-10-24,592,2510,2812,3090,4432,10950,9736
2014-10-25,532,2307,2652,2895,4174,10527,9424
2014-10-26,460,2167,2472,2735,3883,9945,8999
2014-10-27,445,2048,2340,2587,3573,9402,8543
2014-10-28,438,1963,2233,2490,3447,8921,8103
2014-10-29,418,1911,2150,2420,3228,8547,7678
2014-10-30,363,1837,2087,2435,3121,8199,7238
2014-10-31,323,1760,2060,2587,3046,7971,6893
2014-11-01,280,1735,2040,2565,3046,7761,6568
2014-11-02,257,1718,2020,2387,3144,7624,6373
2014-11-03,235,1700,1983,2280,3065,7529,6233
2014-11-04,223,1647,1911,2200,2995,7476,6087
2014-11-05,208,1588,1844,2180,2915,7410,6060
2014-11-06,195,1529,1788,2150,2729,7315,6060
2014-11-07,175,1482,1777,2150,2603,7225,6020
2014-11-08,149,1429,1748,2157,2757,7164,5867
2014-11-09,145,1411,1716,2200,2850,6980,5813
2014-11-10,140,1399,1681,2133,2887,6899,5627
2014-11-11,135,1390,1652,2077,2771,6993,5534
2014-11-12,130,1381,1625,2010,2617,7000,5620
2014-11-13,126,1355,1596,1890,2459,6912,5601
2014-11-14,122,1297,1556,1773,2329,6720,5498
2014-11-15,115,1253,1500,1703,2267,6589,5366
2014-11-16,111,1209,1441,1667,2247,6364,5168
2014-11-17,109,1165,1417,1658,2155,6201,4970
2014-11-18,108,1121,1391,1773,2170,6103,4856
2014-11-19,107,1078,1367,1870,2259,6050,4676
2014-11-20,105,1049,1340,1850,2263,6004,4574
2014-11-21,103,1034,1316,1790,2251,6008,4484
2014-11-22,103,1005,1305,1727,2155,6025,4448
2014-11-23,103,962,1289,1695,2067,6009,4448
2014-11-24,101,923,1260,1678,1972,5957,4448
2014-11-25,99,892,1217,1630,1960,5870,4370
2014-11-26,99,872,1169,1615,1913,5789,4232
2014-11-27,96,864,1145,1615,1859,5691,4124
2014-11-28,96,853,1124,1612,1772,5627,4016
2014-11-29,94,841,1113,1610,1748,5525,3902
2014-11-30,92,829,1100,1610,1736,5418,3818
2014-12-01,90,829,1094,1570,1612,5292,3758
2014-12-02,87,817,1086,1510,1588,5238,3660
2014-12-03,83,806,1070,1430,1552,5184,3604
2014-12-04,81,806,1050,1383,1520,5111,3571
2014-12-05,79,800,1032,1345,1488,5075,3520
2014-12-06,77,794,1014,1325,1476,5012,3464
2014-12-07,75,782,998,1305,1400,4972,3408
2014-12-08,73,743,992,1233,1336,4920,3352
2014-12-09,71,712,986,1176,1357,4866,3296
2014-12-10,69,653,984,1125,1371,4800,3263
2014-12-11,67,641,980,1120,1357,4743,3175
2014-12-12,65,629,976,1118,1315,4708,3165
2014-12-13,64,616,972,1111,1272,4679,3128
2014-12-14,63,613,968,1106,1211,4622,3072
2014-12-15,62,608,958,1097,1160,4550,3049
2014-12-16,61,602,948,1085,1211,4475,3011
2014-12-17,60,599,938,1078,1205,4400,2974
2014-12-18,59,594,930,1071,1221,4335,2890
2014-12-19,58,590,920,1064,1224,4312,2806
2014-12-20,57,590,910,1057,1184,4294,2792
2014-12-21,56,585,898,1045,1107,4294,2792
2014-12-22,55,580,888,1045,1080,4276,2778
2014-12-23,54,571,878,1040,1131,4229,2778
2014-12-24,52,562,872,1040,1131,4189,2764
2014-12-25,51,553,866,1040,1123,4172,2680
2014-12-26,50,544,860,1035,1037,4159,2610
2014-12-27,49,534,860,1035,1032,4159,2582
2014-12-28,47,525,854,1030,1016,4159,2582
2014-12-29,46,516,852,1030,915,4146,2582
2014-12-30,42,507,844,1030,935,4112,2563
2014-12-31,37,507,834,1025,960,4095,2475
2015-01-01,33,503,1058,1025,940,4047,2414
2015-01-02,31,498,1051,1020,831,4023,2384
2015-01-03,28,494,1043,1015,813,3999,2344
2015-01-04,25,489,1034,1010,799,3939,2340
2015-01-05,25,489,1028,1005,727,3876,2324
2015-01-06,22,485,1022,1005,779,3812,2264
2015-01-07,22,480,1018,1010,801,3730,2228
2015-01-08,19,476,1010,1015,824,3656,2204
2015-01-09,18,476,1005,1020,827,3589,2160
2015-01-10,19,471,1005,1040,806,3558,2112
2015-01-11,17,471,1003,1048,789,3573,2100
2015-01-12,16,466,999,1035,890,3577,2100
2015-01-13,13,462,999,1025,965,3547,2100
2015-01-14,9,460,999,1025,848,3524,2092
2015-01-15,6,453,999,1020,767,3508,2076
2015-01-16,3,448,999,1015,799,3589,2076
2015-01-17,0,443,999,1010,827,3631,2204
2015-01-18,0,448,997,1003,806,3613,2256
2015-01-19,0,453,989,993,785,3577,2188
2015-01-20,0,443,983,990,836,3547,2156
2015-01-21,0,439,975,983,831,3543,2136
2015-01-22,0,434,975,1000,803,3543,2136
2015-01-23,0,430,975,1005,858,3531,2124
2015-01-24,0,425,975,995,815,3531,2112
2015-01-25,0,422,972,970,737,3520,2100
2015-01-26,0,418,970,947,664,3508,2068
2015-01-27,0,415,965,947,676,3493,2064
2015-01-28,0,411,962,980,674,3462,2064
2015-01-29,0,408,952,997,640,3440,2060
2015-01-30,0,405,947,1012,627,3429,2024
2015-01-31,0,401,945,1020,608,3417,1952
2015-02-01,0,398,942,1020,605,3406,1896
2015-02-02,0,391,937,1025,629,3395,1884
2015-02-03,0,388,930,1028,592,3383,1848
2015-02-04,0,384,925,1037,586,3372,1804
2015-02-05,0,381,917,1043,595,3355,1784
2015-02-06,0,377,910,1048,624,3338,1764
2015-02-07,0,374,905,1050,680,3320,1760
2015-02-08,0,371,900,1057,658,3303,1752
2015-02-09,0,367,895,1048,633,3303,1728
2015-02-10,0,364,888,1040,612,3332,1716
2015-02-11,0,360,880,1035,628,3379,1728
2015-02-12,0,357,875,1030,612,3349,1812
2015-02-13,0,353,871,1025,570,3286,1812
2015-02-14,0,346,867,978,584,3252,1764
2015-02-15,0,340,862,894,574,3234,1716
2015-02-16,0,337,855,835,540,3211,1692
2015-02-17,0,330,851,827,540,3162,1676
2015-02-18,0,326,847,820,514,3157,1652
2015-02-19,0,323,843,811,457,3128,1628
2015-02-20,0,315,839,803,534,3114,1604
2015-02-21,0,309,834,800,520,3099,1572
2015-02-22,0,303,828,780,546,3085,1556
2015-02-23,0,299,825,773,512,3070,1532
2015-02-24,0,296,821,770,524,3085,1488
2015-02-25,0,289,818,800,534,3099,1452
2015-02-26,0,285,815,803,506,3099,1440
2015-02-27,0,279,811,809,506,3099,1440
2015-02-28,0,275,810,803,510,3085,1440
2015-03-01,0,272,807,790,524,3085,1440
2015-03-02,0,269,807,767,476,3070,1440
2015-03-03,0,265,804,1045,456,3056,1440
2015-03-04,0,262,804,1582,487,3056,1428
2015-03-05,0,258,800,1369,507,3042,1416
2015-03-06,0,255,800,995,858,3028,1412
2015-03-07,0,255,796,894,1155,3005,1400
2015-03-08,0,255,796,944,1017,3090,1376
2015-03-09,0,262,796,1076,748,3427,1380
2015-03-10,0,262,792,1067,827,3643,1544
2015-03-11,0,269,788,985,965,3668,1816
2015-03-12,0,275,784,889,960,3504,1940
2015-03-13,0,275,780,843,834,3485,1888
2015-03-14,0,269,776,820,717,3497,1824
2015-03-15,0,262,776,815,640,3520,1820
2015-03-16,0,255,772,812,585,3493,1872
2015-03-17,0,255,768,809,578,3432,1864
2015-03-18,0,250,764,806,591,3374,1820
2015-03-19,0,245,763,803,568,3286,1716
2015-03-20,0,240,757,800,576,3252,1596
2015-03-21,0,235,752,800,576,3252,1540
2015-03-22,0,230,748,790,522,3228,1524
2015-03-23,0,230,743,800,475,3217,1500
2015-03-24,0,225,736,811,534,3217,1476
2015-03-25,0,225,732,815,546,3157,1476
2015-03-26,0,218,729,818,536,3114,1476
2015-03-27,0,210,724,812,485,3085,1440
2015-03-28,0,205,720,821,452,3085,1396
2015-03-29,0,205,715,835,453,3085,1396
2015-03-30,0,200,708,860,455,3070,1416
2015-03-31,0,205,708,872,524,3051,1380
2015-04-01,0,210,716,865,578,3042,1332
2015-04-02,0,210,724,858,598,3042,1304
2015-04-03,0,213,732,839,584,3085,1280
2015-04-04,0,215,756,907,550,3196,1260
2015-04-05,0,215,748,1462,526,3263,1320
2015-04-06,0,220,751,1692,538,3269,1408
2015-04-07,16,227,759,1790,682,3252,1440
2015-04-08,26,240,764,2330,1123,3228,1440
2015-04-09,31,249,768,2583,1336,3217,1424
2015-04-10,5,258,769,2875,1744,3360,1384
2015-04-11,0,289,776,2373,2130,3564,1428
2015-04-12,0,333,781,1860,2347,3886,1644
2015-04-13,0,351,795,1720,2262,4281,2008
2015-04-14,0,353,814,1777,1871,4792,2308
2015-04-15,0,330,829,1667,1604,4938,2708
2015-04-16,0,314,838,1473,1556,4896,3035
2015-04-17,0,302,836,1215,1536,4736,3063
2015-04-18,0,288,829,1099,1344,4592,2960
2015-04-19,0,281,825,1092,1224,4556,2783
2015-04-20,0,274,821,1116,1117,4531,2647
2015-04-21,0,269,811,1179,1006,4419,2629
2015-04-22,0,268,808,1707,1014,4323,2549
2015-04-23,44,261,803,2147,948,4216,2428
2015-04-24,61,258,796,1823,1195,4112,2292
2015-04-25,134,255,797,1733,1620,4095,2156
2015-04-26,132,257,800,2427,1760,4095,2076
2015-04-27,119,273,801,2805,1600,4203,2064
2015-04-28,97,357,804,2343,1889,4371,2164
2015-04-29,60,465,801,2160,2283,4598,2300
2015-04-30,42,617,810,2187,2214,4673,2605
2015-05-01,40,657,841,2073,1989,4848,2694
2015-05-02,38,665,898,1810,1748,5007,2773
2015-05-03,28,635,1008,1693,1652,5024,3058
2015-05-04,20,587,1090,1773,1500,4899,3142
2015-05-05,13,531,1062,1750,1592,4848,3137
2015-05-06,0,498,1016,1702,1656,4813,2997
2015-05-07,0,462,985,1670,1552,4791,2960
2015-05-08,0,426,953,1653,1389,4821,2918
2015-05-09,0,405,930,1642,1221,4866,2913
2015-05-10,0,391,892,1632,1056,4826,2932
2015-05-11,0,371,878,1620,880,4714,2923
2015-05-12,0,355,870,1590,968,4488,2769
2015-05-13,0,341,860,1525,973,4300,2605
2015-05-14,0,328,839,1457,1043,4197,2442
2015-05-15,0,321,824,1410,1059,4121,2280
2015-05-16,0,311,811,1410,1093,4125,2188
2015-05-17,0,296,799,1465,849,4150,2184
2015-05-18,0,289,792,1602,798,4172,2172
2015-05-19,1,296,812,2133,1216,4172,2172
2015-05-20,23,303,851,3240,1381,4133,2248
2015-05-21,37,296,851,3530,1596,4203,2280
2015-05-22,63,289,832,2913,2190,4401,2280
2015-05-23,75,298,813,2223,2771,4562,2421
2015-05-24,58,330,829,2027,2607,4762,2624
2015-05-25,58,371,839,1980,2194,5174,2797
2015-05-26,103,423,855,2157,1945,5346,3077
2015-05-27,119,482,860,2638,1915,5304,3492
2015-05-28,116,516,875,2540,2023,5017,3539
2015-05-29,110,534,910,2500,2266,4800,3436
2015-05-30,110,556,964,2360,2276,4769,3203
2015-05-31,110,565,1005,2153,2232,4896,3128
2015-06-01,115,648,1007,2130,1947,5063,3226
2015-06-02,114,654,1026,2077,1848,5121,3357
2015-06-03,114,622,1049,2170,1852,5080,3469
2015-06-04,127,613,1071,3477,1832,4978,3571
2015-06-05,119,619,1099,3973,1938,4909,3506
2015-06-06,113,637,1118,3437,2475,4883,3287
2015-06-07,110,661,1090,2862,3223,4926,3254
2015-06-08,110,702,1051,2853,3158,5084,3310
2015-06-09,125,738,1066,4017,2785,5388,3385
2015-06-10,165,722,1101,5458,2340,5748,3705
2015-06-11,1183,794,1118,5817,2962,5748,4208
2015-06-12,1138,898,1151,6207,4356,5400,4322
2015-06-13,1052,1131,1191,6240,5071,5334,4214
2015-06-14,1182,2011,1208,5487,5539,6248,4130
2015-06-15,1514,3179,1235,5777,5684,7270,4670
2015-06-16,1790,3483,1379,7827,5611,7941,5627
2015-06-17,1752,3735,1895,8637,5781,8350,6584
2015-06-18,2338,4058,3041,8983,6880,8567,7018
2015-06-19,2305,4257,3384,9607,7832,9333,7377
2015-06-20,2206,4391,3683,10163,8392,10593,8133
2015-06-21,2234,4986,3806,10577,8780,11650,9381
2015-06-22,1883,4995,4004,10603,9240,12387,10800
2015-06-23,1988,4914,4472,10293,9572,13013,11680
2015-06-24,2803,4704,4528,9753,9952,13517,12550
2015-06-25,2660,4514,4366,9480,10068,14050,13493
2015-06-26,2157,5205,4158,9400,9954,14530,14983
2015-06-27,2057,5898,4168,9293,9654,14700,17320
2015-06-28,1993,5937,4788,8873,9514,14710,17440
2015-06-29,1907,5897,5533,8590,9414,14690,15687
2015-06-30,2157,5610,5702,8630,9179,14750,15210
2015-07-01,2868,5013,5841,8737,8809,15150,15210
2015-07-02,3597,5147,5613,8857,8838,15210,15487
2015-07-03,4330,5582,4992,9453,8881,15097,15500
2015-07-04,4640,6181,4975,10103,8931,14833,15477
2015-07-05,4513,7009,5410,10630,9127,14690,15157
2015-07-06,4550,7839,5666,10827,9481,14680,14920
2015-07-07,4180,9100,6697,11027,9996,15013,15060
2015-07-08,3567,9513,8200,11213,10520,15783,15530
2015-07-09,2977,9796,9808,10757,11020,16737,16353
2015-07-10,2543,10030,11200,9863,11487,18193,17787
2015-07-11,2227,9374,12200,8768,11697,19653,19680
2015-07-12,1882,8151,12170,7765,11620,20783,21667
2015-07-13,1695,7136,10440,6943,11127,21453,22910
2015-07-14,1693,6081,8162,6123,10197,21327,23730
2015-07-15,1595,5333,7073,5480,9113,20357,23057
2015-07-16,2186,5184,6293,5490,7968,19120,21900
2015-07-17,2433,5796,6679,6703,7285,17597,20173
2015-07-18,2253,7873,8310,8853,7289,16200,18360
2015-07-19,1870,8673,9867,9973,8739,16990,17413
2015-07-20,1910,9667,10343,10110,11410,17700,18187
2015-07-21,2093,9926,10873,9840,13523,18843,19013
2015-07-22,2028,10857,11510,9447,14730,20830,20787
2015-07-23,2172,10813,12117,8797,14983,22853,23643
2015-07-24,3173,9989,12493,9092,14340,24057,26190
2015-07-25,3633,9448,12583,11210,13850,24747,27873
2015-07-26,3222,10480,12650,12897,14860,25313,29190
2015-07-27,2603,11763,13943,13700,15173,26130,31067
2015-07-28,2195,12897,15727,13440,16227,27247,33033
2015-07-29,2073,13123,16680,12427,17663,28630,35447
2015-07-30,1943,12987,18007,11333,18907,30163,37347
2015-07-31,1862,15107,19497,10023,20547,34123,41620
2015-08-01,2082,18240,21297,9090,21060,37697,45250
2015-08-02,1768,19970,24397,8270,20507,39030,46620
2015-08-03,1595,19980,25510,7592,18793,39437,46870
2015-08-04,1605,17390,23983,6883,17157,40120,46870
2015-08-05,1761,13037,21823,6387,15283,40987,47230
2015-08-06,1825,9337,19060,6623,13447,40620,47483
2015-08-07,1733,8070,15237,7332,11977,39213,46627
2015-08-08,1790,7620,10967,8237,11070,37173,44280
2015-08-09,2210,7331,9642,8962,10630,34420,41540
2015-08-10,2208,8892,9295,9707,11107,30873,38140
2015-08-11,1995,8868,10644,10170,12143,26810,33583
2015-08-12,1880,8220,10770,10057,12857,24827,29683
2015-08-13,1833,7528,10873,9660,13447,24930,27730
2015-08-14,2230,7190,10241,9000,13877,25540,27893
2015-08-15,2395,7179,9064,8423,14180,25977,28397
2015-08-16,3003,7147,8412,7930,14133,25853,28610
2015-08-17,3653,7747,8361,7783,13657,25253,28397
2015-08-18,4680,8384,8553,8323,12950,24800,27693
2015-08-19,5980,8941,8842,9415,12077,24330,27010
2015-08-20,7522,9628,9169,10683,11453,23733,26380
2015-08-21,8667,11213,9535,11807,11247,23310,25757
2015-08-22,9250,12503,10280,12703,11950,23010,25053
2015-08-23,8900,13483,12840,13470,12770,22980,24700
2015-08-24,8563,14487,14993,13810,13700,24313,24890
2015-08-25,7515,15210,15273,13730,15093,25913,26620
2015-08-26,6610,15563,15370,13420,16647,27113,28433
2015-08-27,5885,15277,15387,12710,17713,28197,29920
2015-08-28,7392,14787,15007,12147,18450,29163,31497
2015-08-29,7708,14387,14453,11560,18673,29853,32810
2015-08-30,8472,13823,14143,11313,18430,30387,33437
2015-08-31,9435,14100,13903,11723,17633,30663,33903
2015-09-01,11293,14283,13603,12433,16677,30670,34040
2015-09-02,12463,16050,13680,13557,15850,30430,33933
2015-09-03,13403,18417,14523,14673,15503,29900,33647
2015-09-04,13343,21000,16347,15580,15833,29487,33360
2015-09-05,12470,23530,17827,15750,16630,29423,32897
2015-09-06,11907,24420,19700,15490,18003,30023,32867
2015-09-07,11713,24543,21130,14860,19930,30893,33633
2015-09-08,10937,24083,21700,14173,21653,32253,34907
2015-09-09,9662,23400,21840,13740,22400,33867,36657
2015-09-10,8012,22897,21520,13510,22490,35507,38600
2015-09-11,6270,21973,21440,13250,22230,36883,40320
2015-09-12,4663,20683,20670,12737,21657,37773,41840
2015-09-13,3865,19263,19887,12207,20870,38190,42640
2015-09-14,3427,17147,19183,11417,20017,38167,42920
2015-09-15,3108,14383,17940,10807,19267,37837,42820
2015-09-16,2880,11617,15867,10133,18447,37113,42120
2015-09-17,2655,9216,13143,9593,17380,36143,40880
2015-09-18,2460,7692,10577,8825,16007,34957,40560
2015-09-19,2223,6829,8952,8230,14267,33420,40100
2015-09-20,2890,7105,8825,7850,12977,31210,38303
2015-09-21,4633,9080,9666,7772,11687,28520,34580
2015-09-22,5160,10097,10863,8157,10837,26217,31393
2015-09-23,4853,9997,11610,8953,10098,24480,28593
2015-09-24,4543,10070,10757,9913,9842,23760,26493
2015-09-25,4770,10097,10653,10597,10087,23050,25437
2015-09-26,4890,9965,10800,10933,10763,22637,24703
2015-09-27,4783,9474,10403,11380,11580,22480,24117
2015-09-28,4430,9326,10041,12217,12237,22670,24010
2015-09-29,3438,9239,9488,12753,13040,22820,24147
2015-09-30,3010,8965,9428,12770,13387,22930,24257
2015-10-01,2510,7989,9267,12260,13953,23140,24657
2015-10-02,2298,6806,8910,11003,14657,23547,25230
2015-10-03,2228,5977,8147,9177,15047,23773,25403
2015-10-04,2077,5658,6989,7603,14840,23760,25627
2015-10-05,1843,5166,6180,6620,13683,23243,25613
2015-10-06,1680,4729,6005,6013,12073,22960,24877
2015-10-07,1585,4504,5395,5657,9949,21770,24060
2015-10-08,1578,4696,5270,5337,8534,20547,23090
2015-10-09,1604,7686,5572,5303,7832,18640,21477
2015-10-10,1695,9233,7748,5453,7776,17030,19773
2015-10-11,1995,8491,12523,6592,8248,17417,18333
2015-10-12,2178,8058,14037,8283,9740,21700,22173
2015-10-13,2138,7364,13030,8717,11573,24923,28340
2015-10-14,1910,6776,11080,8130,12930,26087,28720
2015-10-15,1648,6120,9905,7143,13460,26417,28990
2015-10-16,1545,5382,8967,5900,13080,26440,28990
2015-10-17,1375,4740,7961,5387,11900,25913,28793
2015-10-18,1268,4324,6521,4905,9959,24523,27783
2015-10-19,1188,4108,5400,4620,8318,22523,26057
2015-10-20,1143,3850,5043,4380,7308,19897,23413
2015-10-21,1075,3575,4685,4188,6613,17163,20253
2015-10-22,1020,3377,4409,3957,5921,15447,17480
2015-10-23,973,3207,4132,3810,5583,14267,15443
2015-10-24,954,3074,3877,3645,5177,13263,14013
2015-10-25,938,2912,3642,3495,4908,12573,12843
2015-10-26,918,2765,3529,3393,4604,11963,12110
2015-10-27,903,2636,3384,3315,4422,11440,11360
2015-10-28,882,2441,3250,3215,4245,10930,10717
2015-10-29,863,2384,3149,3115,3986,10473,10203
2015-10-30,823,2324,3072,3017,3951,10177,9675
2015-10-31,773,2277,2996,2920,3839,9866,9199
2015-11-01,748,2258,2944,2820,3718,9635,8814
2015-11-02,733,2289,2863,2770,3569,9410,8624
2015-11-03,725,2292,2787,2695,3545,9190,8419
2015-11-04,720,2237,2737,2680,3503,8985,8309
2015-11-05,713,2153,2707,2680,3475,8907,8081
2015-11-06,698,2069,2687,2652,3419,8815,7891
2015-11-07,692,1984,2620,2637,3359,8715,7869
2015-11-08,685,1900,2560,2913,3298,8547,7759
2015-11-09,673,1858,2507,2860,3214,8399,7546
2015-11-10,663,1837,2450,2578,3396,8270,7429
2015-11-11,647,1785,2410,2387,3377,8107,7238
2015-11-12,605,1735,2387,2273,3214,8088,7077
2015-11-13,545,1647,2360,2240,3018,8082,7040
2015-11-14,483,1582,2311,2187,2869,7971,7040
2015-11-15,452,1541,2248,2123,2738,7777,6886
2015-11-16,438,1506,2183,2080,2710,7501,6710
2015-11-17,395,1488,2145,2040,2593,7266,6513
2015-11-18,358,1446,2102,2013,2500,7157,6280
2015-11-19,343,1367,2054,2010,2386,7000,6107
2015-11-20,325,1326,2014,1990,2300,6873,5940
2015-11-21,313,1294,1990,1940,2288,6815,5813
2015-11-22,303,1261,1974,1897,2263,6677,5700
2015-11-23,288,1232,1941,1860,2207,6595,5595
2015-11-24,268,1195,1901,1830,2236,6504,5540
2015-11-25,253,1158,1875,1770,2141,6420,5432
2015-11-26,238,1131,1853,1723,2097,6315,5324
2015-11-27,225,1104,1837,1697,2016,6208,5222
2015-11-28,215,1085,1819,1683,2075,6088,5180
2015-11-29,205,1058,1808,1668,2016,6034,5060
2015-11-30,198,1037,1800,1655,1961,5951,4922
2015-12-01,193,1020,1790,1642,1954,5864,4850
2015-12-02,188,991,1777,1628,1873,5808,4826
2015-12-03,182,974,1757,1608,1808,5726,4772
2015-12-04,158,959,1733,1550,1788,5613,4700
2015-12-05,148,933,1702,1515,1784,5501,4604
2015-12-06,147,921,1682,1545,1736,5394,4496
2015-12-07,146,910,1671,1638,1648,5340,4388
2015-12-08,145,918,1630,1797,1732,5274,4334
2015-12-09,144,933,1588,1760,1828,5189,4268
2015-12-10,143,947,1535,1700,1941,5121,4178
2015-12-11,143,941,1524,1663,1934,5080,4106
2015-12-12,142,935,1519,1625,1824,5178,4052
2015-12-13,141,923,1516,1575,1656,5352,4178
2015-12-14,141,912,1508,1480,1600,5310,4286
2015-12-15,139,892,1508,1407,1584,5195,4286
2015-12-16,138,872,1503,1403,1576,5080,4214
2015-12-17,137,859,1500,1620,1532,5012,4088
2015-12-18,136,847,1497,1615,1560,4926,3932
2015-12-19,135,835,1490,1545,1668,4866,3854
2015-12-20,134,823,1485,1457,1688,4826,3812
2015-12-21,133,806,1477,1382,1628,4813,3758
2015-12-22,132,794,1468,1325,1600,4861,3730
2015-12-23,131,783,1458,1325,1508,4866,3744
2015-12-24,130,771,1448,1308,1448,4826,3758
2015-12-25,130,759,1436,1250,1496,4786,3758
2015-12-26,129,747,1429,1201,1408,4691,3725
2015-12-27,128,736,1422,1163,1347,4667,3655
2015-12-28,127,724,1406,1108,1272,4622,3613
2015-12-29,126,712,1380,1087,1285,4537,3590
2015-12-30,124,700,1357,1078,1293,4456,3534
2015-12-31,122,688,1338,1071,1283,4371,3501
2016-01-01,120,677,1321,1059,1315,4312,3431
2016-01-02,118,665,1311,1052,1312,4312,3366
2016-01-03,116,653,1303,1048,1288,4282,3338
2016-01-04,115,644,1292,1042,1205,4276,3324
2016-01-05,115,632,1286,1038,1085,4241,3324
2016-01-06,114,622,1278,1032,1128,4185,3305
2016-01-07,114,608,1272,1025,1149,4081,3277
2016-01-08,113,599,1261,1020,1093,3957,3184
2016-01-09,113,590,1255,1015,1128,3915,3072
2016-01-10,113,580,1250,1010,1101,3902,3030
2016-01-11,112,571,1244,1005,985,3876,3030
2016-01-12,112,562,1239,1000,1035,3863,3011
2016-01-13,111,553,1231,1005,1027,3825,2983
2016-01-14,111,544,1222,1042,1001,3780,2955
2016-01-15,110,534,1217,1028,955,3749,2927
2016-01-16,110,525,1211,1003,1022,3749,2899
2016-01-17,109,516,1206,967,1061,3693,2871
2016-01-18,109,507,1200,940,945,3613,2806
2016-01-19,109,498,1195,920,978,3613,2755
2016-01-20,109,494,1189,907,935,3693,2750
2016-01-21,109,489,1187,895,890,3637,2773
2016-01-22,109,488,1184,893,920,3619,2792
2016-01-23,109,480,1178,898,935,3606,2755
2016-01-24,109,476,1176,898,935,3566,2745
2016-01-25,109,471,1173,895,801,3554,2717
2016-01-26,108,466,1167,927,827,3554,2689
2016-01-27,108,462,1167,927,780,3562,2666
2016-01-28,109,457,1162,920,875,3562,2666
2016-01-29,109,453,1162,907,958,3531,2666
2016-01-30,109,448,1156,903,968,3485,2647
2016-01-31,108,443,1154,920,880,3497,2619
2016-02-01,108,443,1151,913,789,3531,2573
2016-02-02,108,439,1149,898,839,3531,2619
2016-02-03,106,439,1145,884,968,3520,2624
2016-02-04,105,439,1140,872,993,3466,2619
2016-02-05,103,434,1140,865,910,3440,2568
2016-02-06,101,434,1134,874,920,3485,2535
2016-02-07,100,434,1129,877,815,3531,2512
2016-02-08,97,430,1129,867,716,3543,2596
2016-02-09,94,430,1123,858,699,3543,2624
2016-02-10,91,430,1118,846,721,3497,2624
2016-02-11,87,425,1118,846,751,3417,2605
2016-02-12,84,425,1112,865,708,3320,2535
2016-02-13,81,425,1107,967,656,3286,2423
2016-02-14,80,422,1107,1054,691,3269,2400
2016-02-15,77,419,1107,1078,719,3217,2396
2016-02-16,75,418,1101,1055,893,3171,2372
2016-02-17,73,418,1101,1010,1088,3119,2348
2016-02-18,71,418,1096,923,1160,3090,2324
2016-02-19,69,425,1092,877,1144,3218,2304
2016-02-20,67,425,1090,849,1059,3402,2376
2016-02-21,67,422,1084,839,834,3535,2484
2016-02-22,65,418,1084,829,743,3577,2610
2016-02-23,65,418,1079,824,806,3524,2661
2016-02-24,92,415,1075,1598,813,3474,2638
2016-02-25,123,411,1073,3695,799,3387,2540
2016-02-26,114,411,1068,3395,883,3320,2493
2016-02-27,114,408,1068,2490,1938,3303,2397
2016-02-28,119,408,1062,2037,3013,3303,2388
2016-02-29,119,420,1062,1873,2719,3608,2388
2016-03-01,120,479,1056,1587,2256,4883,2479
2016-03-02,110,521,1056,1293,1990,5412,3198
2016-03-03,108,557,1051,1126,1708,5268,3914
2016-03-04,100,588,1062,1078,1449,4978,4058
2016-03-05,98,599,1084,1045,1245,4696,3816
2016-03-06,95,571,1101,1020,1144,4537,3618
2016-03-07,93,534,1096,990,1032,4267,3422
2016-03-08,82,498,1077,963,1021,4045,3203
2016-03-09,76,462,1056,953,945,3850,3067
2016-03-10,68,434,1034,953,915,3749,2890
2016-03-11,65,411,1005,1022,920,3656,2736
2016-03-12,66,405,985,1268,930,3566,2680
2016-03-13,90,400,968,1842,863,3497,2619
2016-03-14,103,391,950,1890,984,3462,2512
2016-03-15,82,384,933,1667,1393,3406,2470
2016-03-16,66,377,925,1377,1736,3383,2442
2016-03-17,48,377,920,1260,1740,3432,2388
2016-03-18,46,408,915,1418,1540,3661,2389
2016-03-19,45,453,917,1607,1357,3957,2610
2016-03-20,50,480,927,1550,1328,3987,2867
2016-03-21,57,462,938,1558,1412,3912,3025
2016-03-22,55,446,937,1323,1532,3747,3030
2016-03-23,52,434,955,1169,1612,3656,2918
2016-03-24,51,425,981,1099,1473,3789,2853
2016-03-25,61,409,991,1343,1323,3889,2853
2016-03-26,65,405,953,1620,1237,3854,2918
2016-03-27,63,398,927,1560,1229,3812,2988
2016-03-28,59,394,940,1307,1352,3674,3002
2016-03-29,55,408,935,1109,1556,3581,2853
2016-03-30,51,418,930,1052,1451,3543,2745
2016-03-31,51,425,925,1038,1293,3633,2666
2016-04-01,49,471,928,1475,1176,3767,2773
2016-04-02,58,448,945,2413,1104,3780,2853
2016-04-03,69,440,965,2100,1171,3662,2876
2016-04-04,66,434,981,1602,1737,3520,2834
2016-04-05,72,430,987,1390,2108,3459,2727
2016-04-06,82,433,962,1338,2020,3558,2610
2016-04-07,88,470,952,1310,1819,3912,2624
2016-04-08,144,494,955,1648,1544,4232,2853
2016-04-09,565,501,960,3293,1427,4276,3203
2016-04-10,667,489,967,4230,1400,4096,3357
2016-04-11,528,489,977,4965,2218,3904,3287
2016-04-12,368,571,987,5323,3340,3793,3147
2016-04-13,240,837,987,4745,4204,3718,3002
2016-04-14,760,1058,993,3867,4716,4487,2923
2016-04-15,725,1049,1036,4853,4488,5635,3371
2016-04-16,487,971,1149,5435,4032,6482,4340
2016-04-17,578,1194,1266,4790,4295,6738,5264
2016-04-18,527,1207,1357,4330,4767,6771,5713
2016-04-19,510,1182,1347,4265,4640,6822,5780
2016-04-20,658,1087,1317,4740,4366,7116,5840
2016-04-21,1103,1058,1361,4590,4224,7301,6120
2016-04-22,1695,1116,1440,5550,4483,7211,6433
2016-04-23,2264,1224,1463,6578,4569,7061,6407
2016-04-24,2200,1517,1399,7640,5101,7129,6260
2016-04-25,2083,2642,1467,8610,6048,7287,6253
2016-04-26,1943,3453,1537,9620,7020,7715,6473
2016-04-27,1496,3602,2164,10330,8008,8388,6835
2016-04-28,1187,3495,2936,10173,8859,9375,7561
2016-04-29,892,3267,3209,9085,9459,10637,8499
2016-04-30,722,2837,3277,7262,9802,11870,9958
2016-05-01,708,2349,3018,5805,9487,12710,11480
2016-05-02,673,2020,2663,5763,8446,13007,12500
2016-05-03,670,1756,2383,5290,7188,12927,12910
2016-05-04,615,1647,2120,4745,6620,12193,12700
2016-05-05,543,1629,1906,4213,5866,11153,11950
2016-05-06,435,1582,1785,3675,5380,10390,10857
2016-05-07,373,1523,1689,3478,4934,9812,10007
2016-05-08,318,1435,1668,3117,4422,9152,9259
2016-05-09,260,1336,1639,2927,4001,8617,8595
2016-05-10,182,1195,1600,2865,3769,8135,8037
2016-05-11,147,1087,1559,2715,3587,7650,7524
2016-05-12,140,976,1509,2587,3438,7253,7055
2016-05-13,134,892,1462,2445,3270,6920,6603
2016-05-14,130,829,1396,2383,3093,6607,6260
2016-05-15,182,759,1340,2445,2911,6413,5960
2016-05-16,418,720,1271,2705,2761,6121,5700
2016-05-17,627,712,1244,3593,2831,5926,5474
2016-05-18,997,704,1220,4800,3093,5719,5234
2016-05-19,1273,747,1197,5760,3681,5635,5048
2016-05-20,1103,1049,1217,7077,4407,5774,5024
2016-05-21,1164,1841,1217,7860,5249,6039,5024
2016-05-22,1825,3472,1351,7983,6139,6667,5282
2016-05-23,3757,5784,1630,7188,6933,7527,5827
2016-05-24,4127,6283,4149,7072,7480,8507,6691
2016-05-25,3440,6554,6521,9133,7356,9780,7693
2016-05-26,2665,6892,6493,10777,7349,11673,8987
2016-05-27,2403,6534,6674,10933,8320,13373,11360
2016-05-28,1862,5687,6797,10403,9461,14140,13330
2016-05-29,1548,4977,6393,9930,10107,14950,14410
2016-05-30,1265,4552,5370,9238,10560,15763,15303
2016-05-31,1168,4133,5025,7920,10630,16150,15967
2016-06-01,1140,3544,4437,6547,10480,16220,16320
2016-06-02,1050,3186,4089,5638,9469,15950,16373
2016-06-03,983,2919,3753,5277,8410,15393,16117
2016-06-04,842,2728,3361,4870,7156,14527,15647
2016-06-05,787,2460,2793,4565,6200,13493,14847
2016-06-06,757,2312,2530,4285,5642,12360,13780
2016-06-07,737,2202,2323,4087,5224,11350,12540
2016-06-08,727,2309,2263,4210,4812,10480,11450
2016-06-09,812,2436,2238,4355,4508,9933,10343
2016-06-10,1051,2982,2309,4690,4432,9418,9745
2016-06-11,1273,3381,2743,5308,4645,9277,12607
2016-06-12,1461,4426,3278,5647,5153,9036,11410
2016-06-13,2098,4887,3903,6538,5672,9264,9710
2016-06-14,3610,5602,5003,7113,6212,9961,9268
2016-06-15,4573,6775,5522,7765,6873,11093,9502
2016-06-16,4808,8403,5885,8370,7475,12190,11073
2016-06-17,3923,10224,7988,8908,8128,12963,12570
2016-06-18,3387,11157,9965,9313,8567,14180,13523
2016-06-19,3567,11453,10810,9360,8895,15973,14973
2016-06-20,4770,10433,11240,9287,9271,17993,16907
2016-06-21,4997,10193,11330,9667,9579,19043,18867
2016-06-22,5180,10300,10420,10617,9832,19767,20193
2016-06-23,4870,10607,9923,11440,10043,20043,20990
2016-06-24,4517,10580,10220,12060,10580,20030,21287
2016-06-25,4360,10660,10577,12370,11290,20380,21430
2016-06-26,3867,10380,10183,12527,11937,20637,21650
2016-06-27,3623,10180,10103,12543,12590,21000,22270
2016-06-28,3153,9770,10023,12430,13347,21537,22893
2016-06-29,2763,8771,9913,12380,13837,21920,23490
2016-06-30,3247,7770,8976,12157,14277,22307,23900
2016-07-01,4767,7114,7901,11630,14470,22507,24330
2016-07-02,5210,8438,7393,11087,14310,22360,24420
2016-07-03,5587,10560,7613,11013,14020,21983,24240
2016-07-04,8462,11763,9916,11227,13567,21513,23657
2016-07-05,10640,13303,11627,11773,13247,21713,23460
2016-07-06,11403,14560,12503,12883,13030,22753,24690
2016-07-07,11103,15773,14007,13963,13090,23847,26170
2016-07-08,10617,17210,14887,14637,13540,24463,27007
2016-07-09,10083,18883,16167,14940,14323,25363,27963
2016-07-10,9253,19460,17330,15080,15423,26360,29210
2016-07-11,8230,19930,17877,14907,16853,27413,30700
2016-07-12,6655,19900,18280,14390,18450,28453,31963
2016-07-13,5550,19700,18443,13827,19823,29423,33140
2016-07-14,5320,18897,18277,13310,20440,30493,34097
2016-07-15,5683,17097,17803,12923,20403,31307,35553
2016-07-16,7487,16380,16813,12810,19760,32040,36600
2016-07-17,9110,16300,16010,13040,18917,32507,37310
2016-07-18,9890,16497,15687,13410,18127,32467,37610
2016-07-19,9470,17050,15480,13797,17663,32107,37347
2016-07-20,8630,17567,15850,14143,17410,31640,36840
2016-07-21,9240,17947,16267,14670,17667,31213,36397
2016-07-22,9608,18347,16453,15163,18210,31003,36170
2016-07-23,11417,18357,16800,15400,19163,30980,35930
2016-07-24,12347,18690,17133,15430,20593,31107,35667
2016-07-25,13180,20010,17550,15790,22040,31547,35987
2016-07-26,13363,20860,17763,16470,22903,32133,36470
2016-07-27,12933,21590,18470,17187,23490,32880,37087
2016-07-28,12153,22233,18833,17520,24203,33610,37757
2016-07-29,11440,22497,19320,17267,25573,34627,38520
2016-07-30,10563,22413,19770,16700,27160,35577,39660
2016-07-31,9097,21957,20217,15990,28163,37170,40900
2016-08-01,6902,21627,20487,15043,28580,39057,43040
2016-08-02,4640,20897,20550,13897,28300,40303,45007
2016-08-03,3700,19870,20667,12607,27727,41483,46340
2016-08-04,3223,18140,20413,11493,26390,42107,47320
2016-08-05,2930,14883,19580,10543,24423,42347,47807
2016-08-06,2787,11843,18140,10117,22737,42117,47880
2016-08-07,2953,9732,15190,9927,20483,41393,47267
2016-08-08,2963,8698,12777,9900,18080,40047,46167
2016-08-09,2920,8162,11360,10110,16567,38090,44590
2016-08-10,3140,8173,10400,10153,15423,35513,42000
2016-08-11,2983,8046,9700,10010,14623,32573,38840
2016-08-12,2793,7793,9504,10063,14047,29850,36210
2016-08-13,2733,7277,9156,9720,13693,27807,33257
2016-08-14,2793,6878,8653,9413,13523,26373,31133
2016-08-15,2738,6563,8283,9138,13100,25353,29443
2016-08-16,2873,6385,7885,8830,12857,24400,27820
2016-08-17,2770,6715,7567,8530,12593,23507,26297
2016-08-18,2977,7633,8138,8170,12393,22880,25403
2016-08-19,2943,7565,9110,8263,11930,22283,24653
2016-08-20,2610,6922,9368,8357,11707,22207,23827
2016-08-21,2350,6788,9353,7963,12510,22660,23827
2016-08-22,2347,6910,10118,7367,13207,23380,24550
2016-08-23,2522,7071,10317,6833,13320,24000,25420
2016-08-24,2468,6607,10383,5940,13023,24700,26060
2016-08-25,2150,6150,9072,5770,12397,25277,27860
2016-08-26,2025,5878,8037,5750,11220,24920,28307
2016-08-27,1895,5410,7593,5505,9965,23910,26897
2016-08-28,1895,5039,7091,5353,9472,22657,25710
2016-08-29,1890,4678,6440,5180,8927,21087,24210
2016-08-30,1938,4307,5866,5010,8502,19703,22453
2016-08-31,2247,4572,5380,5020,7960,18260,20770
2016-09-01,3123,4754,5370,5402,7375,17140,19120
2016-09-02,3373,5450,5659,5973,7173,16077,17693
2016-09-03,5277,7022,6034,7582,7233,15440,16380
2016-09-04,7147,8956,7245,9133,7672,15247,15773
2016-09-05,6963,10720,8873,10237,8638,15483,15750
2016-09-06,6145,11850,10690,10883,9591,16727,16080
2016-09-07,5387,12550,12210,11280,10633,18743,17720
2016-09-08,4700,12347,12953,11480,11413,20843,20140
2016-09-09,4333,11360,12747,11480,12097,22670,22513
2016-09-10,4683,10517,12153,11640,12850,23967,24803
2016-09-11,4577,10730,11723,11800,13617,24700,26223
2016-09-12,3917,11540,11983,11710,14480,25153,27057
2016-09-13,3310,11150,13087,11357,15407,25743,27547
2016-09-14,2985,10119,13393,10567,16087,26613,28450
2016-09-15,2738,8819,12343,9085,16037,27697,29987
2016-09-16,2605,7600,10710,7760,15440,28350,31410
2016-09-17,2318,6744,9285,6765,14110,28250,31780
2016-09-18,2178,6099,8700,6042,12690,27473,31273
2016-09-19,2117,5792,7490,5800,11100,26010,29987
2016-09-20,2208,5572,7567,5800,9790,24163,28143
2016-09-21,2683,6464,7071,6007,9195,22167,25963
2016-09-22,4417,6827,7960,6538,8780,20690,23717
2016-09-23,3863,7423,8982,7648,8802,19850,22183
2016-09-24,4193,8539,9262,8497,9053,19710,21183
2016-09-25,4200,8722,9758,8430,9421,19970,20863
2016-09-26,4427,8479,9857,8210,9881,20427,21170
2016-09-27,3733,8491,9519,8223,10290,20927,21830
2016-09-28,3052,8359,9489,8197,10330,21387,22477
2016-09-29,2643,7862,9241,7333,10280,21600,22753
2016-09-30,2500,6987,8802,6427,10170,21427,22810
2016-10-01,2387,6304,7997,5740,9636,21187,22660
2016-10-02,2310,5716,7232,5398,8984,20627,22330
2016-10-03,2245,5376,6537,5327,8381,19753,21577
2016-10-04,2158,5129,5919,5000,7553,18640,20520
2016-10-05,2027,4757,5647,4605,7193,17747,19707
2016-10-06,1930,4515,5365,4310,6940,16737,18547
2016-10-07,1892,4191,5270,4100,6218,16077,17240
2016-10-08,1963,3980,5118,3990,5915,15430,16247
2016-10-09,2147,3793,4813,3927,5793,14787,15550
2016-10-10,2162,3728,4492,3865,5506,14060,14750
2016-10-11,2421,4461,4153,4143,5401,13520,14010
2016-10-12,3703,5362,4445,4980,5270,13040,13290
2016-10-13,4350,5843,5234,5977,5458,12637,12670
2016-10-14,4210,7273,5954,6943,6097,12563,12180
2016-10-15,3897,8383,6976,7267,6940,13147,12180
2016-10-16,3195,8358,8575,7193,7576,13993,12967
2016-10-17,2750,7747,8677,6762,8016,15427,14290
2016-10-18,2140,6870,8342,5858,8328,16980,15997
2016-10-19,1915,6051,7587,5008,8080,17690,17733
2016-10-20,1847,5297,6725,4365,7437,17667,18280
2016-10-21,1673,4680,5815,3928,6584,16840,18093
2016-10-22,1522,4207,5203,3660,5769,16007,17333
2016-10-23,1413,3857,4692,3460,5081,14750,16027
2016-10-24,1342,3644,4372,3313,4620,13710,14823
2016-10-25,1292,3419,4068,3185,4498,13000,13693
2016-10-26,1302,3221,3828,3050,4452,12153,12670
2016-10-27,1375,3080,3824,2990,4361,11580,11820
2016-10-28,1288,3271,3738,2990,4336,11250,11147
2016-10-29,1247,3629,4638,3130,4452,11160,10940
2016-10-30,1212,3758,5786,3640,4670,11667,10903
2016-10-31,1185,4149,6384,3680,5126,12653,11740
2016-11-01,1168,3796,7440,3505,5757,13153,12700
2016-11-02,1162,3378,6878,3215,5866,13697,13360
2016-11-03,1148,3109,5261,2875,5592,14510,14110
2016-11-04,1125,2884,4631,2680,5226,14540,14967
2016-11-05,1113,2748,4165,2613,4812,13717,14810
2016-11-06,1108,2695,3640,2550,4528,12880,13960
2016-11-07,1113,2711,3542,2445,4402,12037,12853
2016-11-08,1115,2795,3541,2353,4245,11607,12110
2016-11-09,1212,3374,3519,3187,4097,10947,11457
2016-11-10,1726,4269,3586,7065,4280,10770,10743
2016-11-11,1614,4735,4085,8670,5422,10733,10930
2016-11-12,1532,4752,4696,8270,8094,10793,10913
2016-11-13,1402,4521,4928,6497,9535,11720,10770
2016-11-14,1213,4083,4808,4820,9725,13563,11793
2016-11-15,1185,3682,4544,3825,8944,15083,13950
2016-11-16,1137,3342,4114,3375,7331,15580,15477
2016-11-17,1072,3087,3764,3170,5933,15047,15817
2016-11-18,1048,2843,3436,2912,4979,13753,15137
2016-11-19,1035,2695,3201,2730,4493,12340,13767
2016-11-20,1020,2470,3059,2610,4159,11260,12200
2016-11-21,985,2324,2891,2535,3883,10333,10847
2016-11-22,947,2258,2653,2420,3779,9858,9822
2016-11-23,917,2132,2540,2327,3657,9393,9017
2016-11-24,875,2048,2487,2213,3559,9023,8470
2016-11-25,803,1963,2433,2127,3424,8744,7891
2016-11-26,770,1907,2390,2070,3354,8447,7678
2016-11-27,737,1837,2281,2060,3256,8220,7480
2016-11-28,687,1754,2127,2060,3130,8151,7231
2016-11-29,595,1700,2014,2040,3088,8050,7040
2016-11-30,548,1650,1998,2013,2943,7830,6871
2016-12-01,525,1618,1990,1993,2878,7650,6644
2016-12-02,463,1570,1971,1983,2827,7425,6460
2016-12-03,390,1558,1938,1973,2743,7295,6280
2016-12-04,363,1523,1910,1957,2640,7068,6120
2016-12-05,312,1497,1882,1917,2565,6913,5960
2016-12-06,262,1461,1848,1903,2496,6777,5767
2016-12-07,215,1426,1816,1900,2312,6630,5620
2016-12-08,157,1390,1780,1890,2259,6530,5492
2016-12-09,143,1355,1733,1890,2221,6378,5384
2016-12-10,135,1320,1699,1857,2141,6165,5252
2016-12-11,128,1292,1684,1770,2067,6046,5096
2016-12-12,124,1275,1671,1697,2020,5971,4970
2016-12-13,119,1246,1656,1655,2031,5852,4874
2016-12-14,118,1217,1625,1615,2020,5755,4736
2016-12-15,117,1195,1597,1580,1941,5684,4658
2016-12-16,116,1175,1585,1535,1904,5613,4592
2016-12-17,115,1165,1559,1510,1882,5525,4508
2016-12-18,114,1150,1524,1485,1844,5436,4478
2016-12-19,113,1129,1492,1447,1772,5358,4412
2016-12-20,112,1099,1475,1420,1788,5268,4340
2016-12-21,112,1070,1465,1397,1776,5184,4244
2016-12-22,111,1049,1460,1373,1728,5121,4160
2016-12-23,110,1032,1448,1357,1624,5080,4088
2016-12-24,110,1018,1431,1345,1644,5047,4016
2016-12-25,109,998,1410,1340,1584,4978,3956
2016-12-26,109,971,1399,1335,1576,4879,3920
2016-12-27,109,947,1385,1328,1604,4839,3854
2016-12-28,109,931,1363,1317,1608,4809,3786
2016-12-29,110,923,1355,1305,1644,4782,3730
2016-12-30,109,916,1342,1305,1620,4749,3697
2016-12-31,109,898,1323,1310,1624,4743,3669
2017-01-01,109,888,1307,1327,1592,4719,3641
2017-01-02,107,876,1292,1297,1572,4702,3627
2017-01-03,102,862,1286,1243,1640,4673,3618
2017-01-04,100,853,1280,1213,1604,4656,3618
2017-01-05,95,841,1280,1210,1476,4639,3613
2017-01-06,92,829,1274,1240,1456,4639,3599
2017-01-07,90,817,1267,1223,1468,4604,3585
2017-01-08,86,812,1261,1220,1448,4500,3557
2017-01-09,83,800,1250,1220,1436,4437,3529
2017-01-10,80,794,1230,1203,1408,4382,3473
2017-01-11,76,783,1222,1179,1383,4323,3413
2017-01-12,73,765,1208,1152,1357,4294,3403
2017-01-13,72,745,1197,1106,1325,4276,3389
2017-01-14,70,732,1189,1085,1296,4214,3357
2017-01-15,69,720,1184,1066,1259,4172,3319
2017-01-16,67,712,1178,1055,1211,4129,3291
2017-01-17,65,700,1173,1040,1248,4093,3263
2017-01-18,65,694,1164,1035,1229,4035,3212
2017-01-19,64,683,1151,1022,1243,3969,3170
2017-01-20,64,671,1131,1012,1171,3927,3128
2017-01-21,63,665,1118,1008,1149,3915,3095
2017-01-22,63,659,1112,1005,1109,3902,3081
2017-01-23,63,653,1105,983,1072,3855,3067
2017-01-24,62,649,1101,960,1117,3803,3035
2017-01-25,61,640,1096,950,1101,3761,2974
2017-01-26,61,632,1090,937,1109,3724,2932
2017-01-27,60,626,1081,917,1091,3687,2890
2017-01-28,60,619,1073,900,1061,3674,2862
2017-01-29,59,605,1064,893,1024,3650,2848
2017-01-30,58,588,1053,891,1008,3619,2834
2017-01-31,58,579,1042,886,1016,3589,2820
2017-02-01,57,571,1028,886,1019,3543,2801
2017-02-02,57,562,1028,886,1021,3520,2773
2017-02-03,56,553,1028,879,1024,3508,2745
2017-02-04,55,548,1022,879,1035,3497,2717
2017-02-05,55,544,1022,879,1000,3485,2689
2017-02-06,54,539,1018,872,868,3485,2666
2017-02-07,53,534,1016,872,890,3474,2666
2017-02-08,53,525,1010,872,960,3451,2652
2017-02-09,52,521,1005,872,880,3417,2633
2017-02-10,51,516,1001,865,925,3395,2605
2017-02-11,50,512,999,865,965,3383,2582
2017-02-12,50,507,993,865,870,3372,2568
2017-02-13,49,503,985,865,808,3355,2563
2017-02-14,49,498,973,865,846,3355,2554
2017-02-15,48,494,963,865,846,3338,2549
2017-02-16,47,489,955,858,824,3314,2512
2017-02-17,47,485,950,858,801,3286,2479
2017-02-18,46,480,948,858,817,3286,2451
2017-02-19,46,476,945,858,796,3269,2428
2017-02-20,45,471,940,858,740,3234,2414
2017-02-21,46,466,938,858,849,3200,2388
2017-02-22,51,462,935,874,875,3186,2360
2017-02-23,54,457,932,886,735,3157,2340
2017-02-24,57,453,927,962,698,3171,2324
2017-02-25,69,448,922,1812,727,3217,2304
2017-02-26,79,443,915,2810,704,3162,2328
2017-02-27,68,443,910,2507,875,3075,2316
2017-02-28,60,451,905,1957,1801,3056,2268
2017-03-01,54,459,900,1593,2276,3075,2232
2017-03-02,46,488,897,1363,2071,3350,2220
2017-03-03,41,515,895,1247,1688,4136,2276
2017-03-04,39,501,892,1181,1393,4500,2750
2017-03-05,39,471,895,1136,1272,4444,3235
2017-03-06,37,448,915,1106,1109,4221,3338
2017-03-07,37,439,925,1287,1077,3953,3212
2017-03-08,36,434,910,1633,1013,3797,3025
2017-03-09,38,430,887,1678,1022,3627,2862
2017-03-10,41,425,874,1790,1165,3535,2699
2017-03-11,45,425,859,1800,1339,3451,2605
2017-03-12,49,422,846,1650,1496,3421,2503
2017-03-13,87,418,835,1545,1492,3543,2456
2017-03-14,112,415,836,1750,1516,3745,2503
2017-03-15,116,411,839,2793,1387,3895,2643
2017-03-16,115,408,843,3155,1355,3951,2764
2017-03-17,114,421,843,2913,1835,3927,2848
2017-03-18,110,443,852,2223,2521,3885,2876
2017-03-19,110,480,859,1787,2534,3911,2839
2017-03-20,93,518,862,1590,2174,4493,2797
2017-03-21,83,551,875,1520,1840,4911,3081
2017-03-22,78,565,902,1480,1548,4889,3473
2017-03-23,73,544,925,1480,1352,4523,3655
2017-03-24,71,507,943,1520,1277,4036,3571
2017-03-25,72,471,955,1618,1296,3734,3343
2017-03-26,77,434,947,1593,1360,3547,3156
2017-03-27,82,412,918,1485,1468,3478,2974
2017-03-28,86,398,883,1440,1496,3462,2890
2017-03-29,91,388,867,1535,1429,3485,2820
2017-03-30,99,375,856,1635,1363,3527,2792
2017-03-31,109,399,863,1793,1385,3508,2829
2017-04-01,169,436,851,1807,1436,3440,2862
2017-04-02,505,480,838,3438,1620,3417,2862
2017-04-03,453,504,835,4340,1792,3429,2820
2017-04-04,338,550,851,3867,2343,3474,2806
2017-04-05,388,720,867,4212,3433,3640,2806
2017-04-06,420,1112,895,5393,3601,3929,2885
2017-04-07,357,1224,947,5177,3812,4632,3049
2017-04-08,300,1182,1035,4343,4554,5322,3497
2017-04-09,215,1077,1136,3432,4726,5703,4226
2017-04-10,147,1078,1307,3007,4285,6204,4730
2017-04-11,138,1029,1309,2800,3737,6842,5270
2017-04-12,129,923,1298,2775,3121,6920,5887
2017-04-13,117,812,1286,3003,2654,6619,6113
2017-04-14,115,718,1257,2755,2342,6152,5920
2017-04-15,114,654,1233,2420,2424,5901,5547
2017-04-16,113,617,1211,2227,2380,5501,5216
2017-04-17,120,594,1195,2030,2274,5568,5258
2017-04-18,118,553,1182,1863,2053,5346,5204
2017-04-19,114,519,1162,1847,1906,5088,4910
2017-04-20,112,510,1138,1973,1716,4830,4484
2017-04-21,113,548,1118,2013,1624,4586,4148
2017-04-22,117,588,1101,1847,1748,4377,3860
2017-04-23,124,577,1118,1967,1953,4230,3660
2017-04-24,158,593,1140,2695,1859,4210,3478
2017-04-25,308,611,1156,2840,1926,4214,3371
2017-04-26,290,652,1158,3200,2276,4365,3366
2017-04-27,683,743,1158,4665,2817,4481,3417
2017-04-28,790,849,1167,6055,3223,4656,3445
2017-04-29,523,932,1220,7100,4250,5038,3553
2017-04-30,300,1034,1228,6592,5307,5490,3807
2017-05-01,290,1300,1239,5463,6169,5919,4226
2017-05-02,282,1423,1263,4410,6139,6941,4850
2017-05-03,275,1299,1292,3843,5681,7953,5835
2017-05-04,270,1107,1319,3570,5005,8350,7084
2017-05-05,253,991,1401,3312,4381,8440,7671
2017-05-06,213,943,1392,3060,3949,8094,7722
2017-05-07,149,916,1338,2735,3606,7507,7443
2017-05-08,247,880,1269,2760,3312,7028,7025
2017-05-09,505,841,1204,3780,3121,6539,6527
2017-05-10,405,771,1182,3980,3037,6236,6053
2017-05-11,370,751,1162,3528,3340,6029,5655
2017-05-12,317,913,1127,3028,3921,5864,5366
2017-05-13,275,1039,1064,2820,3783,5827,5114
2017-05-14,252,1020,1038,2785,3359,6029,5078
2017-05-15,217,976,1094,2600,2976,6193,5294
2017-05-16,225,927,1167,2435,3027,6021,5528
2017-05-17,408,952,1226,2435,3065,5858,5372
2017-05-18,452,981,1272,2600,2967,5755,5150
2017-05-19,325,1073,1298,2955,2808,5705,5024
2017-05-20,233,1155,1321,2995,2733,5705,5024
2017-05-21,158,1219,1315,2645,2794,5691,5006
2017-05-22,150,1195,1321,2643,2887,5620,4934
2017-05-23,136,1078,1351,2890,2901,5495,4808
2017-05-24,127,935,1410,2810,2733,5471,4718
2017-05-25,124,860,1415,2597,2794,5587,4718
2017-05-26,122,790,1376,2410,3018,5606,4790
2017-05-27,138,904,1355,2390,2747,5560,4826
2017-05-28,172,871,1340,2623,2424,5691,4826
2017-05-29,230,961,1377,2672,2297,5809,4880
2017-05-30,250,1165,1562,2577,2323,5780,4970
2017-05-31,1389,1657,1728,2603,2509,6048,5072
2017-06-01,2488,2832,1910,2685,2654,6413,5348
2017-06-02,3045,4921,2278,3203,2635,6131,5564
2017-06-03,1910,5419,3318,7435,2729,6098,5348
2017-06-04,1450,5410,4593,9025,3074,6480,5300
2017-06-05,1484,4950,5182,9167,5458,7403,5643
2017-06-06,1630,4224,5188,8958,7355,8640,6596
2017-06-07,1361,3590,4855,8943,8280,10329,8045
2017-06-08,958,3437,4416,8310,8606,11777,10067
2017-06-09,525,3348,3919,6850,8744,12593,11930
2017-06-10,475,3017,3544,5365,8392,12780,12993
2017-06-11,428,2755,3289,4350,7376,12600,13150
2017-06-12,1237,2742,2985,3850,6184,12247,13147
2017-06-13,1738,3705,2847,3585,5239,11883,13003
2017-06-14,2348,6495,2879,3702,4559,11183,14270
2017-06-15,2453,7851,3391,4745,4072,10420,13353
2017-06-16,2713,7158,4586,5623,4067,9665,11470
2017-06-17,2957,6730,5747,6618,4488,9870,10250
2017-06-18,2952,7772,6129,7200,5040,11200,10397
2017-06-19,2883,8515,6213,7690,5787,12300,11773
2017-06-20,2903,8564,6757,8860,6573,12667,13057
2017-06-21,3330,8552,7393,10323,7227,13457,14847
2017-06-22,3762,8783,7733,11173,8064,14677,16443
2017-06-23,4267,9719,8028,11783,8988,15767,17520
2017-06-24,4530,10193,8545,12150,9770,16387,17693
2017-06-25,4403,10353,9143,12170,10540,17407,18347
2017-06-26,4363,10407,9940,12090,11310,18430,19493
2017-06-27,5190,10001,10500,11883,12067,19483,20657
2017-06-28,5250,9667,10270,11503,12460,20197,21780
2017-06-29,4487,9952,9707,11300,12707,20840,22597
2017-06-30,5755,10193,9368,11300,12783,21353,23383
2017-07-01,9007,10420,9573,11260,12753,21500,23550
2017-07-02,9523,12387,10310,11650,12580,21540,23670
2017-07-03,9740,14433,11563,12563,12460,21730,24100
2017-07-04,10363,15777,14280,13530,12600,21983,24470
2017-07-05,11337,17070,15490,14320,12917,22793,25310
2017-07-06,11530,18730,16427,15023,13427,24100,26603
2017-07-07,10993,20090,17467,15420,14290,25247,28273
2017-07-08,10560,20710,18413,15450,15597,26350,29740
2017-07-09,11193,20750,18880,15263,16883,27377,31067
2017-07-10,12520,20897,19200,14837,18303,28597,32320
2017-07-11,12743,20897,19590,14607,19633,29797,33513
2017-07-12,11960,21510,19893,14753,20697,30840,34973
2017-07-13,10277,22327,20587,15047,21230,31867,36300
2017-07-14,9478,22693,21300,14847,21360,33123,37497
2017-07-15,7750,21883,21580,14103,21577,33960,38500
2017-07-16,5587,20870,20943,12880,21577,34920,39440
2017-07-17,4200,19443,20193,11380,21470,35680,40400
2017-07-18,3680,17767,19317,9707,21123,36273,41180
2017-07-19,3190,15350,18413,8197,19800,36460,41680
2017-07-20,3228,13157,16997,7300,17633,36340,41900
2017-07-21,3272,11070,15567,6975,14983,35690,41540
2017-07-22,3470,9526,13883,6925,12587,34653,40740
2017-07-23,3990,9629,11340,7080,10390,33217,40180
2017-07-24,4075,11030,10807,7393,9428,31337,40140
2017-07-25,4257,12703,11987,7892,9320,28473,37713
2017-07-26,4197,13077,14127,8637,9418,26117,34753
2017-07-27,3837,12640,14810,9222,9558,24973,30787
2017-07-28,3313,11430,13963,9400,9873,24800,29330
2017-07-29,2960,10553,12837,9293,10440,24973,28940
2017-07-30,2823,9415,12380,8863,10720,24787,28903
2017-07-31,2737,8116,11727,8297,10740,24430,27963
2017-08-01,2690,7093,10757,7442,10650,24130,27040
2017-08-02,2985,6427,9417,6873,10128,23183,26493
2017-08-03,3720,6355,8114,7358,9451,22093,25900
2017-08-04,4097,7201,7212,8270,8692,21060,24520
2017-08-05,3760,8535,7016,8703,8520,19613,22633
2017-08-06,3653,8771,7487,9260,8859,18330,21093
2017-08-07,3857,8324,9665,9767,9422,18077,19880
2017-08-08,5523,8023,9255,9733,10034,18990,19950
2017-08-09,7852,8673,8712,9287,10783,19807,21227
2017-08-10,9183,10264,8739,9298,11300,20193,22003
2017-08-11,10587,11640,10079,10523,11437,20380,22403
2017-08-12,11217,12597,11440,12440,11320,20877,22907
2017-08-13,12137,13477,12350,14127,11587,21770,23643
2017-08-14,12733,14380,13100,15620,12327,22647,24563
2017-08-15,12860,15387,14003,16490,13487,23347,25560
2017-08-16,12937,16643,14807,17107,15457,24390,26570
2017-08-17,12287,18113,15513,17187,18303,25920,28037
2017-08-18,11440,19417,16333,17067,21880,27280,29917
2017-08-19,10637,20370,17210,16660,23917,28850,31690
2017-08-20,9300,21230,18060,16280,25533,30430,33557
2017-08-21,7778,20813,18670,15770,26147,32387,36003
2017-08-22,5933,19913,18970,15183,26147,34297,39280
2017-08-23,4673,18823,18440,14393,25993,36260,40900
2017-08-24,3813,17217,17923,13510,25927,37530,42380
2017-08-25,3508,14993,17137,12407,25223,38180,43380
2017-08-26,3350,12493,15873,11663,24327,38260,43800
2017-08-27,3277,11313,14257,10890,23663,38063,43820
2017-08-28,3245,10663,13517,9903,22873,37310,43400
2017-08-29,3197,9377,12983,9127,21783,36363,42420
2017-08-30,2985,7874,11870,8750,20167,35277,41160
2017-08-31,2748,6818,10387,8890,18160,34227,40060
2017-09-01,2708,6252,8874,8930,16200,33013,38960
2017-09-02,2950,6160,7949,8677,14467,31040,37293
2017-09-03,4700,6542,7373,8757,13430,28600,34587
2017-09-04,6473,7725,7219,9252,12727,26043,31780
2017-09-05,6787,9263,7734,9967,12283,24307,28687
2017-09-06,6340,10407,9194,10957,12197,22510,26060
2017-09-07,5827,10937,10723,11677,12747,21753,25050
2017-09-08,5383,11277,11110,12137,13500,22790,24890
2017-09-09,4533,11287,11540,12240,14183,23547,25593
2017-09-10,4080,10703,12023,12060,15313,24440,26617
2017-09-11,4000,10210,11773,11747,16210,25213,27587
2017-09-12,4187,10367,11130,11800,16467,25927,28307
2017-09-13,4047,10380,10977,12010,17203,26380,29027
2017-09-14,3967,11357,10940,11863,17920,26880,29817
2017-09-15,3757,10397,12173,11410,18353,27093,30217
2017-09-16,3367,9250,12140,10767,18460,27320,30547
2017-09-17,3207,8868,10833,9680,18320,28073,31327
2017-09-18,3220,10130,10663,8537,17823,29250,32640
2017-09-19,3150,11453,13463,7497,16710,29240,33077
2017-09-20,3053,12280,15493,7100,15220,29337,33120
2017-09-21,3310,12807,16883,7320,13457,30107,33347
2017-09-22,3410,12133,17713,7713,12077,30877,34587
2017-09-23,3320,10610,17003,8037,11197,31147,35403
2017-09-24,3093,9124,15753,8623,10887,31200,35540
2017-09-25,2907,8527,12847,9258,10763,30867,35407
2017-09-26,2567,7989,10453,9273,10917,29517,34243
2017-09-27,2333,7299,9747,8690,11370,27457,32430
2017-09-28,2278,6941,9391,7990,11570,25550,30477
2017-09-29,2215,7342,8946,7407,11507,24387,28127
2017-09-30,2239,7770,8909,7153,11087,23303,26670
2017-10-01,2463,7874,9496,7380,10470,22627,25357
2017-10-02,2525,7885,9391,7682,9767,21920,24470
2017-10-03,2507,7574,9014,8370,9608,21730,24160
2017-10-04,2423,7451,8817,8783,9761,21453,23873
2017-10-05,2307,7082,8633,8830,9986,21187,23830
2017-10-06,2255,6459,8419,8483,10300,21013,24150
2017-10-07,2185,5841,8028,7837,10650,20987,24193
2017-10-08,1967,5314,7527,7050,10660,20723,23457
2017-10-09,1744,4932,6899,6360,10197,20423,22677
2017-10-10,1660,4702,6199,5852,9497,19920,21903
2017-10-11,1638,4485,5613,5440,8845,19253,21370
2017-10-12,1652,4299,5535,5050,8424,18360,21390
2017-10-13,1789,4692,5877,4975,8480,17620,20130
2017-10-14,1653,4788,5714,4955,8809,17130,18720
2017-10-15,1658,4923,5720,5203,9085,16960,18187
2017-10-16,1843,4824,5786,5957,9337,17000,17840
2017-10-17,1746,4950,5535,6575,9357,17320,17880
2017-10-18,1606,4860,5395,6475,9211,18623,18667
2017-10-19,1540,4568,5618,5677,9148,18667,20133
2017-10-20,1538,4258,5990,4982,8977,18480,20173
2017-10-21,1765,4291,5682,4705,8684,18040,19520
2017-10-22,2243,4569,5485,4510,8112,17820,19133
2017-10-23,2967,6223,5420,4605,7688,17330,18787
2017-10-24,4043,7839,5593,6205,7285,16910,18413
2017-10-25,3783,8746,6606,8767,7047,16470,17693
2017-10-26,3353,9081,8359,9990,7848,16197,17013
2017-10-27,3090,8625,9260,10137,9174,16600,17347
2017-10-28,2880,7816,9002,9335,10177,18173,18320
2017-10-29,2673,6914,8298,7893,10783,19547,19640
2017-10-30,2397,6242,7678,6400,10887,20143,20907
2017-10-31,2270,5811,6785,5305,10238,20380,21520
2017-11-01,2037,5400,6193,4710,8976,19863,21433
2017-11-02,1683,5138,5991,4420,7484,18860,20757
2017-11-03,1532,4842,5991,4885,6440,17307,19653
2017-11-04,1403,4502,5865,4785,5860,15940,18040
2017-11-05,1277,4124,5562,4208,5860,14793,16317
2017-11-06,1183,3812,5174,3902,5709,13887,14630
2017-11-07,1063,3537,4733,3675,5269,13307,13960
2017-11-08,1000,3305,4413,3490,4908,12640,13350
2017-11-09,953,3102,4013,3377,4589,12020,12720
2017-11-10,938,2975,3723,3300,4346,11500,11900
2017-11-11,927,2808,3436,3185,4184,10983,11240
2017-11-12,908,2695,3239,3125,4001,10453,10580
2017-11-13,890,2562,3034,2993,3830,10006,10014
2017-11-14,865,2395,2873,2905,3723,9649,9467
2017-11-15,827,2334,2803,2815,3657,9270,8982
2017-11-16,783,2262,2727,2720,3545,8865,8602
2017-11-17,767,2174,2673,2652,3415,8665,8243
2017-11-18,750,2104,2610,2600,3265,8467,8008
2017-11-19,742,2058,2523,2525,3107,8270,7927
2017-11-20,728,1984,2440,2485,3079,8075,7678
2017-11-21,708,1921,2373,2445,3060,7851,7414
2017-11-22,690,1869,2337,2390,3023,7650,7187
2017-11-23,678,1795,2313,2350,2995,7537,7062
2017-11-24,663,1754,2290,2313,2985,7476,6945
2017-11-25,647,1686,2275,2297,2957,7432,6871
2017-11-26,638,1656,2263,2287,3004,7381,6842
2017-11-27,623,1620,2253,2250,3018,7293,6813
2017-11-28,612,1576,2233,2210,3181,7232,6769
2017-11-29,598,1532,2195,2157,3004,7218,6688
2017-11-30,583,1494,2151,2110,2813,7218,6637
2017-12-01,572,1452,2090,2080,2649,7136,6615
2017-12-02,550,1414,2031,2043,2506,6993,6593
2017-12-03,533,1384,1998,2037,2349,6783,6460
2017-12-04,522,1355,1966,1997,2218,6495,6120
2017-12-05,502,1312,1948,1940,2229,6272,5820
2017-12-06,482,1270,1931,1887,2240,6091,5621
2017-12-07,462,1246,1913,1833,2229,6013,5474
2017-12-08,447,1217,1899,1803,2203,5957,5360
2017-12-09,433,1202,1885,1787,2188,5864,5258
2017-12-10,423,1200,1875,1767,2155,5803,5186
2017-12-11,418,1234,1856,1747,2071,5741,5150
2017-12-12,415,1239,1848,1730,2056,5677,5126
2017-12-13,410,1217,1843,1730,2042,5613,5078
2017-12-14,402,1200,1832,1723,2082,5554,5006
2017-12-15,395,1195,1832,1707,2060,5507,4964
2017-12-16,388,1167,1824,1693,2027,5507,4928
2017-12-17,378,1111,1803,1683,1990,5507,4910
2017-12-18,373,1073,1777,1673,1915,5495,4898
2017-12-19,365,1051,1753,1663,1866,5453,4880
2017-12-20,353,1020,1720,1647,1840,5370,4862
2017-12-21,343,998,1694,1633,1768,5228,4790
2017-12-22,337,986,1685,1622,1732,5132,4664
2017-12-23,325,954,1676,1608,1700,5069,4556
2017-12-24,318,941,1663,1603,1672,4995,4454
2017-12-25,312,931,1644,1580,1588,4890,4376
2017-12-26,305,918,1622,1550,1540,4826,4304
2017-12-27,302,906,1614,1525,1560,4800,4226
2017-12-28,295,896,1605,1505,1536,4759,4142
2017-12-29,285,882,1597,1480,1528,4662,4070
2017-12-30,273,870,1588,1470,1524,4616,4016
2017-12-31,265,861,1577,1450,1496,4556,3962
2018-01-01,255,843,1564,1437,1472,4500,3914
2018-01-02,250,841,1556,1417,1420,4469,3872
2018-01-03,258,839,1548,1400,1436,4469,3836
2018-01-04,233,823,1540,1400,1492,4444,3818
2018-01-05,193,817,1532,1410,1444,4413,3818
2018-01-06,168,817,1524,1472,1484,4376,3818
2018-01-07,153,819,1516,1635,1496,4365,3818
2018-01-08,149,859,1508,1633,1460,4329,3818
2018-01-09,147,888,1503,1510,1628,4312,3800
2018-01-10,146,859,1500,1400,1728,4312,3795
2018-01-11,145,835,1500,1345,1700,4312,3781
2018-01-12,144,819,1497,1335,1524,4512,3763
2018-01-13,143,794,1495,1328,1408,4650,3735
2018-01-14,142,749,1488,1318,1349,4568,3821
2018-01-15,141,736,1477,1310,1293,4389,3944
2018-01-16,140,718,1460,1305,1264,4238,3908
2018-01-17,139,694,1436,1300,1227,4133,3744
2018-01-18,140,673,1408,1290,1208,4047,3567
2018-01-19,137,671,1382,1290,1197,3969,3464
2018-01-20,136,665,1374,1280,1205,3902,3422
2018-01-21,134,659,1355,1270,1152,3850,3366
2018-01-22,132,659,1336,1260,1107,3808,3310
2018-01-23,130,644,1323,1247,1131,3786,3254
2018-01-24,129,635,1303,1230,1131,3761,3203
2018-01-25,129,626,1292,1220,1136,3749,3198
2018-01-26,128,617,1286,1220,1125,3712,3179
2018-01-27,127,613,1280,1210,1139,3674,3151
2018-01-28,127,603,1272,1200,1123,3631,3109
2018-01-29,126,594,1267,1200,1069,3577,3086
2018-01-30,126,591,1267,1189,1048,3554,3072
2018-01-31,125,580,1261,1176,1053,3543,3058
2018-02-01,123,577,1257,1168,1043,3531,3039
2018-02-02,121,568,1252,1168,1032,3508,2993
2018-02-03,120,562,1246,1168,1019,3474,2965
2018-02-04,119,556,1241,1160,1011,3451,2941
2018-02-05,118,550,1233,1160,935,3429,2918
2018-02-06,116,544,1230,1160,1032,3406,2904
2018-02-07,115,539,1224,1184,995,3395,2885
2018-02-08,115,534,1222,1305,955,3370,2843
2018-02-09,114,530,1217,1400,1037,3338,2801
2018-02-10,113,525,1211,1318,1088,3338,2778
2018-02-11,113,521,1208,1273,1080,3320,2778
2018-02-12,112,516,1202,1390,1109,3320,2778
2018-02-13,112,516,1197,1480,1093,3332,2778
2018-02-14,111,512,1191,1377,1144,3355,2764
2018-02-15,111,512,1189,1295,1203,3391,2778
2018-02-16,110,503,1184,1210,1259,3421,2834
2018-02-17,110,497,1180,1187,1189,3451,2890
2018-02-18,110,489,1175,1176,1123,3474,2927
2018-02-19,109,480,1173,1253,1040,3485,2937
2018-02-20,109,476,1167,1260,1035,3462,2960
2018-02-21,109,476,1162,1220,1040,3410,2983
2018-02-22,109,466,1158,1197,1083,3370,2904
2018-02-23,108,463,1153,1168,1061,3338,2769
2018-02-24,108,457,1147,1131,991,3303,2699
2018-02-25,108,448,1142,1173,890,3263,2680
2018-02-26,108,443,1136,1176,822,3234,2666
2018-02-27,106,439,1134,1160,815,3217,2652
2018-02-28,103,430,1129,1247,831,3217,2638
2018-03-01,100,425,1125,1257,829,3206,2596
2018-03-02,99,422,1120,1307,713,3200,2540
2018-03-03,109,418,1114,1413,721,3186,2484
2018-03-04,110,418,1103,1370,769,3162,2428
2018-03-05,112,418,1107,1313,815,3142,2388
2018-03-06,114,418,1101,1297,1048,3114,2372
2018-03-07,126,418,1098,1595,1075,3085,2336
2018-03-08,127,418,1096,1780,1061,3094,2300
2018-03-09,128,418,1092,1813,1093,3182,2280
2018-03-10,130,415,1090,2043,1288,3280,2429
2018-03-11,129,415,1084,2003,1536,3320,2591
2018-03-12,126,415,1084,1728,1636,3389,2652
2018-03-13,121,426,1079,1632,1816,3481,2685
2018-03-14,115,443,1079,1565,1764,3600,2764
2018-03-15,113,457,1096,1480,1468,3833,2895
2018-03-16,112,453,1112,1423,1336,3951,3100
2018-03-17,113,440,1134,1380,1160,4053,3240
2018-03-18,118,430,1151,1370,1099,4005,3333
2018-03-19,125,415,1145,1410,1021,3855,3277
2018-03-20,130,405,1136,2007,1011,3736,3156
2018-03-21,142,402,1121,2390,1027,3577,3002
2018-03-22,143,398,1110,2227,1155,3489,2848
2018-03-23,133,399,1092,1923,1652,3451,2694
2018-03-24,133,409,1084,1717,1941,3417,2582
2018-03-25,123,434,1079,1658,1788,3395,2526
2018-03-26,115,471,1073,1627,1536,3448,2549
2018-03-27,113,485,1079,1652,1381,3660,2811
2018-03-28,112,489,1090,1652,1240,3799,3128
2018-03-29,110,471,1107,1578,1227,3630,3385
2018-03-30,109,443,1101,1490,1288,3489,3282
2018-03-31,109,424,1096,1510,1320,3406,3123
2018-04-01,111,405,1090,1505,1184,3383,2946
2018-04-02,110,385,1082,1443,975,3417,2825
2018-04-03,109,384,1068,1485,1069,3417,2862
2018-04-04,102,381,1047,1470,1093,3303,2913
2018-04-05,99,381,1040,1407,1045,3176,2871
2018-04-06,100,388,1045,1380,1107,3142,2787
2018-04-07,105,384,1051,1387,1051,3128,2675
2018-04-08,103,381,1045,1400,920,3128,2652
2018-04-09,108,381,1040,1373,815,3099,2713
2018-04-10,108,377,1036,1370,930,3033,2652
2018-04-11,107,377,1024,1397,1001,2986,2559
2018-04-12,108,382,1018,1383,983,2916,2498
2018-04-13,109,384,1003,1390,940,2904,2442
2018-04-14,109,384,993,1480,890,2896,2396
2018-04-15,109,381,987,1672,827,2892,2372
2018-04-16,109,381,975,1810,829,2892,2352
2018-04-17,109,377,987,2047,950,2850,2352
2018-04-18,110,377,981,2120,1117,2800,2332
2018-04-19,114,381,975,2097,1396,2766,2268
2018-04-20,122,384,970,1873,1652,2835,2232
2018-04-21,120,388,965,1678,1804,2981,2280
2018-04-22,118,391,960,1642,1796,3358,2385
2018-04-23,115,394,955,1678,1624,3606,2559
2018-04-24,114,405,955,1820,1580,3812,2797
2018-04-25,128,422,958,2508,1520,3876,3058
2018-04-26,133,425,968,2530,1532,3793,3212
2018-04-27,129,422,979,2053,1842,3674,3268
2018-04-28,122,418,997,1797,2236,3619,3226
2018-04-29,118,419,1010,1692,2119,3601,3170
2018-04-30,116,433,1010,1660,1792,3785,3165
2018-05-01,119,429,999,1648,1624,4033,3301
2018-05-02,116,407,1005,1618,1435,4041,3520
2018-05-03,124,384,1005,1633,1387,3876,3707
2018-05-04,124,373,999,1790,1347,3674,3632
2018-05-05,131,398,997,1777,1328,3504,3464
2018-05-06,143,426,1007,1730,1352,3406,3352
2018-05-07,185,462,1010,1678,1488,3344,3282
2018-05-08,240,500,1022,2160,1540,3309,3226
2018-05-09,393,548,1040,3253,1584,3414,3170
2018-05-10,393,614,1062,3265,1664,3550,3184
2018-05-11,488,767,1086,3733,2228,3619,3287
2018-05-12,445,945,1182,4167,2892,3674,3375
2018-05-13,305,1008,1362,3472,3125,3933,3450
2018-05-14,267,1088,1429,2752,3536,4560,3511
2018-05-15,252,1248,1472,2370,3555,5114,3632
2018-05-16,220,1217,1529,2283,3107,5584,4070
2018-05-17,210,1066,1572,2383,2608,6042,4646
2018-05-18,190,937,1605,2267,2300,6000,5150
2018-05-19,147,841,1636,2107,2270,5870,5498
2018-05-20,143,794,1586,2017,2177,5649,5384
2018-05-21,137,763,1431,2040,1977,5489,5150
2018-05-22,141,738,1344,2107,1987,5346,4862
2018-05-23,228,742,1276,2083,1942,5141,4610
2018-05-24,255,763,1230,2110,1961,4886,4424
2018-05-25,398,759,1209,2110,2001,4800,4202
2018-05-26,507,819,1219,2302,2023,4725,4052
2018-05-27,623,892,1228,3462,1982,4691,3944
2018-05-28,673,1015,1241,4420,1903,4800,3890
2018-05-29,757,1420,1321,4630,2458,4852,3980
2018-05-30,984,2837,1546,4845,3443,4944,4226
2018-05-31,1197,2768,1957,4855,4028,5903,4754
2018-06-01,1232,3151,2627,5527,4564,6625,5414
2018-06-02,1278,3823,2873,6585,4934,7344,6423
2018-06-03,1115,3751,3139,7107,5349,8436,7553
2018-06-04,1150,3591,3783,6792,5963,9162,8771
2018-06-05,1217,3906,4241,5792,6633,10008,9762
2018-06-06,1104,4067,4496,5095,6933,11053,10410
2018-06-07,842,4216,4837,5070,6773,12173,11567
2018-06-08,618,3961,5037,4720,6323,12870,12793
2018-06-09,543,3491,4937,3972,6084,13340,13877
2018-06-10,577,3445,4554,3685,5806,13700,14580
2018-06-11,923,3853,4102,3897,5015,14357,14987
2018-06-12,2004,6079,4147,3875,4427,15130,18147
2018-06-13,3840,8732,5262,4028,4305,14403,21920
2018-06-14,7423,11850,7964,6025,4392,14853,20683
2018-06-15,6958,12757,11867,8573,4964,16970,22010
2018-06-16,6135,13113,14247,10517,6358,18713,21490
2018-06-17,5917,12747,13590,11983,8316,20063,21727
2018-06-18,5693,11847,13047,12817,9680,21147,23000
2018-06-19,4717,11110,12463,13280,10903,22167,24117
2018-06-20,3553,10145,11647,13120,11980,23090,25337
2018-06-21,2542,8783,10887,12427,12877,23050,25723
2018-06-22,2868,7578,9693,11210,13523,23100,26013
2018-06-23,3952,6524,8351,9917,13800,23050,26330
2018-06-24,3560,6375,7123,9687,13760,22800,26397
2018-06-25,4847,7885,6716,10120,13177,22263,25533
2018-06-26,5030,8783,7282,10593,12517,21743,24970
2018-06-27,5952,9641,8427,10847,12027,21013,24533
2018-06-28,6430,10250,9341,11073,11840,20690,23947
2018-06-29,6185,10663,9979,11247,11920,20740,23490
2018-06-30,5907,11163,10540,11413,12107,21187,24240
2018-07-01,5707,11587,11090,11600,12227,21713,24517
2018-07-02,6272,11807,11570,11740,12470,22240,24843
2018-07-03,6717,11623,12043,12040,12727,22740,25243
2018-07-04,7462,11650,11767,12560,12957,23080,25673
2018-07-05,7570,11787,11280,13230,13330,23427,26267
2018-07-06,7537,12163,11470,13873,13647,23787,26890
2018-07-07,7285,12360,11897,14380,14067,24030,27017
2018-07-08,7167,12523,12260,14570,14780,24160,27300
2018-07-09,7563,12620,12340,14363,15740,24360,27533
2018-07-10,8010,12793,12410,14047,16713,24877,27910
2018-07-11,8528,12987,12550,13680,17487,25450,28397
2018-07-12,8623,13213,12860,13420,18063,25960,29100
2018-07-13,8632,13763,13193,13600,18147,26540,29723
2018-07-14,8100,14443,13420,13730,17970,27223,30630
2018-07-15,7197,14883,14077,13690,17730,27530,31203
2018-07-16,5710,15027,14687,13480,17617,27910,31690
2018-07-17,4757,14773,15087,12840,17857,28230,32403
2018-07-18,3462,13870,15207,12033,17940,28680,32660
2018-07-19,3173,12163,15047,11333,17793,29210,33303
2018-07-20,2888,10097,14067,10937,17300,29590,33857
2018-07-21,2643,8422,12840,10330,16327,29757,35107
2018-07-22,2450,8746,11193,9607,15283,29510,35077
2018-07-23,2683,8795,10305,9162,14080,28697,33870
2018-07-24,3260,8266,11030,8937,13187,27330,32747
2018-07-25,3817,8058,10723,9288,12423,26277,31587
2018-07-26,4033,8844,9640,10137,11750,25560,30303
2018-07-27,3787,9603,9451,11017,11373,24733,29797
2018-07-28,4197,10220,10038,11643,11263,23507,28630
2018-07-29,4775,10110,10453,12060,11870,22780,28627
2018-07-30,5623,10623,10960,12363,12447,22660,25627
2018-07-31,6430,11950,11160,12733,13030,23050,24940
2018-08-01,6947,13747,12163,12930,13707,23533,25467
2018-08-02,6820,14670,14073,13050,14433,24160,26043
2018-08-03,6067,15947,15007,13110,15427,25183,26637
2018-08-04,6257,16433,15947,13080,16100,26377,27607
2018-08-05,6040,16107,16440,13180,16597,27483,29260
2018-08-06,5207,16320,16800,13480,17030,28530,31517
2018-08-07,3938,16033,17877,13640,17300,29403,32973
2018-08-08,3437,15450,17750,13490,17583,30130,33720
2018-08-09,3185,13617,17047,12920,18143,30760,34420
2018-08-10,2983,11513,15967,12303,18623,31293,35330
2018-08-11,2955,9668,14173,11567,18930,31613,35703
2018-08-12,2987,8564,11793,11057,18753,31667,35873
2018-08-13,3860,8395,10103,10657,18030,31123,35817
2018-08-14,4407,9478,9867,10700,16980,30353,34810
2018-08-15,4060,11140,10401,11160,16103,29020,33633
2018-08-16,3558,11990,12343,11700,15360,27883,32303
2018-08-17,3218,11470,13850,12080,15440,27193,31273
2018-08-18,2813,10263,14073,12213,15617,27337,30877
2018-08-19,2458,8953,12910,11797,15927,28443,31517
2018-08-20,2273,8231,11517,10907,16150,29283,32837
2018-08-21,2538,7678,10033,9860,16290,29377,33497
2018-08-22,2630,6924,9923,9045,15897,28617,33187
2018-08-23,2893,7266,9727,8483,14907,27673,31707
2018-08-24,3193,8047,9310,8677,13750,27013,31013
2018-08-25,3370,8588,9764,9067,13003,26240,30460
2018-08-26,3263,9069,9971,9407,12630,25417,29620
2018-08-27,3738,9513,10627,9647,12590,24733,28773
2018-08-28,3813,10117,11030,9480,12670,24250,27947
2018-08-29,3302,10460,11280,9360,12840,24150,27223
2018-08-30,3097,10203,11743,9587,12900,24220,27067
2018-08-31,2985,9861,12073,10440,13020,24553,26890
2018-09-01,3300,9285,11550,10793,13060,24840,27480
2018-09-02,3443,8515,10963,10893,13437,25077,27963
2018-09-03,3477,8312,10273,10763,14097,25077,28270
2018-09-04,3450,8795,9459,11073,15233,24840,28363
2018-09-05,3280,9270,9386,11213,15943,24693,28003
2018-09-06,3090,9435,10087,10963,16307,24813,27550
2018-09-07,2833,9075,10357,10380,16517,25037,27803
2018-09-08,2870,8255,10183,9720,16357,25440,28070
2018-09-09,3090,7430,9584,9627,15787,25767,28610
2018-09-10,3327,7125,9045,9827,14797,26040,29063
2018-09-11,4530,7331,8375,10353,13913,25963,29010
2018-09-12,4943,7827,8519,11080,13447,25377,28090
2018-09-13,4513,8503,8680,11920,13290,24410,26813
2018-09-14,4220,8941,8868,12687,13477,23547,25420
2018-09-15,3610,9002,9443,13370,13897,23120,23870
2018-09-16,3292,8673,9829,13730,14860,22990,22937
2018-09-17,2968,8058,9580,13590,15977,23433,22967
2018-09-18,2777,7387,9010,12740,16920,24077,24147
2018-09-19,2650,6566,8208,11400,17613,24410,26157
2018-09-20,2410,5978,7567,9650,17903,24813,26910
2018-09-21,2226,5783,7188,8390,17600,25177,27107
2018-09-22,1883,5649,6805,7682,16423,25077,27460
2018-09-23,1793,5409,6453,7487,14263,24787,27170
2018-09-24,1748,5066,6083,7513,12587,24210,26763
2018-09-25,1715,4860,5676,7487,11180,22830,24783
2018-09-26,1812,4950,5498,7353,10260,21393,23277
2018-09-27,1712,5129,5325,7630,9774,19333,21887
2018-09-28,1498,5080,5265,7843,9629,17770,19760
2018-09-29,1456,4851,5285,7937,9730,16990,18440
2018-09-30,1303,4607,5196,8177,9654,16597,17640
2018-10-01,1227,4303,5040,8397,9630,16310,16893
2018-10-02,1167,4124,4791,8043,9741,16250,16920
2018-10-03,1130,3819,4632,7400,10028,16223,17307
2018-10-04,1042,3636,4528,7393,10110,16083,17160
2018-10-05,1020,3766,4335,7413,9698,16000,16947
2018-10-06,980,3858,4408,6828,9665,15960,16920
2018-10-07,955,3758,4502,5932,9964,15673,16680
2018-10-08,937,3590,4550,5415,9822,15560,16480
2018-10-09,942,3400,4511,5213,9589,15593,16203
2018-10-10,932,3284,4693,4865,9202,15933,16177
2018-10-11,963,3186,4676,4770,8895,16420,16720
2018-10-12,1073,3144,4489,4530,8787,16690,17160
2018-10-13,1276,3291,4527,4285,8701,16720,18000
2018-10-14,1388,3629,4933,4595,8360,16770,17853
2018-10-15,1920,4001,5405,6253,8208,17050,17880
2018-10-16,1947,4447,5502,7887,8670,17170,18053
2018-10-17,1842,4617,5472,9268,9487,17070,18280
2018-10-18,1720,4692,5370,9313,10370,17070,17867
2018-10-19,1587,4551,5305,8015,11157,17260,17880
2018-10-20,1393,4166,5177,6477,11543,17530,18160
2018-10-21,1230,3774,5016,5450,11047,17817,18493
2018-10-22,1018,3457,4611,4865,9608,17920,18773
2018-10-23,942,3186,4229,4475,8278,17690,19053
2018-10-24,892,3010,3969,4132,7245,16897,19830
2018-10-25,787,2822,3867,3875,6470,15043,16453
2018-10-26,717,2721,3798,3660,5975,13630,15157
2018-10-27,688,2549,3614,3515,5636,12737,13970
2018-10-28,667,2438,3420,3368,5202,12040,12420
2018-10-29,643,2314,3340,3235,5020,11233,11650
2018-10-30,618,2234,3177,3052,4822,10767,10773
2018-10-31,603,2132,2834,2977,4569,10280,10220
2018-11-01,583,2055,2643,2875,4331,9988,9831
2018-11-02,553,1998,2513,2790,4194,9649,9398
2018-11-03,522,1939,2390,2700,4087,9295,9060
2018-11-04,498,1844,2337,2643,3996,9029,8639
2018-11-05,478,1792,2298,2610,3872,8886,8338
2018-11-06,463,1738,2268,2560,3760,8686,8228
2018-11-07,448,1691,2248,2490,3601,8500,7986
2018-11-08,433,1656,2225,2580,3471,8335,7766
2018-11-09,410,1620,2215,2805,3340,8198,7590
2018-11-10,387,1591,2173,2835,3382,7998,7348
2018-11-11,357,1576,2078,2722,3396,7735,7084
2018-11-12,327,1564,2031,2442,3461,7563,6937
2018-11-13,308,1547,2006,2320,3415,7520,6879
2018-11-14,293,1511,1993,2243,3223,7476,6776
2018-11-15,265,1435,1982,2183,3037,7403,6776
2018-11-16,237,1390,1966,2127,2925,7315,6754
2018-11-17,212,1352,1936,2060,2845,7191,6630
2018-11-18,197,1312,1917,2010,2743,7034,6453
2018-11-19,180,1282,1908,1977,2578,6854,6240
2018-11-20,170,1253,1896,2133,2542,6738,6047
2018-11-21,165,1237,1887,2347,2485,6636,5933
2018-11-22,152,1232,1880,2343,2481,6503,5820
2018-11-23,148,1246,1872,2140,2533,6343,5740
2018-11-24,146,1251,1864,2000,2696,6222,5640
2018-11-25,142,1237,1856,1930,2621,6208,5546
2018-11-26,138,1202,1843,1907,2429,6265,5510
2018-11-27,135,1172,1832,1867,2299,6294,5528
2018-11-28,132,1129,1821,1807,2305,6229,5576
2018-11-29,130,1092,1808,1760,2273,6103,5528
2018-11-30,129,1049,1797,1737,2229,6034,5354
2018-12-01,128,1013,1780,1702,2166,5996,5270
2018-12-02,126,996,1767,1688,2133,5932,5186
2018-12-03,123,969,1750,1678,1990,5846,5114
2018-12-04,120,947,1740,1668,2027,5769,5006
2018-12-05,116,935,1730,1655,1976,5627,4880
2018-12-06,115,918,1720,1637,1945,5507,4754
2018-12-07,114,900,1710,1628,1903,5424,4664
2018-12-08,113,888,1700,1620,1869,5328,4592
2018-12-09,112,878,1696,1615,1788,5221,4538
2018-12-10,110,864,1693,1610,1636,5158,4448
2018-12-11,109,853,1689,1605,1692,5080,4376
2018-12-12,109,841,1686,1580,1732,4966,4322
2018-12-13,108,823,1682,1550,1740,4866,4232
2018-12-14,108,806,1678,1505,1708,4839,4142
2018-12-15,106,794,1675,1475,1648,4839,4088
2018-12-16,102,777,1671,1450,1544,4839,4052
2018-12-17,99,761,1668,1440,1436,4786,4028
2018-12-18,98,759,1664,1430,1540,4708,3926
2018-12-19,96,753,1656,1420,1656,4639,3854
2018-12-20,94,747,1647,1420,1652,4518,3781
2018-12-21,92,742,1647,1468,1588,4494,3721
2018-12-22,90,736,1639,2107,1592,4633,3725
2018-12-23,89,736,1630,2263,1580,4587,3781
2018-12-24,86,736,1614,1823,1807,4544,3721
2018-12-25,85,730,1605,1667,2225,4494,3679
2018-12-26,83,724,1597,1625,2060,4525,3646
2018-12-27,78,712,1585,1602,1871,4846,3693
2018-12-28,75,700,1575,1585,1660,5111,3890
2018-12-29,72,694,1564,1570,1524,5030,4100
2018-12-30,69,688,1556,1555,1407,4844,4082
2018-12-31,67,671,1545,1540,1307,4656,3944
2019-01-01,64,649,1529,1505,1275,4408,3842
2019-01-02,63,631,1516,1475,1253,4218,3669
2019-01-03,62,613,1508,1450,1275,4102,3590
2019-01-04,60,594,1500,1440,1277,3987,3478
2019-01-05,58,571,1495,1437,1157,3902,3394
2019-01-06,57,557,1488,1423,1125,3889,3343
2019-01-07,56,539,1480,1417,1136,3876,3333
2019-01-08,55,530,1475,1410,1171,3816,3296
2019-01-09,55,518,1470,1403,1141,3795,3226
2019-01-10,54,509,1463,1400,1221,3749,3198
2019-01-11,53,498,1453,1410,1301,3749,3198
2019-01-12,51,450,1441,1413,1320,3730,3170
2019-01-13,51,480,1427,1447,1312,3812,3170
2019-01-14,50,471,1413,1420,1208,3885,3217
2019-01-15,50,466,1399,1380,1269,3951,3277
2019-01-16,49,462,1389,1345,1261,3957,3282
2019-01-17,49,457,1372,1338,1157,3880,3263
2019-01-18,48,457,1359,1335,1115,3825,3184
2019-01-19,47,453,1347,1335,1120,3767,3128
2019-01-20,46,448,1332,1330,1013,3674,3058
2019-01-21,45,443,1321,1323,1013,3581,2965
2019-01-22,44,434,1305,1315,1069,3524,2904
2019-01-23,43,430,1290,1310,1083,3474,2848
2019-01-24,42,425,1278,1305,1024,3451,2792
2019-01-25,40,422,1265,1305,1006,3425,2750
2019-01-26,39,418,1253,1300,1011,3406,2736
2019-01-27,38,415,1242,1290,930,3391,2722
2019-01-28,37,411,1231,1287,838,3315,2666
2019-01-29,37,408,1218,1280,935,3309,2624
2019-01-30,36,408,1209,1270,980,3252,2582
2019-01-31,35,405,1198,1267,965,3186,2540
2019-02-01,34,401,1187,1260,808,3142,2503
2019-02-02,33,398,1178,1283,856,3142,2498
2019-02-03,32,394,1173,1373,755,3128,2493
2019-02-04,31,391,1167,1393,639,3080,2456
2019-02-05,31,388,1162,1320,738,3056,2392
2019-02-06,30,384,1160,1260,845,2976,2364
2019-02-07,29,384,1151,1210,820,2865,2300
2019-02-08,28,381,1145,1181,843,2823,2248
2019-02-09,28,370,1142,1165,803,2940,2212
2019-02-10,27,374,1136,1152,743,3028,2268
2019-02-11,26,371,1131,1141,678,3056,2340
2019-02-12,25,370,1125,1128,693,3005,2364
2019-02-13,25,367,1120,1120,651,2952,2328
2019-02-14,24,360,1114,1139,668,2885,2248
2019-02-15,22,356,1109,1233,674,2823,2196
2019-02-16,21,346,1103,1247,664,2777,2148
2019-02-17,21,341,1098,1184,625,2754,2100
2019-02-18,20,337,1092,1157,604,2727,2056
2019-02-19,19,337,1086,1149,664,2708,2052
2019-02-20,20,333,1081,1176,646,2689,2028
2019-02-21,36,330,1075,1350,650,2670,1980
2019-02-22,52,330,1070,1505,645,2681,1948
2019-02-23,43,326,1064,1457,680,2731,1964
2019-02-24,41,323,1058,1410,805,2731,2004
2019-02-25,38,320,1053,1390,834,2685,1984
2019-02-26,37,333,1047,1377,1085,2739,1956
2019-02-27,34,354,1042,1590,1107,2850,2004
2019-02-28,37,367,1036,1727,1077,2943,2096
2019-03-01,37,374,1040,1673,1021,3090,2160
2019-03-02,33,377,1045,1633,1109,3171,2240
2019-03-03,30,375,1045,1728,1091,3200,2312
2019-03-04,29,374,1043,2130,1016,3191,2328
2019-03-05,31,381,1040,2233,1085,3227,2340
2019-03-06,30,390,1040,2003,1205,3355,2388
2019-03-07,31,395,1034,1732,1472,3378,2442
2019-03-08,40,391,1034,1660,1472,3349,2484
2019-03-09,61,377,1028,1707,1379,3520,2554
2019-03-10,62,370,1028,2007,1219,3821,2671
2019-03-11,54,358,927,2040,1101,3917,2829
2019-03-12,44,354,920,1790,1317,3876,2904
2019-03-13,37,358,927,1652,1660,3728,2885
2019-03-14,32,377,1010,1602,1676,3566,2797
2019-03-15,28,404,1001,1467,1532,3787,2764
2019-03-16,23,408,997,1427,1384,4045,2848
2019-03-17,21,401,1005,1397,1240,4146,3016
2019-03-18,18,385,1010,1417,1101,4075,3058
2019-03-19,19,371,1005,1490,1104,3924,3030
2019-03-20,31,357,999,1728,1077,3747,2955
2019-03-21,37,349,985,1847,1001,3577,2834
2019-03-22,38,342,967,1698,1155,3504,2708
2019-03-23,42,337,950,1780,1320,3440,2619
2019-03-24,42,342,940,1777,1395,3429,2610
2019-03-25,38,347,932,1710,1344,3504,2573
2019-03-26,43,349,910,1650,1444,3668,2601
2019-03-27,62,355,900,1822,1384,3799,2745
2019-03-28,49,364,885,1990,1304,3829,2806
2019-03-29,40,365,890,1757,1315,3838,2829
2019-03-30,36,364,897,1667,1516,3793,2834
2019-03-31,30,377,910,1675,1548,3693,2820
2019-04-01,31,400,920,1662,1301,3755,2755
2019-04-02,36,405,920,1635,1309,3850,2759
2019-04-03,33,394,927,1640,1304,3889,2857
2019-04-04,96,377,945,1733,1256,3797,2918
2019-04-05,117,364,960,2338,1229,3693,2871
2019-04-06,112,357,957,2562,1253,3674,2764
2019-04-07,102,364,948,2358,1447,3643,2708
2019-04-08,72,377,940,2123,1821,3600,2694
2019-04-09,62,432,943,1983,2064,3643,2680
2019-04-10,57,524,953,1900,1928,3923,2750
2019-04-11,55,551,965,2017,1756,4293,2913
2019-04-12,62,530,1001,2213,1644,4575,3198
2019-04-13,57,489,1053,2197,1576,4556,3380
2019-04-14,50,460,1094,2253,1572,4437,3408
2019-04-15,44,445,1090,2087,1596,4264,3329
2019-04-16,43,427,1073,2000,1592,4241,3245
2019-04-17,41,418,1056,1950,1552,4241,3189
2019-04-18,49,412,1034,1980,1480,4252,3156
2019-04-19,47,409,1010,2110,1476,4241,3156
2019-04-20,48,402,995,2150,1564,4185,3142
2019-04-21,42,392,981,2220,1612,4146,3100
2019-04-22,35,393,970,2253,1684,4121,3039
2019-04-23,31,398,960,2123,1768,4108,2997
2019-04-24,30,391,945,1933,1808,4133,3002
2019-04-25,27,382,932,1890,1780,4212,3058
2019-04-26,23,371,930,1820,1684,4347,3114
2019-04-27,18,360,930,1743,1536,4382,3207
2019-04-28,15,347,927,1677,1424,4382,3277
2019-04-29,15,333,922,1647,1299,4234,3268
2019-04-30,16,322,917,1675,1253,4062,3184
2019-05-01,17,315,910,1887,1216,3880,3086
2019-05-02,33,307,903,2250,1165,3782,2965
2019-05-03,51,303,898,2565,1240,3674,2862
2019-05-04,148,305,890,2857,1336,3599,2750
2019-05-05,146,333,890,4118,1584,3543,2652
2019-05-06,207,358,859,4000,1834,3566,2582
2019-05-07,738,380,852,3185,2569,3745,2596
2019-05-08,497,489,871,4335,3079,3981,2685
2019-05-09,196,743,900,5058,2831,4274,2853
2019-05-10,134,944,937,4203,3149,4975,3142
2019-05-11,117,1258,1045,3127,3888,5346,3651
2019-05-12,109,1277,1219,2493,3769,5430,4340
2019-05-13,109,1097,1416,2478,3111,6024,4568
2019-05-14,125,900,1625,2750,2458,6589,4826
2019-05-15,122,732,1630,3362,2181,6642,5312
2019-05-16,114,626,1518,3565,2170,6243,5354
2019-05-17,107,574,1413,3148,2426,5961,5084
2019-05-18,94,588,1298,2640,2859,5620,4826
2019-05-19,72,613,1250,2383,2687,5465,4556
2019-05-20,61,599,1200,2250,2344,5629,4406
2019-05-21,57,570,1155,2183,2075,5796,4502
2019-05-22,51,547,1134,2130,1800,5635,4658
2019-05-23,47,507,1138,2140,1756,5358,4604
2019-05-24,46,471,1140,2107,1688,5067,4328
2019-05-25,45,434,1123,1907,1664,4845,3962
2019-05-26,46,415,1084,1777,1536,4673,3660
2019-05-27,74,401,1058,1877,1456,4586,3539
2019-05-28,101,388,1043,2243,1352,4512,3450
2019-05-29,128,377,1016,2293,1363,4365,3380
2019-05-30,111,373,997,2350,1488,4212,3268
2019-05-31,87,415,973,2277,1652,4065,3184
2019-06-01,75,466,962,2050,1752,3915,3142
2019-06-02,66,531,987,1903,1891,4098,3021
2019-06-03,49,588,1016,1853,1788,4306,3067
2019-06-04,45,578,1054,1827,1620,4444,3254
2019-06-05,42,551,1096,1780,1532,4598,3352
2019-06-06,43,527,1136,1767,1548,4622,3487
2019-06-07,53,503,1156,1990,1444,4568,3515
2019-06-08,74,510,1145,2163,1392,4512,3478
2019-06-09,123,512,1134,1980,1363,4462,3422
2019-06-10,226,509,1109,2187,1452,4359,3352
2019-06-11,500,574,1084,3617,1480,4226,3296
2019-06-12,622,746,1107,5620,1460,4142,3268
2019-06-13,475,944,1174,6102,1979,4168,3277
2019-06-14,453,1490,1330,5487,3578,4242,3469
2019-06-15,743,2069,1408,4465,4625,4559,3567
2019-06-16,1560,2379,1563,3865,4746,5460,3725
2019-06-17,1795,2474,2113,4495,4052,6988,4118
2019-06-18,1862,3200,2288,5598,3513,8019,5301
2019-06-19,1420,3728,2410,7477,3536,8313,6667
2019-06-20,1188,4091,2723,7863,4209,8191,7091
2019-06-21,1260,4100,3572,7248,5581,8207,7165
2019-06-22,1177,3900,3973,6130,6409,8838,7179
2019-06-23,983,3812,3992,5470,6520,10196,7656
2019-06-24,882,3824,3855,5662,5957,11397,8767
2019-06-25,713,3590,3719,6245,5376,11900,10198
2019-06-26,873,3284,3704,6755,5187,11617,10970
2019-06-27,960,2909,3352,7763,5387,11307,11013
2019-06-28,1237,2701,2976,8730,5866,10993,10660
2019-06-29,1653,2675,2647,9640,6547,10890,10051
2019-06-30,1457,2836,2497,10297,7311,10910,9745
2019-07-01,1154,3221,2527,10303,7992,11163,9745
2019-07-02,1288,3583,2673,9840,8642,11567,9926
2019-07-03,1485,3861,2952,9353,9024,12153,10400
2019-07-04,1695,3507,3262,9278,9169,12670,11017
2019-07-05,1788,3355,3557,9687,9028,13087,11890
2019-07-06,1878,3484,3235,9947,8902,13460,12700
2019-07-07,2362,3785,3107,10037,8946,13580,13440
2019-07-08,3117,4137,3216,10393,9046,13600,13927
2019-07-09,4465,4853,3702,11123,9383,13600,14197
2019-07-10,8070,5806,4136,12003,9474,13733,14330
2019-07-11,9152,7443,4877,12913,9832,14100,14320
2019-07-12,9315,9598,6374,14213,10450,14573,14493
2019-07-13,10085,10583,8178,15483,11293,15233,15083
2019-07-14,11083,11183,11089,16720,12043,16850,16200
2019-07-15,11783,11690,10960,17833,13237,19013,18240
2019-07-16,11683,12277,11560,18483,15283,21010,20640
2019-07-17,11183,12770,12303,18683,18097,22710,22607
2019-07-18,10367,13317,12703,18400,21683,24220,24610
2019-07-19,9165,13700,13060,17863,23727,25833,25950
2019-07-20,7825,13780,13503,16927,25013,27223,27603
2019-07-21,6813,13677,13707,16060,25773,28873,29527
2019-07-22,5670,13003,13603,15103,25710,30320,31380
2019-07-23,4310,11780,13193,14110,25333,31100,32967
2019-07-24,3322,9953,12390,13140,24147,31773,34053
2019-07-25,3183,8374,10833,12710,22887,32000,35147
2019-07-26,3500,7862,9115,12983,21293,31987,35480
2019-07-27,4633,7747,8194,13540,19227,31220,35367
2019-07-28,5180,8121,7932,13927,17793,30053,34097
2019-07-29,4843,8472,8156,14063,16707,28443,32720
2019-07-30,4953,8661,8557,13993,16420,26853,30960
2019-07-31,6090,8539,8817,13807,16647,25720,29260
2019-08-01,6743,9014,8842,13827,16970,25167,28163
2019-08-02,6148,9784,9353,14057,16987,24920,27623
2019-08-03,5202,10460,9699,14220,16853,24840,27170
2019-08-04,4473,10687,10430,14037,16773,25190,27227
2019-08-05,4132,10290,10707,13560,17030,25433,27943
2019-08-06,3863,9667,10677,12797,17160,25693,28487
2019-08-07,3372,9026,10403,12103,17127,26037,29260
2019-08-08,3027,8844,10153,11143,16730,26290,30217
2019-08-09,2978,8279,10587,10327,16100,26463,30493
2019-08-10,2555,7666,10223,10077,14920,26500,30513
2019-08-11,2259,7049,9507,9560,13733,26627,31327
2019-08-12,2040,6385,8567,8905,12717,26730,31987
2019-08-13,2003,6661,7709,8303,11843,25537,30767
2019-08-14,1983,6878,7622,7792,11020,23760,29060
2019-08-15,2116,6273,8254,7460,10047,22410,26790
2019-08-16,2195,5649,7613,8017,9450,21233,24733
2019-08-17,1955,5457,7061,8530,9074,20487,23460
2019-08-18,1724,5304,6487,8683,8982,19897,22583
2019-08-19,1657,4954,5873,8457,9190,18610,21390
2019-08-20,2200,4562,5677,7847,9394,17723,19857
2019-08-21,2497,4224,5315,7730,9521,17060,18813
2019-08-22,2205,4282,5029,8110,9327,16930,18480
2019-08-23,2130,4697,4774,8437,8888,16960,18400
2019-08-24,2113,5591,4839,8590,8809,16770,18307
2019-08-25,1922,6662,6045,8670,9095,16077,18107
2019-08-26,1637,6140,7701,8537,9348,16113,17560
2019-08-27,1481,5316,8312,7977,9425,17277,17587
2019-08-28,1393,4713,7420,7207,9479,18340,18720
2019-08-29,1395,4274,6250,6653,9454,18850,19760
2019-08-30,1255,4033,5624,6220,8873,19093,20243
2019-08-31,1237,4075,4723,6140,8176,18623,20207
2019-09-01,1043,3889,4554,5933,7376,18077,20463
2019-09-02,1058,3758,4467,5753,6800,17170,19587
2019-09-03,1164,3545,4956,5697,6527,15803,18253
2019-09-04,1425,3882,5517,5630,6248,14987,16553
2019-09-05,1379,3984,5660,5767,6060,14650,15647
2019-09-06,1403,3888,6029,5687,5884,14570,15143
2019-09-07,1445,4001,5764,5377,5763,14460,14847
2019-09-08,1583,4357,5188,5513,5715,14327,14700
2019-09-09,2027,4483,5006,6163,5409,14030,14620
2019-09-10,2650,4590,5480,7237,5502,13583,14333
2019-09-11,3197,5515,5140,8370,5939,13213,13970
2019-09-12,4347,6988,5390,9500,6633,13100,13640
2019-09-13,5087,8350,6000,10320,7459,13283,13843
2019-09-14,5220,9136,8659,10847,8454,14003,14130
2019-09-15,4837,9513,9991,11393,9244,15457,14857
2019-09-16,4733,9745,10533,11773,9955,17143,16673
2019-09-17,4947,9992,10740,11840,10837,18890,19040
2019-09-18,5133,9861,10673,11913,11470,20090,20993
2019-09-19,4023,9397,10533,12080,11930,20887,22527
2019-09-20,2912,9196,10083,11947,12227,21507,23673
2019-09-21,2530,8468,9783,11193,12543,21890,24547
2019-09-22,2255,7519,9511,9780,12620,22140,25133
2019-09-23,2440,6776,8948,8243,12477,22613,25677
2019-09-24,2590,6684,8029,7253,12107,22750,26220
2019-09-25,2990,6797,7527,7030,11050,22373,25997
2019-09-26,3363,6442,7747,6723,9627,21740,25420
2019-09-27,3105,6324,7932,7010,8481,20513,24380
2019-09-28,2587,6535,7713,7167,7640,19243,22467
2019-09-29,2113,6606,7707,6580,7425,18170,21343
2019-09-30,1852,6140,7600,5763,7340,17397,20320
2019-10-01,1591,5496,7493,5323,7107,16710,18760
2019-10-02,1527,5075,7393,5005,6490,16370,17853
2019-10-03,1492,4640,6587,4755,6139,15810,17240
2019-10-04,1438,4357,5677,4570,5588,15030,16547
2019-10-05,1420,4166,5285,4605,5116,14393,15710
2019-10-06,1368,4274,4992,5038,4903,13223,14823
2019-10-07,1517,4316,4867,5213,4782,13037,13917
2019-10-08,1553,4282,4842,5102,5055,12297,12973
2019-10-09,1727,4207,4915,5227,5197,11800,12120
2019-10-10,1545,4191,4909,5602,5192,11710,11660
2019-10-11,1500,4524,5059,5723,5292,11810,11370
2019-10-12,1473,4564,4808,5952,5487,11820,11530
2019-10-13,1372,4544,4884,6180,5624,11983,11680
2019-10-14,1215,4418,4751,6112,5708,12153,11890
2019-10-15,1058,4108,4770,5428,5939,12337,12130
2019-10-16,933,3804,4682,4755,6030,12580,12430
2019-10-17,968,3651,4567,4310,5751,12807,12520
2019-10-18,1010,3371,4480,4023,5101,12867,12640
2019-10-19,925,3087,4360,3820,4675,12483,12610
2019-10-20,867,2856,4103,3605,4427,11847,12250
2019-10-21,770,2655,3705,3410,3991,11253,11533
2019-10-22,725,2423,3501,3265,3793,10673,10717
2019-10-23,693,2309,3384,3130,3564,10081,9951
2019-10-24,657,2230,3224,3268,3387,9559,9320
2019-10-25,648,2153,2919,4205,3242,9105,8699
2019-10-26,635,2090,2733,3800,3396,8715,8265
2019-10-27,753,2030,2597,3230,3835,8440,7795
2019-10-28,1008,2034,2490,3667,3671,8392,7509
2019-10-29,1085,2486,2423,5030,3298,8623,7355
2019-10-30,1022,3200,2433,6033,3503,8601,7502
2019-10-31,767,3183,2732,5238,4432,8369,7443
2019-11-01,657,2989,3227,4053,5187,8248,7128
2019-11-02,633,2655,3212,3448,5035,9129,7223
2019-11-03,597,2319,3055,3105,4290,10124,7773
2019-11-04,535,2178,2837,2950,3508,10460,8665
2019-11-05,487,2005,2633,2845,3219,9933,9320
2019-11-06,463,1869,2533,2648,3023,9110,8892
2019-11-07,430,1778,2413,2538,2887,8480,8199
2019-11-08,405,1700,2333,2465,2761,8094,7605
2019-11-09,375,1656,2268,2400,2640,7830,7172
2019-11-10,352,1629,2240,2377,2631,7572,6886
2019-11-11,383,1588,2220,2340,2512,7366,6644
2019-11-12,433,1567,2230,2247,2304,7218,6460
2019-11-13,517,1535,2298,2170,2297,7123,6300
2019-11-14,575,1509,2317,2933,2284,6900,6160
2019-11-15,553,1535,2285,3450,2243,6790,6000
2019-11-16,458,1523,2248,3048,2634,6719,5860
2019-11-17,392,1523,2218,2568,3116,6595,5780
2019-11-18,338,1494,2188,2257,3013,6660,5720
2019-11-19,290,1405,2163,2117,2696,7109,5727
2019-11-20,252,1312,2146,2050,2355,7252,5960
2019-11-21,225,1244,2122,2017,2214,7021,6153
2019-11-22,233,1180,2102,2007,2064,6709,6087
2019-11-23,215,1136,2070,1997,2031,6321,5800
2019-11-24,185,1102,2038,1900,2009,6029,5492
2019-11-25,168,1070,2019,1827,1920,5833,5240
2019-11-26,150,1030,2006,1780,1910,5684,5024
2019-11-27,147,984,1995,1757,1808,5531,4862
2019-11-28,144,964,1961,1727,1812,5406,4718
2019-11-29,141,941,1922,1707,1780,5274,4574
2019-11-30,138,918,1899,1680,1784,5163,4448
2019-12-01,136,898,1887,1668,1732,5080,4322
2019-12-02,133,882,1872,1653,1596,5024,4232
2019-12-03,135,851,1840,1645,1576,4926,4142
2019-12-04,134,831,1816,1638,1492,4839,4070
2019-12-05,133,806,1780,1630,1420,4746,3980
2019-12-06,131,786,1750,1615,1352,4550,3860
2019-12-07,129,771,1713,1585,1315,4475,3744
2019-12-08,129,763,1700,1555,1275,4389,3674
2019-12-09,128,757,1693,1520,1213,4276,3590
2019-12-10,127,740,1678,1495,1275,4172,3520
2019-12-11,127,712,1663,1495,1277,4059,3450
2019-12-12,127,700,1625,1480,1267,3981,3394
2019-12-13,126,692,1597,1460,1245,3933,3324
2019-12-14,126,679,1572,1440,1197,3917,3282
2019-12-15,126,669,1548,1430,1163,3876,3268
2019-12-16,125,655,1508,1420,1107,3838,3240
2019-12-17,125,644,1485,1410,1144,3772,3189
2019-12-18,124,634,1460,1397,1109,3681,3156
2019-12-19,124,625,1436,1380,1096,3566,3105
2019-12-20,123,610,1401,1380,1101,3497,3044
2019-12-21,123,602,1374,1380,1069,3429,2983
2019-12-22,122,593,1351,1393,1072,3410,2969
2019-12-23,122,582,1330,1390,985,3383,2941
2019-12-24,121,576,1311,1353,1013,3372,2918
2019-12-25,119,564,1292,1335,995,3326,2895
2019-12-26,119,553,1267,1325,890,3263,2867
2019-12-27,117,544,1255,1325,822,3186,2825
2019-12-28,116,537,1239,1315,831,3157,2783
2019-12-29,116,531,1228,1308,885,3099,2745
2019-12-30,114,525,1209,1300,824,3028,2699
2019-12-31,113,521,1189,1307,838,2957,2638
2020-01-01,112,516,1173,1310,829,1921,2568
2020-01-02,110,512,1156,1305,827,1904,2535
2020-01-03,109,507,1134,1290,848,1888,2512
2020-01-04,109,512,1123,1270,935,1865,2489
2020-01-05,108,513,1134,1273,846,1856,2470
2020-01-06,111,525,1145,1312,827,1862,2456
2020-01-07,120,544,1153,1537,831,1921,2451
2020-01-08,116,554,1162,1797,870,1908,2484
2020-01-09,114,564,1178,1867,1001,1878,2498
2020-01-10,113,582,1178,1863,1165,1885,2475
2020-01-11,111,596,1173,1627,1341,1937,2470
2020-01-12,109,591,1160,1462,1387,2053,2526
2020-01-13,108,565,1156,1403,1272,2203,2596
2020-01-14,101,534,1153,1430,1136,2327,2736
2020-01-15,98,506,1147,1390,1048,2379,2960
2020-01-16,92,477,1140,1325,1080,2272,3123
2020-01-17,87,457,1132,1303,1027,2171,3039
2020-01-18,84,439,1119,1293,1011,2077,2890
2020-01-19,80,426,1090,1280,910,2032,2764
2020-01-20,79,411,1060,1243,774,1988,2680
2020-01-21,77,401,1045,1240,809,1937,2610
2020-01-22,75,393,1032,1223,803,1869,2554
2020-01-23,73,388,1024,1207,794,1779,2484
2020-01-24,73,383,1020,1192,737,1741,2401
2020-01-25,71,376,1007,1322,724,1713,2344
2020-01-26,71,370,993,1350,682,1658,2316
2020-01-27,69,364,979,1328,670,1622,2256
2020-01-28,69,360,970,1318,776,1604,2208
2020-01-29,68,357,965,1310,820,1595,2160
2020-01-30,67,356,955,1287,834,1569,2112
2020-01-31,67,354,950,1230,820,1637,2088
2020-02-01,65,349,947,1171,822,1701,2100
2020-02-02,64,343,942,1149,801,1695,2192
2020-02-03,62,340,940,1133,721,1667,2232
2020-02-04,61,336,935,1133,767,1646,2208
2020-02-05,60,330,930,1168,779,1613,2180
2020-02-06,59,326,927,1139,751,1586,2156
2020-02-07,59,323,922,1128,721,1560,2112
2020-02-08,58,323,915,1120,700,1551,2072
2020-02-09,58,323,910,1113,705,1542,2060
2020-02-10,57,323,903,1101,668,1511,2080
2020-02-11,57,320,900,1085,682,1490,2000
2020-02-12,55,320,895,1057,676,1482,1968
2020-02-13,55,316,892,1085,660,1453,1948
2020-02-14,54,314,887,1171,668,1426,1908
2020-02-15,53,312,885,1111,650,1415,1868
2020-02-16,52,307,880,1062,642,1406,1844
2020-02-17,52,303,878,1033,621,1398,1824
2020-02-18,50,301,875,1030,625,1390,1812
2020-02-19,49,297,871,1042,615,1376,1800
2020-02-20,49,296,866,1045,619,1362,1788
2020-02-21,48,292,863,1040,632,1346,1768
2020-02-22,48,289,858,1033,652,1330,1740
2020-02-23,47,286,851,1127,670,1317,1728
2020-02-24,47,282,847,1136,637,1309,1704
2020-02-25,46,279,844,1080,660,1338,1692
2020-02-26,46,275,843,1045,692,1370,1704
2020-02-27,46,275,839,1033,690,1370,1732
2020-02-28,48,280,836,1025,658,1357,1752
2020-02-29,51,282,834,1025,643,1352,1728
2020-03-01,51,287,831,1030,625,1373,1716
2020-03-02,51,300,828,1229,576,1357,1728
2020-03-03,54,314,829,1293,570,1341,1716
2020-03-04,57,324,834,1171,633,1325,1704
2020-03-05,55,329,836,1118,753,1296,1680
2020-03-06,53,323,839,1087,808,1270,1648
2020-03-07,52,313,840,1216,767,1278,1620
2020-03-08,51,305,851,1247,696,1387,1596
2020-03-09,51,299,850,1152,641,1479,1680
2020-03-10,50,296,844,1106,674,1505,1764
2020-03-11,48,292,839,1083,779,1442,1800
2020-03-12,47,289,834,1172,764,1392,1764
2020-03-13,46,288,831,1297,748,1387,1720
2020-03-14,45,283,828,1189,721,1448,1692
2020-03-15,43,278,828,1101,740,1482,1736
2020-03-16,42,271,825,1108,724,1456,1788
2020-03-17,41,264,824,1120,793,1448,1800
2020-03-18,39,254,811,1092,774,1439,1776
2020-03-19,38,247,803,1147,751,1451,1752
2020-03-20,36,239,792,1282,729,1473,1752
2020-03-21,33,234,784,1338,727,1487,1788
2020-03-22,31,229,781,1263,732,1465,1800
2020-03-23,29,224,776,1155,724,1437,1788
2020-03-24,27,219,773,1080,798,1403,1776
2020-03-25,25,214,764,1045,784,1392,1752
2020-03-26,23,210,760,1028,737,1406,1728
2020-03-27,22,208,755,1028,682,1420,1716
2020-03-28,21,205,748,1073,627,1448,1724
2020-03-29,22,205,744,1080,627,1420,1740
2020-03-30,24,203,741,1094,631,1384,1728
2020-03-31,23,200,739,1087,687,1352,1692
2020-04-01,22,198,735,1207,682,1317,1652
2020-04-02,20,194,732,1667,680,1309,1584
2020-04-03,19,189,728,1620,666,1330,1560
2020-04-04,18,185,724,1385,779,1357,1580
2020-04-05,17,182,719,1263,1001,1341,1608
2020-04-06,16,176,715,1182,1021,1333,1608
2020-04-07,14,172,711,1152,905,1396,1596
2020-04-08,13,170,705,1230,777,1551,1636
2020-04-09,13,167,699,1147,716,1655,1728
2020-04-10,15,164,696,1066,686,1616,1860
2020-04-11,16,162,691,1042,668,1522,1920
2020-04-12,18,159,687,1062,616,1431,1880
2020-04-13,23,157,683,1078,600,1379,1800
2020-04-14,24,157,680,1139,576,1336,1752
2020-04-15,25,159,680,1181,570,1291,1704
2020-04-16,27,159,677,1133,578,1247,1656
2020-04-17,25,163,676,1101,608,1201,1596
2020-04-18,27,171,676,1116,619,1186,1548
2020-04-19,29,172,676,1173,616,1179,1516
2020-04-20,32,172,676,1327,624,1199,1488
2020-04-21,38,170,676,1685,664,1224,1476
2020-04-22,43,170,680,1717,684,1226,1500
2020-04-23,49,172,680,2000,782,1239,1520
2020-04-24,88,176,677,2103,1027,1270,1548
2020-04-25,107,188,680,2070,1149,1301,1572
2020-04-26,106,201,693,2490,1275,1371,1612
2020-04-27,111,224,704,2335,1341,1539,1728
2020-04-28,127,265,704,2113,1508,1686,1920
2020-04-29,129,316,727,2327,1660,1827,2100
2020-04-30,112,352,753,2160,1556,1972,2280
2020-05-01,116,366,788,1870,1604,2129,2470
2020-05-02,115,420,821,1837,1616,2224,2652
2020-05-03,113,495,846,2230,1452,2268,2792
2020-05-04,110,519,864,2210,1344,2290,2843
2020-05-05,109,498,907,1907,1548,2268,2862
2020-05-06,103,471,947,1722,1792,2224,2862
2020-05-07,86,466,965,1673,1700,2182,2820
2020-05-08,89,460,958,1660,1584,2258,2764
2020-05-09,108,442,953,1690,1468,2458,2811
2020-05-10,96,411,943,1747,1404,2539,2946
2020-05-11,87,390,935,1833,1336,2469,3053
2020-05-12,83,368,910,1692,1373,2334,3002
2020-05-13,76,335,895,1623,1424,2268,2946
2020-05-14,71,307,863,1407,1496,2224,2876
2020-05-15,72,298,836,1333,1429,2213,2825
2020-05-16,112,291,828,1460,1347,2257,2783
2020-05-17,128,285,818,1890,1243,2279,2806
2020-05-18,128,272,807,2137,1179,2235,2834
2020-05-19,121,261,805,1850,1331,2153,2820
2020-05-20,114,297,810,1943,1512,2067,2764
2020-05-21,111,401,805,1883,1564,2015,2703
2020-05-22,129,440,797,1720,1468,2070,2629
2020-05-23,215,454,832,1790,1624,2235,2643
2020-05-24,442,465,877,2007,1624,2279,2778
2020-05-25,555,512,907,3190,1432,2257,2857
2020-05-26,407,571,920,4330,1592,2342,2867
2020-05-27,723,652,927,5520,2105,2360,2904
2020-05-28,1453,849,950,7787,3055,2356,2960
2020-05-29,1225,1029,1001,9328,4331,2524,3021
2020-05-30,978,1102,1084,10053,6024,3170,3165
2020-05-31,835,1464,1198,9890,7349,4121,3473
2020-06-01,675,1858,1336,8652,8048,5761,4394
2020-06-02,632,1759,1525,6730,8472,7084,6107
2020-06-03,598,1558,1837,5075,8144,7910,7854
2020-06-04,652,1387,1931,4198,7033,8508,9086
2020-06-05,715,1224,1874,4445,5798,8704,9840
2020-06-06,1025,1141,1732,4775,4670,8414,10120
2020-06-07,895,1197,1654,5037,4260,7711,9701
2020-06-08,1092,1182,1572,4910,4295,6860,8937
2020-06-09,1130,1352,1577,5112,4518,6143,8133
2020-06-10,980,1579,1628,5475,4655,5718,7370
2020-06-11,1098,1787,1696,5273,5025,5588,6923
2020-06-12,1258,2132,1910,4610,5081,5737,6842
2020-06-13,1478,2209,2006,4510,5030,6208,7025
2020-06-14,1591,2230,2238,5490,4625,6465,7289
2020-06-15,1496,2600,2360,6768,4204,6633,7619
2020-06-16,1928,3382,2427,6975,4599,6633,7766
2020-06-17,2820,3831,2693,6848,5363,6479,7832
2020-06-18,3573,3877,3295,7420,5885,6465,7590
2020-06-19,4420,4810,3660,8510,6018,7063,7678
2020-06-20,4383,5435,3918,9433,6378,8056,8397
2020-06-21,5020,6702,4778,9903,7067,8840,9303
2020-06-22,6488,7386,5804,10343,7648,9501,10095
2020-06-23,6107,7971,6841,10700,8558,10463,10920
2020-06-24,5510,8996,7593,11087,9127,11730,11920
2020-06-25,5307,9239,8412,11560,9543,13100,13393
2020-06-26,5060,8856,9033,11930,9893,14350,14963
2020-06-27,4267,8533,8875,12110,10340,15560,16667
2020-06-28,3963,8260,8607,11847,10673,16360,18080
2020-06-29,4203,7661,8383,11800,11320,16870,19413
2020-06-30,4027,7060,8019,12243,11780,17230,19987
2020-07-01,3883,6881,7413,12653,12010,17457,20407
2020-07-02,3547,6957,7007,12820,12290,17597,20757
2020-07-03,3217,6995,6943,12733,12570,17630,20900
2020-07-04,3007,7284,7034,12453,12800,17630,20900
2020-07-05,3323,7735,7226,12220,12890,17680,20860
2020-07-06,5023,7879,7821,11913,13040,17923,21050
2020-07-07,5857,8208,8027,11853,13320,18190,21420
2020-07-08,6647,8977,8549,11910,13273,18567,21740
2020-07-09,7558,9713,9112,12317,13147,18977,22270
2020-07-10,8060,10523,9812,12820,13040,19327,22770
2020-07-11,7800,11190,10613,13340,12987,19720,23180
2020-07-12,7717,11560,11160,14063,13100,20167,23707
2020-07-13,8095,11760,11620,14907,13280,20710,24287
2020-07-14,8827,11807,12060,15760,13847,21337,24860
2020-07-15,9645,12250,12097,16240,14813,21990,25613
2020-07-16,9405,12777,12397,16280,16233,22593,26237
2020-07-17,9233,13273,12927,16110,17840,23173,26907
2020-07-18,8518,13847,13803,15860,19483,24040,27640
2020-07-19,8215,14423,14370,15640,20867,25153,28770
2020-07-20,8457,14430,14820,15640,21403,26490,29937
2020-07-21,9493,14323,14860,15870,21617,27870,31343
2020-07-22,10477,14240,14633,16050,21850,29097,32623
2020-07-23,10320,14403,14490,16310,22027,30273,33543
2020-07-24,10220,15180,14580,16600,22413,30847,34200
2020-07-25,9610,15813,14993,16680,22877,31343,34930
2020-07-26,8925,16187,15960,16580,23457,31693,35423
2020-07-27,8177,16227,16253,16260,23940,32353,35610
2020-07-28,7107,16023,16293,15780,24303,33307,36263
2020-07-29,6047,15937,16107,15147,24250,34440,37027
2020-07-30,5163,15767,16107,14377,24040,35577,37833
2020-07-31,4707,15037,16120,13243,23640,36463,38700
2020-08-01,4070,13983,15630,11913,22950,36843,39060
2020-08-02,3532,12817,14693,10540,21937,36970,39300
2020-08-03,2987,11177,13947,9203,20103,36713,39320
2020-08-04,2787,9471,12447,8223,17697,36317,39560
2020-08-05,2630,8485,10870,7535,15297,35417,38780
2020-08-06,2577,8545,9960,6662,12900,33470,37837
2020-08-07,2772,8231,10583,6492,10947,30343,35890
2020-08-08,2960,7305,10740,6560,9131,26963,33210
2020-08-09,3567,6793,9837,6480,7728,23883,30437
2020-08-10,5147,7668,8705,7050,7120,21457,27370
2020-08-11,6457,8728,8722,8277,7060,19113,24867
2020-08-12,6887,10277,9506,9817,7240,17210,22457
2020-08-13,7665,11297,10977,11560,8024,16223,20427
2020-08-14,8295,12133,11997,12520,8830,16397,19560
2020-08-15,8795,12780,12760,13190,9758,17573,20073
2020-08-16,8895,13537,13410,13530,11240,19100,21607
2020-08-17,9415,14430,14007,13887,12060,20597,23200
2020-08-18,10770,15043,14613,14073,13013,22060,24723
2020-08-19,11637,15563,15153,14607,14073,23810,26187
2020-08-20,10867,16743,15677,15157,15283,25183,27927
2020-08-21,9947,18280,16507,16140,16530,26623,29563
2020-08-22,9007,19370,17603,16120,17747,27917,30890
2020-08-23,7817,19577,18550,15510,19247,29387,32193
2020-08-24,6460,19170,18877,14670,21127,31177,33587
2020-08-25,5430,18243,18650,14280,22337,32933,35090
2020-08-26,4633,17063,18177,12877,22690,35007,37180
2020-08-27,4053,15567,17563,12260,22443,36863,38440
2020-08-28,3940,13643,16667,12060,21533,37730,39320
2020-08-29,3773,12097,15167,11207,20080,37860,39740
2020-08-30,3490,9497,13067,10263,18597,37523,39640
2020-08-31,3217,8100,10897,9947,17427,36300,39080
2020-09-01,3252,7729,9437,10300,16040,34300,38203
2020-09-02,3270,8801,8950,10877,14387,31580,36543
2020-09-03,3033,9321,9364,11080,13570,28513,34050
2020-09-04,2753,8271,10137,10717,13227,25787,31673
2020-09-05,2482,6892,9565,9753,13120,24137,29473
2020-09-06,2333,5975,8447,8710,13003,23413,28327
2020-09-07,2302,5342,7427,8177,12590,22577,27057
2020-09-08,2238,5237,6540,8297,11807,21537,26267
2020-09-09,2163,5257,6124,8757,10837,20373,25133
2020-09-10,2093,5214,5684,8883,10107,18880,23520
2020-09-11,2677,5030,5640,8837,9943,17363,22123
2020-09-12,3582,5094,5633,8857,10190,16420,20610
2020-09-13,3957,5932,5573,8982,10490,15900,19533
2020-09-14,4257,7158,6043,9667,10743,15630,18867
2020-09-15,4925,8081,7191,10270,11110,15630,18720
2020-09-16,5260,8704,8264,11040,11527,16020,18867
2020-09-17,5010,9246,8877,11837,12060,16903,19440
2020-09-18,4510,9758,9375,12530,12700,18057,20553
2020-09-19,3953,9745,9829,13040,13627,19277,22453
2020-09-20,3380,9461,9904,13230,14323,20567,24243
2020-09-21,2927,8983,9773,12963,15123,21777,25293
2020-09-22,3008,8576,9450,12127,15740,22953,26237
2020-09-23,4127,8716,9565,10977,16193,23840,27770
2020-09-24,5943,9462,10063,10510,16163,24110,28230
2020-09-25,6678,9577,10617,11257,15567,24453,28400
2020-09-26,7435,10473,10660,12520,14607,24827,28597
2020-09-27,7848,11200,11030,13597,14017,25077,28827
2020-09-28,8293,11773,11540,14483,14197,25033,28937
2020-09-29,8205,12297,12087,15490,14967,24933,28790
2020-09-30,7915,12757,12537,16110,16420,25123,28847
2020-10-01,7467,13090,12913,16200,18270,25813,29167
2020-10-02,6657,13340,13300,15850,20593,26897,29883
2020-10-03,5643,13660,13500,15183,22473,28120,30857
2020-10-04,4543,13460,13950,14177,23440,29560,31947
2020-10-05,4050,12533,13867,13060,23700,31030,33177
2020-10-06,4387,11523,13273,12183,23350,32680,34393
2020-10-07,5787,10977,12450,11560,22613,33827,35817
2020-10-08,5323,10493,12113,11260,21147,34370,36580
2020-10-09,4447,10307,11380,11053,19167,34177,36803
2020-10-10,3807,10137,10920,10893,17427,33223,36430
2020-10-11,3328,9513,10743,10450,16197,31697,35460
2020-10-12,2983,8369,10056,9567,14890,29963,33963
2020-10-13,2688,7343,9085,8530,13840,28070,32797
2020-10-14,2468,6489,8179,7613,12967,26413,31323
2020-10-15,2168,5754,7371,6757,11807,24513,29670
2020-10-16,2043,5184,6533,6080,10331,22747,27627
2020-10-17,1957,4806,5882,5510,8847,20583,25577
2020-10-18,1828,4624,5335,5122,7599,18313,23397
2020-10-19,1805,4494,5003,4800,6760,16113,21110
2020-10-20,2037,4514,4871,4975,6127,14203,18840
2020-10-21,2470,4779,4791,5295,5721,12890,16597
2020-10-22,4357,5410,5138,6683,5611,11803,15080
2020-10-23,5420,7474,5590,7955,6060,11157,13960
2020-10-24,5870,11620,7149,8925,7067,11107,13343
2020-10-25,6683,13840,11253,9150,8216,11730,13300
2020-10-26,6780,15100,14380,9687,9180,13937,14183
2020-10-27,6293,15953,15573,10863,9750,16177,16720
2020-10-28,5390,16030,16200,11600,10400,20510,21463
2020-10-29,4220,15650,16280,11373,11177,22830,24447
2020-10-30,3228,14687,15943,10117,11853,24657,26653
2020-10-31,2680,12960,15330,8343,12290,26097,29153
2020-11-01,2883,11667,14217,6895,12340,26987,30337
2020-11-02,3410,10036,13327,5907,11630,27357,30737
2020-11-03,3787,9112,12577,4890,10147,27017,30890
2020-11-04,3537,8850,11290,6778,8568,25847,30253
2020-11-05,3082,8716,10657,7570,7936,24127,29117
2020-11-06,2667,8261,10073,7513,8048,21807,27047
2020-11-07,2493,7508,9535,7200,8424,19757,24770
2020-11-08,2245,6712,8655,6778,8496,18787,22953
2020-11-09,1982,6015,7797,5842,8168,18113,21843
2020-11-10,1805,5391,7013,5220,7632,17223,21080
2020-11-11,1739,4878,6201,4735,6887,16283,20127
2020-11-12,1700,4538,5723,4405,5939,15143,18973
2020-11-13,1582,4241,5105,4120,5242,13470,17573
2020-11-14,1453,3996,4687,3918,4893,12103,16087
2020-11-15,1332,3781,4356,3720,4599,10927,14373
2020-11-16,1237,3621,4023,3555,4290,10050,13047
2020-11-17,1197,3457,3815,3400,4138,9443,11970
2020-11-18,1178,3302,3610,3275,3907,8864,11140
2020-11-19,1158,3179,3464,3140,3741,8398,10493
2020-11-20,1152,3063,3416,3020,3545,8015,9788
2020-11-21,1135,2954,3344,2980,3340,7650,9320
2020-11-22,1103,2888,3227,2980,3251,7302,8888
2020-11-23,1063,2801,3128,2957,3233,6984,8514
2020-11-24,1035,2702,3050,2875,3214,6660,8162
2020-11-25,1008,2592,2964,2720,3111,6472,7854
2020-11-26,960,2407,2867,2610,2990,6326,7663
2020-11-27,928,2342,2797,2535,2967,6195,7531
2020-11-28,892,2292,2737,2373,2850,6021,7348
2020-11-29,855,2213,2660,2310,2771,5881,7150
2020-11-30,823,2122,2600,2223,2654,5724,6974
2020-12-01,777,2037,2520,2137,2593,5558,6776
2020-12-02,730,1977,2460,2053,2525,5388,6601
2020-12-03,697,1918,2407,2010,2380,5245,6440
2020-12-04,648,1855,2350,1963,2333,5140,6280
2020-12-05,605,1806,2310,1927,2297,4989,6120
2020-12-06,583,1757,2253,1910,2258,4846,5947
2020-12-07,570,1718,2218,1877,2181,4763,5780
2020-12-08,567,1683,2188,1800,2130,4668,5621
2020-12-09,555,1647,2154,1770,2067,4569,5492
2020-12-10,547,1615,2102,1747,2023,4455,5348
2020-12-11,540,1600,2054,1713,1983,4343,5222
2020-12-12,533,1558,2022,1698,1955,4212,5096
2020-12-13,525,1538,1990,1675,1922,4088,4976
2020-12-14,515,1506,1963,1655,1860,4027,4868
2020-12-15,510,1482,1924,1645,1895,3936,4778
2020-12-16,503,1452,1894,1633,1828,3822,4688
2020-12-17,485,1429,1843,1625,1788,3725,4598
2020-12-18,460,1390,1845,1620,1736,3701,4520
2020-12-19,448,1367,1821,1620,1704,3643,4466
2020-12-20,435,1332,1790,1605,1676,3590,4394
2020-12-21,425,1329,1750,1565,1556,3519,4322
2020-12-22,413,1320,1710,1540,1548,3463,4250
2020-12-23,405,1320,1689,1520,1544,3389,4166
2020-12-24,400,1320,1675,1495,1504,3335,4088
2020-12-25,395,1320,1661,1490,1524,3267,4004
2020-12-26,390,1311,1639,1465,1468,3227,3926
2020-12-27,385,1304,1605,1433,1508,3173,3854
2020-12-28,377,1289,1577,1430,1480,3134,3786
2020-12-29,355,1273,1556,1420,1504,3077,3730
2020-12-30,350,1261,1540,1410,1403,3042,3674
2020-12-31,345,1244,1516,1410,1363,3025,3641
2021-01-01,335,1222,1505,1407,2154,2987,3604
2021-01-02,330,1202,1490,1390,2056,2953,3562
2021-01-03,323,1182,1470,1377,2035,2869,3520
2021-01-04,313,1160,1449,1360,2111,2819,3469
2021-01-05,305,1141,1436,1348,2232,2745,3394
2021-01-06,293,1116,1427,1345,2171,2656,3310
2021-01-07,280,1094,1403,1345,2013,2629,3240
2021-01-08,270,1075,1380,1340,1980,2668,3212
2021-01-09,252,1051,1365,1340,1963,2637,3221
2021-01-10,235,1029,1349,1340,1976,2566,3184
2021-01-11,218,1005,1334,1335,1877,2504,3128
2021-01-12,205,989,1321,1335,1906,2446,3072
2021-01-13,198,971,1298,1335,1864,2408,3016
2021-01-14,190,959,1286,1330,1816,2368,2974
2021-01-15,180,943,1280,1325,1824,2323,2923
2021-01-16,175,933,1274,1325,1804,2279,2862
2021-01-17,170,923,1267,1325,1796,2235,2806
2021-01-18,165,916,1261,1320,1824,2199,2750
2021-01-19,165,902,1255,1320,1784,2160,2699
2021-01-20,160,894,1250,1320,1719,2125,2671
2021-01-21,155,888,1244,1315,1784,2104,2643
2021-01-22,155,874,1239,1308,1763,2074,2619
2021-01-23,152,862,1235,1305,1739,2046,2596
2021-01-24,175,853,1231,1300,1649,2015,2573
2021-01-25,180,847,1228,1300,1568,2005,2545
2021-01-26,173,847,1222,1300,1626,1975,2517
2021-01-27,162,849,1219,1290,1707,1954,2489
2021-01-28,148,851,1217,1280,1759,1921,2456
2021-01-29,145,841,1213,1280,1861,1872,2414
2021-01-30,142,825,1211,1270,1852,1872,2380
2021-01-31,138,794,1211,1270,1723,1931,2384
2021-02-01,136,771,1208,1270,1564,1975,2405
2021-02-02,133,755,1200,1260,1477,1972,2456
2021-02-03,131,740,1184,1260,1452,1934,2437
2021-02-04,130,722,1167,1260,1419,1891,2437
2021-02-05,130,710,1151,1250,1400,1817,2405
2021-02-06,129,698,1134,1250,1415,1754,2352
2021-02-07,128,688,1121,1240,1448,1719,2308
2021-02-08,127,681,1112,1240,1411,1686,2272
2021-02-09,127,669,1105,1230,1353,1655,2240
2021-02-10,126,655,1090,1220,1292,1631,2200
2021-02-11,125,647,1073,1210,1289,1613,2164
2021-02-12,124,638,1062,1200,1271,1595,2140
2021-02-13,123,629,1056,1192,1257,1563,2108
2021-02-14,121,620,1049,1184,1250,1525,2072
2021-02-15,119,613,1038,1176,1225,1499,2036
2021-02-16,119,603,1028,1176,1222,1473,2000
2021-02-17,118,599,1022,1168,1239,1465,1976
2021-02-18,118,591,1016,1168,1225,1448,1956
2021-02-19,117,579,1010,1160,1191,1431,1944
2021-02-20,117,570,1005,1152,1184,1423,1932
2021-02-21,117,562,995,1144,1205,1415,1920
2021-02-22,116,556,985,1144,1180,1406,1908
2021-02-23,116,548,973,1136,1145,1390,1884
2021-02-24,115,542,963,1136,1202,1365,1860
2021-02-25,115,534,955,1136,1257,1349,1836
2021-02-26,115,530,948,1128,1257,1333,1824
2021-02-27,114,524,940,1128,1205,1312,1812
2021-02-28,114,516,935,1128,1264,1293,1788
2021-03-01,114,512,930,1128,1180,1307,1776
2021-03-02,113,507,925,1128,1151,1338,1800
2021-03-03,113,503,920,1120,1112,1309,1788
2021-03-04,112,498,913,1120,1110,1293,1776
2021-03-05,112,494,903,1120,1102,1278,1764
2021-03-06,112,489,893,1120,1126,1254,1752
2021-03-07,115,485,883,1120,1133,1231,1740
2021-03-08,115,479,874,1120,1139,1209,1728
2021-03-09,115,471,866,1120,1173,1201,1716
2021-03-10,115,466,859,1120,1218,1194,1704
2021-03-11,115,460,855,1120,1232,1186,1692
2021-03-12,119,457,851,1120,1281,1179,1680
2021-03-13,115,462,847,1120,1339,1224,1668
2021-03-14,113,482,843,1120,1393,1262,1692
2021-03-15,113,489,839,1120,1375,1270,1716
2021-03-16,113,488,839,1113,1271,1293,1728
2021-03-17,112,479,835,1092,1219,1322,1740
2021-03-18,112,468,835,1078,1177,1330,1752
2021-03-19,111,448,833,1071,1143,1368,1764
2021-03-20,111,430,832,1071,1133,1333,1776
2021-03-21,110,415,832,1064,1122,1301,1752
2021-03-22,110,410,827,1059,1135,1278,1728
2021-03-23,110,408,814,1040,1118,1262,1704
2021-03-24,109,404,800,1020,1100,1247,1680
2021-03-25,109,398,784,1020,1063,1231,1656
2021-03-26,109,393,769,1020,1094,1216,1632
2021-03-27,109,388,763,1008,1085,1201,1620
2021-03-28,108,383,753,943,1036,1186,1608
2021-03-29,108,376,747,920,1020,1171,1584
2021-03-30,106,370,740,920,1002,1151,1560
2021-03-31,106,363,736,910,1020,1134,1536
2021-04-01,103,356,731,900,1104,1119,1524
2021-04-02,104,350,723,893,1110,1100,1500
2021-04-03,108,347,720,893,1082,1083,1476
2021-04-04,109,347,717,1058,1078,1069,1452
2021-04-05,109,348,712,1637,1005,1071,1440
2021-04-06,109,353,709,1647,940,1091,1464
2021-04-07,108,358,704,1462,1018,1083,1488
2021-04-08,108,370,700,1270,1263,1067,1476
2021-04-09,108,365,697,1118,1530,1037,1452
2021-04-10,108,360,696,1053,1568,1041,1428
2021-04-11,106,356,693,1032,1466,1164,1392
2021-04-12,106,350,689,1028,1285,1331,1392
2021-04-13,103,346,684,1020,1158,1462,1496
2021-04-14,103,340,681,1003,1160,1465,1652
2021-04-15,101,337,673,1037,1171,1384,1704
2021-04-16,101,333,669,1073,1075,1293,1704
2021-04-17,99,329,661,1015,1034,1247,1648
2021-04-18,99,323,657,1000,999,1231,1584
2021-04-19,96,320,652,967,993,1214,1548
2021-04-20,100,329,648,891,1053,1179,1524
2021-04-21,106,329,644,881,1190,1136,1488
2021-04-22,107,323,641,933,1285,1119,1452
2021-04-23,109,323,636,1008,1459,1122,1416
2021-04-24,108,323,636,1111,1492,1191,1392
2021-04-25,105,320,631,1101,1459,1291,1420
2021-04-26,96,316,631,988,1433,1349,1480
2021-04-27,93,313,628,911,1518,1381,1548
2021-04-28,90,309,627,888,1346,1398,1592
2021-04-29,85,306,627,920,1246,1420,1628
2021-04-30,79,306,619,950,1234,1456,1660
2021-05-01,72,306,614,960,1088,1448,1712
2021-05-02,69,303,614,940,1124,1379,1740
2021-05-03,65,303,614,913,1088,1349,1704
2021-05-04,64,298,610,899,1152,1309,1680
2021-05-05,71,293,606,960,1215,1265,1644
2021-05-06,102,293,620,1000,1296,1226,1600
2021-05-07,108,298,651,1018,1167,1231,1552
2021-05-08,109,304,659,1045,1185,1254,1548
2021-05-09,109,314,675,1090,1274,1275,1560
2021-05-10,109,352,673,1403,1168,1304,1584
2021-05-11,109,365,665,1673,1278,1267,1612
2021-05-12,112,374,648,1688,1433,1291,1584
2021-05-13,113,382,669,1630,1610,1384,1572
2021-05-14,114,384,677,1600,1743,1349,1596
2021-05-15,113,390,684,1482,1816,1445,1572
2021-05-16,113,391,680,1347,1889,1575,1600
2021-05-17,111,391,680,1302,1889,1661,1704
2021-05-18,110,388,677,1882,1922,1738,1800
2021-05-19,110,384,684,2200,1788,1789,1896
2021-05-20,109,377,683,1880,1910,1817,1988
2021-05-21,109,369,675,1577,2379,1836,2052
2021-05-22,113,354,672,2607,2469,1808,2096
2021-05-23,268,349,671,4912,2442,1817,2100
2021-05-24,348,338,659,5290,2491,1979,2112
2021-05-25,315,338,649,5203,4523,2154,2184
2021-05-26,210,368,643,4000,5698,2192,2320
2021-05-27,278,522,630,2862,5907,2419,2433
2021-05-28,287,745,623,2193,5423,3363,2629
2021-05-29,297,839,631,1983,4685,4192,3235
2021-05-30,268,845,655,2217,3737,4564,4454
2021-05-31,285,823,830,2635,3563,4307,5054
2021-06-01,223,831,910,2337,3521,3882,5138
2021-06-02,197,827,974,2493,3760,3548,4814
2021-06-03,233,829,1010,2850,3797,3254,4382
2021-06-04,310,823,979,2810,3765,3209,4058
2021-06-05,223,817,942,3288,3959,3367,3908
2021-06-06,210,788,925,3700,4042,3486,3998
2021-06-07,165,763,925,3538,4356,3543,4160
2021-06-08,145,792,907,2968,4783,3599,4268
2021-06-09,138,849,882,2420,4861,3691,4340
2021-06-10,165,910,890,2117,4562,3932,4466
2021-06-11,180,991,970,2133,3955,4181,4700
2021-06-12,320,1251,1587,2365,3474,4444,5012
2021-06-13,327,1180,1477,2430,3259,4161,5366
2021-06-14,258,1190,1470,2837,3330,3813,5240
2021-06-15,393,1222,1540,3027,3490,3628,4892
2021-06-16,523,1241,1472,3337,3631,3557,4646
2021-06-17,1073,1414,1427,3285,3943,3533,4448
2021-06-18,1147,1441,1462,4650,4152,3672,4298
2021-06-19,963,1728,1493,5597,4407,3788,4394
2021-06-20,1196,2132,1675,6333,5222,3951,4604
2021-06-21,1570,2364,1767,6752,6402,4191,4808
2021-06-22,1633,2445,2056,7032,7489,4554,5060
2021-06-23,2325,2354,2467,7048,8065,5343,5414
2021-06-24,2735,2796,2617,6763,8428,6348,6020
2021-06-25,2102,3254,2507,7055,8487,7282,7121
2021-06-26,1765,4228,2693,7787,8450,7888,8353
2021-06-27,1745,4303,3202,8023,8694,8213,9294
2021-06-28,1587,3832,4066,7710,9326,8406,9849
2021-06-29,1557,3495,4073,7543,9695,8761,10157
2021-06-30,1562,3351,3701,8190,9702,9695,10567
2021-07-01,1949,3260,3424,9103,9641,10693,11477
2021-07-02,3478,3225,3220,9733,9968,10730,12290
2021-07-03,4947,3324,3205,10320,10650,10567,12620
2021-07-04,5250,4533,3128,11357,11220,10507,12610
2021-07-05,4663,6396,3236,12173,11817,10677,12530
2021-07-06,3767,7163,4730,12730,12533,11130,12800
2021-07-07,3473,7131,6480,12863,13307,11693,13267
2021-07-08,3112,7033,7044,12520,13820,13047,13917
2021-07-09,2860,6824,7035,12007,14347,15017,15220
2021-07-10,2482,6294,7099,11437,14773,16237,17347
2021-07-11,2172,6237,6970,10813,14890,17197,19053
2021-07-12,1963,6104,6620,9783,14810,17827,20367
2021-07-13,1798,5553,6467,8847,14543,17993,21210
2021-07-14,1730,4954,6013,7818,14077,17970,21430
2021-07-15,1870,4575,5375,7085,13230,17527,21300
2021-07-16,1755,4909,4918,6698,12093,16973,20860
2021-07-17,1852,5030,4681,6672,10960,15980,20127
2021-07-18,2047,5124,5098,6713,9991,14510,19000
2021-07-19,2225,5178,5044,7432,9403,13230,17227
2021-07-20,2238,5319,5159,7803,9281,12603,15793
2021-07-21,1933,5577,5443,7700,9726,12013,15030
2021-07-22,1937,5514,5796,7360,10117,11767,14353
2021-07-23,1728,5577,5889,6952,9984,12090,13970
2021-07-24,1552,5572,5889,6977,9741,12573,14220
2021-07-25,1811,5240,6050,6588,9571,12880,14717
2021-07-26,2200,4618,6096,6615,9326,12730,15027
2021-07-27,2448,5207,5400,7463,9114,12580,15060
2021-07-28,2472,6460,5017,7750,9068,12470,15187
2021-07-29,2193,6836,5959,7890,9625,12130,15047
2021-07-30,2448,6827,7319,8277,10183,11750,14580
2021-07-31,2577,6691,7560,8443,10420,12140,14140
2021-08-01,3010,6805,7480,8895,10500,13303,14353
2021-08-02,3163,8287,7393,9567,10860,14263,15300
2021-08-03,2687,9880,8540,9943,11410,14723,16363
2021-08-04,2124,10287,10293,10130,11983,15113,17160
2021-08-05,1790,9170,11170,9607,12553,16113,17760
2021-08-06,1745,7690,11000,8510,12917,17807,19320
2021-08-07,1775,7051,10460,7280,12973,19553,22630
2021-08-08,2077,6699,9603,6263,12587,20050,25643
2021-08-09,2160,6764,8700,5753,11507,19630,26027
2021-08-10,2195,6411,8035,5823,10254,18900,25500
2021-08-11,2188,5968,7520,6557,9259,17720,24533
2021-08-12,2792,5749,6671,7780,8813,16213,22740
2021-08-13,3468,5711,6233,9178,9023,14733,20640
2021-08-14,4017,5994,6140,10170,9983,13527,18813
2021-08-15,4035,6862,6300,11210,11237,13060,17200
2021-08-16,4573,8029,6575,12357,12203,13173,16123
2021-08-17,5183,9096,7827,13180,13113,13980,16213
2021-08-18,7250,10727,9209,13660,13953,15123,17040
2021-08-19,8332,11863,10687,14043,14983,16767,18413
2021-08-20,8905,12510,12423,14553,15997,18643,20417
2021-08-21,9463,13047,12793,15250,16987,20687,22650
2021-08-22,9092,13590,13260,15580,17687,22693,24880
2021-08-23,8272,14100,13797,15460,18350,24237,26767
2021-08-24,7115,14563,14147,14930,19020,25473,28290
2021-08-25,6060,14563,14440,14427,19593,26640,29620
2021-08-26,5677,14457,14517,14043,19940,27913,30683
2021-08-27,7090,14770,14360,14010,19940,28920,31760
2021-08-28,7460,14780,15700,14220,19890,29870,32680
2021-08-29,6738,14070,16173,14537,19830,30763,33410
2021-08-30,5753,13707,15343,14927,20033,31560,33887
2021-08-31,4603,13310,14873,15037,20413,32607,34677
2021-09-01,3765,12460,14303,14683,20600,33223,35650
2021-09-02,3410,11350,13593,13953,20600,33377,36040
2021-09-03,3130,10043,12583,12707,20620,33653,36320
2021-09-04,2857,8661,11300,11263,20403,33500,36470
2021-09-05,2528,7627,9931,9720,19817,32983,36040
2021-09-06,2340,7104,8688,9133,18710,32067,35570
2021-09-07,2337,6776,7856,8857,17853,30537,34527
2021-09-08,2228,6329,7673,8723,16633,28510,33267
2021-09-09,2000,4066,7193,8670,15667,26177,31517
2021-09-10,1875,3869,6654,8623,14857,24270,29920
2021-09-11,1802,5362,6427,7965,14097,22993,28037
2021-09-12,1725,5012,6979,7138,13383,21270,26620
2021-09-13,1545,4620,7053,6417,12627,19657,24880
2021-09-14,1415,4315,6440,5673,11607,18717,22937
2021-09-15,1325,4042,5920,5373,10490,17923,22167
2021-09-16,1300,3858,5607,5193,9533,16893,21197
2021-09-17,1265,3944,5490,4990,9023,15967,20127
2021-09-18,1383,3943,5987,4705,8806,14980,19027
2021-09-19,1302,4295,6300,4925,8524,14243,18040
2021-09-20,1545,4649,7100,5278,9672,13770,17027
2021-09-21,1637,4315,7827,7485,9533,14170,16573
2021-09-22,1649,4672,7901,8483,10267,15233,17093
2021-09-23,1369,5203,7573,7760,11700,16307,19000
2021-09-24,1267,5362,7387,6615,12367,16883,20040
2021-09-25,1200,4977,7745,5683,12297,18457,24080
2021-09-26,1139,4394,7493,5087,11530,19617,22407
2021-09-27,1078,4116,6507,4670,10370,20230,24010
2021-09-28,1032,3988,5761,4485,9206,20230,24717
2021-09-29,930,3739,6147,4335,8341,18953,24070
2021-09-30,892,3495,6113,4140,7842,16330,21890
2021-10-01,857,3221,5829,4120,7538,14597,19120
2021-10-02,833,3035,5266,3953,7149,13527,17240
2021-10-03,793,2930,4802,3820,6808,12970,16147
2021-10-04,954,3290,4075,3625,6479,11967,15487
2021-10-05,1153,3621,3981,3520,6288,10980,14090
2021-10-06,1105,3476,4189,3957,6190,10130,12773
2021-10-07,942,3388,4239,3903,6242,9711,11830
2021-10-08,780,3330,4054,4255,6420,9568,11333
2021-10-09,732,3165,3917,3828,6506,9509,11157
2021-10-10,683,2926,3828,3473,6566,9442,11023
2021-10-11,645,2758,3608,3387,6243,9401,10910
2021-10-12,617,2721,3412,3340,5850,9302,10910
2021-10-13,603,2586,3356,3225,5565,9163,10827
2021-10-14,585,2374,3348,2990,5142,8912,10690
2021-10-15,573,2248,3270,2910,4825,8468,10567
2021-10-16,620,2164,3301,2870,4677,8626,10800
2021-10-17,610,2171,3452,2700,4486,9770,11583
2021-10-18,645,2206,3464,2650,4304,10563,12900
2021-10-19,727,2227,3805,2623,4158,11543,13067
2021-10-20,645,2213,4323,2603,4192,9520,13260
2021-10-21,1145,2108,5302,3560,4020,8736,11293
2021-10-22,1512,2241,5315,3670,4142,8704,10157
2021-10-23,1788,2276,4238,6385,4718,8935,10020
2021-10-24,1719,2993,3588,8733,5264,9000,10240
2021-10-25,1434,3743,3412,9360,7572,8610,10623
2021-10-26,1154,4092,3800,8383,9727,8383,10123
2021-10-27,913,3781,4403,6497,10740,9363,9875
2021-10-28,705,3335,4588,4815,10633,11393,10783
2021-10-29,607,2926,4445,3905,9459,12783,12763
2021-10-30,567,2599,4055,3453,7824,13120,14217
2021-10-31,557,2317,3676,3117,6396,12523,14540
2021-11-01,538,2202,3274,2977,5578,11200,13810
2021-11-02,525,2125,3001,2835,5368,9806,12470
2021-11-03,515,1907,2800,2740,4926,8626,10997
2021-11-04,502,1795,2697,2603,4620,7888,9727
2021-11-05,443,1718,2633,2447,4498,7424,8956
2021-11-06,418,1623,2423,2277,4390,7159,8455
2021-11-07,397,1541,2303,2147,4225,6797,8074
2021-11-08,377,1479,2235,2053,4103,6519,7685
2021-11-09,360,1423,2188,2017,3971,6293,7370
2021-11-10,358,1364,2106,1977,3835,6040,7106
2021-11-11,352,1312,2066,1947,3626,5786,6886
2021-11-12,269,1275,2030,1920,3479,5607,6623
2021-11-13,312,1284,2017,1907,3386,5424,6380
2021-11-14,300,1294,1998,1900,3284,5228,6147
2021-11-15,288,1292,1977,1893,3113,5058,5927
2021-11-16,278,1372,1987,1863,3118,4932,5720
2021-11-17,258,1361,2073,1850,3083,4757,5546
2021-11-18,247,1313,2453,1833,3009,4657,5402
2021-11-19,238,1229,2540,1813,2941,4652,5276
2021-11-20,230,1180,2318,1740,3073,4802,5222
2021-11-21,225,1150,2210,1662,3143,4972,5294
2021-11-22,215,1121,2150,1625,2955,4869,5444
2021-11-23,207,1082,2138,1607,2980,4668,5426
2021-11-24,193,1049,2066,1600,2921,4498,5246
2021-11-25,182,1020,2054,1580,2887,4343,5078
2021-11-26,170,996,2025,1530,2796,4201,4880
2021-11-27,165,981,2014,1495,2701,4119,4718
2021-11-28,158,967,2006,1465,2658,4032,4598
2021-11-29,149,962,1990,1413,2668,3911,4556
2021-11-30,147,962,1985,1387,2649,3783,4376
2021-12-01,144,947,1974,1347,2561,3739,4238
2021-12-02,140,923,1961,1330,2469,3701,4142
2021-12-03,137,886,1958,1320,2406,3662,4070
2021-12-04,133,855,1950,1308,2316,3585,4016
2021-12-05,131,845,1943,1300,2250,3514,3950
2021-12-06,129,837,1943,1287,2128,3449,3872
2021-12-07,128,829,1943,1277,2176,3367,3801
2021-12-08,128,823,1931,1260,1997,3285,3735
2021-12-09,127,823,1934,1237,1906,3209,3651
2021-12-10,127,827,1936,1220,1848,3125,3581
2021-12-11,127,829,1934,1207,1816,3055,3506
2021-12-12,127,821,1906,1181,1812,2982,3441
2021-12-13,127,785,1867,1176,1755,2915,3380
2021-12-14,126,759,1824,1168,1780,2869,3324
2021-12-15,126,732,1779,1160,1707,2815,3268
2021-12-16,126,718,1730,1152,1622,2765,3226
2021-12-17,126,704,1696,1152,1649,2717,3170
2021-12-18,125,692,1674,1144,1653,2684,3114
2021-12-19,123,675,1630,1144,1614,2645,3063
2021-12-20,122,661,1572,1125,1541,2594,3002
2021-12-21,120,644,1516,1120,1496,2554,2932
2021-12-22,118,626,1477,1113,1474,2516,2890
2021-12-23,117,616,1445,1106,1470,2454,2848
2021-12-24,115,606,1408,1106,1452,2416,2792
2021-12-25,114,597,1374,1113,1404,2379,2727
2021-12-26,113,590,1344,1111,1378,2338,2666
2021-12-27,113,585,1311,1106,1335,2305,2615
2021-12-28,112,580,1286,1097,1360,2268,2559
2021-12-29,111,576,1261,1069,1411,2228,2512
2021-12-30,110,571,1244,1057,1342,2203,2456
2021-12-31,110,565,1222,1048,1335,2192,2419
2022-01-01,109,557,1197,1033,1335,2182,2388
2022-01-02,109,553,1173,1023,1346,2153,2360
2022-01-03,109,548,1156,1008,1299,2139,2328
2022-01-04,109,545,1143,983,1257,2129,2300
2022-01-05,108,537,1132,940,1236,2122,2276
2022-01-06,108,528,1121,917,1212,2080,2260
2022-01-07,106,519,1110,898,1201,2032,2232
2022-01-08,103,512,1099,886,1184,2015,2188
2022-01-09,101,506,1090,877,1171,1982,2148
2022-01-10,101,498,1084,856,1158,1954,2116
2022-01-11,99,492,1084,849,1147,1944,2092
2022-01-12,98,485,1079,835,1143,1914,2068
2022-01-13,96,480,1075,828,1139,1875,2032
2022-01-14,94,474,1071,819,1120,1875,1996
2022-01-15,96,466,1066,812,1108,1853,1972
2022-01-16,100,462,1062,823,1114,1846,1948
2022-01-17,102,457,1062,1055,1098,1836,1932
2022-01-18,102,453,1056,1230,1110,1820,1920
2022-01-19,100,448,1056,1120,1150,1789,1896
2022-01-20,96,457,1051,920,1325,1779,1872
2022-01-21,95,463,1045,834,1408,1773,1860
2022-01-22,94,471,1045,813,1357,1798,1848
2022-01-23,92,465,1040,812,1307,1904,1852
2022-01-24,92,459,1040,812,1205,1951,1884
2022-01-25,90,453,1040,821,1160,1944,1932
2022-01-26,88,448,1040,820,1131,1914,1956
2022-01-27,92,448,1034,826,1127,1875,1936
2022-01-28,90,443,1034,832,1139,1820,1896
2022-01-29,88,439,1034,858,1160,1782,1812
2022-01-30,87,439,1034,874,1162,1770,1756
2022-01-31,85,436,1034,960,1143,1786,1732
2022-02-01,85,434,1030,1233,1160,1798,1716
2022-02-02,83,430,1028,1260,1176,1798,1728
2022-02-03,83,425,1028,1153,1268,1789,1716
2022-02-04,81,422,1022,1037,1382,1779,1704
2022-02-05,81,422,1022,1010,1350,1795,1692
2022-02-06,89,418,1022,1083,1246,1843,1704
2022-02-07,100,418,1022,1118,1145,1885,1740
2022-02-08,100,415,1016,1066,1141,1904,1788
2022-02-09,94,411,1016,1068,1166,1875,1832
2022-02-10,92,413,1010,1440,1175,1808,1804
2022-02-11,89,442,1010,1338,1160,1770,1740
2022-02-12,80,446,1005,1231,1219,1773,1680
2022-02-13,74,443,1010,1114,1350,1795,1648
2022-02-14,65,439,1016,1043,1364,1786,1644
2022-02-15,62,434,1014,1020,1303,1792,1632
2022-02-16,61,430,1022,1010,1192,1891,1640
2022-02-17,60,422,1022,997,1135,1931,1692
2022-02-18,59,414,1016,977,1110,1895,1736
2022-02-19,58,407,1012,957,1085,1849,1724
2022-02-20,56,400,989,920,1084,1808,1692
2022-02-21,55,393,970,898,1061,1770,1624
2022-02-22,54,387,952,877,1043,1725,1560
2022-02-23,53,381,945,846,1036,1701,1512
2022-02-24,52,377,945,858,1034,1670,1464
2022-02-25,54,374,937,913,1043,1643,1424
2022-02-26,53,371,930,1003,1055,1616,1392
2022-02-27,52,371,915,933,1083,1589,1364
2022-02-28,51,380,910,870,1104,1563,1336
2022-03-01,50,384,908,837,1116,1551,1312
2022-03-02,50,388,903,837,1091,1560,1288
2022-03-03,49,377,895,826,1036,1583,1296
2022-03-04,48,371,892,830,999,1586,1308
2022-03-05,48,371,890,849,989,1572,1320
2022-03-06,47,368,887,867,991,1542,1300
2022-03-07,46,364,885,851,1001,1525,1276
2022-03-08,45,360,885,844,1008,1516,1240
2022-03-09,45,357,885,851,1028,1527,1204
2022-03-10,44,353,885,874,1012,1542,1193
2022-03-11,44,347,882,920,1014,1542,1183
2022-03-12,43,343,880,970,1018,1542,1180
2022-03-13,42,340,877,1010,1071,1551,1170
2022-03-14,42,337,875,1022,1127,1551,1180
2022-03-15,41,333,871,1032,1149,1551,1170
2022-03-16,40,330,864,1051,1183,1575,1160
2022-03-17,39,325,859,1057,1166,1613,1170
2022-03-18,39,320,855,1057,1247,1655,1190
2022-03-19,38,316,848,1064,1236,1695,1236
2022-03-20,37,313,843,1048,1219,1713,1280
2022-03-21,37,309,836,1015,1191,1722,1304
2022-03-22,36,306,832,980,1198,1732,1320
2022-03-23,36,303,828,1010,1212,1751,1356
2022-03-24,35,299,828,1017,1243,1863,1412
2022-03-25,37,296,822,1037,1285,1833,1536
2022-03-26,39,296,819,1087,1289,1744,1628
2022-03-27,37,296,813,1071,1264,1701,1572
2022-03-28,36,296,807,1117,1243,1713,1628
2022-03-29,36,299,804,1237,1264,1716,1512
2022-03-30,35,309,800,1338,1264,1722,1520
2022-03-31,35,319,800,1457,1449,1713,1532
2022-04-01,34,323,800,1397,2011,1695,1532
2022-04-02,34,326,806,1325,2334,1713,1512
2022-04-03,33,330,815,1200,2171,1820,1504
2022-04-04,33,338,821,1543,1760,2087,1576
2022-04-05,41,343,824,3670,1579,2272,1720
2022-04-06,58,332,825,3467,1670,2250,1904
2022-04-07,141,317,825,5438,3189,1896,2036
2022-04-08,137,313,831,6150,4109,1944,1976
2022-04-09,182,317,835,5477,5415,2036,1824
2022-04-10,136,354,835,4235,6539,3002,1848
2022-04-11,126,410,832,3255,6321,3934,2176
2022-04-12,135,489,832,2880,5529,4814,2825
2022-04-13,128,534,839,2765,4755,5198,3935
2022-04-14,118,541,873,2690,4031,5041,4760
2022-04-15,116,512,925,2650,3558,4712,4934
2022-04-16,527,500,968,2597,3163,4396,4682
2022-04-17,568,519,983,4705,2950,4202,4214
2022-04-18,298,515,987,6037,2868,3901,3762
2022-04-19,149,489,987,5950,4331,3667,3450
2022-04-20,243,607,999,5570,6121,3519,3240
2022-04-21,320,878,1010,4890,6807,3764,3030
2022-04-22,418,835,1026,4167,6673,4833,2951
2022-04-23,240,690,1092,3558,6139,5913,3469
2022-04-24,142,614,1187,3210,5436,6189,4808
2022-04-25,127,647,1237,2987,4766,6150,5720
2022-04-26,176,714,1229,2680,4181,5888,5987
2022-04-27,141,700,1189,2523,3680,5515,5987
2022-04-28,127,622,1169,2765,3381,5029,5853
2022-04-29,125,557,1178,2715,3484,4542,5463
2022-04-30,124,539,1206,2580,3611,4228,4934
2022-05-01,127,539,1178,2460,3448,4088,3986
2022-05-02,118,522,1123,2340,3093,4088,3716
2022-05-03,115,489,1096,2300,2853,4160,3665
2022-05-04,183,474,1079,2300,2752,4042,3553
2022-05-05,724,485,1075,2253,2644,3813,3282
2022-05-06,847,498,1062,2533,2616,3542,3105
2022-05-07,577,541,1045,3535,2579,3435,2904
2022-05-08,400,743,1056,3457,2869,3408,2778
2022-05-09,292,1212,1079,2988,3686,3394,2708
2022-05-10,230,1494,1166,2800,4242,3389,2680
2022-05-11,200,1354,1366,2740,4147,3706,2685
2022-05-12,238,1187,1605,2680,3857,4223,2783
2022-05-13,418,977,1689,2790,3485,4602,3193
2022-05-14,585,876,1680,3290,3505,4763,3792
2022-05-15,957,829,1589,4890,3771,4735,4154
2022-05-16,1700,874,1522,6430,4466,4701,4274
2022-05-17,1963,1078,1499,8818,5782,4657,4238
2022-05-18,1948,1485,1524,9793,7535,4847,4166
2022-05-19,1782,2556,1617,9827,9366,5462,4286
2022-05-20,1718,3338,1814,9687,10497,6617,4820
2022-05-21,1625,3529,2131,9933,10990,8209,5909
2022-05-22,1235,3457,3091,9733,11213,9386,7773
2022-05-23,1059,3348,3352,8652,11427,10460,9650
2022-05-24,923,3207,3364,7190,11647,11593,11193
2022-05-25,787,2850,3348,5820,11197,12440,12783
2022-05-26,623,2395,3325,4977,10497,12790,13427
2022-05-27,640,2292,3054,4420,9139,12830,13780
2022-05-28,675,2080,2693,4153,7639,12400,13650
2022-05-29,640,1793,2510,5267,6587,11580,13070
2022-05-30,618,1629,2427,6260,5958,10384,12100
2022-05-31,538,1609,2201,6407,6361,9237,10830
2022-06-01,407,1612,2035,6280,7259,8446,9641
2022-06-02,422,1746,1950,5577,7665,7955,8809
2022-06-03,638,1841,1950,5660,7637,8008,8382
2022-06-04,1038,1869,1987,3917,7273,8298,8382
2022-06-05,1193,2185,2114,5775,6747,8336,8719
2022-06-06,1550,2519,2165,7297,6427,8076,8749
2022-06-07,1338,2954,2215,8610,6964,7828,8653
2022-06-08,1627,3253,2333,9453,8124,7880,8426
2022-06-09,2183,3613,2633,9753,9312,8501,8213
2022-06-10,3103,3866,2910,9900,10173,9427,8360
2022-06-11,3555,4462,3326,10137,10787,9427,9051
2022-06-12,3830,5762,3657,10517,11187,10367,10170
2022-06-13,4210,6592,4303,10997,11523,11227,11477
2022-06-14,3747,7304,5312,11770,11923,12003,12530
2022-06-15,3663,7845,6449,12603,12363,12790,13363
2022-06-16,4427,7724,7267,13250,13137,13797,14460
2022-06-17,5317,7591,7580,13927,13827,14927,15797
2022-06-18,5683,7799,7513,14840,14447,15967,17280
2022-06-19,5870,8301,7433,15820,15113,16740,18680
2022-06-20,5963,8752,7653,16280,15907,17243,19707
2022-06-21,5900,9063,8132,16560,16830,17813,20433
2022-06-22,5663,9221,8614,16700,17823,18620,21273
2022-06-23,5353,9257,9000,16610,18800,19897,22330
2022-06-24,5693,9166,9171,16320,19683,20923,23610
2022-06-25,5937,9050,9368,16020,20363,22033,24507
2022-06-26,6427,9314,9428,15530,20760,22967,26237
2022-06-27,6813,9622,9421,15240,20900,23953,27477
2022-06-28,6833,10037,9670,14930,20830,24817,28667
2022-06-29,6620,10387,10061,14907,20653,25560,29513
2022-06-30,6555,10547,10480,14963,20320,26277,30233
2022-07-01,6293,10763,10857,15430,20030,26687,30820
2022-07-02,5870,10687,10950,15540,19910,26897,31290
2022-07-03,5120,10653,10930,15350,20010,27160,31520
2022-07-04,4130,10360,10830,15037,20413,27250,31637
2022-07-05,3743,9796,10767,14440,20683,27280,31720
2022-07-06,3393,9099,10713,14003,20860,27587,31880
2022-07-07,2838,8221,10185,12397,20870,27790,32157
2022-07-08,3847,7266,9459,11087,20520,28007,32457
2022-07-09,3370,6429,8382,9850,19877,28260,32660
2022-07-10,2238,5764,7005,8783,18910,27930,32700
2022-07-11,2142,5572,6447,8457,17680,26943,32190
2022-07-12,1943,5534,5924,8003,16213,27390,31187
2022-07-13,1828,5084,5669,7797,14693,23837,29490
2022-07-14,1708,4726,5694,7685,13437,21550,27300
2022-07-15,1562,4367,5252,7600,12383,19453,24863
2022-07-16,1443,4029,4997,7433,11730,17790,22680
2022-07-17,1307,3827,4640,7005,11287,16330,20713
2022-07-18,1565,3591,4442,6875,10990,14993,18947
2022-07-19,1982,3549,4112,6390,10747,13850,17480
2022-07-20,2552,3491,3899,6510,10323,13130,16313
2022-07-21,2185,4372,3841,7827,9850,12527,15540
2022-07-22,2717,5276,4099,9090,9756,11977,15123
2022-07-23,3333,6355,5250,9573,10433,11637,14420
2022-07-24,3600,6844,6393,9493,11327,11853,14090
2022-07-25,3570,6778,7127,9640,12077,12593,14387
2022-07-26,3397,6467,7720,9613,12610,13900,15280
2022-07-27,3238,6206,7810,9167,13053,15257,16733
2022-07-28,3077,6089,7593,8663,13360,16513,18333
2022-07-29,2980,5850,7129,8237,13393,17280,19613
2022-07-30,2737,5913,6624,8330,12843,17577,20407
2022-07-31,2703,6094,6207,8417,12543,17420,20640
2022-08-01,2568,6263,6160,8063,12647,16987,20377
2022-08-02,2427,6242,6247,7837,12390,16480,19773
2022-08-03,2233,6028,6387,7923,12143,16143,19307
2022-08-04,2345,6350,6493,8250,11813,16090,19000
2022-08-05,2159,6324,6726,8623,11573,15990,18840
2022-08-06,2035,6110,6686,8930,11517,15873,18773
2022-08-07,2225,6033,6627,8897,11690,15860,18613
2022-08-08,1968,6140,6715,8843,11940,15830,18587
2022-08-09,1767,6355,6868,8350,12313,16250,18653
2022-08-10,1810,6009,7502,7748,12593,16577,19173
2022-08-11,2097,5419,8140,7253,12650,16917,19453
2022-08-12,1918,4950,7752,7602,12440,18497,19920
2022-08-13,1743,5003,7041,7595,12000,17767,20493
2022-08-14,1997,5362,6373,6882,11673,17730,20977
2022-08-15,2286,5362,6100,6220,11580,17140,20920
2022-08-16,2333,5343,6240,6562,11187,16477,20207
2022-08-17,2043,5155,6340,6822,10523,16010,19440
2022-08-18,1775,5288,6209,6857,10187,15817,19000
2022-08-19,1728,5243,5985,6607,10237,15553,18720
2022-08-20,1703,5133,5937,6320,10197,15180,18333
2022-08-21,1658,5022,5818,6152,9914,14797,17947
2022-08-22,1525,4739,5655,6518,9625,14550,17453
2022-08-23,1458,4478,5580,6835,9365,14380,17093
2022-08-24,1913,4149,5533,6483,9426,14220,16800
2022-08-25,2077,3889,5385,6187,9733,13857,16507
2022-08-26,1799,3835,5193,6008,9687,13660,16020
2022-08-27,1861,4137,4953,5927,9403,13610,15910
2022-08-28,1880,4341,4712,6578,9311,13580,15763
2022-08-29,2592,4697,4745,6658,9410,13180,15560
2022-08-30,2933,5321,4954,6585,9850,12770,15090
2022-08-31,2918,6528,5340,6950,10005,12720,14697
2022-09-01,2830,7071,6286,7508,9764,12960,14630
2022-09-02,2423,6758,7384,7963,9889,13300,14823
2022-09-03,2278,6550,7500,8397,10260,13940,15290
2022-09-04,2755,6519,7327,8803,10557,14840,16030
2022-09-05,3710,6114,7158,9248,11063,15263,16840
2022-09-06,5433,6202,6870,9753,11600,15587,17400
2022-09-07,5267,7000,6600,10910,12093,16217,18027
2022-09-08,4452,8584,6920,11963,12810,17000,18600
2022-09-09,3588,9105,8220,12480,13547,17933,19453
2022-09-10,3067,8692,9611,12410,14393,18420,20107
2022-09-11,2813,7879,10410,11643,15103,19647,21167
2022-09-12,2573,7288,10960,10253,15707,21603,23350
2022-09-13,2283,6870,10313,8537,16197,22843,25260
2022-09-14,2093,6329,9937,7218,16027,23583,26413
2022-09-15,2158,5792,9436,6352,15203,23923,27070
2022-09-16,2275,5281,8394,6118,13767,23840,27320
2022-09-17,2133,5186,7388,6408,11960,23077,27073
2022-09-18,2030,5381,6540,6875,10813,21537,26123
2022-09-19,2032,5773,6360,7327,10433,19353,24427
2022-09-20,1852,5424,6560,7533,10600,17400,22200
2022-09-21,2327,5075,6353,7560,10850,16223,20090
2022-09-22,2453,4860,5747,7587,11097,15910,18787
2022-09-23,2573,4744,5826,7625,11200,15873,18293
2022-09-24,2592,5235,5575,7957,11230,15860,18160
2022-09-25,3080,5529,5555,8277,11230,15850,18093
2022-09-26,2937,5973,6387,8150,11360,15830,18253
2022-09-27,2565,6386,6460,8503,11420,15853,18360
2022-09-28,2247,6411,6640,8477,11507,16227,18160
2022-09-29,1813,5989,6909,7703,11497,16600,18400
2022-09-30,1616,5410,6596,6890,11473,16763,19280
2022-10-01,1511,4896,6267,6083,10917,17527,19947
2022-10-02,1315,4681,6029,5447,10363,18007,20917
2022-10-03,1275,4918,6199,4800,9480,17863,21313
2022-10-04,1293,6181,7687,4675,8784,16693,20610
2022-10-05,1222,6283,9301,4575,8246,15987,19227
2022-10-06,1423,5524,10057,4800,8022,16170,18133
2022-10-07,1455,4914,9207,4865,7835,16467,18040
2022-10-08,1352,4638,7774,5893,7743,16810,18240
2022-10-09,1290,4896,6537,6427,7778,16710,18693
2022-10-10,1290,4968,5985,6102,8495,15487,18640
2022-10-11,1995,4829,5996,5807,9076,14360,17147
2022-10-12,2303,4883,5786,6088,9227,13920,16043
2022-10-13,2628,5111,5510,7377,9121,14000,16043
2022-10-14,2610,5524,5695,8677,9265,14000,15570
2022-10-15,2585,5639,6162,9125,10046,13827,15547
2022-10-16,2314,5687,6493,8993,11050,13897,15497
2022-10-17,2056,5611,6333,8503,11540,14553,15540
2022-10-18,1830,5376,6293,7665,11757,15430,16193
2022-10-19,1813,4959,6093,6535,11740,16110,17107
2022-10-20,1445,4619,5569,5595,11203,16200,17733
2022-10-21,1333,4345,5193,5018,10148,16133,18000
2022-10-22,1233,4116,4791,4610,8859,15617,17907
2022-10-23,1123,3823,4519,4108,7858,14683,17200
2022-10-24,1093,3610,4227,3770,7156,13353,15987
2022-10-25,1893,4183,4337,3478,6606,12497,14577
2022-10-26,3260,5692,5102,3250,6216,11460,13843
2022-10-27,3003,6713,6887,3037,5900,10610,12883
2022-10-28,2632,8728,8929,5335,5672,10503,12050
2022-10-29,1847,7954,9666,6593,5634,11253,11950
2022-10-30,1351,6886,9101,6180,7082,12480,12660
2022-10-31,1018,5863,7941,4823,8239,13353,13873
2022-11-01,823,4981,6908,3753,8202,13963,14727
2022-11-02,748,4257,5778,3418,7288,14347,15530
2022-11-03,710,3762,4916,3115,6075,13900,15770
2022-11-04,687,3549,4282,2800,5411,12567,15250
2022-11-05,663,3351,3850,2603,5063,11300,13917
2022-11-06,655,3172,3541,2410,4718,9816,12290
2022-11-07,650,3003,3340,2350,4556,8848,10880
2022-11-08,640,2891,3160,2290,4389,8046,9762
2022-11-09,628,2775,3034,2170,4270,7323,8973
2022-11-10,600,2652,2867,2090,4180,6928,8463
2022-11-11,568,2543,2780,2067,4086,6613,8081
2022-11-12,533,2407,2663,2020,3987,6385,7766
2022-11-13,497,2352,2580,1997,3943,6176,7524
2022-11-14,467,2280,2487,1930,3857,5989,7282
2022-11-15,450,2195,2410,1870,3711,5849,7077
2022-11-16,440,2125,2330,1837,3495,5668,6886
2022-11-17,423,2058,2285,1830,3381,5485,6681
2022-11-18,413,1977,2225,1817,3294,5287,6480
2022-11-19,405,1921,2188,1780,3233,5146,6280
2022-11-20,402,1858,2138,1760,3163,5035,6027
2022-11-21,395,1813,2062,1730,3073,4853,5820
2022-11-22,388,1761,2014,1710,2999,4712,5621
2022-11-23,383,1718,1971,1637,2926,4624,5492
2022-11-24,378,1683,1924,1622,2877,4504,5372
2022-11-25,373,1638,1882,1612,2820,4369,5264
2022-11-26,367,1603,1851,1595,2748,4264,5156
2022-11-27,362,1567,1819,1540,2729,4201,5030
2022-11-28,358,1529,1783,1480,2672,4093,4916
2022-11-29,352,1497,1750,1613,2560,4012,4826
2022-11-30,338,1461,1710,1603,2451,3941,4736
2022-12-01,323,1426,1689,1555,2356,3852,4646
2022-12-02,302,1393,1671,1520,2303,3773,4556
2022-12-03,283,1364,1656,1465,2237,3667,4484
2022-12-04,267,1329,1625,1420,2180,3524,4388
2022-12-05,248,1304,1608,1397,2141,3449,4280
2022-12-06,232,1275,1580,1377,2116,3380,4178
2022-12-07,213,1246,1543,1357,2069,3321,4088
2022-12-08,192,1217,1519,1335,2056,3254,3998
2022-12-09,168,1187,1500,1318,2022,3195,3908
2022-12-10,151,1158,1488,1303,1959,3112,3854
2022-12-11,146,1129,1473,1290,1910,3004,3772
2022-12-12,142,1099,1462,1277,1852,2898,3688
2022-12-13,138,1070,1450,1260,1824,2844,3627
2022-12-14,134,1054,1431,1237,1800,2790,3585
2022-12-15,131,1027,1417,1217,1792,2717,3529
2022-12-16,129,1008,1406,1197,1739,2649,3473
2022-12-17,127,984,1382,1184,1735,2621,3417
2022-12-18,126,954,1363,1181,1696,2601,3375
2022-12-19,122,929,1342,1176,1692,2558,3333
2022-12-20,118,906,1334,1168,1688,2520,3282
2022-12-21,115,886,1315,1168,1680,2485,3240
2022-12-22,113,868,1305,1160,1696,2450,3193
2022-12-23,112,851,1294,1152,1672,2435,3156
2022-12-24,110,839,1269,1152,1668,2416,3128
2022-12-25,109,827,1252,1144,1668,2397,3100
2022-12-26,109,815,1244,1136,1614,2390,3063
2022-12-27,108,804,1239,1128,1610,2364,3035
2022-12-28,109,794,1237,1120,1618,2338,3007
2022-12-29,109,788,1220,1123,1583,2297,2969
2022-12-30,109,783,1211,1209,1538,2272,2923
2022-12-31,107,777,1204,1247,1492,2253,2895
2023-01-01,97,771,1193,1131,774,2231,2867
2023-01-02,88,771,1184,1105,868,2189,2829
2023-01-03,80,765,1178,1101,1003,2139,2773
2023-01-04,74,759,1178,1083,925,2122,2713
2023-01-05,68,753,1178,1072,841,2161,2694
2023-01-06,64,753,1178,1068,780,2210,2717
2023-01-07,62,747,1175,1036,756,2178,2773
2023-01-08,59,742,1169,1014,716,2136,2755
2023-01-09,55,736,1162,993,682,2101,2713
2023-01-10,53,728,1156,976,660,2087,2671
2023-01-11,51,716,1151,972,635,2060,2633
2023-01-12,49,706,1142,955,625,2029,2573
2023-01-13,47,700,1134,944,623,1998,2512
2023-01-14,44,694,1127,941,620,1985,2456
2023-01-15,42,688,1120,923,616,1968,2401
2023-01-16,39,681,1110,913,613,1954,2368
2023-01-17,37,669,1099,909,612,1937,2344
2023-01-18,35,657,1090,892,603,1924,2320
2023-01-19,34,649,1084,889,603,1904,2296
2023-01-20,32,643,1077,872,594,1895,2272
2023-01-21,31,635,1068,869,601,1895,2248
2023-01-22,29,629,1062,859,605,1878,2236
2023-01-23,28,622,1054,841,600,1843,2224
2023-01-24,27,616,1045,821,582,1805,2212
2023-01-25,26,606,1040,801,570,1789,2188
2023-01-26,25,597,1034,798,540,1789,2176
2023-01-27,23,590,1026,779,514,1770,2164
2023-01-28,22,585,1018,769,494,1732,2152
2023-01-29,20,580,1010,752,486,1704,2132
2023-01-30,18,576,1005,749,476,1677,2096
2023-01-31,15,570,995,740,472,1646,2056
2023-02-01,12,562,987,723,469,1616,2016
2023-02-02,9,557,981,720,471,1595,1984
2023-02-03,5,551,975,714,468,1572,1960
2023-02-04,1,544,970,714,464,1551,1944
2023-02-05,0,539,965,714,460,1528,1924
2023-02-06,0,534,960,704,456,1511,1900
2023-02-07,0,530,955,701,451,1499,1876
2023-02-08,0,525,950,695,440,1490,1864
2023-02-09,0,521,945,692,428,1479,1852
2023-02-10,0,516,940,683,424,1462,1840
2023-02-11,0,512,935,676,423,1434,1816
2023-02-12,0,507,927,676,424,1398,1792
2023-02-13,0,503,918,676,428,1381,1756
2023-02-14,0,498,910,673,424,1357,1720
2023-02-15,0,494,902,667,420,1349,1692
2023-02-16,0,489,895,658,416,1344,1680
2023-02-17,0,485,890,686,412,1338,1668
2023-02-18,0,480,885,707,408,1333,1656
2023-02-19,0,476,885,686,405,1330,1636
2023-02-20,0,471,880,667,408,1312,1616
2023-02-21,0,466,880,655,416,1298,1596
2023-02-22,0,462,875,646,425,1257,1584
2023-02-23,0,457,875,630,420,1239,1560
2023-02-24,0,453,871,621,412,1247,1536
2023-02-25,0,448,867,627,416,1265,1524
2023-02-26,0,443,863,945,416,1280,1548
2023-02-27,16,439,859,1161,427,1290,1592
2023-02-28,18,434,855,1260,453,1304,1592
2023-03-01,5,430,851,1102,670,1312,1604
2023-03-02,0,430,847,1011,950,1317,1604
2023-03-03,0,425,843,906,950,1352,1596
2023-03-04,0,428,839,838,745,1420,1632
2023-03-05,0,448,839,791,639,1542,1696
2023-03-06,0,457,836,759,570,1625,1860
2023-03-07,0,465,847,749,558,1578,2056
2023-03-08,0,450,856,733,522,1516,2084
2023-03-09,0,442,858,723,486,1445,2028
2023-03-10,0,430,848,726,493,1412,1944
2023-03-11,0,425,840,762,491,1390,1848
2023-03-12,0,422,835,772,471,1368,1776
2023-03-13,0,418,835,762,477,1349,1728
2023-03-14,0,415,832,726,477,1330,1696
2023-03-15,0,411,828,714,486,1325,1672
2023-03-16,0,408,826,704,506,1317,1636
2023-03-17,0,405,826,704,510,1309,1612
2023-03-18,0,401,821,707,496,1304,1584
2023-03-19,0,398,819,762,456,1301,1572
2023-03-20,0,394,814,782,441,1296,1560
2023-03-21,0,400,813,831,465,1296,1556
2023-03-22,0,405,818,811,465,1285,1548
2023-03-23,12,405,814,880,510,1273,1532
2023-03-24,49,401,813,1823,546,1249,1504
2023-03-25,33,398,811,2167,617,1259,1500
2023-03-26,41,404,811,2021,746,1273,1512
2023-03-27,39,418,807,1487,1251,1325,1528
2023-03-28,26,436,811,1483,1612,1437,1584
2023-03-29,10,462,817,1033,1700,1572,1668
2023-03-30,0,491,822,868,1444,1696,1780
2023-03-31,0,512,835,1081,1221,2002,2028
2023-04-01,0,519,866,1337,988,2228,2428
2023-04-02,0,503,897,1147,873,2228,2769
2023-04-03,0,489,908,879,905,2094,2895
2023-04-04,0,479,910,759,1019,1975,2815
2023-04-05,4,459,903,772,930,1901,2647
2023-04-06,55,443,888,1965,832,1892,2437
2023-04-07,60,433,872,2678,756,1892,2352
2023-04-08,75,424,860,2138,1012,1878,2316
2023-04-09,109,419,844,1822,1437,1814,2268
2023-04-10,67,433,836,1624,1536,1779,2196
2023-04-11,8,440,831,1218,1416,1905,2116
2023-04-12,0,456,825,983,1341,2189,2116
2023-04-13,0,476,831,858,1211,2297,2244
2023-04-14,0,488,854,775,1056,2275,2475
2023-04-15,0,476,882,733,905,2196,2591
2023-04-16,0,457,888,720,829,2104,2549
2023-04-17,0,443,887,704,772,1998,2442
2023-04-18,0,433,872,695,727,1901,2320
2023-04-19,0,424,856,723,713,1811,2208
2023-04-20,0,417,838,821,692,1744,2100
2023-04-21,0,410,825,1022,670,1698,2004
2023-04-22,0,403,814,913,672,1649,1920
2023-04-23,0,391,804,831,740,1604,1840
2023-04-24,0,384,793,937,799,1566,1780
2023-04-25,40,380,780,1320,787,1560,1716
2023-04-26,46,373,772,1458,745,1598,1672
2023-04-27,34,367,769,1306,822,1649,1672
2023-04-28,6,364,764,1329,1035,1637,1704
2023-04-29,0,368,760,1192,1080,1607,1764
2023-04-30,0,389,756,958,1045,1631,1752
2023-05-01,0,399,753,855,1006,1704,1756
2023-05-02,0,414,769,801,925,1773,1816
2023-05-03,0,411,788,759,805,1773,1908
2023-05-04,0,405,807,695,708,1748,1952
2023-05-05,0,400,821,742,684,1716,1920
2023-05-06,0,394,822,1968,654,1698,1884
2023-05-07,0,390,815,2378,650,1661,1836
2023-05-08,0,387,812,1718,832,1616,1756
2023-05-09,0,381,804,1845,1280,1631,1704
2023-05-10,0,377,792,1776,1357,1592,1668
2023-05-11,0,382,781,1242,1307,1717,1648
2023-05-12,0,397,777,962,1312,1941,1716
2023-05-13,0,402,815,855,1232,2056,1912
2023-05-14,0,418,880,851,1133,2525,2240
2023-05-15,9,437,4279,920,1019,5523,3095
2023-05-16,92,457,2421,879,1211,4904,7570
2023-05-17,59,476,1725,831,1083,3639,8213
2023-05-18,102,482,2268,1601,858,3035,5883
2023-05-19,113,504,1920,3495,764,2420,4874
2023-05-20,112,542,1426,3216,903,2210,4232
2023-05-21,98,570,1158,2476,1719,2140,3721
2023-05-22,78,590,1127,1902,2214,1872,3529
2023-05-23,71,600,1121,1962,2093,1776,3291
2023-05-24,68,619,1118,2514,1809,2091,3016
2023-05-25,50,647,1110,2168,1584,2250,3021
2023-05-26,45,647,1103,1727,1740,2224,3249
2023-05-27,40,615,1118,1462,1868,2160,3315
2023-05-28,43,576,1123,1385,1580,2019,3184
2023-05-29,59,563,1114,1393,1456,2060,2988
2023-05-30,45,542,1092,1714,1336,2125,2927
2023-05-31,24,513,1088,2295,1288,2108,2965
2023-06-01,4,494,1075,1741,1328,2094,2918
2023-06-02,0,480,1056,1342,1453,1975,2829
2023-06-03,0,469,1047,1268,1572,1924,2624
2023-06-04,0,457,1034,1279,1387,2043,2484
2023-06-05,0,439,1028,1295,1312,2222,2456
2023-06-06,0,422,1024,1406,1237,2345,2540
2023-06-07,0,414,1012,1299,1173,2301,2736
2023-06-08,0,408,1010,1279,1229,2242,2694
2023-06-09,0,406,1022,1264,1248,2246,2624
2023-06-10,60,408,1062,1210,1203,2213,2568
2023-06-11,92,418,1103,1310,1179,2290,2554
2023-06-12,239,437,1132,1483,1155,2305,2577
2023-06-13,1197,465,1167,3239,1184,2261,2596
2023-06-14,1772,819,1175,6975,1251,2257,2568
2023-06-15,3005,2023,1222,8480,1853,2290,2540
2023-06-16,2910,2573,1532,9041,3575,2316,2582
2023-06-17,2467,4353,1923,10199,4832,2598,2713
2023-06-18,2143,5138,2600,11670,5600,3684,2946
2023-06-19,2083,5178,3800,12543,6370,5425,3535
2023-06-20,1719,4770,4479,12953,7220,7221,5132
2023-06-21,1316,4398,4431,12763,7960,8931,7546
2023-06-22,1205,4149,4139,12217,8472,10480,9784
2023-06-23,2662,3912,3900,12373,8751,11713,11693
2023-06-24,2697,3663,3656,13147,8852,12260,12790
2023-06-25,2410,4532,3574,14327,8992,12470,13630
2023-06-26,2119,5315,3557,15157,9340,12560,13897
2023-06-27,1851,5386,4286,15093,9722,12690,14057
2023-06-28,1570,5129,4998,13927,10460,12900,14120
2023-06-29,2010,4701,4986,11867,11100,13723,14450
2023-06-30,2152,4100,4783,10015,11227,14737,15230
2023-07-01,1860,3857,4288,9645,10703,15430,16193
2023-07-02,1713,4095,3855,10094,9514,15763,17013
2023-07-03,1586,4174,3663,10183,8644,15453,17227
2023-07-04,1762,4258,3743,10137,8032,14530,16680
2023-07-05,2067,4108,3885,10420,7760,13890,15837
2023-07-06,2782,4021,3917,10947,7608,13160,14973
2023-07-07,4553,4367,3824,11477,7712,12760,14280
2023-07-08,5730,4905,3815,12580,8000,12530,13810
2023-07-09,6173,6361,4237,13567,8456,12390,13543
2023-07-10,6552,8070,5174,14300,9037,12490,13420
2023-07-11,6790,9173,7220,14653,9660,13100,13587
2023-07-12,7293,9693,8474,14663,10310,14320,14120
2023-07-13,8993,10170,9155,14407,10950,16363,15423
2023-07-14,9938,10780,9573,14473,11573,18227,17587
2023-07-15,9700,11517,10057,15027,11817,19733,19600
2023-07-16,9825,12147,10873,15653,11980,20843,21243
2023-07-17,10327,12980,12157,15710,12247,21683,22540
2023-07-18,9707,13480,12790,15280,12590,22383,23500
2023-07-19,8515,13993,13410,14793,12927,23300,24393
2023-07-20,7143,14543,14080,14153,13160,24080,25277
2023-07-21,5243,14683,14470,13123,13260,24900,26207
2023-07-22,3670,14060,14820,11203,13350,25800,27160
2023-07-23,2753,12890,14687,10097,12753,26700,28180
2023-07-24,2700,10937,14137,10247,11937,27340,28937
2023-07-25,2803,8791,12307,9837,10887,27600,29477
2023-07-26,2768,7212,10106,9181,9880,27143,29477
2023-07-27,2563,6904,8281,9157,9162,25503,28700
2023-07-28,2577,6584,7340,9527,8376,23190,26953
2023-07-29,2460,6421,6992,10103,7872,20743,24790
2023-07-30,2333,6663,6647,10670,7920,18617,22303
2023-07-31,2297,6995,6864,10920,8224,17173,20023
2023-08-01,2253,7060,7400,11263,8590,16387,18573
2023-08-02,2208,7012,7924,11253,8924,16283,18147
2023-08-03,2382,6793,8214,10997,9310,16823,18400
2023-08-04,3073,6635,8099,11387,9441,17543,19213
2023-08-05,4553,6523,7687,12210,9507,18043,19760
2023-08-06,5427,7510,7215,12873,9675,18290,20120
2023-08-07,6803,8783,7307,13657,9952,18227,20290
2023-08-08,7722,9977,8206,14757,10300,18067,20243
2023-08-09,7278,11133,9473,15993,10783,18337,20597
2023-08-10,7507,12247,10643,16937,11497,18887,21140
2023-08-11,8098,12800,12107,17363,12347,20067,21680
2023-08-12,8580,13330,12953,17327,13227,23330,22693
2023-08-13,9375,13503,13680,17070,14263,24697,24180
2023-08-14,8922,13830,14007,16760,15550,26097,25820
2023-08-15,8133,14333,14193,16810,16403,27467,27397
2023-08-16,7458,15510,14553,16920,16937,28713,28990
2023-08-17,6488,15693,15607,16693,17237,29673,30370
2023-08-18,5427,15380,16053,16473,17187,30533,31410
2023-08-19,4303,14717,16017,15777,17143,31360,32480
2023-08-20,4053,13587,15640,14990,17130,32253,33227
2023-08-21,4177,11887,14530,13907,17130,32743,33737
2023-08-22,3973,10697,13140,13530,16920,32930,34213
2023-08-23,4913,9965,12237,13617,16167,32930,34570
2023-08-24,5570,9693,11653,13853,15300,32473,34347
2023-08-25,6153,11270,11090,14063,14370,31527,33860
2023-08-26,6113,12043,11707,14117,13890,30390,33133
2023-08-27,6897,12870,12313,14300,13770,29367,32140
2023-08-28,8937,13340,13073,14977,13550,28747,31277
2023-08-29,9890,13503,13633,15833,13447,28590,30943
2023-08-30,9543,13767,13927,16693,13510,28700,30790
2023-08-31,9083,14153,14017,17333,14137,29113,30943
2023-09-01,8068,14613,14150,17710,15397,29433,31273
2023-09-02,6382,14973,14550,17690,16483,29690,31570
2023-09-03,4643,15260,15487,17297,17807,30553,32017
2023-09-04,3375,14940,15790,16753,19063,33120,33410
2023-09-05,2855,13740,15860,15747,20080,34287,35723
2023-09-06,2543,11713,15877,14170,20270,35470,36807
2023-09-07,2293,9506,14480,12187,19760,36953,37813
2023-09-08,2097,7793,13017,10477,18510,37913,38780
2023-09-09,1957,6776,11673,9464,16850,37710,39360
2023-09-10,1832,6150,10573,8648,15207,36337,38620
2023-09-11,1732,5687,9746,8148,12720,34950,37700
2023-09-12,1609,5233,8453,7623,11100,32590,36247
2023-09-13,1672,4950,7074,7843,9667,29757,34020
2023-09-14,1917,5139,6473,7977,8966,25960,31620
2023-09-15,1797,5601,6089,8503,8765,22777,28323
2023-09-16,1688,5328,6621,9079,8967,20130,25013
2023-09-17,1568,4977,6938,8201,9421,18687,22470
2023-09-18,1482,4667,6240,7075,9467,19063,21843
2023-09-19,1470,4621,6493,6645,8991,19603,22357
2023-09-20,1440,5341,7613,6665,8344,19487,22400
2023-09-21,1601,6053,7719,7060,7840,19077,22050
2023-09-22,2224,6135,8775,7017,7664,18817,21533
2023-09-23,2131,5889,8883,7807,7640,18580,20877
2023-09-24,2225,5797,8313,8895,7448,18617,20437
2023-09-25,2270,6171,7553,10126,7624,18613,20330
2023-09-26,2216,5894,7400,10590,8136,18030,20477
2023-09-27,1848,5721,7071,10263,8685,17610,19950
2023-09-28,1690,5586,6704,9661,8996,17683,19347
2023-09-29,1550,5215,6347,8405,9032,18903,20653
2023-09-30,1473,4990,6647,7183,8773,19617,21903
2023-10-01,1375,4779,7987,6575,7928,19643,22647
2023-10-02,1332,4642,7800,5631,6860,19137,22313
2023-10-03,1288,4438,7620,5292,6048,18887,21960
2023-10-04,1267,4245,7567,5279,5524,18190,21433
2023-10-05,1354,4108,7413,5630,5260,17057,20337
2023-10-06,1428,4583,6695,6771,5227,15797,18733
2023-10-07,1594,5076,6090,7217,5449,15040,17440
2023-10-08,1610,4728,7413,8573,5963,14423,16547
2023-10-09,1532,4602,6862,9852,6667,14627,15880
2023-10-10,1542,4748,6071,9868,7479,14787,16007
2023-10-11,1590,4625,5687,9781,8304,15253,16333
2023-10-12,1578,5539,5667,10340,8440,15797,16960
2023-10-13,1570,6667,7970,10330,9553,15943,17413
2023-10-14,1597,6577,8374,10717,11183,16273,17533
2023-10-15,1553,6029,8449,11313,11860,17987,17987
2023-10-16,1380,5496,7527,10863,12347,19617,19720
2023-10-17,1245,5097,6300,9520,12433,20713,21547
2023-10-18,1087,4638,5669,8037,11963,21070,22677
2023-10-19,1000,4170,5208,6807,10807,20647,22950
2023-10-20,935,3812,4679,6023,9174,19743,22433
2023-10-21,900,3545,4273,5370,7668,18387,21417
2023-10-22,850,3323,3868,4924,6414,16687,19830
2023-10-23,800,3151,3526,4645,5562,14680,17987
2023-10-24,767,3003,3456,4164,5151,13163,15913
2023-10-25,743,2877,3420,3810,5025,12147,14313
2023-10-26,735,2778,3461,3645,4918,11190,13353
2023-10-27,750,2698,3757,3560,4700,10533,12420
2023-10-28,968,2649,4170,3373,4523,10009,11800
2023-10-29,905,2602,3738,3748,4270,9855,11287
2023-10-30,720,2576,3271,4933,3961,9779,11090
2023-10-31,640,2652,3063,5107,4224,9476,10940
2023-11-01,595,2675,2895,4361,4528,8697,10550
2023-11-02,558,2449,2840,3896,4174,8461,9953
2023-11-03,535,2337,2810,3478,3817,8539,9424
2023-11-04,518,2237,2650,3269,3443,8282,9467
2023-11-05,508,2143,2553,3172,3209,7709,9233
2023-11-06,497,2069,2480,3108,2957,7245,8737
2023-11-07,483,2002,2353,3077,2841,6838,8250
2023-11-08,468,1932,2301,3056,2724,6419,7766
2023-11-09,455,1883,2220,3024,2626,6202,7304
2023-11-10,443,1848,2190,2966,2523,5951,6952
2023-11-11,435,1792,2118,2930,2411,5749,6688
2023-11-12,417,1735,2029,2899,2300,5570,6453
2023-11-13,403,1697,1990,2842,2278,5406,6220
2023-11-14,390,1671,1950,2811,2185,5210,5960
2023-11-15,383,1638,1915,2811,2100,5093,5727
2023-11-16,372,1603,1882,2790,2078,4966,5534
2023-11-17,365,1588,1872,2765,2031,4835,5390
2023-11-18,463,1635,1887,2770,2108,4949,5264
2023-11-19,540,1732,1954,2821,2275,5365,5234
2023-11-20,402,1774,2250,2821,2399,5329,5567
2023-11-21,298,1876,2730,2790,2659,5371,5840
2023-11-22,267,1942,2690,2734,2850,5768,5813
2023-11-23,253,1886,2447,2698,3009,6274,6020
2023-11-24,230,1771,2343,2668,3079,6546,6440
2023-11-25,213,1683,2260,2613,2687,6532,6937
2023-11-26,193,1609,2190,2563,2300,6425,7179
2023-11-27,175,1541,2018,2533,2126,6092,7121
2023-11-28,165,1494,1840,2504,1948,5619,6893
2023-11-29,158,1452,1733,2460,1917,5175,6460
2023-11-30,148,1417,1700,2430,1892,4802,6020
2023-12-01,145,1378,1690,2387,1820,4536,5517
2023-12-02,142,1352,1678,2363,1760,4439,5192
2023-12-03,139,1332,1659,2343,1672,4322,4952
2023-12-04,135,1304,1633,2319,1620,4191,4748
2023-12-05,132,1287,1586,2300,1568,4057,4574
2023-12-06,130,1275,1551,2256,1520,3926,4412
2023-12-07,130,1273,1527,2205,1397,3817,4238
2023-12-08,133,1309,1508,2176,1331,3715,4082
2023-12-09,148,1358,1497,2176,1315,3643,3950
2023-12-10,144,1361,1564,2143,1312,3581,3836
2023-12-11,142,1320,1743,2115,1309,3421,3721
2023-12-12,140,1331,1719,2097,1344,3389,3637
2023-12-13,139,1355,1676,2115,1417,3440,3548
2023-12-14,138,1343,1669,2093,1556,3524,3576
2023-12-15,135,1320,1600,2074,1692,3594,3627
2023-12-16,131,1292,1572,2051,1600,3628,3688
2023-12-17,129,1253,1551,2024,1432,3705,3725
2023-12-18,127,1214,1537,1970,1339,3730,3772
2023-12-19,125,1195,1509,1997,1277,3643,3824
2023-12-20,121,1170,1470,1970,1280,3454,3813
2023-12-21,117,1155,1429,1938,1277,3312,3674
2023-12-22,115,1141,1387,1925,1229,3209,3511
2023-12-23,114,1126,1361,1875,1165,3147,3385
2023-12-24,113,1114,1349,1848,1115,3085,3282
2023-12-25,112,1097,1336,1835,1069,3029,3184
2023-12-26,111,1078,1330,1831,1045,2953,3100
2023-12-27,110,1063,1323,1796,1032,2865,3007
2023-12-28,110,1056,1309,1796,1029,2774,2904
2023-12-29,109,1054,1286,1783,1029,2729,2820
2023-12-30,109,1047,1261,1752,1037,2676,2764
2023-12-31,109,1039,1244,1730,998,2656,2699
