Date,Chiang_Saen,Luang_Prabang,Chiang_Khan,Mukdahan,Khong_Chiam,Pakse,Stung_Treng
2001-01-01,1280,1657.496,2514.61,2960,3415.54,3799.05,5222
2001-01-02,1250,1663.05,2420.15,2980,3433.31,3722.97,5062
2001-01-03,1140,1690.971,2381.16,3020,3415.54,3697.64,4926
2001-01-04,1060,1663.05,2334.69,3020,3397.81,3824.45,4859
2001-01-05,1080,1586.195,2334.69,2930,3380.09,3697.64,4825
2001-01-06,1120,1500.744,2334.69,2850,3327.1,3647.05,4791
2001-01-07,1250,1464.156,2326.97,2780,3256.78,3546.07,4791
2001-01-08,1240,1458.969,2311.57,2720,3169.44,3546.07,4723
2001-01-09,1220,1469.353,2114.67,2680,3082.73,3395.17,4621
2001-01-10,1170,1586.195,2070.12,2670,2996.66,3195.06,4451
2001-01-11,1120,1569.979,2107.22,2660,2945.32,3170.13,4351
2001-01-12,1140,1543.152,2174.59,2650,2945.32,3120.34,4287
2001-01-13,1160,1495.487,2227.51,2590,2928.27,3021.02,4222
2001-01-14,1080,1495.487,2204.77,2540,2911.23,2996.24,4190
2001-01-15,1100,1500.744,2152.05,2490,2843.36,2996.24,4126
2001-01-16,1130,1469.353,2084.93,2460,2775.91,3021.02,4061
2001-01-17,1080,1453.791,2084.93,2460,2675.54,2823.38,3965
2001-01-18,1050,1485.003,2084.93,2520,2775.91,2774.2,3901
2001-01-19,1080,1458.969,2047.97,2530,2742.34,2774.2,3836
2001-01-20,1070,1428.052,2040.61,2520,2708.89,2749.64,3804
2001-01-21,1080,1407.638,2025.91,2460,2742.34,2749.64,3804
2001-01-22,1120,1392.431,2003.93,2450,2708.89,2823.38,3772
2001-01-23,1150,1387.382,1967.49,2440,2675.54,2798.78,3772
2001-01-24,1120,1367.283,1945.74,2420,2675.54,2774.2,3804
2001-01-25,1080,1438.318,1924.08,2420,2658.9,2798.78,3804
2001-01-26,1140,1448.623,1931.29,2420,2725.6,2823.38,3772
2001-01-27,1090,1392.431,1945.74,2410,2675.54,2798.78,3678
2001-01-28,970,1392.431,1974.76,2450,2642.3,2798.78,3647
2001-01-29,980,1392.431,1945.74,2420,2592.64,2749.64,3647
2001-01-30,975,1293.311,1916.88,2400,2576.15,2725.1,3647
2001-01-31,955,1245.22,1909.69,2410,2576.15,2676.09,3616
2001-02-01,935,1235.719,1852.49,2520,2576.15,2651.62,3585
2001-02-02,960,1235.719,1746.93,2520,2576.15,2651.62,3585
2001-02-03,985,1226.257,1684.66,2520,2576.15,2676.09,3554
2001-02-04,945,1216.834,1657.24,2500,2576.15,2651.62,3493
2001-02-05,915,1198.105,1623.19,2480,2576.15,2676.09,3462
2001-02-06,925,1184.16,1589.39,2460,2559.68,2627.18,3462
2001-02-07,915,1156.534,1589.39,2490,2526.83,2651.62,3431
2001-02-08,910,1138.311,1582.66,2410,2494.08,2651.62,3462
2001-02-09,885,1111.266,1562.54,2370,2445.18,2529.64,3462
2001-02-10,910,1093.43,1509.32,2320,2412.72,2481.01,3462
2001-02-11,930,1102.329,1489.53,2300,2396.54,2432.49,3369
2001-02-12,955,1071.352,1476.39,2300,2316.03,2335.74,3339
2001-02-13,945,1071.352,1437.21,2280,2316.03,2359.89,3309
2001-02-14,925,1088.995,1411.31,2260,2284.04,2239.41,3218
2001-02-15,920,1102.329,1411.31,2230,2316.03,2263.45,3188
2001-02-16,905,1088.995,1424.24,2220,2316.03,2215.39,3158
2001-02-17,910,1071.352,1424.24,2200,2316.03,2239.41,3128
2001-02-18,930,1058.222,1417.77,2200,2300.02,2215.39,3098
2001-02-19,885,1045.178,1404.86,2190,2268.08,2191.4,3098
2001-02-20,885,1045.178,1391.99,2190,2252.16,2191.4,3098
2001-02-21,855,1032.221,1360,2180,2236.26,2167.44,3069
2001-02-22,850,1015.08,1353.63,2160,2220.39,2215.39,3039
2001-02-23,905,1002.325,1347.28,2180,2252.16,2215.39,3009
2001-02-24,860,1002.325,1321.96,2200,2236.26,2215.39,2980
2001-02-25,842,998.0921,1309.37,2200,2252.16,2239.41,3009
2001-02-26,834,985.4525,1278.07,2180,2252.16,2239.41,3009
2001-02-27,850,939.8449,1259.42,2160,2220.39,2263.45,3009
2001-02-28,940,927.6074,1253.23,2160,2220.39,2239.41,2980
2001-03-01,900,927.6074,1240.87,2150,2188.75,2239.41,2950
2001-03-02,980,977.0739,1216.29,2130,2172.98,2191.4,2950
2001-03-03,945,985.4525,1222.42,2130,2188.75,2143.5,2921
2001-03-04,900,993.8693,1234.71,2110,2188.75,2119.59,2921
2001-03-05,940,1015.08,1240.87,2100,2188.75,2119.59,2863
2001-03-06,885,977.0739,1259.42,2100,2188.75,2095.71,2863
2001-03-07,855,977.0739,1271.84,2090,2188.75,2143.5,2834
2001-03-08,838,977.0739,1265.63,2080,2078.95,2167.44,2776
2001-03-09,850,972.8992,1253.23,2060,2157.23,2024.24,2718
2001-03-10,900,968.7338,1259.42,2090,2157.23,2000.48,2690
2001-03-11,915,968.7338,1284.31,2130,2157.23,2024.24,2662
2001-03-12,905,1019.351,1303.09,2180,2188.75,2024.24,2632
2001-03-13,970,1080.155,1296.82,2230,2204.56,2095.71,2690
2001-03-14,1020,1106.792,1315.66,2270,2141.51,2191.4,2718
2001-03-15,1050,1165.704,1385.57,2270,2220.39,2287.52,2776
2001-03-16,1060,1207.45,1443.72,2310,2268.08,2335.74,2834
2001-03-17,1060,1264.339,1489.53,2350,2252.16,2359.89,2863
2001-03-18,1010,1288.458,1569.23,2360,2300.02,2359.89,2950
2001-03-19,945,1288.458,1643.59,2350,2332.08,2408.26,2980
2001-03-20,920,1259.544,1719.15,2360,2316.03,2456.74,2950
2001-03-21,870,1184.16,1760.88,2400,2316.03,2456.74,2980
2001-03-22,842,1097.875,1746.93,2480,2316.03,2408.26,3158
2001-03-23,880,1045.178,1677.79,2570,2412.72,2529.64,3158
2001-03-24,945,1019.351,1562.54,2650,2510.44,2627.18,3188
2001-03-25,1080,1002.325,1450.23,2680,2592.64,2749.64,3218
2001-03-26,935,998.0921,1372.76,2700,2675.54,2823.38,3278
2001-03-27,846,1156.534,1334.6,2680,2759.11,2946.74,3431
2001-03-28,790,1202.773,1347.28,2670,2809.58,2971.48,3585
2001-03-29,742,1053.864,1450.23,2660,2843.36,3195.06,3772
2001-03-30,718,952.1685,1596.13,2530,2860.29,3070.64,4094
2001-03-31,762,891.4108,1562.54,2480,2725.6,2922.03,4061
2001-04-01,774,844.3481,1424.24,2360,2625.72,2922.03,4094
2001-04-02,880,817.5265,1309.37,2300,2576.15,2774.2,3901
2001-04-03,895,867.7084,1222.42,2280,2477.75,2651.62,3804
2001-04-04,846,985.4525,1173.69,2310,2526.83,2553.99,3616
2001-04-05,774,1075.749,1185.81,2350,2609.17,2529.64,3462
2001-04-06,826,1010.818,1265.63,2300,2576.15,2408.26,3400
2001-04-07,880,952.1685,1328.27,2200,2576.15,2384.06,3400
2001-04-08,885,915.4561,1372.76,2110,2592.64,2359.89,3369
2001-04-09,855,883.4719,1309.37,2040,2300.02,2359.89,3309
2001-04-10,834,907.4028,1204.06,1980,2252.16,2119.59,3218
2001-04-11,818,891.4108,1191.88,1990,2172.98,2167.44,3128
2001-04-12,782,879.5167,1204.06,2040,2032.35,2048.04,3039
2001-04-13,870,895.3944,1222.42,2100,2094.54,2000.48,2950
2001-04-14,900,903.3906,1234.71,2130,2125.83,2048.04,2834
2001-04-15,865,911.4246,1240.87,2090,2157.23,2095.71,2776
2001-04-16,790,923.5474,1234.71,2030,2094.54,2048.04,2805
2001-04-17,810,919.4971,1222.42,1990,2063.39,2000.48,2950
2001-04-18,790,907.4028,1228.56,2000,2063.39,1976.74,2921
2001-04-19,746,867.7084,1240.87,2030,2047.85,1953.04,2892
2001-04-20,722,840.4882,1210.17,2060,2047.85,1882.1,2863
2001-04-21,754,802.4081,1185.81,2060,2047.85,1953.04,2747
2001-04-22,742,768.9443,1161.62,2050,2063.39,1953.04,2718
2001-04-23,865,743.4449,1137.61,2040,2063.39,2024.24,2747
2001-04-24,900,743.4449,1101.93,2040,2063.39,2071.86,2776
2001-04-25,860,772.6249,1078.37,2060,2110.17,2024.24,2776
2001-04-26,758,871.6351,1066.66,2040,2110.17,2048.04,2747
2001-04-27,782,852.097,1060.82,2040,2236.26,2167.44,2747
2001-04-28,850,794.9056,1119.72,2030,2252.16,2167.44,2776
2001-04-29,762,732.6576,1155.6,1990,2188.75,2191.4,2834
2001-04-30,774,791.1686,1131.64,1940,2125.83,2191.4,2863
2001-05-01,875,825.1425,1066.66,1920,2047.85,2024.24,2776
2001-05-02,930,813.7326,1060.82,1920,2047.85,1929.36,2834
2001-05-03,885,883.4719,1107.85,1970,1970.65,1858.52,2863
2001-05-04,985,977.0739,1197.97,2020,2078.95,1717.67,3009
2001-05-05,1000,1032.221,1234.71,2080,2094.54,1905.72,3009
2001-05-06,1020,1080.155,1278.07,2090,2094.54,1976.74,2950
2001-05-07,1090,1174.913,1366.37,2090,2125.83,2048.04,2863
2001-05-08,1160,1193.447,1411.31,2110,2172.98,2119.59,2863
2001-05-09,1140,1264.339,1469.83,2150,2220.39,2095.71,2921
2001-05-10,1010,1342.38,1542.5,2160,2236.26,2143.5,2980
2001-05-11,1100,1367.283,1636.78,2190,2268.08,2191.4,2980
2001-05-12,1550,1397.49,1831.2,2260,2252.16,2167.44,3039
2001-05-13,1950,1448.623,2003.93,2350,2412.72,2191.4,3069
2001-05-14,2080,1613.419,2189.66,2450,2428.94,2384.06,3400
2001-05-15,2250,2033.168,2197.21,2480,2477.75,2578.36,4094
2001-05-16,2810,2308.804,2373.4,2520,2576.15,2848.01,4587
2001-05-17,3220,2617.473,2955.33,2580,2609.17,2971.48,5130
2001-05-18,2640,3015.427,3671.44,2670,2843.36,3145.23,5306
2001-05-19,2250,3329.758,4115.66,2790,2962.41,3220,5521
2001-05-20,2180,3202.02,4676.01,3000,2860.29,3345.02,5485
2001-05-21,2590,3046.108,5006.02,3360,3256.78,3546.07,5222
2001-05-22,2580,3053.805,4875.07,3820,3433.31,3849.86,4791
2001-05-23,2230,3146.975,4735.42,4360,3903.45,4310.21,4689
2001-05-24,1890,3115.752,4715.59,5020,4522.23,4932,4757
2001-05-25,1700,2916.861,4775.17,5790,5026.11,5614.91,5096
2001-05-26,1670,2589.194,4735.42,6220,5503.36,6413.72,5772
2001-05-27,1690,2375.604,4626.71,6280,6448.84,7331.68,6209
2001-05-28,1770,2582.15,4354.07,6450,6765.49,7767.94,6928
2001-05-29,2120,3023.082,4096.79,6740,6935.98,7932.2,7638
2001-05-30,2950,3241.649,4077.95,7370,7215.4,8261.78,8083
2001-05-31,3790,3410.956,4616.87,8080,7848.99,8869.54,8499
2001-06-01,4570,4345.879,5128,8720,8973.37,10013.66,8708
2001-06-02,4480,5518.863,5521.07,9310,9573.34,10605.09,9345
2001-06-03,5350,6083.689,6749.43,9190,10254.38,11171.56,10051
2001-06-04,6120,6005.934,7635.52,8980,10230.7,11313.65,10725
2001-06-05,7280,6666.418,7659.05,9340,10018.15,11199.97,11142
2001-06-06,6310,7764.836,7943.39,10100,10301.8,11342.09,11142
2001-06-07,5340,7879.629,8744.11,11100,11213.53,12084.11,11374
2001-06-08,4280,7119.243,9142.08,11900,12244.38,13177.12,13164
2001-06-09,3630,6117.177,8657.9,12700,12995.04,14017.69,13115
2001-06-10,3160,5288.763,7955.32,13600,13603.92,14629.69,14623
2001-06-11,3600,4668.477,7204.89,14400,14375.19,15449.83,14937
2001-06-12,3540,4458.324,6715.7,14600,15052.56,16185.95,15669
2001-06-13,3710,4534.143,6260.75,14500,15315.25,16451.81,16406
2001-06-14,4320,5003.496,6326.62,14500,15210.03,16481.38,16685
2001-06-15,4570,5288.763,6481.26,14800,15499.84,16629.3,16964
2001-06-16,4400,5466.106,6626.04,14000,15923.94,17252.07,17188
2001-06-17,3990,5466.106,6896.3,13000,15420.66,16895.91,18143
2001-06-18,3490,5165.467,6941.71,12100,14427,15950,18552
2001-06-19,3040,4795.103,6805.79,11400,13425.57,14834.29,17188
2001-06-20,2820,4234.974,6448.01,11000,12543.24,13814.3,15879
2001-06-21,2740,3885.127,6010.53,10600,11972.1,13321.66,15355
2001-06-22,2820,3576.506,5605.13,10300,11725.98,12975.04,15355
2001-06-23,2860,3593.292,5281.93,10100,11848.87,13263.82,17300
2001-06-24,3170,3841.444,5168.89,9980,12468.34,14017.69,20257
2001-06-25,3660,3964.427,5261.31,9700,12718.44,14658.9,22340
2001-06-26,4250,4125.605,5479.21,9600,13247.85,14892.8,24014
2001-06-27,4310,4430.067,5594.6,9820,13425.57,15244.36,23562
2001-06-28,4490,4844.289,5892.14,10500,13706.11,15449.83,22472
2001-06-29,4110,5053.814,6249.79,11600,14660.77,16570.12,22595
2001-06-30,4220,5278.429,6536.81,13300,16057.09,17966.67,23949
2001-07-01,5010,5299.108,6794.5,15100,18143.58,19494.94,25001
2001-07-02,5970,5529.447,6930.35,15600,18862.99,20369.6,26525
2001-07-03,6120,6274.758,6850.99,15500,18751.84,20188.31,27070
2001-07-04,5960,7388.711,7343.58,15800,18419.41,19826.24,26661
2001-07-05,5980,8547.222,8159.06,17500,18585.43,19916.69,27480
2001-07-06,6520,8098.926,9267.73,19200,19871.1,20823.57,27974
2001-07-07,7230,8641.128,9280.33,20100,21179.02,22557.88,29111
2001-07-08,7080,9036.036,9406.65,20600,22829.57,24059.99,33710
2001-07-09,6760,9511.106,9750.73,21300,23770.28,25757.7,40221
2001-07-10,6730,9667.603,10073.22,22000,24214.65,25417.2,41770
2001-07-11,7360,9984.711,10190.22,22300,24066.29,24984.52,39572
2001-07-12,7630,9767.905,10373.18,21700,23711.19,24521.8,36172
2001-07-13,6960,9811.063,10268.49,21000,22946.61,23814.06,33785
2001-07-14,6220,9653.319,10242.38,20400,22101.64,23077.88,32134
2001-07-15,6310,9724.851,10164.18,20200,21437.46,22435.71,30035
2001-07-16,7350,9839.89,10164.18,20500,21265.07,22130.58,28472
2001-07-17,8590,11184.25,10281.56,20700,21322.49,22130.58,27275
2001-07-18,9360,13003.57,10928.95,20600,21408.7,22222.07,26593
2001-07-19,8400,13528.44,12043.37,20600,21293.78,22130.58,26183
2001-07-20,6820,13121.11,12516.61,20600,21408.7,22313.6,25981
2001-07-21,6600,12326.46,12251.35,21400,22566.8,23415,27761
2001-07-22,7460,11526.94,12043.37,23600,24900.2,25479.07,31838
2001-07-23,7300,11339.33,11644.86,24800,26013.5,26626.53,35083
2001-07-24,6800,11511.24,11494.95,25200,26255.88,26719.79,36815
2001-07-25,7120,11230.65,11386.36,25000,26134.62,26502.22,35083
2001-07-26,7440,11605.6,11237.65,24600,25832.1,26222.77,34013
2001-07-27,7550,12310.19,11359.27,24400,25741.52,26160.71,33785
2001-07-28,7020,12637.83,11822.91,25000,26286.22,26502.22,33710
2001-07-29,6540,12180.42,11932.96,25300,27078.27,27280.09,33937
2001-07-30,6550,11605.6,11768.03,25300,26894.94,27311.25,33937
2001-07-31,6340,11386.08,11345.73,24800,26377.3,26626.53,33180
2001-08-01,6130,11184.25,11156.83,24300,25560.62,25664.79,32208
2001-08-02,6280,11261.65,11022.58,23800,24900.2,25540.96,30603
2001-08-03,7910,12753.59,11237.65,23600,24661.18,25510.01,30532
2001-08-04,10300,15721.24,12826.27,23900,24541.9,25200.76,30319
2001-08-05,10700,16644.14,14091.49,24300,24601.52,25169.86,30248
2001-08-06,9780,16377.57,14311.34,24500,24870.29,25262.58,30745
2001-08-07,8310,15647.15,14311.34,25000,25169.82,25602.87,30390
2001-08-08,7200,14934.56,14062.26,26400,26043.76,26377.98,32952
2001-08-09,6420,13020.33,13655.42,28100,28556.57,28216.58,33785
2001-08-10,5690,11542.65,12882.86,30200,31478.38,31203.13,39734
2001-08-11,5450,10396.25,11905.41,32200,32532.89,32469.74,43730
2001-08-12,5130,9468.662,12558.68,34100,33499.4,32850.74,50667
2001-08-13,4760,8994.743,12126.41,35600,34603.7,33645.96,51856
2001-08-14,4830,8627.679,11305.16,36200,35323.23,34219.73,51765
2001-08-15,5140,8695.036,10649.78,36500,35388.83,34283.54,52774
2001-08-16,5900,9384.081,10399.41,36600,35585.84,34602.8,52720
2001-08-17,5940,9999.255,10451.95,36800,36773.87,35722.6,52039
2001-08-18,5890,9440.424,10875.58,36300,37238.64,36460.46,61838
2001-08-19,5580,9897.682,10835.61,35200,37072.47,36556.82,62947
2001-08-20,5520,9624.786,10689.5,34200,36873.33,36267.83,67552
2001-08-21,5730,9398.15,10465.09,33100,36013.66,35818.75,66426
2001-08-22,6180,9398.15,10203.25,31500,34603.7,34570.86,64481
2001-08-23,5760,9596.298,10151.17,29700,33402.41,33741.52,61838
2001-08-24,5480,9412.229,10164.18,28200,32276.41,32787.21,58145
2001-08-25,5510,8776.233,9995.48,27100,31128.91,31171.53,53907
2001-08-26,5410,8480.484,9610.02,26700,30055.27,30445.7,52963
2001-08-27,5200,8871.478,9495.43,27200,31733.18,32787.21,54955
2001-08-28,5660,8762.673,10177.2,27000,31988.51,32089.21,57173
2001-08-29,5870,8668.059,10255.43,26200,32629.2,32850.74,57664
2001-08-30,6080,8981.003,10086.19,25800,31988.51,32501.48,58641
2001-08-31,6190,8885.128,10034.32,25100,30244.01,31076.76,58243
2001-09-01,6060,8898.791,9905.06,24800,29147.4,29721.67,54859
2001-09-02,6320,9091.249,9776.39,24700,28370.66,28842.71,49752
2001-09-03,6400,9639.046,9866.4,24600,28123.27,28560.78,44668
2001-09-04,7460,11137.95,10373.18,25200,29085.06,29250.46,42537
2001-09-05,8340,11779.66,11481.36,25800,30307,30288.15,43730
2001-09-06,9200,12473.43,11988.12,26400,30622.43,30571.81,44071
2001-09-07,8840,12670.85,12699.27,27300,30590.85,30414.19,42963
2001-09-08,8050,12970.09,12516.61,28000,30780.47,30540.28,41855
2001-09-09,7460,12621.34,12572.71,29400,32757.74,32279.42,42963
2001-09-10,7300,12359.04,12488.6,30700,35552.98,34602.8,46861
2001-09-11,7390,11891.15,12307.03,31300,37305.16,36267.83,50850
2001-09-12,6800,11354.9,11974.32,31400,37072.47,36332.03,54859
2001-09-13,6550,10680.59,11658.52,31800,36873.33,36043.22,56305
2001-09-14,6490,10204.07,11264.64,31800,36079.6,35082.26,54378
2001-09-15,6260,9782.279,10822.3,31200,35421.65,34443.13,51307
2001-09-16,6060,9553.651,10465.09,29800,34603.7,33805.24,49477
2001-09-17,5630,9188.307,10203.25,28500,34147.84,33391.27,48288
2001-09-18,5580,8722.057,9930.86,27200,33111.9,32691.94,47566
2001-09-19,5980,8440.574,9712.28,25800,31605.71,31582.56,45892
2001-09-20,5900,8387.521,9431.99,24200,30181.06,30792.62,42793
2001-09-21,5820,8654.587,9343.42,23000,29334.63,29344.64,40221
2001-09-22,5760,8573.996,9495.43,21800,28525.57,28404.27,38923
2001-09-23,6250,8334.646,9457.35,20500,27384.55,27435.94,39167
2001-09-24,6200,8400.768,9368.69,19500,25892.53,26440.1,38680
2001-09-25,5800,8547.222,9533.58,19000,24631.35,25602.87,36896
2001-09-26,5660,8334.646,9712.28,18300,23977.39,24953.64,36734
2001-09-27,5370,8021.158,9470.04,18000,23298.68,24552.62,35548
2001-09-28,5190,7663.557,9179.71,17700,22829.57,23783.34,34088
2001-09-29,4940,7351.65,8843.02,17500,22362.98,23169.77,33785
2001-09-30,4930,7070.825,8486.38,17000,21754.45,22741.27,33255
2001-10-01,4600,6855.137,8207.26,16500,21207.69,22313.6,31689
2001-10-02,4200,6689.854,7991.14,15700,20607.67,21795.44,29892
2001-10-03,4110,6388.632,7860.08,15100,19758.41,21157.13,28827
2001-10-04,4220,6028.096,7670.82,14400,19141.64,20460.31,27590
2001-10-05,4450,6017.009,7506.57,13800,18061.05,19735.82,27207
2001-10-06,4800,6061.418,7553.37,13400,18116.06,19344.54,26456
2001-10-07,4860,6263.431,7390.02,13000,17595.23,18804.12,25780
2001-10-08,4880,6400.08,7448.21,12700,17704.55,19014.09,25713
2001-10-09,4600,6515.164,7576.81,12600,17486.09,18894.07,26866
2001-10-10,4740,7022.584,8159.06,12700,17105.52,18534.5,27139
2001-10-11,4710,7119.243,8340.34,12700,16943.09,18235.42,25447
2001-10-12,4240,6855.137,8243.48,12600,16727.16,18056.21,30461
2001-10-13,3970,6434.489,8086.94,12900,16511.95,17817.55,29466
2001-10-14,3850,6028.096,7777.08,13000,16538.81,17668.55,28969
2001-10-15,3720,5689.514,7378.4,12800,16538.81,17698.34,21603
2001-10-16,3300,5476.636,7147.39,12400,16404.63,17489.93,21297
2001-10-17,3180,5299.108,7067.15,11700,15844.2,17014.54,20563
2001-10-18,3600,4963.435,6760.69,11000,15183.75,16451.81,19837
2001-10-19,3640,4933.503,6470.17,10300,14478.86,15714.42,19019
2001-10-20,3670,5114.553,6293.65,9890,13859.76,14922.06,18260
2001-10-21,3560,5165.467,6370.66,9360,13247.85,14454.56,17244
2001-10-22,3450,5074.017,6448.01,8860,12718.44,13814.3,22917
2001-10-23,3510,4913.602,6425.88,8450,12219.56,13495.32,17914
2001-10-24,3490,4775.504,6326.62,8220,11873.49,13148.23,21113
2001-10-25,3020,4765.72,6514.57,9100,12244.38,13206.02,20061
2001-10-26,2780,4736.435,6783.22,10200,12843.97,13727.23,17523
2001-10-27,3010,4486.675,6738.18,9860,13501.93,14367.07,16685
2001-10-28,4380,4795.103,6536.81,9460,13298.56,13872.38,16909
2001-10-29,6550,5917.728,6448.01,9310,13121.29,14367.07,17020
2001-10-30,7270,7650.947,7193.38,9290,12718.44,14046.77,16517
2001-10-31,6680,8749.123,8425.42,9190,12543.24,13785.27,16140
2001-11-01,6060,8898.791,9457.35,9070,12518.26,13698.22,15826
2001-11-02,5770,8177.096,9648.32,9460,12393.57,13582.24,15512
2001-11-03,6250,7638.348,9217.4,10800,12668.31,13669.22,15251
2001-11-04,6820,7463.136,8744.11,12300,13706.11,14454.56,15198
2001-11-05,6200,7790.267,8437.6,12900,14947.81,15685,15826
2001-11-06,5760,7790.267,8621.04,12600,15526.26,16777.36,16909
2001-11-07,4190,7588.065,8793.52,12100,15473.44,16718.12,17802
2001-11-08,3250,7155.673,8535.26,11500,14947.81,16274.52,17970
2001-11-09,2860,5657.305,8316.09,11200,14556.75,15773.28,17635
2001-11-10,3890,4993.464,7262.57,11100,14245.87,15361.73,17523
2001-11-11,3510,4893.745,6559.08,10900,14039.6,15127.08,16909
2001-11-12,3630,5185.908,6184.21,10400,13808.49,14892.8,16517
2001-11-13,3530,5013.538,6326.62,9650,13501.93,14629.69,16193
2001-11-14,3510,5053.814,6359.64,8680,12768.61,13988.62,16629
2001-11-15,3190,4873.93,6304.63,7830,11947.43,13003.89,16964
2001-11-16,3640,4716.964,6249.79,7490,11359.33,12514.39,15722
2001-11-17,3640,4601.047,6108.01,7430,10851.22,12026.86,14466
2001-11-18,2950,4844.289,5967.38,7370,10611.42,11769.59,13524
2001-11-19,3160,4824.582,5988.94,7270,10492.05,11598.39,13066
2001-11-20,2980,4225.802,6064.61,7130,10278.09,11427.46,12723
2001-11-21,2650,4189.218,5742.69,6930,10065.28,11114.78,12429
2001-11-22,2520,4071.497,5500.13,6770,9806.79,10916.27,12135
2001-11-23,3000,3789.372,5468.76,6700,9550.08,10633.34,11847
2001-11-24,2870,3694.898,5271.61,6620,9410.81,10407.56,11515
2001-11-25,2460,3902.675,5026.28,6410,9202.92,10266.7,11142
2001-11-26,2440,3841.444,5026.28,6180,8973.37,10069.84,10910
2001-11-27,2390,3584.894,5179.13,5980,8631.92,9761.29,10684
2001-11-28,2380,3443.729,5006.02,5770,8226.83,9453.75,10323
2001-11-29,2350,3386.486,4765.22,5560,8070.68,9175.08,10007
2001-11-30,2400,3313.643,4666.14,5480,7871.09,8869.54,9698
2001-12-01,2170,3273.542,4597.22,5450,7628.93,8620.37,9389
2001-12-02,2640,3249.607,4518.9,5360,7497.69,8482.26,9128
2001-12-03,2620,3123.542,4479.92,5210,7172.22,8399.51,8874
2001-12-04,2770,3289.551,4441.06,5030,6808.01,8014.46,8708
2001-12-05,2340,3410.956,4402.33,4930,6659.49,7604.03,8499
2001-12-06,1610,3509.781,4538.44,4840,6469.82,7304.51,8208
2001-12-07,1550,3123.542,4676.01,4750,6136.22,7114.56,7837
2001-12-08,1890,2589.194,4715.59,4670,5950.63,6817.13,7559
2001-12-09,1950,2402.61,4383,4620,5807.32,6521.05,7321
2001-12-10,1870,2533.129,3891.3,4670,5705.52,6226.35,7043
2001-12-11,2110,2540.101,3599.17,4750,5644.67,6253.08,6890
2001-12-12,2080,2561.079,3644.28,4780,5705.52,6199.63,6890
2001-12-13,2030,2717.749,3762.5,4640,5705.52,6199.63,6965
2001-12-14,2010,2409.387,3771.65,4340,5563.8,6279.83,7241
2001-12-15,1890,2362.162,3835.91,4060,5382.98,5959.7,7083
2001-12-16,1780,2322.082,3919.1,3890,5144.35,5800.3,6852
2001-12-17,1880,2288.963,3900.56,3850,4830.65,5351.17,6701
2001-12-18,1940,2422.972,3845.12,3850,4675.77,5193.56,6625
2001-12-19,1980,2416.174,3762.5,3880,4656.51,5167.34,6360
2001-12-20,1780,2443.427,3626.21,3930,4637.26,5088.77,6133
2001-12-21,1860,2477.722,3590.17,3960,4637.26,5141.14,5988
2001-12-22,1870,2422.972,3635.24,3960,4637.26,5114.94,5916
2001-12-23,1790,2395.843,3671.44,3890,4637.26,5114.94,5952
2001-12-24,1800,2375.604,3581.18,3850,4637.26,5062.6,6059
2001-12-25,1840,2315.438,3527.41,3790,4618.03,5036.45,6059
2001-12-26,1790,2275.786,3518.48,3790,4503.13,4984.2,5916
2001-12-27,1470,2308.804,3473.93,3780,4426.95,4932,5844
2001-12-28,1430,2282.37,3403.07,3780,4407.96,4905.92,5772
2001-12-29,1540,2146.265,3394.25,3760,4370.04,4853.8,5700
2001-12-30,1720,2039.365,3359.05,3710,4370.04,4801.75,5629
2001-12-31,1940,2008.481,3262.92,3670,4275.62,4749.75,5629
2002-01-01,1860,2134,3124.88,3800,4238,4620.02,5557
2002-01-02,1870,2263,3014.29,3750,4219.23,4568.23,5485
2002-01-03,1900,2322,3107.77,3720,4163.04,4490.66,5377
2002-01-04,1840,2329,3297.76,3650,4144.35,4490.66,5270
2002-01-05,1310,2329,3438.44,3570,4069.82,4542.36,5222
2002-01-06,1460,2296,3465.04,3390,3940.27,4335.94,5130
2002-01-07,1540,2083,3473.93,3310,3811.82,4233.12,5062
2002-01-08,1440,1954,3456.17,3280,3866.73,4079.36,4960
2002-01-09,1200,2008,3228.21,3360,3757.11,3875.29,4825
2002-01-10,1170,1996,3005.84,3390,3648.33,3875.29,4723
2002-01-11,1240,1852,2972.13,3500,3684.49,3977.19,4621
2002-01-12,1440,1736,2980.54,3530,3757.11,4079.36,4587
2002-01-13,1570,1811,2888.45,3480,3848.4,4130.55,4655
2002-01-14,1520,1947,2756.34,3370,3848.4,4130.55,4689
2002-01-15,1270,2046,2739.98,3240,3775.32,4079.36,4723
2002-01-16,1270,2046,2855.22,3180,3648.33,3951.69,4723
2002-01-17,1300,1917,3005.84,3130,3576.27,3900.74,4655
2002-01-18,1290,1817,3082.18,3120,3468.9,3672.33,4587
2002-01-19,1170,1794,2988.97,3060,3397.81,3571.29,4485
2002-01-20,1090,1782,2822.12,3010,3380.09,3520.87,4402
2002-01-21,1320,1708,2723.65,3000,3327.1,3495.7,4319
2002-01-22,1310,1581,2682.99,3060,3291.89,3395.17,4255
2002-01-23,1330,1619,2634.49,3100,3291.89,3420.27,4190
2002-01-24,1450,1759,2530.48,3080,3344.74,3495.7,4158
2002-01-25,1430,1765,2482.98,3060,3327.1,3495.7,4126
2002-01-26,1350,1876,2546.39,3000,3327.1,3445.4,4190
2002-01-27,1330,1917,2610.36,2940,3274.32,3445.4,4190
2002-01-28,1280,1834,2715.5,2900,3239.26,3370.09,4190
2002-01-29,1180,1770,2813.87,2800,3169.44,3294.96,4126
2002-01-30,1120,1730,2813.87,2820,3100.02,3244.97,4061
2002-01-31,1090,1630,2748.15,2800,3082.73,3195.06,3997
2002-02-01,1060,1565,2634.49,2780,3082.73,3220,3933
2002-02-02,1210,1522,2554.35,2860,3100.02,3195.06,3901
2002-02-03,1230,1490,2451.49,2890,3152.05,3195.06,3836
2002-02-04,1190,1522,2365.64,2940,3134.68,3195.06,3836
2002-02-05,1090,1581,2311.57,2950,3117.34,3220,3868
2002-02-06,1120,1543,2296.2,2900,3134.68,3269.95,3868
2002-02-07,1070,1501,2365.64,2880,3169.44,3319.98,3901
2002-02-08,1090,1459,2373.4,2800,3117.34,3319.98,3965
2002-02-09,1100,1438,2326.97,2710,3065.47,3195.06,3965
2002-02-10,1070,1403,2242.71,2660,2996.66,3095.48,3901
2002-02-11,1090,1423,2182.12,2610,2962.41,3120.34,3836
2002-02-12,1200,1413,2144.56,2630,2945.32,3120.34,3772
2002-02-13,1090,1387,2122.13,2640,2877.24,2897.33,3678
2002-02-14,1090,1449,2114.67,2630,2843.36,2651.62,3585
2002-02-15,1090,1433,2092.35,2590,2826.46,2602.76,3524
2002-02-16,1040,1382,2122.13,2560,2792.73,2602.76,3524
2002-02-17,1040,1392,2144.56,2500,2759.11,2602.76,3493
2002-02-18,967,1408,2099.78,2460,2725.6,2700.58,3462
2002-02-19,980,1377,2047.97,2430,2675.54,2676.09,3400
2002-02-20,1070,1362,2070.12,2430,2658.9,2651.62,3339
2002-02-21,1090,1332,2047.97,2450,2642.3,2651.62,3309
2002-02-22,1060,1362,2018.58,2470,2658.9,2627.18,3247
2002-02-23,1060,1387,1989.33,2460,2658.9,2651.62,3218
2002-02-24,1030,1433,1967.49,2460,2642.3,2676.09,3158
2002-02-25,895,1367,2011.25,2460,2642.3,2676.09,3128
2002-02-26,994,1332,2077.52,2450,2642.3,2676.09,3128
2002-02-27,974,1279,2040.61,2430,2642.3,2602.76,3098
2002-02-28,967,1250,1982.04,2420,2642.3,2553.99,3128
2002-03-01,1070,1274,1909.69,2430,2642.3,2505.31,3158
2002-03-02,1200,1255,1788.89,2450,2642.3,2505.31,3218
2002-03-03,1060,1284,1774.86,2460,2625.72,2505.31,3218
2002-03-04,948,1357,1767.87,2470,2642.3,2505.31,3188
2002-03-05,967,1362,1760.88,2460,2625.72,2529.64,3218
2002-03-06,820,1264,1810,2400,2609.17,2529.64,3247
2002-03-07,826,1226,1938.51,2360,2609.17,2505.31,3247
2002-03-08,1130,1170,1866.73,2320,2576.15,2432.49,3278
2002-03-09,913,1107,1739.97,2280,2543.24,2359.89,3247
2002-03-10,602,1207,1657.24,2290,2477.75,2287.52,3128
2002-03-11,707,1288,1575.94,2290,2477.75,2263.45,3098
2002-03-12,980,1067,1582.66,2330,2510.44,2287.52,3128
2002-03-13,954,965,1677.79,2350,2526.83,2239.41,3098
2002-03-14,901,1102,1602.88,2320,2526.83,2239.41,3098
2002-03-15,974,1170,1437.21,2270,2526.83,2239.41,3098
2002-03-16,980,1152,1430.72,2230,2510.44,2239.41,3128
2002-03-17,872,1152,1502.71,2190,2494.08,2263.45,3098
2002-03-18,749,1166,1529.2,2180,2380.38,2191.4,3039
2002-03-19,787,1143,1509.32,2160,2380.38,2119.59,2980
2002-03-20,974,1125,1522.56,2100,2348.15,2048.04,2921
2002-03-21,901,1116,1522.56,2060,2316.03,2024.24,2863
2002-03-22,866,1098,1469.83,2070,2316.03,2048.04,2834
2002-03-23,878,1134,1424.24,2110,2300.02,2071.86,2776
2002-03-24,942,1111,1411.31,2140,2300.02,2095.71,2747
2002-03-25,854,1071,1463.29,2160,2300.02,2071.86,2747
2002-03-26,860,1089,1482.95,2180,2284.04,2143.5,2718
2002-03-27,765,1071,1450.23,2190,2268.08,2167.44,2718
2002-03-28,744,1041,1430.72,2140,2284.04,2119.59,2747
2002-03-29,878,1007,1437.21,2140,2268.08,2095.71,2776
2002-03-30,913,1015,1398.42,2140,2300.02,2095.71,2805
2002-03-31,907,1032,1360,2220,2428.94,2143.5,2834
2002-04-01,809,1058,1328.27,2200,2559.68,2167.44,2834
2002-04-02,718,1089,1290.56,2180,2428.94,2215.39,2892
2002-04-03,815,1028,1328.27,2180,2348.15,2119.59,2950
2002-04-04,854,940,1411.31,2160,2348.15,2119.59,2980
2002-04-05,787,911,1417.77,2160,2316.03,2071.86,2950
2002-04-06,712,952,1379.16,2150,2300.02,2071.86,2921
2002-04-07,798,928,1328.27,2140,2284.04,2071.86,2863
2002-04-08,798,868,1321.96,2120,2284.04,2048.04,2863
2002-04-09,739,852,1321.96,2120,2268.08,2071.86,2834
2002-04-10,770,876,1278.07,2110,2284.04,2095.71,2834
2002-04-11,744,868,1228.56,2100,2300.02,2095.71,2776
2002-04-12,733,856,1234.71,2090,2300.02,2024.24,2834
2002-04-13,792,883,1240.87,2060,2284.04,2024.24,2805
2002-04-14,987,911,1234.71,2040,2252.16,1976.74,2776
2002-04-15,1080,936,1247.04,2020,2236.26,1929.36,2776
2002-04-16,1090,981,1259.42,2010,2172.98,1787.95,2776
2002-04-17,1110,1015,1284.31,2000,2125.83,1694.31,2718
2002-04-18,1020,1058,1340.93,1990,2094.54,1764.49,2604
2002-04-19,924,1152,1424.24,1980,2063.39,1764.49,2547
2002-04-20,907,1111,1515.93,1980,2047.85,1764.49,2577
2002-04-21,883,1024,1562.54,2000,2078.95,1764.49,2604
2002-04-22,878,956,1549.17,2010,2094.54,1717.67,2604
2002-04-23,919,936,1482.95,2060,2125.83,1717.67,2547
2002-04-24,854,924,1391.99,2120,2157.23,1764.49,2604
2002-04-25,1140,948,1334.6,2190,2172.98,1834.96,2632
2002-04-26,1280,932,1315.66,2230,2252.16,2071.86,2718
2002-04-27,1170,994,1321.96,2270,2316.03,2143.5,2805
2002-04-28,1010,1180,1321.96,2270,2300.02,2191.4,2805
2002-04-29,974,1217,1340.93,2240,2348.15,2191.4,2921
2002-04-30,967,1116,1463.29,2180,2380.38,2191.4,2950
2002-05-01,1010,1019,1609.64,2140,2380.38,2239.41,2980
2002-05-02,1230,985,1629.98,2110,2412.72,2239.41,2921
2002-05-03,1340,985,1549.17,2150,2380.38,2335.74,2863
2002-05-04,1130,1098,1437.21,2160,2364.25,2263.45,2892
2002-05-05,878,1207,1430.72,2190,2332.08,2215.39,2863
2002-05-06,987,1184,1489.53,2260,2348.15,2311.62,2834
2002-05-07,1050,1024,1569.23,2330,2332.08,2191.4,2892
2002-05-08,1150,985,1684.66,2310,2412.72,2311.62,2863
2002-05-09,1120,1089,1616.41,2260,2445.18,2408.26,2805
2002-05-10,1170,1293,1469.83,2230,2461.45,2359.89,2863
2002-05-11,1240,1433,1482.95,2270,2445.18,2408.26,3039
2002-05-12,1360,1423,1657.24,2280,2461.45,2359.89,3128
2002-05-13,1450,1464,2174.59,2380,2494.08,2408.26,3158
2002-05-14,1780,1619,2388.94,2500,2576.15,2456.74,3247
2002-05-15,2270,1811,2459.35,2610,2742.34,2651.62,3247
2002-05-16,2530,2185,2594.31,2700,2877.24,2848.01,3247
2002-05-17,2760,2865,2855.22,3070,2996.66,3045.82,3431
2002-05-18,2240,3338,3835.91,3620,3186.86,3269.95,3678
2002-05-19,2410,3627,4845.02,4170,3684.49,3849.86,3804
2002-05-20,3360,3602,5230.44,4600,4294.46,4516.5,3933
2002-05-21,3680,3729,5385.44,4890,4869.58,5272.3,4319
2002-05-22,3760,4281,5302.57,5270,5124.59,5562.05,4893
2002-05-23,3230,4439,5447.89,6040,5483.24,6119.55,5342
2002-05-24,2550,4253,5924.35,6550,6177.67,6790.16,5772
2002-05-25,2180,3885,5988.94,6720,6786.74,7685.94,6247
2002-05-26,1960,3330,5870.71,6770,7367.05,8344.39,6965
2002-05-27,2260,2955,5531.55,7000,7388.78,8537.48,7599
2002-05-28,2580,2835,5016.15,7470,7738.76,7604.03,8041
2002-05-29,2580,2924,4676.01,7940,8026.21,9147.26,8624
2002-05-30,2370,3218,4518.9,7990,8316.41,9370.06,8958
2002-05-31,2320,3314,4725.5,7760,8383.75,9509.59,9345
2002-06-01,2050,3322,4955.51,7690,8226.83,9621.37,9345
2002-06-02,1910,3202,4965.6,7540,8026.21,9175.08,9345
2002-06-03,1730,2970,4885.1,7380,7871.09,8980.52,9128
2002-06-04,1800,2791,4755.28,7400,7738.76,8814.11,8958
2002-06-05,2010,2747,4548.21,7990,7981.81,8897.27,8874
2002-06-06,1960,2682,4354.07,9120,8609.28,9817.32,8958
2002-06-07,1960,2725,4296.42,9860,9947.57,10887.94,9214
2002-06-08,1930,2740,4306.01,9990,10611.42,11741.04,10227
2002-06-09,1750,2675,4354.07,9990,10659.27,11883.86,11327
2002-06-10,1600,2632,4334.82,10600,10851.22,11883.86,11800
2002-06-11,1610,2498,4286.84,11600,11676.92,12600.63,11847
2002-06-12,2000,2703,4248.58,13300,12668.31,13466.36,12380
2002-06-13,1990,3798,4229.5,15000,14194.23,14980.61,13367
2002-06-14,2320,3669,4134.55,15500,15473.44,16481.38,14780
2002-06-15,1970,3686,4479.92,15700,16163.82,17073.89,16297
2002-06-16,1930,3755,5615.67,15000,15897.35,17192.66,17188
2002-06-17,2260,3362,5521.07,13600,15210.03,16570.12,17244
2002-06-18,1980,3077,5406.23,12900,14065.34,15508.58,16797
2002-06-19,1940,3108,4995.91,12700,13171.87,14512.91,15983
2002-06-20,2070,3108,4695.78,12700,12894.28,14250.51,15041
2002-06-21,2180,3023,4666.14,12500,12969.83,14396.23,15094
2002-06-22,2170,3000,4636.56,12000,13146.57,15039.18,16140
2002-06-23,2470,3023,4558,11200,12969.83,15626.17,17747
2002-06-24,2970,2924,4518.9,11200,12718.44,15332.38,20563
2002-06-25,3320,3038,4509.15,11800,12593.23,14951.33,21175
2002-06-26,3480,3403,4431.37,13200,12995.04,14746.56,19720
2002-06-27,3180,3885,4518.9,14300,14349.3,15596.76,18143
2002-06-28,2960,4318,4945.43,15400,15183.75,16451.81,17691
2002-06-29,3330,4337,5710.84,14900,15844.2,17103.58,18143
2002-06-30,3760,4189,5967.38,14100,15552.69,16925.56,19311
2002-07-01,3670,4337,5849.3,13800,14764.98,16244.99,18668
2002-07-02,3190,5299,5795.91,14200,14478.86,15773.28,17467
2002-07-03,3610,6538,6108.01,15700,15738.03,17489.93,16909
2002-07-04,4180,5679,7576.81,18000,17759.27,20067.55,22530
2002-07-05,3900,6162,7401.65,21000,22072.65,23476.34,24014
2002-07-06,4090,6117,7227.94,22700,25560.62,27280.09,30390
2002-07-07,4500,7253,7424.92,24400,26559.69,27810.37,36094
2002-07-08,5240,9342,7812.61,26100,27568.74,28623.4,37950
2002-07-09,5130,8534,9814.93,26700,29334.63,30382.67,39978
2002-07-10,5620,9725,9444.67,26500,29804.09,30950.44,42793
2002-07-11,5830,9147,9879.28,26900,30527.71,31487.66,44668
2002-07-12,6610,11246,9737.91,27200,30370.02,31361.17,45540
2002-07-13,8200,11449,9546.3,27100,29584.77,30351.16,43986
2002-07-14,8380,12392,11183.74,26200,28370.66,29219.07,40708
2002-07-15,7950,12953,11644.86,25100,27292.57,28686.05,38437
2002-07-16,7840,14487,11960.53,24800,26255.88,27435.94,37869
2002-07-17,8620,14416,12642.97,25500,25530.5,26533.29,37707
2002-07-18,8060,14257,12727.45,26300,25651.03,26409.04,36016
2002-07-19,6920,13580,12600.8,26700,25952.99,26533.29,34240
2002-07-20,5840,12555,12279.18,26700,25892.53,26502.22,33255
2002-07-21,5580,13392,11836.65,26600,26134.62,26626.53,32430
2002-07-22,7020,16264,12474.6,26100,25952.99,26626.53,32134
2002-07-23,7900,15777,13843.78,25200,25500.39,26191.74,31838
2002-07-24,7590,14917,13568.79,24800,24750.74,25633.82,31320
2002-07-25,6800,13769,13067.38,24700,24571.7,25293.5,30745
2002-07-26,6080,12523,12404.68,24600,24452.54,25200.76,30248
2002-07-27,6420,11653,11713.23,24400,24422.77,25200.76,29750
2002-07-28,7670,11685,11103.06,24000,24691.03,25695.75,29679
2002-07-29,9010,12180,11170.28,24500,25319.94,26471.16,34391
2002-07-30,9200,12837,11508.55,25600,27722.49,28717.37,37545
2002-07-31,8380,13341,11919.18,26700,29085.06,29658.8,40383
2002-08-01,7160,12987,12168.01,27200,28929.36,29344.64,40545
2002-08-02,7650,13804,11988.12,27500,28401.62,28905.4,38842
2002-08-03,10500,16952,12432.63,27600,28494.57,28968.11,37302
2002-08-04,10700,16170,13858.31,27400,28463.58,29062.19,37788
2002-08-05,9710,15926,13669.88,27600,28154.17,28623.4,37788
2002-08-06,8620,16019,13511.15,28700,28463.58,28780.04,36977
2002-08-07,8260,16359,13554.37,30200,29365.87,29407.44,38113
2002-08-08,7570,14809,13655.42,29900,30338.5,30130.69,39167
2002-08-09,6450,13443,13010.51,32200,30907.06,30697.96,39978
2002-08-10,5880,11827,12168.01,32700,31287.63,31108.35,41275
2002-08-11,5880,10984,11427.04,32900,31382.97,31203.13,42111
2002-08-12,6760,10984,10649.78,32500,31255.87,31076.76,42196
2002-08-13,8750,11590,10583.69,31700,31002.09,31234.73,44242
2002-08-14,9630,13375,10928.95,30900,31128.91,31487.66,50301
2002-08-15,10600,14827,12001.92,30300,31255.87,32247.71,51673
2002-08-16,10800,15061,12769.77,29600,31319.4,32247.71,54569
2002-08-17,10500,15536,12967.91,29000,30338.5,31487.66,54190
2002-08-18,11400,18921,13167.13,29400,31669.43,32247.71,53152
2002-08-19,12200,20943,15022.94,30200,32276.41,33009.63,56498
2002-08-20,12700,19897,15960.1,31100,33661.2,34124.03,58441
2002-08-21,12000,18575,15504.12,32000,34864.89,34858.43,61039
2002-08-22,10100,17536,14963.18,32700,34995.68,34922.36,62845
2002-08-23,8130,16644,14695.27,32600,35061.13,34762.54,63049
2002-08-24,7110,15079,14443.83,32200,34766.88,34411.21,61938
2002-08-25,6910,13020,13684.34,31600,33823.21,33614.11,58441
2002-08-26,6230,11780,12474.6,31100,33111.9,32818.97,55051
2002-08-27,5720,11169,11617.55,30700,32564.98,32406.29,52222
2002-08-28,5680,10263,11197.21,30000,32436.65,32216,48837
2002-08-29,6290,10175,10995.8,29000,31892.7,32025.83,47214
2002-08-30,5620,10426,10822.3,28100,30970.4,31203.13,46069
2002-08-31,5140,9883,10716.02,27600,30970.4,30950.44,46069
2002-09-01,4540,9161,10465.09,27500,30559.28,30792.62,44668
2002-09-02,4320,8229,10047.28,27200,30181.06,30382.67,43560
2002-09-03,4080,7689,10242.38,26900,30149.6,30256.65,43304
2002-09-04,3960,7327,10099.18,26500,30275.5,30319.66,43730
2002-09-05,3930,7035,10478.25,26000,30338.5,30508.75,45452
2002-09-06,4050,6796,10636.55,26100,30181.06,28466.86,46069
2002-09-07,3530,6702,10755.83,26400,30307,30477.22,45276
2002-09-08,3680,6608,10099.18,26600,30307,30414.19,44668
2002-09-09,3650,6400,9648.32,26700,31192.37,31203.13,44583
2002-09-10,3440,6320,9229.97,26400,32436.65,32882.51,47654
2002-09-11,3540,6241,8645.61,25300,31828.86,32755.45,51124
2002-09-12,3500,6050,8243.48,23800,30149.6,31171.53,52222
2002-09-13,3380,5973,7860.08,22700,28370.66,29438.85,50758
2002-09-14,3240,5841,7635.52,21600,26956.02,28060.27,46509
2002-09-15,3340,5743,7506.57,20900,25983.24,26595.44,42196
2002-09-16,3440,5907,7401.65,21500,25922.75,26595.44,38680
2002-09-17,3760,6162,7553.37,22000,27691.72,28185.31,40951
2002-09-18,3230,6140,7991.14,21600,28123.27,29030.83,46773
2002-09-19,3330,6117,7979.19,21000,27200.67,28216.58,48196
2002-09-20,3360,5830,8147.02,20700,26590.13,27935.29,46509
2002-09-21,3210,5487,7848.2,22300,26864.42,27810.37,47214
2002-09-22,3100,5372,7659.05,25000,28804.95,28999.47,48654
2002-09-23,2980,5206,7424.92,26600,30654.02,30288.15,50667
2002-09-24,2860,5034,7147.39,26500,31478.38,31171.53,51490
2002-09-25,2720,4874,6953.08,25300,31160.64,30792.62,51033
2002-09-26,2550,4688,6682.03,23000,30275.5,30099.2,49660
2002-09-27,2480,4468,6448.01,20700,28339.71,28936.76,47922
2002-09-28,2860,4383,6282.68,19000,26498.86,27435.94,43815
2002-09-29,3430,4207,6118.87,17500,25319.94,26253.8,39005
2002-09-30,3250,3947,6086.3,16500,23947.77,25200.76,36250
2002-10-01,3710,5309,6315.62,15400,22888.07,24121.51,34544
2002-10-02,4310,5278,6749.43,14600,21898.93,23139.13,33331
2002-10-03,4090,6061,6896.3,13900,20949.98,22283.09,31173
2002-10-04,3780,6423,7181.87,13600,20210.18,21704.13,29679
2002-10-05,4180,6275,7670.82,13600,19814.73,21096.44,28045
2002-10-06,4280,6106,7623.76,13500,19645.89,20762.98,26797
2002-10-07,3990,6389,7506.57,13500,19674,21126.78,26866
2002-10-08,3730,6389,7600.27,13800,19421.35,20702.41,27139
2002-10-09,3480,5918,7659.05,13900,19393.33,20551.06,26661
2002-10-10,3200,5477,7331.99,13800,19225.44,20430.07,26119
2002-10-11,3150,5054,6941.71,13400,19030.05,20248.72,25114
2002-10-12,3070,4668,6592.53,13000,18613.14,19916.69,24401
2002-10-13,2820,4477,6271.71,12400,18143.58,19464.85,23627
2002-10-14,2740,4318,6042.96,11600,17431.59,18834.1,22853
2002-10-15,2680,4054,5881.42,10900,16646.37,18056.21,21848
2002-10-16,2570,3920,5657.9,10200,15844.2,17252.07,20930
2002-10-17,2510,3798,5447.89,9520,14947.81,16481.38,20318
2002-10-18,2600,3669,5302.57,8980,14375.19,15861.61,19661
2002-10-19,2480,3577,5179.13,8500,13782.88,15273.69,19369
2002-10-20,2360,3577,5066.88,8100,13222.51,14717.34,18668
2002-10-21,2280,3535,4965.6,7710,12593.23,14104.95,18493
2002-10-22,2430,3427,4955.51,7470,12194.76,13988.62,18084
2002-10-23,2520,3314,4895.13,7260,11824.27,13350.59,17355
2002-10-24,2460,3419,4795.09,7090,11554.5,12917.37,16517
2002-10-25,2360,3577,4845.02,6940,11189.28,12485.65,15826
2002-10-26,2430,3501,4895.13,6830,10899.34,12170.04,14989
2002-10-27,2370,3427,5016.15,6770,10683.21,11883.86,14466
2002-10-28,2630,3460,5056.72,6680,10468.22,11769.59,14361
2002-10-29,2850,3354,5209.89,6700,10444.4,11826.71,14204
2002-10-30,2880,3738,5292.25,6830,10396.81,11598.39,13785
2002-10-31,2890,3947,5271.61,6920,10278.09,11512.89,13576
2002-11-01,2780,4009,5385.44,7050,10183.36,11455.93,13576
2002-11-02,2370,3964,5605.13,7200,10159.72,11427.46,13524
2002-11-03,2410,3850,5679.05,7260,10207.02,11370.54,13367
2002-11-04,2700,3619,5573.56,7290,10183.36,11256.79,13066
2002-11-05,2670,3678,5323.25,7350,9713.23,11029.66,12772
2002-11-06,2760,3868,5138.21,7540,10065.28,11199.97,12625
2002-11-07,2560,3903,5189.37,7510,10065.28,11114.78,12674
2002-11-08,2440,3938,5302.57,7380,10112.47,11171.56,12527
2002-11-09,2320,3850,5343.95,6960,9806.79,11029.66,12478
2002-11-10,2020,3661,5343.95,6640,9457.17,10605.09,12527
2002-11-11,2110,3314,5179.13,6530,9110.91,10266.7,12331
2002-11-12,2000,3234,4995.91,6510,8881.97,9985.59,11895
2002-11-13,1870,3147,4785.13,6470,8790.83,9929.46,11467
2002-11-14,1860,3054,4567.79,6430,8631.92,9789.3,11374
2002-11-15,1760,2947,4450.77,6320,8541.46,9677.32,11234
2002-11-16,1750,2857,4344.44,6140,8406.24,9537.53,11049
2002-11-17,1800,2813,4267.69,5820,8137.51,9314.31,10910
2002-11-18,1820,2783,4248.58,5580,7760.77,8925.01,10588
2002-11-19,1720,2887,4191.43,5360,7694.78,8675.68,10271
2002-11-20,1720,2917,4153.48,5190,7301.95,8399.51,10007
2002-11-21,1680,2835,4191.43,5080,7086.08,8151.76,9654
2002-11-22,1760,2747,4210.45,5020,6935.98,7932.2,9433
2002-11-23,1730,2682,4153.48,4910,6808.01,7795.29,9085
2002-11-24,1690,2675,4068.55,4890,6680.66,7685.94,8958
2002-11-25,1720,2653,3946.97,4890,6596.11,7604.03,9128
2002-11-26,1830,2610,3909.82,4910,6553.94,7440.5,8874
2002-11-27,2320,2653,3882.05,4840,6575.02,7467.73,8583
2002-11-28,3700,2917,3854.34,4760,6575.02,7522.22,8416
2002-11-29,3770,3298,3900.56,4690,6448.84,7358.87,8499
2002-11-30,3140,4815,4239.04,4620,6406.92,7250.18,8458
2002-12-01,2700,4815,5427.05,4560,6260.78,7168.77,8291
2002-12-02,2310,4263,6216.97,4540,5848.17,6817.13,8208
2002-12-03,2020,3798,5945.85,4520,5930.1,6817.13,7958
2002-12-04,1720,3395,5510.6,4840,5991.74,6736.24,7797
2002-12-05,1520,3085,5046.57,5800,6053.55,6817.13,7718
2002-12-06,1510,2798,4745.34,6600,6532.89,7223.03,7638
2002-12-07,1550,2610,4402.33,6660,7367.05,8179.25,7718
2002-12-08,1530,2505,4087.37,6410,7782.8,8620.37,8291
2002-12-09,1610,2478,3826.7,5960,7367.05,8509.87,8874
2002-12-10,1740,2450,3716.87,5520,6617.22,8041.9,9042
2002-12-11,1800,2450,3608.18,5140,6575.02,7549.48,8749
2002-12-12,1920,2561,3572.2,4800,6032.93,6979.2,8458
2002-12-13,1830,2639,3590.17,4500,5583.99,6494.2,8000
2002-12-14,1660,2783,3698.68,4310,5164.13,6039.57,7440
2002-12-15,1550,2725,3826.7,4140,4947.68,5720.77,7043
2002-12-16,1530,2554,3974.91,4020,4733.7,5482.87,6738
2002-12-17,1520,2430,3928.38,3980,4637.26,5246.04,6436
2002-12-18,1530,2355,3753.36,4000,4560.49,5167.34,6209
2002-12-19,1520,2329,3590.17,4070,4484.05,5062.6,6059
2002-12-20,1570,2315,3491.72,4190,4503.13,5088.77,5988
2002-12-21,1480,2282,3420.74,4280,4791.81,5272.3,5988
2002-12-22,1390,2289,3394.25,4220,5382.98,5036.45,5952
2002-12-23,1310,2237,3376.64,4120,4714.37,5377.48,6247
2002-12-24,1240,2134,3350.27,3980,4407.96,5167.34,6360
2002-12-25,1230,2052,3323.98,3900,4313.32,4801.75,5988
2002-12-26,1340,2033,3228.21,3800,4200.48,4594.11,5808
2002-12-27,1520,2237,3124.88,3750,4200.48,4620.02,5593
2002-12-28,1560,2526,3236.88,3700,4125.69,4516.5,5485
2002-12-29,1550,2617,3420.74,3690,4088.42,4439.03,5449
2002-12-30,1520,2498,3707.77,3670,4051.25,4335.94,5342
2002-12-31,1440,2416,3854.34,3670,4014.16,4284.5,5270
2003-01-01,1340,2343,3771.65,3850,3977.17,4335.94,5666
2003-01-02,1250,2284,3662.38,3860,3940.27,4284.5,5587
2003-01-03,1400,2154,3554.26,4020,3885.08,4233.12,5626
2003-01-04,1620,2109,3429.58,4190,4032.7,4310.21,5547
2003-01-05,1580,2297,3306.49,4310,4144.35,4542.36,5429
2003-01-06,1950,2384,3271.62,4280,4256.8,4645.93,5547
2003-01-07,2770,2698,3394.25,4190,4332.21,4801.75,5745
2003-01-08,3000,3244,3590.17,4070,4200.48,4749.75,5745
2003-01-09,2230,3537,3984.24,3980,4163.04,4671.87,5785
2003-01-10,1790,3638,4616.87,3880,4032.7,4464.84,5785
2003-01-11,1570,3300,4985.8,3820,4032.7,4387.45,5705
2003-01-12,1450,2763,5006.02,3850,3995.66,4361.69,5547
2003-01-13,1420,2411,4616.87,4020,3940.27,4207.45,5469
2003-01-14,1400,2238,4144.01,4480,3995.66,4284.5,5312
2003-01-15,1340,2160,3762.5,4970,4275.62,4516.5,5235
2003-01-16,1280,2103,3482.82,5240,4656.51,5141.14,5274
2003-01-17,1280,2034,3315.23,4970,4791.81,5614.91,5508
2003-01-18,1320,1961,3228.21,4810,5085.14,5800.3,5986
2003-01-19,1280,1924,3133.44,4530,5006.47,5667.81,6477
2003-01-20,1160,1918,3022.74,4210,4714.37,5351.17,6602
2003-01-21,1140,1888,2963.72,3960,4426.95,4958.09,6602
2003-01-22,1100,1783,2938.56,3780,4275.62,4671.87,6353
2003-01-23,1090,1714,2930.18,3660,3903.45,4413.23,5905
2003-01-24,1110,1664,2846.93,3560,3995.66,4156.16,5705
2003-01-25,1080,1620,2650.62,3460,3793.56,4028.24,5351
2003-01-26,1070,1614,2642.55,3410,3540.39,3875.29,5196
2003-01-27,1050,1592,2586.3,3360,3468.9,3773.67,5043
2003-01-28,1070,1571,2554.35,3320,3380.09,3672.33,4853
2003-01-29,1020,1549,2522.54,3260,3327.1,3647.05,4741
2003-01-30,1020,1539,2482.98,3180,3309.48,3596.52,4592
2003-01-31,1070,1533,2451.49,3120,3186.86,3470.54,4518
2003-02-01,1060,1496,2420.15,3080,3082.73,3445.4,4444
2003-02-02,1030,1496,2396.73,3050,3013.82,3220,4408
2003-02-03,965,1486,2365.64,3000,3031.01,3220,4299
2003-02-04,920,1470,2334.69,2990,3031.01,3319.98,4155
2003-02-05,899,1413,2334.69,2980,2996.66,3120.34,4083
2003-02-06,971,1363,2319.26,2950,2928.27,3195.06,4083
2003-02-07,1140,1348,2280.87,2900,2894.22,3145.23,4048
2003-02-08,1280,1393,2182.12,2900,2877.24,3045.82,4012
2003-02-09,1280,1507,2122.13,2890,2860.29,3070.64,3941
2003-02-10,1420,1571,2114.67,2890,2877.24,3145.23,3941
2003-02-11,1250,1714,2182.12,2860,2996.66,3021.02,3977
2003-02-12,1090,1771,2451.49,2830,3065.47,2996.24,4012
2003-02-13,1100,1726,2666.79,2810,2826.46,3095.48,3906
2003-02-14,1130,1560,2797.39,2760,2792.73,3120.34,3906
2003-02-15,1110,1512,2830.38,2750,2775.91,2922.03,3906
2003-02-16,1070,1544,2707.36,2780,2708.89,2922.03,3871
2003-02-17,988,1523,2554.35,2880,2725.6,2848.01,3836
2003-02-18,971,1475,2490.87,3040,2809.58,2872.66,3801
2003-02-19,960,1403,2451.49,3140,2928.27,3045.82,3767
2003-02-20,915,1353,2396.73,3220,2996.66,3220,3767
2003-02-21,1000,1318,2288.53,3180,3082.73,3319.98,3871
2003-02-22,1040,1294,2182.12,3110,3152.05,3395.17,4012
2003-02-23,1070,1309,2092.35,3040,3152.05,3370.09,4119
2003-02-24,1060,1333,2055.35,2980,3082.73,3294.96,4155
2003-02-25,1030,1348,2040.61,2930,2979.52,3244.97,4155
2003-02-26,931,1348,2040.61,2890,2928.27,3145.23,4083
2003-02-27,830,1328,2077.52,2830,2860.29,3070.64,4012
2003-02-28,851,1265,2099.78,2750,2826.46,3045.82,4012
2003-03-01,877,1185,2077.52,2710,2742.34,2848.01,3941
2003-03-02,888,1153,2040.61,2670,2675.54,2798.78,3906
2003-03-03,825,1153,1916.88,2650,2609.17,2725.1,3801
2003-03-04,851,1143,1831.2,2670,2592.64,2700.58,3698
2003-03-05,825,1348,1810,2670,2576.15,2676.09,3595
2003-03-06,835,1098,1795.92,2650,2576.15,2725.1,3526
2003-03-07,835,1072,1760.88,2640,2559.68,2700.58,3560
2003-03-08,867,1067,1726.08,2580,2510.44,2651.62,3560
2003-03-09,872,1072,1698.42,2480,2494.08,2627.18,3560
2003-03-10,877,1085,1677.79,2450,2477.75,2505.31,3225
2003-03-11,851,1107,1670.93,2400,2445.18,2481.01,3459
2003-03-12,861,1121,1684.66,2400,2396.54,2456.74,3392
2003-03-13,815,1112,1705.32,2390,2332.08,2359.89,3292
2003-03-14,846,1121,1733.02,2390,2348.15,2311.62,3292
2003-03-15,830,1121,1739.97,2370,2316.03,2287.52,3292
2003-03-16,899,1134,1774.86,2390,2300.02,2287.52,3258
2003-03-17,931,1134,1753.9,2400,2332.08,2287.52,3258
2003-03-18,861,1130,1746.93,2410,2428.94,2263.45,3192
2003-03-19,872,1157,1746.93,2420,2461.45,2481.01,3127
2003-03-20,867,1130,1726.08,2470,2396.54,2432.49,3160
2003-03-21,893,1094,1753.9,2490,2428.94,2481.01,3225
2003-03-22,882,1094,1760.88,2510,2477.75,2456.74,3258
2003-03-23,810,1139,1733.02,2510,2494.08,2505.31,3225
2003-03-24,830,1157,1726.08,2470,2461.45,2481.01,3292
2003-03-25,937,1134,1760.88,2450,2445.18,2505.31,3292
2003-03-26,846,1094,1802.96,2510,2428.94,2505.31,3292
2003-03-27,846,1112,1788.89,2520,2428.94,2529.64,3258
2003-03-28,867,1085,1760.88,2520,2445.18,2529.64,3258
2003-03-29,861,1076,1719.15,2520,2461.45,2553.99,3392
2003-03-30,856,1090,1719.15,2520,2477.75,2578.36,3325
2003-03-31,841,1085,1698.42,2520,2494.08,2627.18,3325
2003-04-01,835,1067,1705.32,2540,2477.75,2651.62,3459
2003-04-02,800,1063,1712.23,2540,2510.44,2725.1,3425
2003-04-03,780,1037,1691.54,2540,2494.08,2700.58,3392
2003-04-04,785,990,1664.08,2510,2510.44,2627.18,3459
2003-04-05,856,961,1636.78,2490,2494.08,2602.76,3459
2003-04-06,846,949,1609.64,2440,2477.75,2651.62,3392
2003-04-07,841,961,1555.85,2440,2445.18,2676.09,3358
2003-04-08,825,994,1515.93,2440,2428.94,2651.62,3358
2003-04-09,775,986,1509.32,2440,2428.94,2651.62,3425
2003-04-10,765,969,1529.2,2440,2396.54,2651.62,3392
2003-04-11,770,949,1522.56,2420,2364.25,2602.76,3392
2003-04-12,746,936,1509.32,2370,2332.08,2578.36,3425
2003-04-13,713,940,1496.11,2360,2316.03,2529.64,3425
2003-04-14,761,892,1482.95,2360,2300.02,2408.26,3392
2003-04-15,775,884,1476.39,2360,2284.04,2359.89,3325
2003-04-16,741,896,1463.29,2360,2268.08,2311.62,3225
2003-04-17,825,920,1417.77,2350,2252.16,2287.52,3160
2003-04-18,960,973,1404.86,2330,2284.04,2287.52,3062
2003-04-19,915,1024,1437.21,2400,2316.03,2335.74,3062
2003-04-20,882,1130,1489.53,2410,2316.03,2359.89,3030
2003-04-21,820,1162,1522.56,2410,2316.03,2481.01,3030
2003-04-22,835,1112,1582.66,2400,2300.02,2456.74,3127
2003-04-23,681,1063,1664.08,2370,2236.26,2335.74,3160
2003-04-24,599,1024,1705.32,2350,2204.56,2239.41,3192
2003-04-25,650,957,1650.41,2360,2252.16,2335.74,3258
2003-04-26,704,833,1589.39,2390,2332.08,2359.89,3292
2003-04-27,727,810,1529.2,2440,2316.03,2384.06,3192
2003-04-28,820,841,1424.24,2450,2316.03,2456.74,3127
2003-04-29,790,876,1340.93,2470,2332.08,2553.99,3192
2003-04-30,746,900,1328.27,2470,2348.15,2456.74,3192
2003-05-01,820,916,1360,2440,2380.38,2529.64,3258
2003-05-02,882,904,1372.76,2390,2364.25,2578.36,3292
2003-05-03,835,920,1404.86,2330,2396.54,2578.36,3392
2003-05-04,846,965,1391.99,2240,2348.15,2529.64,3526
2003-05-05,994,986,1372.76,2240,2300.02,2481.01,3459
2003-05-06,1050,969,1404.86,2280,2284.04,2456.74,3493
2003-05-07,1040,1046,1430.72,2310,2268.08,2311.62,3493
2003-05-08,942,1121,1417.77,2330,2252.16,2263.45,3292
2003-05-09,977,1130,1443.72,2340,2204.56,2335.74,3225
2003-05-10,1040,1072,1535.84,2340,2236.26,2335.74,3192
2003-05-11,1130,1046,1609.64,2330,2252.16,2384.06,3225
2003-05-12,1110,1090,1609.64,2340,2252.16,2432.49,3225
2003-05-13,1090,1185,1549.17,2340,2236.26,2239.41,3258
2003-05-14,1000,1255,1549.17,2370,2348.15,2335.74,3392
2003-05-15,1010,1232,1636.78,2470,2316.03,2311.62,3325
2003-05-16,1060,1176,1746.93,2600,2268.08,2311.62,3192
2003-05-17,1020,1162,1831.2,2650,2348.15,2384.06,3392
2003-05-18,909,1176,1795.92,2600,2396.54,2456.74,3392
2003-05-19,810,1180,1719.15,2540,2461.45,2553.99,3526
2003-05-20,888,1081,1712.23,2580,2510.44,2627.18,3663
2003-05-21,899,1007,1726.08,2640,2609.17,2749.64,4371
2003-05-22,1030,1016,1705.32,2690,2642.3,3095.48,4891
2003-05-23,1200,1016,1609.64,2740,2658.9,2996.24,4666
2003-05-24,1200,1103,1496.11,2750,2775.91,3120.34,4929
2003-05-25,1180,1251,1489.53,2830,2860.29,3345.02,5005
2003-05-26,1140,1333,1529.2,3000,2860.29,3244.97,5235
2003-05-27,1180,1328,1670.93,3140,2979.52,3621.77,5351
2003-05-28,1150,1299,1838.29,3200,3415.54,4413.23,5785
2003-05-29,1100,1279,1945.74,3140,3684.49,4490.66,6602
2003-05-30,1040,1265,1974.76,3040,3451.09,4233.12,8248
2003-05-31,1040,1236,1974.76,3050,3630.28,3900.74,8159
2003-06-01,1040,1208,2062.73,3160,3848.4,4827.77,7540
2003-06-02,1080,1176,2152.05,3340,4219.23,5562.05,7628
2003-06-03,1200,1203,2107.22,3850,4733.7,6279.83,10493
2003-06-04,1310,1275,2084.93,4410,5343.01,6628.55,13537
2003-06-05,1380,1403,2174.59,5030,5644.67,6844.11,13379
2003-06-06,1500,1560,2235.1,5600,5991.74,6925.13,12238
2003-06-07,1780,1642,2265.58,5920,6323.3,7331.68,10541
2003-06-08,1910,1681,2373.4,5910,6344.18,7386.07,9867
2003-06-09,1720,1806,2578.3,5620,6448.84,7304.51,9489
2003-06-10,1580,1936,2666.79,5390,5950.63,7114.56,9069
2003-06-11,1460,1883,2731.81,5220,5685.22,6574.78,8977
2003-06-12,1450,1737,2938.56,4900,5503.36,6494.2,8428
2003-06-13,1470,1614,3039.68,4570,5303.12,6333.35,8025
2003-06-14,1640,1571,2946.94,4350,4869.58,5853.38,7847
2003-06-15,1770,1598,2772.73,4190,4618.03,5403.81,7803
2003-06-16,2110,1731,2626.44,4300,4484.05,5141.14,7540
2003-06-17,2570,1955,2658.7,4700,4560.49,5272.3,7109
2003-06-18,3030,2225,2830.38,5210,4811.22,5667.81,6854
2003-06-19,3050,2598,3228.21,5700,5889.1,5351.17,7152
2003-06-20,3060,2987,3563.23,6240,6575.02,7631.33,8025
2003-06-21,3070,3102,3919.1,6790,7000.21,8206.75,9630
2003-06-22,2650,3056,4412,7230,7432.29,8786.4,10639
2003-06-23,2620,3048,4626.71,7920,7937.47,9063.85,10835
2003-06-24,2660,2919,4795.09,9160,8316.41,9370.06,11579
2003-06-25,2460,2859,4915.23,9940,9410.81,10605.09,11780
2003-06-26,2540,2889,4616.87,9820,10207.02,11455.93,11780
2003-06-27,2870,2763,4441.06,9200,10420.6,11798.14,12752
2003-06-28,3060,2778,4392.66,8640,9924.07,11228.38,13537
2003-06-29,2970,3267,4296.42,8330,9225.95,10633.34,13908
2003-06-30,3010,3976,4344.44,8550,8950.49,10210.41,13116
2003-07-01,3300,4302,5158.65,9270,9042.07,10238.55,12340
2003-07-02,3580,3914,6227.9,9990,9853.66,10718.14,11831
2003-07-03,3920,4074,6086.3,9580,10539.76,11427.46,12856
2003-07-04,4080,4284,5827.92,9160,10373.04,11655.43,14824
2003-07-05,4040,4414,5892.14,9580,9924.07,11256.79,14553
2003-07-06,3940,4414,5999.73,9890,9994.61,11058.02,13855
2003-07-07,3780,4367,6042.96,9610,10207.02,11342.09,13326
2003-07-08,3740,4256,6021.33,9250,10065.28,11285.22,13274
2003-07-09,4000,4092,6032.14,9090,9736.6,10972.95,13169
2003-07-10,4340,4065,5881.42,9160,9526.83,10689.86,12649
2003-07-11,4030,4274,5700.24,9650,9619.91,10605.09,12289
2003-07-12,3730,4423,5732.06,10200,10018.15,11228.38,12391
2003-07-13,3900,4358,5978.16,10500,10587.52,11855.28,12856
2003-07-14,4100,4330,6282.68,10600,10923.43,12399.49,13431
2003-07-15,4520,4461,6162.4,10500,11116.61,12514.39,13802
2003-07-16,4740,4575,6129.75,10100,10899.34,12284.71,14337
2003-07-17,4180,4759,6173.3,9890,10587.52,11969.64,14068
2003-07-18,3600,4818,6216.97,9630,10325.53,11541.39,14122
2003-07-19,3620,4330,6348.63,9220,10018.15,11228.38,14068
2003-07-20,3370,3976,6206.04,8900,9713.23,11029.66,13643
2003-07-21,3360,3852,5774.6,8800,9387.65,10774.71,13855
2003-07-22,3330,3749,5563.05,9340,9341.37,10944.61,13590
2003-07-23,3380,3905,5437.46,10200,9924.07,11798.14,13590
2003-07-24,3370,4537,6481.26,12800,11554.5,12830.9,15207
2003-07-25,4210,4730,6648.41,15900,13911.08,15537.97,17973
2003-07-26,4160,4671,6614.86,16100,16297.48,17787.74,21931
2003-07-27,3810,4977,6425.88,15600,16592.57,18295.19,26074
2003-07-28,3670,5027,6503.46,15300,16619.46,18145.79,26733
2003-07-29,3590,4897,6704.47,14700,16270.73,17936.84,26271
2003-07-30,3290,4769,6850.99,14100,15552.69,16955.22,26865
2003-07-31,3550,4700,6682.03,13900,14921.66,16629.3,25292
2003-08-01,3740,4546,6547.94,13800,14582.73,16126.93,23560
2003-08-02,4220,4546,6392.73,14100,14349.3,15773.28,21807
2003-08-03,3910,4769,6260.75,14100,14712.85,16156.43,21315
2003-08-04,3540,5007,6370.66,13400,14791.06,16451.81,24904
2003-08-05,3400,4749,6659.61,12700,14297.56,16008.95,26865
2003-08-06,3280,4423,6637.22,12400,13936.76,15508.58,24775
2003-08-07,3000,4192,6326.62,12300,13885.42,15802.72,25747
2003-08-08,3400,4128,6021.33,12500,14297.56,16510.95,25943
2003-08-09,3630,4083,5849.3,12800,14608.73,16333.59,26140
2003-08-10,3510,4405,5774.6,13100,14869.38,16304.05,24453
2003-08-11,3640,4847,5795.91,13300,15977.17,18354.99,23055
2003-08-12,3560,5417,6162.4,13200,16835.03,19374.61,25943
2003-08-13,3870,5944,6626.04,13700,17896.28,19916.69,29350
2003-08-14,3730,5812,7343.58,14600,18033.56,19856.38,30171
2003-08-15,3300,5650,7320.4,15200,17649.86,19224.31,28536
2003-08-16,3620,5220,7170.37,15200,17322.72,18774.14,26600
2003-08-17,3540,5007,6907.64,15100,17896.28,18834.1,26271
2003-08-18,4520,5911,6738.18,14900,17951.16,19615.34,26206
2003-08-19,5440,5944,7158.87,14900,17540.64,19284.41,27263
2003-08-20,5300,6683,7600.27,15200,17486.09,19104.15,27663
2003-08-21,5160,6979,8267.66,15600,18226.21,19916.69,27463
2003-08-22,5160,6777,8657.9,16700,19842.91,21978.18,29486
2003-08-23,5280,6706,8449.79,18500,21179.02,23139.13,33388
2003-08-24,5230,7493,8255.57,20100,24661.18,26875.31,34388
2003-08-25,5530,8104,8707.13,21600,26864.42,28842.71,39908
2003-08-26,5610,7962,9242.55,21500,26956.02,28435.56,44280
2003-08-27,4920,8687,9154.62,20700,25440.21,27560.69,43503
2003-08-28,4490,8040,9267.73,20100,23888.57,25355.34,40210
2003-08-29,5400,7581,9104.51,19500,22741.89,24152.28,36052
2003-08-30,5460,6872,8401.08,18600,21783.32,22955.41,33816
2003-08-31,4980,7456,8074.94,18100,20835.71,22130.58,32257
2003-09-01,4570,7185,8437.6,17700,20125.27,21430.45,30309
2003-09-02,4710,6671,8498.59,17000,19674,21157.13,28671
2003-09-03,5590,6671,8110.96,16800,19927.51,21704.13,28266
2003-09-04,6180,7357,7895.75,17200,21610.21,23231.05,32609
2003-09-05,6250,8196,8340.34,17800,22829.57,24490.98,35688
2003-09-06,6160,8905,9546.3,18300,23534.17,25355.34,36564
2003-09-07,6610,8864,9905.06,19200,25109.84,26377.98,37078
2003-09-08,6880,8809,9827.79,20400,27108.86,28654.72,38857
2003-09-09,6670,8960,9686.68,20700,27170.06,28905.4,44202
2003-09-10,6210,8919,9969.62,21000,26925.48,28279.13,46403
2003-09-11,6060,8878,10742.55,21800,26803.4,27841.59,45849
2003-09-12,6310,8367,11224.16,23500,28277.82,29250.46,44671
2003-09-13,6040,8248,10623.33,24800,29553.47,30382.67,47038
2003-09-14,6330,8091,10465.09,25700,30559.28,30982.01,49202
2003-09-15,5660,7949,10636.55,25800,30970.4,31266.33,50500
2003-09-16,5370,7656,10242.38,25200,30812.11,31076.76,50908
2003-09-17,4960,7221,9892.16,24700,30654.02,31076.76,49364
2003-09-18,4990,6883,9406.65,23800,29866.83,30508.75,47836
2003-09-19,4810,6741,8917.45,23000,29992.42,30351.16,46086
2003-09-20,4140,6730,8535.26,22200,28463.58,29784.56,46403
2003-09-21,4160,6404,8523.03,21100,26711.94,27935.29,46720
2003-09-22,4160,6043,8243.48,20200,25530.5,26595.44,42191
2003-09-23,3760,6010,7836.33,19400,24661.18,25912.62,39082
2003-09-24,3980,5856,7659.05,18500,23445.79,24799.32,37742
2003-09-25,4810,5704,7576.81,17400,22188.66,23660.49,36857
2003-09-26,5390,5955,7401.65,16200,20921.4,22252.58,34102
2003-09-27,4980,6347,7401.65,15200,19814.73,21157.13,31836
2003-09-28,4120,6439,7635.52,14400,19002.18,20551.06,30447
2003-09-29,3470,5999,7812.61,13900,18447.05,20037.36,30103
2003-09-30,3450,5438,7647.28,13300,18033.56,19735.82,30862
2003-10-01,3240,5128,7251.02,13200,17486.09,19164.22,30931
2003-10-02,2780,4977,7090.04,13100,17051.33,18534.5,29486
2003-10-03,2830,4700,6907.64,12700,16727.16,18115.92,27130
2003-10-04,3360,4377,6659.61,12200,16297.48,17728.14,25617
2003-10-05,3440,4339,6271.71,11700,15817.64,17222.36,24389
2003-10-06,2950,4527,6010.53,11200,15236.32,16777.36,23814
2003-10-07,2770,4452,6053.78,10700,14634.74,15979.47,22992
2003-10-08,2830,4137,6140.62,10100,14091.09,15391.09,22179
2003-10-09,2640,4002,5999.73,9940,13527.41,15156.39,21192
2003-10-10,2740,3914,5710.84,9750,13197.19,14658.9,20281
2003-10-11,2660,3706,5626.22,9440,12869.12,14367.07,19920
2003-10-12,2790,3655,5447.89,9130,12468.34,13959.55,19442
2003-10-13,2290,3612,5281.93,8660,12046.2,13582.24,19204
2003-10-14,2360,3554,5220.16,8370,11627.91,13206.02,18497
2003-10-15,2790,3348,5199.63,7940,11165.04,12600.63,18089
2003-10-16,2840,3364,5128,7660,10587.52,11998.25,17053
2003-10-17,2680,3672,4895.13,7310,10112.47,11427.46,16149
2003-10-18,2530,3646,4915.23,7060,9806.79,11058.02,16656
2003-10-19,2480,3470,5179.13,6890,9736.6,10887.94,18031
2003-10-20,2330,3332,5148.43,6660,9480.37,10661.6,18439
2003-10-21,2240,3236,4995.91,6380,9087.95,10294.85,17626
2003-10-22,2160,3110,4845.02,6220,8654.57,9817.32,15648
2003-10-23,2210,2979,4725.5,6220,8271.58,9370.06,14391
2003-10-24,2290,2934,4577.59,6160,8048.44,9202.9,13590
2003-10-25,2190,2941,4450.77,6020,7893.2,9119.44,12597
2003-10-26,2100,2987,4392.66,5790,7672.81,8869.54,12135
2003-10-27,2040,2956,4392.66,5600,7519.52,8454.67,11831
2003-10-28,1950,2844,4421.68,5430,7172.22,8206.75,11579
2003-10-29,1950,2814,4383,5260,6850.59,7767.94,11180
2003-10-30,1950,2770,4315.61,5130,6575.02,7494.97,10785
2003-10-31,1940,2836,4277.26,5040,6302.44,7195.9,10347
2003-11-01,1940,2748,4191.43,5030,5950.63,6467.36,9963
2003-11-02,1700,2719,4229.5,4990,5848.17,6494.2,9489
2003-11-03,1670,2676,4172.44,4920,5868.63,6682.38,8793
2003-11-04,1590,2535,4144.01,4860,5725.84,6547.91,8838
2003-11-05,1580,2424,4096.79,4810,5543.64,6226.35,8838
2003-11-06,1610,2343,3965.59,4770,5362.99,6119.55,8655
2003-11-07,1710,2284,3808.32,4720,5303.12,6039.57,8383
2003-11-08,1600,2270,3698.68,4670,5183.92,5986.31,8248
2003-11-09,1550,2303,3617.19,4600,5223.58,5906.52,8114
2003-11-10,1400,2264,3563.23,4480,5026.11,5800.3,7936
2003-11-11,1320,2199,3572.2,4360,4947.68,5641.35,7847
2003-11-12,1280,2059,3545.3,4210,4733.7,5456.5,7803
2003-11-13,1310,1949,3473.93,4070,4503.13,5272.3,7628
2003-11-14,1390,1883,3315.23,3990,4426.95,4984.2,7453
2003-11-15,1440,1865,3185.01,3960,4714.37,5298.58,8203
2003-11-16,1440,1900,3065.15,3960,4714.37,5272.3,8977
2003-11-17,1360,1942,3005.84,3960,4579.65,5219.79,9208
2003-11-18,1290,1942,3022.74,3910,4407.96,5088.77,8474
2003-11-19,1250,1888,3065.15,3800,4370.04,4958.09,7847
2003-11-20,1300,1818,3073.66,3670,4181.75,4827.77,7584
2003-11-21,1360,1748,3056.65,3580,4088.42,4620.02,7497
2003-11-22,1420,1748,2980.54,3480,3866.73,4464.84,7367
2003-11-23,1400,1812,2871.82,3440,3830.1,4387.45,7066
2003-11-24,1400,1841,2822.12,3440,3757.11,4207.45,6854
2003-11-25,1270,1818,2846.93,3440,3738.92,4258.8,6602
2003-11-26,1230,1766,2896.78,3400,3648.33,4156.16,6394
2003-11-27,1200,1777,2921.82,3380,3648.33,4002.71,6394
2003-11-28,1250,1669,2921.82,3350,3468.9,3824.45,6394
2003-11-29,1160,1614,2863.51,3280,3415.54,3799.05,6436
2003-11-30,1070,1609,2764.53,3240,3486.74,3773.67,6148
2003-12-01,1030,1571,2666.79,3230,3522.48,3951.69,5825
2003-12-02,942,1481,2626.44,3230,3397.81,3773.67,5705
2003-12-03,893,1429,2602.33,3220,3380.09,3748.31,5785
2003-12-04,872,1383,2498.78,3220,3344.74,3722.97,5587
2003-12-05,942,1309,2404.53,3160,3309.48,3722.97,5547
2003-12-06,861,1255,2311.57,3100,3274.32,3672.33,5508
2003-12-07,825,1251,2227.51,3060,3117.34,3420.27,5429
2003-12-08,825,1241,2144.56,3020,3117.34,3370.09,5274
2003-12-09,867,1194,2099.78,2960,3013.82,3370.09,5119
2003-12-10,877,1171,2077.52,2890,2945.32,3370.09,5005
2003-12-11,867,1176,2025.91,2790,2877.24,3045.82,4967
2003-12-12,877,1189,1960.23,2710,2759.11,3021.02,4929
2003-12-13,931,1166,1938.51,2650,2742.34,2897.33,4929
2003-12-14,904,1157,1931.29,2600,2725.6,2798.78,4929
2003-12-15,877,1194,1924.08,2590,2658.9,2676.09,4778
2003-12-16,867,1194,1888.17,2580,2642.3,2602.76,4703
2003-12-17,851,1148,1888.17,2550,2625.72,2725.1,4555
2003-12-18,872,1130,1902.5,2510,2576.15,2676.09,4481
2003-12-19,909,1103,1888.17,2480,2543.24,2578.36,4481
2003-12-20,954,1094,1831.2,2450,2510.44,2529.64,4444
2003-12-21,915,1130,1788.89,2450,2461.45,2432.49,4335
2003-12-22,937,1157,1753.9,2450,2396.54,2456.74,4262
2003-12-23,931,1148,1753.9,2450,2380.38,2505.31,4262
2003-12-24,835,1130,1781.87,2440,2461.45,2529.64,4226
2003-12-25,805,1116,1810,2440,2428.94,2505.31,4119
2003-12-26,877,1059,1795.92,2420,2412.72,2505.31,4190
2003-12-27,841,999,1781.87,2390,2412.72,2456.74,4190
2003-12-28,851,1007,1739.97,2390,2396.54,2456.74,4155
2003-12-29,893,1020,1643.59,2390,2380.38,2335.74,4083
2003-12-30,960,1020,1602.88,2420,2380.38,2311.62,4048
2003-12-31,954,1028,1609.64,2420,2332.08,2263.45,4012
2004-01-01,952,1054,1609.64,2400,2332.08,2263.45,4012
2004-01-02,879,1059,1602.88,2390,2332.08,2143.5,3941
2004-01-03,849,1037,1609.64,2330,2316.03,2335.74,3906
2004-01-04,915,1003,1629.98,2320,2300.02,2263.45,3871
2004-01-05,952,965,1629.98,2290,2268.08,2311.62,3732
2004-01-06,934,1007,1602.88,2270,2252.16,2287.52,3767
2004-01-07,1010,1016,1542.5,2260,2268.08,2311.62,3698
2004-01-08,999,1003,1522.56,2260,2252.16,2311.62,3629
2004-01-09,959,1003,1549.17,2260,2220.39,2287.52,3663
2004-01-10,903,1011,1562.54,2270,2236.26,2311.62,3560
2004-01-11,915,1007,1569.23,2270,2252.16,2335.74,3526
2004-01-12,915,994,1575.94,2260,2236.26,2311.62,3560
2004-01-13,915,969,1582.66,2260,2220.39,2263.45,3526
2004-01-14,784,961,1555.85,2230,2188.75,2263.45,3459
2004-01-15,831,961,1529.2,2230,2141.51,2215.39,3425
2004-01-16,825,916,1509.32,2270,2125.83,2191.4,3493
2004-01-17,773,884,1476.39,2270,2110.17,2143.5,3493
2004-01-18,745,884,1450.23,2290,2094.54,2167.44,3459
2004-01-19,729,864,1398.42,2290,2125.83,2287.52,3358
2004-01-20,680,833,1379.16,2250,2157.23,2239.41,3292
2004-01-21,680,803,1353.63,2220,2157.23,2215.39,3292
2004-01-22,712,788,1315.66,2210,2172.98,2191.4,3225
2004-01-23,638,766,1265.63,2180,2141.51,2167.44,3192
2004-01-24,598,762,1216.29,2170,2094.54,2143.5,3160
2004-01-25,638,762,1119.72,2130,2063.39,2095.71,3127
2004-01-26,644,722,1026.03,2130,2032.35,2095.71,3137
2004-01-27,707,722,1014.52,2100,1986.03,2071.86,3030
2004-01-28,723,733,1020.27,2050,1939.99,2048.04,2965
2004-01-29,790,755,974.61,1990,1924.71,1976.74,2965
2004-01-30,831,777,968.96,1960,1924.71,1976.74,2965
2004-01-31,879,807,985.96,1910,1909.46,1882.1,2901
2004-02-01,861,826,1003.06,1910,1924.71,1764.49,2870
2004-02-02,861,849,1043.37,1910,2001.44,1764.49,2870
2004-02-03,909,853,1084.25,1890,2063.39,1764.49,2806
2004-02-04,909,841,1125.67,1890,2110.17,1787.95,2775
2004-02-05,891,845,1155.6,1890,2125.83,1787.95,2681
2004-02-06,831,845,1149.59,1900,2141.51,1787.95,2620
2004-02-07,849,845,1161.62,1940,2172.98,1834.96,2650
2004-02-08,831,841,1173.69,1990,2188.75,2048.04,2744
2004-02-09,897,814,1185.81,2070,2172.98,1953.04,2806
2004-02-10,849,818,1191.88,2170,2188.75,1976.74,2870
2004-02-11,873,841,1155.6,2260,2204.56,2119.59,2870
2004-02-12,740,833,1119.72,2300,2188.75,2215.39,2806
2004-02-13,707,829,1131.64,2270,2172.98,2335.74,2870
2004-02-14,685,788,1155.6,2230,2188.75,2432.49,2965
2004-02-15,685,751,1149.59,2210,2204.56,2384.06,3062
2004-02-16,583,729,1113.78,2170,2220.39,2263.45,3160
2004-02-17,603,722,1037.58,2120,2125.83,2191.4,3192
2004-02-18,623,705,985.96,2030,2094.54,2048.04,3192
2004-02-19,593,660,952.06,2020,2047.85,1953.04,3062
2004-02-20,691,677,935.28,2020,1986.03,1905.72,2997
2004-02-21,696,677,874.64,2020,1863.89,1882.1,2933
2004-02-22,628,698,858.35,1990,1863.89,1834.96,2870
2004-02-23,654,722,852.94,1950,1879.05,1787.95,2744
2004-02-24,691,684,847.55,1900,1833.68,1741.06,2712
2004-02-25,691,630,880.09,1840,1803.6,1741.06,2744
2004-02-26,638,617,880.09,1800,1788.61,1647.69,2681
2004-02-27,675,623,847.55,1760,1758.72,1624.43,2681
2004-02-28,707,630,842.17,1740,1728.97,1508.66,2712
2004-02-29,633,640,847.55,1740,1714.14,1439.64,2681
2004-03-01,649,650,836.8,1740,1640.52,1393.81,2558
2004-03-02,670,646,820.77,1740,1640.52,1393.81,2467
2004-03-03,702,630,836.8,1740,1640.52,1416.7,2437
2004-03-04,675,626,836.8,1690,1611.31,1416.7,2288
2004-03-05,707,623,815.45,1680,1596.76,1370.95,2230
2004-03-06,659,630,799.57,1680,1582.24,1279.93,2230
2004-03-07,628,640,810.15,1680,1582.24,1212.11,2230
2004-03-08,544,643,826.1,1680,1582.24,1302.63,2201
2004-03-09,608,617,820.77,1690,1596.76,1348.14,2143
2004-03-10,534,581,815.45,1680,1596.76,1370.95,2085
2004-03-11,520,562,799.57,1660,1596.76,1439.64,2028
2004-03-12,506,562,757.76,1680,1611.31,1302.63,2114
2004-03-13,608,550,716.75,1680,1625.9,1189.58,2201
2004-03-14,633,544,706.62,1730,1640.52,1578.02,2201
2004-03-15,497,547,686.53,1740,1640.52,1462.61,2143
2004-03-16,483,591,661.7,1730,1655.18,1462.61,2172
2004-03-17,497,569,661.7,1710,1655.18,1393.81,2288
2004-03-18,414,529,732.03,1700,1640.52,1439.64,2230
2004-03-19,439,550,737.15,1650,1655.18,1485.62,2230
2004-03-20,439,526,721.83,1610,1640.52,1416.7,2201
2004-03-21,492,508,681.54,1570,1567.75,1325.36,2230
2004-03-22,515,508,676.56,1560,1596.76,1370.95,2201
2004-03-23,623,508,637.2,1650,1640.52,1325.36,2201
2004-03-24,680,526,613.03,1610,1625.9,1348.14,2143
2004-03-25,593,559,603.45,1600,1611.31,1393.81,2028
2004-03-26,426,633,608.23,1600,1596.76,1462.61,1944
2004-03-27,401,623,637.2,1600,1582.24,1370.95,2085
2004-03-28,435,523,696.55,1590,1567.75,1416.7,2114
2004-03-29,443,454,747.43,1570,1538.89,1348.14,2114
2004-03-30,501,451,686.53,1550,1553.31,1325.36,2085
2004-03-31,549,462,570.36,1510,1524.51,1257.28,2028
2004-04-01,568,485,519.72,1510,1495.87,1189.58,1972
2004-04-02,628,520,537.94,1570,1481.6,1189.58,1944
2004-04-03,623,559,528.8,1640,1524.51,1212.11,2000
2004-04-04,644,588,579.75,1680,1567.75,1212.11,1944
2004-04-05,623,617,642.07,1690,1596.76,1348.14,1916
2004-04-06,691,613,686.53,1660,1611.31,1439.64,1944
2004-04-07,808,617,716.75,1650,1640.52,1393.81,2028
2004-04-08,756,623,721.83,1620,1625.9,1370.95,2114
2004-04-09,790,698,726.93,1610,1611.31,1257.28,2377
2004-04-10,808,818,737.15,1640,1611.31,1279.93,2377
2004-04-11,909,860,773.34,1680,1625.9,1393.81,2288
2004-04-12,952,864,885.55,1730,1640.52,1370.95,2230
2004-04-13,1010,888,1031.8,1760,1669.87,1393.81,2230
2004-04-14,891,908,1066.66,1790,1714.14,1370.95,2288
2004-04-15,820,924,1084.25,1790,1788.61,1416.7,2288
2004-04-16,837,896,1107.85,1800,1803.6,1531.74,2347
2004-04-17,802,822,1131.64,1890,1818.62,1601.21,2467
2004-04-18,756,826,1143.6,2030,1848.77,1647.69,2497
2004-04-19,903,860,1096.03,2120,1955.31,1764.49,2497
2004-04-20,1450,884,1026.03,2180,2032.35,1834.96,2589
2004-04-21,1650,904,1066.66,2290,2125.83,2024.24,2681
2004-04-22,1480,1067,1107.85,2390,2188.75,2119.59,2744
2004-04-23,1360,1363,1149.59,2400,2252.16,2263.45,2806
2004-04-24,1210,1408,1191.88,2370,2284.04,2384.06,2997
2004-04-25,1140,1323,1463.29,2290,2316.03,2311.62,3094
2004-04-26,1210,1139,1838.29,2250,2300.02,2263.45,3225
2004-04-27,1200,1037,1967.49,2220,2300.02,2263.45,3292
2004-04-28,1190,1020,1881.01,2220,2348.15,2119.59,3258
2004-04-29,1180,1059,1650.41,2250,2316.03,2191.4,3192
2004-04-30,1210,1046,1476.39,2320,2141.51,2048.04,3127
2004-05-01,1070,1037,1417.77,2470,2125.83,2048.04,3094
2004-05-02,1020,1037,1417.77,2570,2157.23,2167.44,3127
2004-05-03,1010,999,1411.31,2660,2300.02,2263.45,3062
2004-05-04,1010,944,1417.77,2710,2461.45,2481.01,2997
2004-05-05,1010,908,1450.23,2720,2609.17,2578.36,3160
2004-05-06,1080,978,1489.53,2660,2742.34,2602.76,3192
2004-05-07,1080,1232,1417.77,2600,2792.73,2872.66,3325
2004-05-08,1230,1419,1469.83,2600,2860.29,3095.48,3459
2004-05-09,1200,1528,1596.13,2590,2894.22,3145.23,3595
2004-05-10,1090,1528,1881.01,2570,2843.36,2996.24,3906
2004-05-11,779,1444,2167.07,2600,2759.11,2922.03,4012
2004-05-12,784,1289,2326.97,2600,2675.54,2872.66,3906
2004-05-13,820,1028,2334.69,2560,2658.9,2749.64,3906
2004-05-14,965,860,2212.34,2530,2625.72,2823.38,3767
2004-05-15,1020,876,1931.29,2600,2576.15,2798.78,3663
2004-05-16,1060,990,1549.17,2720,2543.24,2651.62,3941
2004-05-17,1090,1203,1398.42,2930,2543.24,2872.66,3871
2004-05-18,1390,1444,1664.08,3050,2792.73,2848.01,3836
2004-05-19,1600,1847,2077.52,3140,2911.23,3021.02,4048
2004-05-20,2020,1961,2311.57,3280,3031.01,3195.06,4119
2004-05-21,2940,2486,2699.23,3380,3134.68,3319.98,4083
2004-05-22,3990,3056,2988.97,3440,3327.1,3647.05,4119
2004-05-23,3760,3537,3572.2,3650,3433.31,3773.67,4299
2004-05-24,3090,4284,4412,3970,3594.25,3926.21,4666
2004-05-25,2500,4238,5179.13,4410,3940.27,4413.23,4666
2004-05-26,2260,3818,5849.3,4550,4484.05,4853.8,5196
2004-05-27,2210,3300,5838.61,4740,4618.03,5036.45,5312
2004-05-28,2220,2934,5427.05,5510,4967.26,5377.48,5626
2004-05-29,2300,2727,4935.35,6440,5323.06,5773.78,5905
2004-05-30,2210,2719,4548.21,7230,6136.22,6494.2,6189
2004-05-31,2060,2822,4306.01,7500,6935.98,7549.48,6477
2004-06-01,2060,3010,4354.07,7330,7410.53,8316.84,7410
2004-06-02,2120,3348,4735.42,7110,7454.08,8427.09,8428
2004-06-03,2120,3316,5087.22,6880,7237.01,8261.78,8884
2004-06-04,2080,3172,5189.37,6640,7107.59,8069.35,9208
2004-06-05,2180,3094,5026.28,6440,6808.01,7767.94,9301
2004-06-06,2130,3025,4785.13,6560,6553.94,7494.97,9023
2004-06-07,2010,3010,4685.89,6840,6786.74,7822.65,8610
2004-06-08,2070,3071,4597.22,6960,6935.98,8124.28,8519
2004-06-09,2020,3056,4795.09,6940,7716.76,8648.02,9255
2004-06-10,2100,3033,4965.6,6800,7782.8,8952.76,9867
2004-06-11,2310,2941,5006.02,6740,7848.99,9119.44,11130
2004-06-12,2390,2919,5312.91,6620,7323.64,8980.52,11130
2004-06-13,2320,2964,5107.6,6560,7150.66,8316.84,11230
2004-06-14,2190,2956,4805.06,6740,7541.37,8565.1,13116
2004-06-15,1960,2874,4845.02,6880,7826.91,9063.85,14879
2004-06-16,1740,2727,5763.95,7600,8293.99,9425.85,15759
2004-06-17,1730,2591,6503.46,9040,8859.16,9873.37,13537
2004-06-18,2110,2472,5510.6,10400,9713.23,10718.14,12494
2004-06-19,2360,2370,4915.23,11600,11019.91,11912.45,13431
2004-06-20,2440,2549,4392.66,12500,12095.67,13292.74,13431
2004-06-21,2470,2785,4115.66,12000,13096.01,14454.56,15152
2004-06-22,2440,2889,4106.22,11000,12969.83,14542.09,18205
2004-06-23,2450,2866,4296.42,9970,12169.96,13901.43,19382
2004-06-24,2370,2829,4470.2,9020,11335,13061.61,19800
2004-06-25,2830,2778,4392.66,8250,10325.53,12112.75,19382
2004-06-26,2830,2756,4325.21,7650,9596.62,11171.56,18909
2004-06-27,3110,2926,4258.13,7270,8973.37,10379.37,16769
2004-06-28,3540,3157,4210.45,7170,8586.66,10126.04,15042
2004-06-29,3970,3537,4383,7560,8361.29,9901.42,15427
2004-06-30,5250,4201,4715.59,7990,8428.73,9733.29,15759
2004-07-01,4800,4897,5168.89,8030,8790.83,9929.46,14715
2004-07-02,4210,5607,5827.92,7750,8904.8,10097.94,13484
2004-07-03,3640,5334,6817.08,7690,8927.64,10154.16,13274
2004-07-04,3260,4798,6975.84,7730,8745.35,10182.28,13484
2004-07-05,3130,4293,6614.86,8080,8745.35,10210.41,13326
2004-07-06,3260,3967,6118.87,9020,9133.89,10379.37,12960
2004-07-07,3050,3993,5753.32,9970,9689.88,10887.94,12700
2004-07-08,2750,4128,5605.13,10500,10515.9,11598.39,12856
2004-07-09,2650,3949,5657.9,10300,11044.06,12284.71,14122
2004-07-10,3290,3940,5689.64,10100,11019.91,12342.09,14607
2004-07-11,3340,4192,5552.54,9830,10899.34,12170.04,14770
2004-07-12,3780,4877,5605.13,9950,10683.21,11969.64,14445
2004-07-13,4750,5933,6064.61,10400,10611.42,11798.14,14068
2004-07-14,5640,6450,6975.84,10900,10899.34,11998.25,13643
2004-07-15,6090,7221,7788.91,11300,11359.33,12428.21,13537
2004-07-16,6030,7556,8291.86,12500,11848.87,12888.54,13962
2004-07-17,5490,7669,8547.5,13600,12643.27,13611.22,14499
2004-07-18,5320,7283,8657.9,14300,13654.99,14629.69,15207
2004-07-19,5220,6800,8425.42,14700,14375.19,15508.58,16261
2004-07-20,4820,6496,8027.02,14700,14895.51,16185.95,17568
2004-07-21,5000,6336,7729.79,15400,15236.32,16510.95,19204
2004-07-22,5480,6416,7694.39,16100,16270.73,17281.78,19680
2004-07-23,5630,7295,7907.65,16100,17024.25,18384.9,21315
2004-07-24,6060,8078,8523.03,16000,17132.63,18714.2,23244
2004-07-25,6290,8473,9167.16,16700,17896.28,19525.03,23751
2004-07-26,6310,8526,9406.65,17600,20040.45,21825.89,24325
2004-07-27,5840,8526,9673.89,18800,23151.81,25324.42,30723
2004-07-28,5430,8288,9917.96,19600,25530.5,27560.69,37078
2004-07-29,5520,7783,9622.78,20000,25620.88,27935.29,41578
2004-07-30,5120,7406,9104.51,20300,25952.99,28029.02,43038
2004-07-31,4820,7246,8793.52,20000,24900.2,26502.22,42729
2004-08-01,5080,7100,8756.45,19400,23711.19,25231.67,39833
2004-08-02,5730,7124,8510.81,19000,22946.61,24275.39,37299
2004-08-03,5690,7681,8474.18,18800,23681.67,24922.77,35979
2004-08-04,5720,8014,8781.16,19100,23357.49,25046.28,35326
2004-08-05,5400,8052,8954.75,19500,23034.49,24490.98,35543
2004-08-06,4980,7949,8942.31,19400,22829.57,24152.28,35471
2004-08-07,5720,7885,8867.8,19500,22829.57,24213.82,34676
2004-08-08,6760,8593,8744.11,20100,23298.68,24675.94,36931
2004-08-09,7520,10050,9154.62,20600,24214.65,25788.67,37668
2004-08-10,7820,11394,10320.79,20800,25259.87,26813.09,41273
2004-08-11,7590,11788,11291.65,21000,25560.62,26875.31,44671
2004-08-12,7030,11598,11576.63,21400,26286.22,27623.09,46086
2004-08-13,6170,10824,11427.04,22000,26681.48,28060.27,46007
2004-08-14,5580,9890,10862.25,22400,26377.3,27404.77,45928
2004-08-15,5330,9222,10268.49,22600,25983.24,26906.42,44436
2004-08-16,5550,9084,9750.73,23100,26195.23,26875.31,42191
2004-08-17,5690,9236,9584.51,23600,27292.57,27779.14,39682
2004-08-18,5600,9963,9776.39,24000,27722.49,28404.27,40286
2004-08-19,5750,10433,10164.18,24100,28061.52,28842.71,42498
2004-08-20,5750,10138,10451.95,24400,29584.77,29973.3,46165
2004-08-21,5260,10196,10360.07,24500,29804.09,30225.16,49041
2004-08-22,4870,9818,10307.71,24700,29772.73,30319.66,49041
2004-08-23,4910,8919,10151.17,24700,29772.73,30351.16,48156
2004-08-24,4840,8553,9750.73,24500,29490.9,30130.69,46879
2004-08-25,4660,8354,9520.86,24100,28867.14,29407.44,44749
2004-08-26,4180,8209,9179.71,23200,27753.26,28592.09,42267
2004-08-27,4030,7719,9042,22600,27047.69,28154.05,39984
2004-08-28,3790,7258,8657.9,22300,26711.94,28279.13,39682
2004-08-29,3680,8183,8231.4,21900,26590.13,27685.5,41807
2004-08-30,4190,8553,8474.18,22300,26316.57,27591.89,41349
2004-08-31,4520,8687,9204.83,23700,26651.02,27623.09,41044
2004-09-01,4240,8540,9242.55,24900,27538.02,28060.27,41654
2004-09-02,4870,8513,9167.16,26100,28463.58,28905.4,41502
2004-09-03,5140,8526,9154.62,26900,30149.6,30288.15,43193
2004-09-04,5080,8607,9368.69,27500,31478.38,31582.56,44124
2004-09-05,5250,8460,9546.3,27800,31446.56,31487.66,45455
2004-09-06,5140,8301,9267.73,27800,31097.19,31108.35,44593
2004-09-07,5050,8104,9104.51,27800,30654.02,30666.42,43347
2004-09-08,5190,7911,8917.45,27800,30907.06,30918.87,42114
2004-09-09,5660,9717,8905.03,28300,31160.64,31361.17,43193
2004-09-10,7700,10643,10544.1,29900,32148.37,31614.2,44827
2004-09-11,7470,11948,11494.95,31100,33758.38,32755.45,45220
2004-09-12,7590,12713,12432.63,31800,34962.97,34028.36,45849
2004-09-13,7700,11980,12628.9,31900,35257.65,34347.37,47038
2004-09-14,7470,11582,12168.01,31700,35093.86,34251.63,49122
2004-09-15,8040,11504,11781.74,31500,34310.47,33709.66,50826
2004-09-16,8910,12092,11919.18,31000,33499.4,33073.2,50745
2004-09-17,8480,12829,12404.68,30200,32822.06,32533.21,50582
2004-09-18,7670,12896,12488.6,29300,31988.51,31867.45,49850
2004-09-19,6730,12205,12544.65,28300,31382.97,31645.85,47436
2004-09-20,6060,11285,12348.85,27600,31065.48,31677.49,46007
2004-09-21,5490,10478,12502.6,27300,30527.71,30950.44,46324
2004-09-22,5520,9803,11522.16,26900,29647.39,30067.72,46007
2004-09-23,5290,9195,10755.83,26500,28898.24,29438.85,44280
2004-09-24,4870,8919,10216.29,25700,27999.79,28529.47,41197
2004-09-25,4870,8513,9814.93,24500,27017.13,27716.71,38783
2004-09-26,4790,8157,9444.67,23400,25771.7,26657.61,36857
2004-09-27,4890,7975,9142.08,22200,24482.31,25479.07,34964
2004-09-28,5460,7885,8917.45,21000,23181.16,24275.39,32963
2004-09-29,5490,7988,8768.8,19800,22072.65,23169.77,31139
2004-09-30,5350,8104,8781.16,18900,20864.27,22344.12,29486
2004-10-01,5150,7885,8830.63,18000,19927.51,21430.45,28132
2004-10-02,4630,7681,8731.78,17100,18946.47,20248.72,27130
2004-10-03,4210,7234,8535.26,16700,18198.66,19434.76,25747
2004-10-04,3980,6706,8231.4,16300,17622.54,18894.07,24710
2004-10-05,3970,6268,7848.2,16100,17322.72,18474.65,23814
2004-10-06,4390,6021,7506.57,15500,17051.33,18175.66,24325
2004-10-07,3960,6155,7262.57,14700,16538.81,17877.18,24197
2004-10-08,4060,6211,7158.87,13800,15791.09,17103.58,23814
2004-10-09,4330,6132,7285.68,12900,14947.81,16304.05,22117
2004-10-10,4520,6177,7262.57,12100,14116.86,15420.46,20765
2004-10-11,4560,6336,7227.94,11300,13298.56,14600.48,19680
2004-10-12,4350,6496,7297.25,11000,12568.22,13872.38,18497
2004-10-13,4590,6358,7424.92,10800,12095.67,13292.74,17626
2004-10-14,4320,6313,7401.65,10400,11725.98,12946.2,16656
2004-10-15,4120,6222,7297.25,10200,11335,12456.93,15926
2004-10-16,4070,5944,7251.02,10200,11044.06,12141.39,15372
2004-10-17,4120,5823,7078.59,10100,10851.22,11912.45,14824
2004-10-18,3920,5845,6918.99,9920,10731.14,11741.04,14391
2004-10-19,3910,5597,6918.99,9760,10444.4,11598.39,14068
2004-10-20,4030,5344,6794.5,9510,10018.15,11256.79,13749
2004-10-21,3980,5271,6592.53,9270,9806.79,10859.62,13484
2004-10-22,3610,5302,6436.94,8990,9526.83,10548.61,13012
2004-10-23,3500,5097,6381.69,8710,9295.16,10323.02,12649
2004-10-24,3300,4818,6337.62,8440,9042.07,10097.94,12186
2004-10-25,3030,4642,6118.87,8180,8790.83,9929.46,11983
2004-10-26,2740,4433,5913.61,7990,8654.57,9705.3,11680
2004-10-27,2710,4164,5753.32,7880,8496.32,9397.95,11379
2004-10-28,2690,3905,5542.04,7710,8338.84,9286.44,11180
2004-10-29,2640,3818,5292.25,7480,8004.01,8952.76,10736
2004-10-30,2680,3757,5107.6,7230,7848.99,8786.4,10541
2004-10-31,2610,3689,5006.02,6920,7628.93,8537.48,10347
2004-11-01,2410,3672,4945.43,6660,7258.64,8179.25,10251
2004-11-02,2260,3604,4885.1,6380,6957.37,7877.4,9963
2004-11-03,2260,3413,4865.04,6120,6723.04,7631.33,9489
2004-11-04,2210,3244,4765.22,5950,6469.82,7386.07,9208
2004-11-05,2100,3172,4577.59,5840,6094.85,7060.38,8930
2004-11-06,2110,3125,4421.68,5740,6074.19,6871.11,8701
2004-11-07,2190,3056,4344.44,5660,5950.63,6763.19,8383
2004-11-08,2110,3010,4277.26,5570,5868.63,6682.38,8203
2004-11-09,2100,3040,4181.93,5440,5807.32,6547.91,8069
2004-11-10,2030,3010,4144.01,5250,5604.2,6467.36,7892
2004-11-11,1920,2956,4162.96,5130,5483.24,6253.08,7715
2004-11-12,1940,2911,4134.55,5010,5362.99,6012.93,7671
2004-11-13,2010,2874,4077.95,4920,5223.58,5959.7,7453
2004-11-14,1840,2770,4002.92,4830,5085.14,5720.77,7324
2004-11-15,1820,2719,3900.56,4790,4986.85,5614.91,7152
2004-11-16,1830,2662,3835.91,4740,4928.13,5535.65,6981
2004-11-17,1830,2626,3771.65,4670,4850.11,5482.87,6812
2004-11-18,1750,2633,3716.87,4600,4733.7,5377.48,6727
2004-11-19,1710,2626,3671.44,4550,4656.51,5324.86,6686
2004-11-20,1680,2528,3662.38,4420,4618.03,5219.79,6602
2004-11-21,1570,2500,3689.59,4370,4541.35,5114.94,6519
2004-11-22,1630,2431,3635.24,4300,4464.99,5036.45,6519
2004-11-23,1740,2357,3536.35,4230,4388.99,5010.32,6477
2004-11-24,1760,2337,3438.44,4160,4313.32,4827.77,6312
2004-11-25,1690,2390,3350.27,4140,4256.8,4801.75,6148
2004-11-26,1660,2418,3323.98,4140,4219.23,4749.75,6026
2004-11-27,1640,2384,3350.27,4090,4163.04,4594.11,5986
2004-11-28,1670,2357,3420.74,4010,4181.75,4620.02,6981
2004-11-29,1570,2370,3420.74,3960,4275.62,4723.77,7497
2004-11-30,1560,2363,3376.64,3920,4714.37,5141.14,7759
2004-12-01,1510,2330,3350.27,3910,4598.83,5193.56,7066
2004-12-02,1550,2303,3385.44,3890,4407.96,4932,6854
2004-12-03,1600,2270,3323.98,3890,4275.62,4749.75,6644
2004-12-04,1500,2225,3280.33,3890,4200.48,4671.87,6394
2004-12-05,1450,2199,3236.88,3880,4069.82,4490.66,6148
2004-12-06,1480,2160,3202.27,3840,4014.16,4413.23,6067
2004-12-07,1500,2097,3159.19,3780,3940.27,4310.21,5825
2004-12-08,1290,2072,3107.77,3720,3885.08,4233.12,5745
2004-12-09,1340,2078,3014.29,3680,3830.1,4156.16,5587
2004-12-10,1290,1967,2946.94,3640,3811.82,4156.16,5508
2004-12-11,1330,1912,2946.94,3590,3775.32,4156.16,5429
2004-12-12,1280,1877,2863.51,3550,3648.33,3977.19,5390
2004-12-13,1330,1877,2764.53,3480,3558.32,3875.29,5312
2004-12-14,1330,1853,2707.36,3450,3558.32,3875.29,5196
2004-12-15,1310,1847,2674.89,3390,3486.74,3799.05,5119
2004-12-16,1230,1865,2666.79,3360,3451.09,3697.64,5005
2004-12-17,1230,1824,2650.62,3350,3397.81,3697.64,5005
2004-12-18,1250,1766,2650.62,3320,3344.74,3647.05,4929
2004-12-19,1160,1743,2634.49,3240,3291.89,3571.29,4816
2004-12-20,1110,1726,2586.3,3160,3256.78,3495.7,4741
2004-12-21,1080,1675,2522.54,3130,3169.44,3370.09,4703
2004-12-22,1160,1614,2498.78,3080,3169.44,3420.27,4592
2004-12-23,1170,1571,2451.49,3080,3065.47,3244.97,4444
2004-12-24,1160,1592,2388.94,3070,3031.01,3220,4444
2004-12-25,1160,1609,2326.97,3050,3031.01,3294.96,4371
2004-12-26,1180,1587,2280.87,3040,3048.23,3370.09,4335
2004-12-27,1140,1587,2319.26,3020,3065.47,3345.02,4299
2004-12-28,1140,1598,2342.41,2960,3065.47,3319.98,4299
2004-12-29,1020,1582,2311.57,2930,2996.66,3170.13,4299
2004-12-30,999,1565,2311.57,2890,2962.41,3170.13,4262
2004-12-31,1110,1528,2319.26,2840,2894.22,2996.24,4155
2005-01-01,1080,1502,2311.57,2700,2843.36,2946.74,3532
2005-01-02,1160,1481,2296.2,2700,2792.73,2922.03,3465
2005-01-03,1180,1491,2174.59,2730,2759.11,2946.74,3398
2005-01-04,1130,1460,2129.59,2740,2775.91,2946.74,3332
2005-01-05,997,1496,2152.05,2740,2759.11,2897.33,3299
2005-01-06,1010,1486,2129.59,2740,2759.11,2897.33,3299
2005-01-07,1010,1398,2137.07,2710,2742.34,2872.66,3299
2005-01-08,1050,1338,2129.59,2680,2708.89,2848.01,3332
2005-01-09,1000,1328,2070.12,2640,2675.54,2823.38,3299
2005-01-10,1030,1348,1974.76,2560,2642.3,2749.64,3266
2005-01-11,958,1333,1916.88,2550,2576.15,2651.62,3233
2005-01-12,1000,1323,1909.69,2560,2592.64,2627.18,3167
2005-01-13,1150,1294,1902.5,2580,2592.64,2627.18,3069
2005-01-14,1160,1270,1881.01,2520,2592.64,2627.18,3069
2005-01-15,1060,1333,1859.61,2500,2559.68,2627.18,3069
2005-01-16,980,1398,1831.2,2470,2543.24,2602.76,3102
2005-01-17,986,1368,1845.39,2460,2510.44,2553.99,3069
2005-01-18,1100,1309,1873.87,2490,2477.75,2481.01,3037
2005-01-19,1040,1251,1924.08,2500,2477.75,2481.01,3005
2005-01-20,964,1275,1873.87,2490,2526.83,2602.76,2940
2005-01-21,958,1313,1817.06,2430,2510.44,2529.64,2940
2005-01-22,947,1236,1795.92,2430,2477.75,2481.01,3005
2005-01-23,930,1213,1810,2460,2461.45,2505.31,2972
2005-01-24,930,1194,1788.89,2490,2477.75,2529.64,2940
2005-01-25,925,1203,1726.08,2470,2477.75,2505.31,2876
2005-01-26,947,1189,1691.54,2460,2494.08,2505.31,2876
2005-01-27,908,1166,1677.79,2390,2510.44,2529.64,2876
2005-01-28,849,1157,1664.08,2370,2461.45,2481.01,2876
2005-01-29,859,1139,1636.78,2340,2445.18,2481.01,2940
2005-01-30,958,1085,1616.41,2340,2412.72,2456.74,2876
2005-01-31,1120,1050,1609.64,2330,2380.38,2432.49,2813
2005-02-01,1040,1081,1555.85,2290,2364.25,2408.26,2781
2005-02-02,886,1199,1522.56,2270,2364.25,2311.62,2749
2005-02-03,733,1236,1515.93,2250,2348.15,2311.62,2562
2005-02-04,762,1148,1582.66,2230,2300.02,2287.52,2624
2005-02-05,792,1007,1636.78,2200,2284.04,2263.45,2624
2005-02-06,728,973,1616.41,2200,2252.16,2239.41,2562
2005-02-07,738,936,1515.93,2220,2284.04,2263.45,2531
2005-02-08,757,912,1417.77,2220,2284.04,2239.41,2500
2005-02-09,772,892,1385.57,2250,2300.02,2263.45,2470
2005-02-10,743,888,1366.37,2290,2284.04,2263.45,2439
2005-02-11,762,900,1334.6,2300,2300.02,2311.62,2439
2005-02-12,663,884,1315.66,2260,2332.08,2335.74,2439
2005-02-13,579,872,1296.82,2220,2348.15,2359.89,2439
2005-02-14,558,860,1290.56,2120,2300.02,2311.62,2470
2005-02-15,676,780,1271.84,2060,2236.26,2191.4,2500
2005-02-16,772,722,1259.42,2010,2094.54,2024.24,2470
2005-02-17,743,722,1197.97,2000,2094.54,2024.24,2439
2005-02-18,690,818,1125.67,2000,2063.39,1929.36,2288
2005-02-19,738,845,1096.03,1990,2001.44,1882.1,2198
2005-02-20,875,814,1119.72,1960,2001.44,1882.1,2139
2005-02-21,849,803,1149.59,1930,1970.65,1858.52,2080
2005-02-22,865,853,1149.59,1920,1955.31,1811.44,2022
2005-02-23,903,904,1125.67,1910,1939.99,1787.95,1964
2005-02-24,854,884,1131.64,1890,1924.71,1764.49,1964
2005-02-25,813,900,1185.81,1890,1909.46,1764.49,1906
2005-02-26,813,912,1191.88,1910,1909.46,1741.06,1906
2005-02-27,738,868,1197.97,1950,1909.46,1787.95,1878
2005-02-28,908,868,1204.06,1970,1924.71,1811.44,1849
2005-03-01,808,822,1185.81,1960,1955.31,1741.06,1849
2005-03-02,813,829,1155.6,1990,1939.99,1764.49,1849
2005-03-03,844,900,1125.67,2020,1924.71,1717.67,1849
2005-03-04,762,864,1096.03,2020,1924.71,1741.06,1849
2005-03-05,743,900,1125.67,2020,1924.71,1764.49,1849
2005-03-06,748,833,1119.72,2040,1939.99,1787.95,1821
2005-03-07,803,792,1090.13,2040,1970.65,1811.44,1849
2005-03-08,792,784,1090.13,2040,1986.03,1811.44,1849
2005-03-09,803,822,1054.99,2040,1970.65,1834.96,1906
2005-03-10,881,822,1026.03,2040,1939.99,1811.44,1964
2005-03-11,964,810,1026.03,2010,1939.99,1787.95,1964
2005-03-12,1020,837,1037.58,2010,1955.31,1811.44,1964
2005-03-13,1180,900,1037.58,2000,1939.99,1787.95,1935
2005-03-14,1060,961,1043.37,1990,1939.99,1764.49,1935
2005-03-15,1000,1054,1078.37,1960,1924.71,1717.67,1906
2005-03-16,1210,1171,1131.64,1950,1909.46,1717.67,1878
2005-03-17,1220,1094,1216.29,1920,1894.24,1741.06,1849
2005-03-18,1080,1166,1340.93,1910,1909.46,1787.95,1793
2005-03-19,941,1270,1385.57,1920,1894.24,1764.49,1793
2005-03-20,875,1217,1417.77,1950,1894.24,1811.44,1793
2005-03-21,897,1085,1509.32,1990,1924.71,1787.95,1821
2005-03-22,964,957,1575.94,2060,1955.31,1787.95,1849
2005-03-23,930,908,1502.71,2150,2001.44,1811.44,1849
2005-03-24,828,932,1328.27,2220,2063.39,1953.04,1849
2005-03-25,839,953,1228.56,2250,2125.83,1976.74,1849
2005-03-26,1130,904,1210.17,2300,2157.23,2024.24,1964
2005-03-27,1410,872,1228.56,2360,2220.39,2191.4,2080
2005-03-28,1400,1046,1216.29,2390,2300.02,2311.62,2139
2005-03-29,1300,1373,1191.88,2340,2364.25,2359.89,2228
2005-03-30,1130,1517,1247.04,2290,2396.54,2432.49,2348
2005-03-31,1150,1434,1489.53,2200,2412.72,2505.31,2439
2005-04-01,1150,1255,1817.06,2150,2268.08,2263.45,2500
2005-04-02,1190,1121,2018.58,2120,2172.98,2191.4,2562
2005-04-03,1180,1103,1924.08,2090,2125.83,2071.86,2439
2005-04-04,1180,1116,1684.66,2110,2094.54,1976.74,2318
2005-04-05,1220,1166,1549.17,2190,2047.85,1858.52,2258
2005-04-06,1120,1227,1515.93,2320,2078.95,1929.36,2198
2005-04-07,1170,1279,1542.5,2490,2188.75,2119.59,2080
2005-04-08,1210,1232,1616.41,2560,2157.23,2311.62,2051
2005-04-09,1130,1203,1677.79,2580,2268.08,2432.49,2139
2005-04-10,1070,1185,1705.32,2520,2412.72,2553.99,2378
2005-04-11,1210,1166,1657.24,2460,2348.15,2602.76,2562
2005-04-12,1250,1067,1616.41,2400,2300.02,2529.64,2624
2005-04-13,1090,1063,1602.88,2410,2332.08,2456.74,2718
2005-04-14,1110,1081,1549.17,2440,2348.15,2408.26,2686
2005-04-15,1210,1103,1469.83,2470,2364.25,2408.26,2624
2005-04-16,1160,1121,1502.71,2470,2445.18,2553.99,2593
2005-04-17,1110,1143,1549.17,2460,2412.72,2432.49,2593
2005-04-18,1080,1125,1496.11,2440,2412.72,2481.01,2655
2005-04-19,1190,1116,1509.32,2410,2428.94,2505.31,2624
2005-04-20,1190,1033,1562.54,2370,2396.54,2456.74,2655
2005-04-21,1210,1050,1582.66,2330,2364.25,2408.26,2686
2005-04-22,1280,1103,1515.93,2330,2125.83,2384.06,2655
2005-04-23,1190,1112,1476.39,2330,2094.54,2408.26,2686
2005-04-24,1190,1125,1502.71,2330,2094.54,2359.89,2686
2005-04-25,1210,1157,1529.2,2330,2094.54,2335.74,2624
2005-04-26,1140,1116,1555.85,2330,2094.54,2384.06,2593
2005-04-27,865,1121,1575.94,2330,2284.04,2359.89,2562
2005-04-28,772,1112,1589.39,2330,2284.04,2408.26,2562
2005-04-29,914,1046,1575.94,2320,2348.15,2481.01,2562
2005-04-30,1010,814,1562.54,2300,2332.08,2335.74,2593
2005-05-01,818,810,1515.93,2320,2316.03,2359.89,2624
2005-05-02,772,892,1353.63,2360,2316.03,2335.74,2686
2005-05-03,1150,912,1265.63,2370,2316.03,2335.74,2686
2005-05-04,1250,777,1278.07,2360,2316.03,2335.74,2655
2005-05-05,1110,833,1303.09,2330,2300.02,2335.74,2562
2005-05-06,1120,1059,1234.71,2300,2268.08,2359.89,2562
2005-05-07,1240,1081,1228.56,2230,2252.16,2311.62,2593
2005-05-08,1290,1020,1321.96,2130,2236.26,2287.52,2624
2005-05-09,1340,1050,1437.21,2040,2204.56,2191.4,2718
2005-05-10,1510,1185,1437.21,2020,2094.54,2095.71,2686
2005-05-11,1390,1353,1450.23,2020,2032.35,1976.74,2624
2005-05-12,1380,1528,1542.5,2050,2016.88,1882.1,2439
2005-05-13,1460,1539,1739.97,2130,2001.44,1858.52,2408
2005-05-14,1460,1424,1989.33,2200,2032.35,1882.1,2348
2005-05-15,1460,1363,2235.1,2300,2094.54,1953.04,2228
2005-05-16,1460,1378,2257.95,2370,2204.56,2191.4,2198
2005-05-17,1320,1373,2114.67,2390,2252.16,2287.52,2228
2005-05-18,1250,1353,2055.35,2440,2445.18,2505.31,2500
2005-05-19,1210,1309,2025.91,2470,2428.94,2676.09,2470
2005-05-20,1280,1194,2003.93,2580,2559.68,2725.1,2624
2005-05-21,1290,1139,1974.76,2680,2625.72,2823.38,2813
2005-05-22,1260,1125,2003.93,2730,2725.6,3095.48,3134
2005-05-23,1270,1176,1760.88,2730,2826.46,3095.48,3332
2005-05-24,1230,1176,1684.66,2760,2759.11,3244.97,3702
2005-05-25,1170,1171,1677.79,2790,2979.52,3370.09,3874
2005-05-26,1290,1143,1684.66,2800,2877.24,3395.17,3736
2005-05-27,1370,1116,1677.79,2760,2894.22,3319.98,3805
2005-05-28,1210,1107,1664.08,2620,2877.24,3269.95,4294
2005-05-29,1070,1251,1616.41,2580,2792.73,3220,3943
2005-05-30,986,1294,1616.41,2550,2775.91,3145.23,3736
2005-05-31,881,1143,1781.87,2580,2708.89,2946.74,3600
2005-06-01,903,1037,1952.98,2550,2692.2,2798.78,3532
2005-06-02,892,932,1931.29,2650,2675.54,2774.2,3398
2005-06-03,958,868,1712.23,2760,2658.9,2798.78,3299
2005-06-04,1100,904,1549.17,2820,2792.73,2897.33,3233
2005-06-05,1240,940,1463.29,2950,2843.36,2996.24,3200
2005-06-06,1500,1050,1417.77,3240,2945.32,3045.82,3200
2005-06-07,1760,1333,1411.31,3320,3152.05,3269.95,3266
2005-06-08,1880,1419,1575.94,3270,3344.74,3596.52,3365
2005-06-09,1870,1697,1866.73,3400,3380.09,3697.64,3805
2005-06-10,1790,1955,2152.05,3610,3451.09,3722.97,4223
2005-06-11,1840,2059,2514.61,3850,3576.27,3824.45,4400
2005-06-12,2110,2053,2938.56,4540,3775.32,4156.16,4436
2005-06-13,2000,1955,3228.21,5390,4256.8,4490.66,4544
2005-06-14,1760,2034,3306.49,5670,4967.26,5324.86,4580
2005-06-15,1550,2122,3210.91,5590,5543.64,6119.55,4834
2005-06-16,1570,1979,3193.64,5550,5644.67,6386.92,5467
2005-06-17,1840,1877,3271.62,6050,5725.84,6386.92,6081
2005-06-18,2230,2698,3254.23,7850,6053.55,6574.78,6237
2005-06-19,2870,2431,3297.76,9000,7215.4,7631.33,6276
2005-06-20,2820,2605,3946.97,9150,8496.32,9175.08,6632
2005-06-21,2590,2971,4040.37,8750,8859.16,9817.32,7812
2005-06-22,2570,3063,4144.01,8300,8677.24,9789.3,8826
2005-06-23,2790,2941,4460.48,8080,8338.84,9481.67,9128
2005-06-24,3040,2829,4558,8350,8159.81,9147.26,9128
2005-06-25,2970,3110,4538.44,9190,8383.75,9286.44,8783
2005-06-26,3040,3570,4695.78,10300,9042.07,9845.34,8826
2005-06-27,3230,3731,4875.07,12000,10207.02,10859.62,9215
2005-06-28,3080,3604,5220.16,12400,11725.98,12629.39,10272
2005-06-29,2880,3629,5220.16,13000,12568.22,13872.38,12100
2005-06-30,3610,3512,5158.65,14300,13654.99,15009.89,13907
2005-07-01,3550,3372,5097.41,15600,14843.26,16274.52,15529
2005-07-02,3190,4074,4945.43,17600,16646.37,17638.77,17299
2005-07-03,2820,4293,5097.41,19000,18143.58,19104.15,18909
2005-07-04,2780,4192,5689.64,19300,19113.72,20248.72,20020
2005-07-05,2840,4029,5785.25,18500,19365.32,20581.32,20932
2005-07-06,2690,3940,5647.33,17600,18557.73,19946.85,21148
2005-07-07,2550,3985,5573.56,17000,17677.2,19164.22,20716
2005-07-08,2470,3697,5552.54,16200,16943.09,18414.81,20020
2005-07-09,2530,3364,5437.46,15500,16137.12,17668.55,19595
2005-07-10,2600,3125,5117.79,15100,15420.66,16895.91,19330
2005-07-11,2480,3025,4835.02,14700,15341.58,16481.38,18437
2005-07-12,2380,3079,4616.87,14100,15157.49,16244.99,17350
2005-07-13,2300,3086,4538.44,13200,14791.06,15920.53,16788
2005-07-14,2660,3388,4666.14,12700,13859.76,15185.7,16382
2005-07-15,3120,3487,4735.42,12200,13298.56,14483.73,15579
2005-07-16,3480,3512,4995.91,11700,12718.44,13872.38,14687
2005-07-17,3620,3887,5107.6,10900,12145.18,13582.24,14150
2005-07-18,3900,4210,5230.44,10300,11408.04,12830.9,14004
2005-07-19,3470,4358,5605.13,9870,11189.28,12084.11,13377
2005-07-20,3000,4508,5902.87,9710,10207.02,11455.93,12428
2005-07-21,3140,4489,5999.73,9910,9947.57,11086.4,11867
2005-07-22,3750,4377,6010.53,10900,10088.87,11058.02,11497
2005-07-23,4980,4423,6064.61,13400,11044.06,11826.71,11268
2005-07-24,4770,5428,6184.21,16800,14530.77,13959.55,11960
2005-07-25,4450,6601,6794.5,20400,18890.81,19765.96,15728
2005-07-26,4710,7975,7753.42,23100,23711.19,25262.58,22787
2005-07-27,5540,7898,8781.16,25200,25952.99,27841.59,31984
2005-07-28,5650,7543,8855.41,26600,30338.5,30792.62,36720
2005-07-29,4940,7518,8547.5,27100,31701.3,32501.48,41623
2005-07-30,4420,7185,8449.79,26500,30938.73,31835.78,43773
2005-07-31,3810,6473,8171.1,25300,29490.9,30508.75,43642
2005-08-01,3930,8014,7706.18,25000,28154.17,29093.56,42532
2005-08-02,4760,9209,8719.45,26700,27876.46,28466.86,40784
2005-08-03,4730,8960,9610.02,27400,28680.69,28968.11,39885
2005-08-04,4400,8327,9457.35,26800,28649.65,29156.31,38865
2005-08-05,3960,7556,8942.31,26300,28308.76,28905.4,38928
2005-08-06,3880,7003,8340.34,25800,27999.79,28874.06,40398
2005-08-07,3880,6647,7931.47,25500,27538.02,28592.09,41171
2005-08-08,4090,6753,7659.05,24800,27753.26,29030.83,42012
2005-08-09,4470,6895,7670.82,23700,28339.71,30319.66,44365
2005-08-10,4980,8607,7883.85,23100,28030.65,30382.67,46085
2005-08-11,5210,8553,8818.25,22600,27845.65,29973.3,46751
2005-08-12,5540,8065,9004.57,22700,28030.65,29973.3,46285
2005-08-13,5460,8809,9280.33,25200,28711.75,30256.65,45952
2005-08-14,5650,8878,9866.4,28200,30244.01,30445.7,46151
2005-08-15,6620,8742,9648.32,29900,31701.3,31550.92,45952
2005-08-16,6520,9015,9419.32,30800,32500.8,32152.6,45024
2005-08-17,6430,10300,9559.03,31200,32789.89,32564.95,45024
2005-08-18,7340,12829,11103.06,32300,34701.58,34124.03,45421
2005-08-19,7360,13987,12390.71,33400,35618.7,35050.27,46218
2005-08-20,6990,14145,12741.55,34000,35848.96,35018.29,46418
2005-08-21,6170,12548,12544.65,34300,35848.96,34922.36,45819
2005-08-22,5360,11069,11672.19,34900,35881.88,34922.36,44431
2005-08-23,5190,10433,10822.3,35600,35848.96,34762.54,43053
2005-08-24,5100,9746,10229.33,35700,35750.23,34666.69,41753
2005-08-25,5270,9890,10008.42,35000,35323.23,34475.06,40784
2005-08-26,6230,9775,9969.62,33800,34636.32,33964.59,39885
2005-08-27,7910,10079,10034.32,32300,33628.82,32691.94,39119
2005-08-28,9090,10870,10177.2,30800,31956.57,32279.42,38104
2005-08-29,9580,11900,10649.78,29500,31065.48,31266.33,36845
2005-08-30,8650,12614,11170.28,28600,30370.02,30634.88,35908
2005-08-31,7870,12532,11590.27,28600,31319.4,31740.8,36532
2005-09-01,7440,11551,11658.52,28900,31733.18,31962.47,38801
2005-09-02,7380,10840,11129.93,29400,31510.2,31582.56,39757
2005-09-03,6450,10523,10729.28,29700,31605.71,31582.56,39374
2005-09-04,5620,10211,10729.28,29400,31510.2,31550.92,39183
2005-09-05,5010,9391,10294.63,28900,31319.4,31361.17,38801
2005-09-06,4790,8473,9750.73,28200,30812.11,30950.44,38294
2005-09-07,4660,8065,9242.55,27300,30654.02,30666.42,37473
2005-09-08,4380,7975,9179.71,26200,30907.06,31361.17,37599
2005-09-09,4130,7518,9444.67,24900,30433.07,31297.94,39693
2005-09-10,4740,7063,9142.08,23600,29584.77,30792.62,41235
2005-09-11,5040,6967,8954.75,22600,27999.79,29438.85,41364
2005-09-12,4270,7369,8793.52,22000,26286.22,27747.93,39821
2005-09-13,3680,7381,8892.61,21300,25109.84,26346.93,38231
2005-09-14,3360,6659,8657.9,20800,24960.05,26253.8,38674
2005-09-15,3190,6043,8219.33,20700,25019.94,26253.8,39119
2005-09-16,3080,5650,7741.6,21400,25049.9,26129.68,38992
2005-09-17,3030,5417,7366.79,21100,25049.9,25943.62,37851
2005-09-18,2980,5241,7067.15,20000,24333.52,25819.66,36282
2005-09-19,2950,5138,7032.86,20500,25139.83,25231.67,34115
2005-09-20,2980,5313,7931.47,22800,27261.93,25881.63,34361
2005-09-21,3160,5313,8413.25,25200,29147.4,27591.89,34978
2005-09-22,3140,5261,7955.32,25500,30244.01,28968.11,35846
2005-09-23,3200,5396,7448.21,25200,29992.42,30256.65,37096
2005-09-24,3260,5618,7424.92,24500,29240.97,30162.17,37536
2005-09-25,3200,5597,7390.02,23100,27907.28,29281.85,36220
2005-09-26,3190,5607,7274.12,21500,26346.93,28060.27,34361
2005-09-27,2990,5554,7216.42,20500,25229.84,27435.94,33198
2005-09-28,2810,5512,7378.4,21100,25349.99,26409.04,32347
2005-09-29,3010,6166,8207.26,23800,25862.31,26191.74,32045
2005-09-30,3740,5922,8401.08,25800,27231.3,26502.22,31623
2005-10-01,4180,5966,7991.14,26100,27599.47,27872.82,32105
2005-10-02,4180,6496,7741.6,25500,27968.95,28279.13,32772
2005-10-03,3950,6694,7931.47,24500,27231.3,27685.5,33076
2005-10-04,3660,6647,8074.94,23100,26043.76,26719.79,32105
2005-10-05,4000,6358,7991.14,21700,24661.18,25602.87,31262
2005-10-06,3710,6054,7741.6,20500,23269.28,24398.56,29535
2005-10-07,3590,6099,7576.81,19600,22072.65,23231.05,27951
2005-10-08,3550,5812,7494.88,18700,21121.7,22435.71,26447
2005-10-09,3490,5554,7262.57,18000,20721.61,21917.25,25306
2005-10-10,3140,5417,6998.63,17700,21121.7,22069.61,25476
2005-10-11,2900,5220,6817.08,17500,21035.79,22191.57,25306
2005-10-12,2870,4857,6659.61,16900,20380.28,21582.45,25249
2005-10-13,2780,4575,6370.66,15900,19505.47,20853.87,25476
2005-10-14,2820,4423,6140.62,14800,18724.08,20127.92,25023
2005-10-15,2770,4293,5999.73,14000,17431.59,19074.13,23397
2005-10-16,2660,4228,5902.87,13000,16137.12,17698.34,21582
2005-10-17,2650,4137,5763.95,12300,15105,16570.12,19807
2005-10-18,2730,4002,5657.9,11600,14065.34,15655.58,18542
2005-10-19,2680,3923,5531.55,11100,13349.33,14805.04,17402
2005-10-20,2610,3923,5406.23,10500,12543.24,13901.43,16433
2005-10-21,2780,3879,5343.95,10100,12194.76,13466.36,15579
2005-10-22,2670,3766,5323.25,9580,11530.05,12830.9,14983
2005-10-23,2490,3792,5220.16,9170,11165.04,12342.09,14442
2005-10-24,2400,3714,5138.21,8700,10707.17,11883.86,13907
2005-10-25,2320,3579,5128,8280,10183.36,11285.22,13473
2005-10-26,2240,3397,5026.28,7970,9689.88,10859.62,13233
2005-10-27,2220,3259,4885.1,7650,9433.98,10520.39,13329
2005-10-28,2410,3172,4695.78,7430,9110.91,10126.04,12995
2005-10-29,2510,3086,4567.79,7230,8973.37,9845.34,12146
2005-10-30,2750,3180,4470.2,7030,8518.88,9537.53,11589
2005-10-31,3490,3348,4431.37,6820,8182.13,9202.9,11039
2005-11-01,4200,3818,4548.21,6530,7915.33,8869.54,10722
2005-11-02,3760,4671,4835.02,6340,7628.93,8565.1,10586
2005-11-03,3190,5169,5573.56,6150,7280.29,8206.75,10272
2005-11-04,2780,4997,6326.62,6050,7129.12,8014.46,10631
2005-11-05,2500,4452,6359.64,6090,7367.05,8234.26,10451
2005-11-06,2380,4029,5978.16,6510,7323.64,8206.75,9872
2005-11-07,2290,3723,5594.6,7250,7497.69,8261.78,9784
2005-11-08,2180,3520,5302.57,8010,8004.01,8620.37,9696
2005-11-09,2230,3316,5087.22,8120,8609.28,9397.95,9872
2005-11-10,2450,3204,4865.04,7830,8836.37,9817.32,10317
2005-11-11,2960,3332,4666.14,7410,8677.24,9817.32,10722
2005-11-12,3000,3479,4626.71,7050,8338.84,9453.75,10812
2005-11-13,2660,3923,4775.17,6780,8070.68,9175.08,10541
2005-11-14,2340,4101,5026.28,6590,7826.91,8814.11,10138
2005-11-15,2170,3800,5416.63,6570,7628.93,8675.68,9784
2005-11-16,2080,3397,5395.83,6490,7475.87,8509.87,9520
2005-11-17,2010,3172,5056.72,6360,7367.05,8454.67,9302
2005-11-18,1960,3040,4715.59,6460,7280.29,8316.84,9171
2005-11-19,1870,2911,4460.48,6650,7301.95,8261.78,9041
2005-11-20,1810,2814,4267.69,6720,7497.69,8399.51,9041
2005-11-21,1970,2705,4162.96,6490,7541.37,8399.51,9389
2005-11-22,1920,2662,4059.15,6150,7367.05,8261.78,9345
2005-11-23,1820,2698,3937.67,5830,7107.59,8041.9,9215
2005-11-24,1760,2619,3882.05,5550,6808.01,7713.26,9041
2005-11-25,1830,2563,3900.56,5280,6469.82,7386.07,8655
2005-11-26,1750,2438,3872.8,5070,6219.19,7114.56,8273
2005-11-27,1680,2411,3771.65,4860,5909.59,6790.16,7979
2005-11-28,1680,2370,3635.24,4710,5624.43,6386.92,7687
2005-11-29,1640,2297,3572.2,4630,5423.03,6253.08,7399
2005-11-30,1580,2251,3527.41,4570,5362.99,6119.55,7154
2005-12-01,1510,2205,3438.44,4500,5223.58,5826.895,7033
2005-12-02,1600,2147,3367.84,4390,5164.13,5694.31,6912
2005-12-03,1620,2097,3306.49,4300,5164.13,5614.93,6711
2005-12-04,1560,2053,3254.23,4200,4889.08,5403.815,6672
2005-12-05,1570,2097,3167.79,4110,4772.42,5285.48,6592
2005-12-06,1560,2059,3099.23,4030,4637.26,5088.77,6434
2005-12-07,1550,2028,3116.32,3940,4598.83,5141.14,6276
2005-12-08,1660,2034,3124.88,3850,4522.23,5075.685,6355
2005-12-09,1620,2109,3073.66,3780,4464.99,4853.835,6552
2005-12-10,1600,2205,3073.66,3760,4388.99,4788.76,6394
2005-12-11,1720,2238,3124.88,3700,4370.04,4749.78,6159
2005-12-12,1660,2173,3245.55,3680,4275.62,4490.78,6003
2005-12-13,1570,2186,3315.23,3630,4144.35,4413.24,5926
2005-12-14,1450,2173,3280.33,3580,4275.62,4477.765,5810
2005-12-15,1290,2097,3271.62,3560,4163.04,4426.145,5810
2005-12-16,1330,1973,3245.55,3560,3977.17,4323.175,5926
2005-12-17,1380,1824,3167.79,3650,4032.7,4271.745,5964
2005-12-18,1370,1731,3031.21,3710,4088.42,4310.22,6120
2005-12-19,1340,1748,2846.93,3730,4313.32,4710.79,6513
2005-12-20,1320,1760,2707.36,3700,4200.48,4542.385,6872
2005-12-21,1270,1726,2666.79,3680,4294.46,4632.99,6992
2005-12-22,1230,1681,2658.7,3630,4238,4568.235,6791
2005-12-23,1120,1636,2650.62,3510,4032.7,4335.975,6552
2005-12-24,1120,1609,2594.31,3420,3885.08,4104.955,6276
2005-12-25,1120,1512,2546.39,3270,3811.82,4041.015,6003
2005-12-26,1080,1470,2498.78,3210,4032.7,4156.175,5733
2005-12-27,1200,1481,2420.15,3160,3775.32,4079.395,5543
2005-12-28,1360,1465,2319.26,3130,3576.27,3735.69,5505
2005-12-29,1370,1502,2311.57,3110,3468.9,3659.705,5354
2005-12-30,1450,1620,2296.2,3080,3451.09,3735.64,5092
2005-12-31,1450,1714,2311.57,3060,3415.54,3546.11,4944
2006-01-01,1500,1730,2412.33,3130,3362.4,3072.145,4834
2006-01-02,1410,1740,2554.35,3090,3256.78,3022.54,4761
2006-01-03,1330,1640,2626.44,3030,3204.3,3157.7,4652
2006-01-04,1370,1550,2674.89,2980,3152.05,3095.49,4472
2006-01-05,1360,1500,2618.39,2980,3100.02,2996.25,4329
2006-01-06,1280,1480,2506.69,2980,3048.23,2884.995,4258
2006-01-07,1150,1480,2396.73,3070,3048.23,2884.995,4152
2006-01-08,1240,1430,2311.57,3100,3082.73,2971.48,4082
2006-01-09,1240,1380,2288.53,3180,3134.68,3033.42,4047
2006-01-10,1250,1360,2273.22,3170,3186.86,3157.68,4047
2006-01-11,1180,1370,2204.77,3120,3239.26,3269.965,4082
2006-01-12,1280,1370,2122.13,3070,3204.3,3157.68,4082
2006-01-13,1270,1340,2107.22,3010,3169.44,3107.91,4152
2006-01-14,1150,1340,2114.67,2950,3117.34,3033.42,4117
2006-01-15,1020,1360,2099.78,2920,3065.47,2983.86,4047
2006-01-16,1020,1320,2077.52,2860,3013.82,2909.68,3977
2006-01-17,1080,1250,2084.93,2830,2962.41,2811.08,3908
2006-01-18,995,1200,2084.93,2820,2894.22,2786.49,3839
2006-01-19,1020,1190,2011.25,2790,2877.24,2712.84,3736
2006-01-20,966,1180,1909.69,2770,2826.46,2614.97,3668
2006-01-21,917,1140,1873.87,2760,2809.58,2639.4,3600
2006-01-22,903,1120,1845.39,2740,2792.73,2614.97,3532
2006-01-23,903,1090,1788.89,2730,2775.91,2590.56,3465
2006-01-24,980,1050,1753.9,2700,2759.11,2566.175,3465
2006-01-25,1010,1040,1719.15,2640,2792.73,2590.56,3398
2006-01-26,1080,1060,1677.79,2580,2725.6,2529.65,3332
2006-01-27,1090,1090,1643.59,2560,2675.54,2505.325,3332
2006-01-28,882,1120,1623.19,2540,2592.64,2359.89,3299
2006-01-29,829,1120,1636.78,2520,2559.68,2371.975,3266
2006-01-30,876,1050,1670.93,2510,2559.68,2359.89,3233
2006-01-31,771,990,1684.66,2510,2576.15,2335.755,3167
2006-02-01,803,970,1657.24,2510,2576.15,2371.975,3167
2006-02-02,924,940,1589.39,2540,2576.15,2384.075,3167
2006-02-03,889,920,1535.84,2550,2576.15,2396.16,3134
2006-02-04,882,940,1502.71,2550,2559.68,2432.49,3134
2006-02-05,917,950,1450.23,2550,2576.15,2493.16,3102
2006-02-06,842,970,1430.72,2560,2576.15,2420.375,3069
2006-02-07,896,970,1437.21,2550,2559.68,2371.975,3069
2006-02-08,910,970,1443.72,2510,2559.68,2371.975,3037
2006-02-09,903,990,1430.72,2470,2543.24,2347.815,2972
2006-02-10,816,990,1437.21,2420,2477.75,2323.68,2972
2006-02-11,777,1000,1430.72,2400,2348.15,2275.485,2940
2006-02-12,842,960,1437.21,2400,2348.15,2179.42,2908
2006-02-13,903,940,1443.72,2440,2380.38,2107.65,2876
2006-02-14,896,940,1437.21,2440,2428.94,2143.5,2813
2006-02-15,910,950,1398.42,2440,2412.72,2227.4,2876
2006-02-16,777,980,1379.16,2440,2428.94,2263.465,2844
2006-02-17,758,970,1391.99,2480,2396.54,2155.47,2781
2006-02-18,835,930,1404.86,2480,2412.72,2167.44,2781
2006-02-19,784,900,1411.31,2440,2412.72,2203.395,2781
2006-02-20,675,880,1385.57,2410,2412.72,2179.42,2813
2006-02-21,593,880,1315.66,2370,2380.38,2107.65,2844
2006-02-22,670,850,1296.82,2350,2348.15,2059.95,2813
2006-02-23,752,810,1296.82,2340,2332.08,2059.975,2718
2006-02-24,816,770,1271.84,2340,2316.03,2071.875,2624
2006-02-25,903,780,1204.06,2340,2300.02,2048.05,2593
2006-02-26,869,800,1155.6,2330,2284.04,2048.05,2531
2006-02-27,670,870,1161.62,2300,2268.08,2036.14,2439
2006-02-28,758,880,1191.88,2260,2252.16,2000.49,2408
2006-03-01,790,820,1240.87,2200,2220.39,1929.38,2500
2006-03-02,716,780,1265.63,2150,2188.75,1917.54,2470
2006-03-03,938,810,1247.04,2150,2141.51,1834.98,2378
2006-03-04,924,790,1173.69,2150,2110.17,1799.695,2378
2006-03-05,856,840,1155.6,2150,2125.83,1799.695,2288
2006-03-06,704,900,1161.62,2170,2110.17,1811.44,2408
2006-03-07,777,890,1161.62,2170,2141.51,1823.2,2408
2006-03-08,796,830,1216.29,2200,2172.98,1941.2,2378
2006-03-09,790,800,1259.42,2190,2204.56,1941.23,2408
2006-03-10,1010,810,1247.04,2140,2172.98,1870.31,2439
2006-03-11,980,820,1197.97,2100,2188.75,1893.91,2439
2006-03-12,681,850,1179.74,2100,2157.23,1858.58,2439
2006-03-13,722,860,1179.74,2140,2110.17,1834.96,2439
2006-03-14,809,840,1197.97,2150,2110.17,1717.685,2408
2006-03-15,722,810,1265.63,2200,2125.83,1764.505,2288
2006-03-16,771,760,1265.63,2240,2172.98,1846.74,2168
2006-03-17,777,770,1167.65,2300,2188.75,1917.54,2139
2006-03-18,849,780,1125.67,2260,2252.16,1988.64,2228
2006-03-19,910,780,1131.64,2230,2268.08,2059.95,2408
2006-03-20,973,800,1137.61,2200,2220.39,2000.49,2500
2006-03-21,917,830,1149.59,2200,2188.75,1929.38,2562
2006-03-22,758,860,1155.6,2200,2157.23,1893.94,2593
2006-03-23,698,880,1197.97,2230,2204.56,1964.92,2470
2006-03-24,698,840,1228.56,2260,2220.39,1905.73,2408
2006-03-25,593,800,1247.04,2260,2220.39,1870.34,2439
2006-03-26,553,740,1216.29,2200,2220.39,1870.4,2500
2006-03-27,519,710,1143.6,2190,2204.56,1917.54,2624
2006-03-28,404,670,1084.25,2190,2188.75,1823.2,2655
2006-03-29,472,610,1049.18,2190,2172.98,1752.81,2562
2006-03-30,538,570,1003.06,2230,2141.51,1776.22,2470
2006-03-31,519,580,963.31,2280,2172.98,1811.44,2439
2006-04-01,588,630,929.7,2270,2268.08,1870.31,2348
2006-04-02,593,650,880.09,2200,2268.08,1929.38,2318
2006-04-03,481,660,896.52,2160,2252.16,1976.76,2378
2006-04-04,455,680,918.59,2110,2220.39,1976.74,2686
2006-04-05,538,630,924.14,2060,2188.75,1870.34,2813
2006-04-06,698,590,929.7,1990,2125.83,1811.455,2686
2006-04-07,758,600,946.46,1940,2094.54,1846.74,2593
2006-04-08,746,660,869.19,1900,2094.54,1752.775,2562
2006-04-09,734,750,842.17,1900,2032.35,1741.08,2500
2006-04-10,822,800,863.77,1900,1909.46,1729.365,2500
2006-04-11,647,830,940.86,1910,1879.05,1682.645,2470
2006-04-12,509,830,1008.78,1950,1939.99,1578.02,2686
2006-04-13,455,780,1049.18,1970,1970.65,1589.615,2470
2006-04-14,429,920,1060.82,1970,2032.35,1601.225,2348
2006-04-15,459,830,1060.82,1910,1986.03,1566.475,2288
2006-04-16,563,600,1014.52,1940,1939.99,1462.63,2288
2006-04-17,468,600,918.59,1980,1909.46,1520.2,2348
2006-04-18,429,630,842.17,2040,1955.31,1508.68,2348
2006-04-19,455,650,831.45,2110,1970.65,1589.615,2288
2006-04-20,455,650,869.19,2140,2047.85,1647.705,2258
2006-04-21,486,640,935.28,2140,2047.85,1589.615,2228
2006-04-22,652,650,918.59,2080,2063.39,1636.06,2228
2006-04-23,620,680,902.02,2020,2063.39,1659.37,2198
2006-04-24,692,680,918.59,1970,2032.35,1636.06,2258
2006-04-25,625,710,924.14,1940,1970.65,1543.3,2439
2006-04-26,553,730,935.28,1940,1939.99,1578.035,2318
2006-04-27,620,710,974.61,1980,1909.46,1531.76,2109
2006-04-28,771,710,1008.78,2040,1939.99,1612.82,2080
2006-04-29,758,700,1031.8,2110,2141.51,1787.965,2022
2006-04-30,698,810,1101.93,2120,2220.39,1988.61,2051
2006-05-01,809,900,1265.63,2140,2188.75,2048.05,2348
2006-05-02,829,880,1309.37,2190,2252.16,1929.38,2781
2006-05-03,1320,900,1303.09,2310,2252.16,2000.54,2972
2006-05-04,1370,1010,1290.56,2400,2316.03,2060.035,2876
2006-05-05,1050,1140,1253.23,2470,2348.15,2036.17,2908
2006-05-06,764,1260,1278.07,2560,2428.94,2167.45,2908
2006-05-07,809,1130,1391.99,2610,2559.68,2359.9,2908
2006-05-08,842,940,1609.64,2620,2675.54,2481.065,2940
2006-05-09,1020,840,1733.02,2620,2708.89,2590.585,2972
2006-05-10,1150,850,1609.64,2560,2725.6,2505.325,3167
2006-05-11,1290,930,1360,2490,2675.54,2505.31,3332
2006-05-12,1290,1030,1240.87,2480,2592.64,2444.615,3332
2006-05-13,1190,1080,1253.23,2560,2576.15,2384.06,3233
2006-05-14,1180,1150,1340.93,2640,2576.15,2359.9,3332
2006-05-15,1350,1180,1469.83,2680,2658.9,2420.375,3299
2006-05-16,1570,1190,1636.78,2670,2725.6,2517.475,3167
2006-05-17,1840,1250,1739.97,2610,2742.34,2578.36,3005
2006-05-18,2160,1330,1760.88,2540,2708.89,2614.97,3005
2006-05-19,1910,1440,1802.96,2510,2692.2,2651.62,3365
2006-05-20,1540,1480,1895.33,2510,2658.9,2823.43,3398
2006-05-21,1260,1630,2070.12,2560,2725.6,2983.86,3365
2006-05-22,1220,1550,2498.78,2640,2692.2,2946.755,3499
2006-05-23,1140,1380,3554.26,2730,2658.9,2823.38,4012
2006-05-24,1020,1250,3919.1,2820,2759.11,2872.66,4223
2006-05-25,1100,1180,3716.87,3250,2860.29,2996.25,4117
2006-05-26,1230,1160,3341.5,4460,3134.68,3182.615,3908
2006-05-27,1270,1160,2888.45,5000,3940.27,4233.405,3805
2006-05-28,1170,1200,2570.31,5450,4830.65,5036.515,4082
2006-05-29,1400,1310,2257.95,5570,5303.12,5614.97,4652
2006-05-30,1490,1340,2189.66,5510,5604.2,5933.155,5657
2006-05-31,1540,1440,2242.71,5510,5685.22,6480.78,6434
2006-06-01,1960,1760,2288.53,5510,5766.55,6655.46,6672
2006-06-02,2000,2030,2357.88,5340,5746.19,6615.105,6751
2006-06-03,1910,2640,2658.7,5440,5664.94,6547.91,6751
2006-06-04,3030,2580,3039.68,5810,5604.2,6453.945,6672
2006-06-05,3370,2100,3262.92,6170,5746.19,6440.54,6592
2006-06-06,2660,2260,3376.64,6150,6115.53,6857.61,6552
2006-06-07,2760,2700,3341.5,5890,6156.94,6992.725,6592
2006-06-08,3730,2460,3456.17,5690,6074.19,6952.165,6791
2006-06-09,3520,2360,3946.97,5550,5868.63,6722.785,6832
2006-06-10,2980,2660,3946.97,5440,5685.22,6480.79,6711
2006-06-11,2800,2840,3753.36,5340,5543.64,6306.59,6513
2006-06-12,2800,2530,3928.38,5180,5443.08,6146.24,6315
2006-06-13,2680,2500,4239.04,5200,5283.21,5986.315,6120
2006-06-14,2820,2360,4077.95,5300,5223.58,5866.665,5926
2006-06-15,2860,2310,3854.34,5320,5263.31,5879.95,5733
2006-06-16,2560,2280,3735.1,5220,5263.31,5906.525,5619
2006-06-17,2820,2270,3653.33,5220,5223.58,5879.95,5619
2006-06-18,2870,2270,3626.21,5280,5183.92,5760.525,5695
2006-06-19,2810,2240,3698.68,5180,5203.74,5720.78,5619
2006-06-20,3380,2240,3671.44,5010,5183.92,5760.525,5581
2006-06-21,3610,2330,3617.19,4920,5085.14,5707.53,5733
2006-06-22,3780,2490,3707.77,4880,5006.47,5601.69,5887
2006-06-23,4100,2730,3725.98,4980,4986.85,5548.85,5926
2006-06-24,3780,2990,3974.91,4940,5183.92,5853.38,5887
2006-06-25,3400,3160,4354.07,5180,5223.58,5919.81,6198
2006-06-26,3420,3250,4656.27,5340,5402.99,6052.895,6355
2006-06-27,3410,3200,4945.43,5440,5503.36,6239.715,6473
2006-06-28,4000,3060,4965.6,5470,5583.99,6333.35,6513
2006-06-29,4350,3020,4765.22,5590,5604.2,6427.125,6672
2006-06-30,3640,3230,4607.04,6010,5786.92,7128.11,6912
2006-07-01,3410,3400,4567.79,6860,6012.33,8042.3,7646
2006-07-02,3190,3210,4795.09,8300,6893.25,10070.095,9961
2006-07-03,3070,3030,4955.51,9380,9971.08,12443.02,14150
2006-07-04,3040,2980,4805.06,10200,12493.29,15994.655,17762
2006-07-05,3090,2960,4626.71,11200,13629.45,16910.735,21964
2006-07-06,3170,3070,4489.66,12000,13911.08,16333.62,23563
2006-07-07,3540,3280,4431.37,13300,13988.16,15861.615,22128
2006-07-08,3520,3440,4538.44,13600,14349.3,16038.44,20394
2006-07-09,3700,3600,4745.34,12800,14427,15876.345,19172
2006-07-10,4000,3660,4915.23,11900,13757.28,15493.89,18385
2006-07-11,4080,3800,5107.6,11200,13171.87,15567.365,18699
2006-07-12,4350,4190,5179.13,11200,12543.24,14863.565,19330
2006-07-13,5730,4850,5312.91,13200,12393.57,14279.645,18751
2006-07-14,5840,5300,5870.71,14400,13476.47,14469.145,17866
2006-07-15,5090,5670,6414.82,14500,14478.86,15611.845,18909
2006-07-16,5220,5490,6783.22,14400,14869.38,16274.52,19383
2006-07-17,4950,5120,6930.35,14600,15183.75,16688.51,19967
2006-07-18,4890,5020,6614.86,15300,15367.93,16866.27,21040
2006-07-19,5350,5640,6425.88,16600,15977.17,17326.37,21148
2006-07-20,9290,7740,6536.81,18600,17051.33,18325.13,21094
2006-07-21,10200,7180,8376.77,19200,18447.05,19705.735,21310
2006-07-22,9070,7760,8183.15,18100,19337.33,20566.2,22677
2006-07-23,7410,7860,8437.6,17800,19871.1,22176.48,25533
2006-07-24,5770,7520,8608.77,18600,19955.73,22298.36,29063
2006-07-25,5480,6820,8401.08,18900,20266.84,22450.975,31563
2006-07-26,5710,6120,8027.02,19000,21379.96,23737.275,32529
2006-07-27,5890,6070,7448.21,19500,21639.04,23875.52,33198
2006-07-28,7060,6130,7227.94,20700,21783.32,23737.265,32711
2006-07-29,6760,6310,7262.57,20400,22159.64,23737.265,31924
2006-07-30,5610,6780,7262.57,19600,22130.64,23890.895,32105
2006-07-31,4910,7260,7612.01,19400,22275.78,24583.44,32954
2006-08-01,5010,7360,8110.96,20200,22888.07,24598.855,34238
2006-08-02,5260,7000,8364.62,21500,23681.67,25185.31,33748
2006-08-03,5260,6710,8062.95,22100,23888.57,25386.27,33625
2006-08-04,5480,6860,7777.08,22200,24571.7,26300.405,33381
2006-08-05,5410,7090,7788.91,22000,24810.5,26579.915,34731
2006-08-06,5110,7340,7883.85,21700,24244.36,25664.805,35163
2006-08-07,4990,7520,8003.09,21600,23534.17,24861.09,33686
2006-08-08,6440,8090,8159.06,21800,23034.49,24198.44,31924
2006-08-09,7440,9400,8461.98,22100,22917.33,24629.685,30783
2006-08-10,7650,9790,9482.73,22400,23563.65,24799.325,32590
2006-08-11,6490,9590,9879.28,21900,23475.24,24737.625,32954
2006-08-12,5190,8990,9725.09,21600,23298.68,25448.2,34546
2006-08-13,4690,8040,9368.69,21600,24601.52,26688.73,37851
2006-08-14,4560,7290,8855.41,21600,25380.06,27124.33,39566
2006-08-15,4350,6760,8340.34,21300,25259.87,26828.7,40013
2006-08-16,4170,6370,7955.32,21300,27445.91,28686.075,40591
2006-08-17,3760,5920,7588.54,21100,27047.69,28294.79,42923
2006-08-18,3470,5610,7251.02,20900,25832.1,27077.66,42923
2006-08-19,3520,5610,7032.86,20600,24631.35,25804.185,40591
2006-08-20,4290,6610,6987.23,21400,24303.79,25587.39,36220
2006-08-21,5260,8530,7753.42,21900,24303.79,25401.735,32529
2006-08-22,6340,10180,8967.2,21900,25139.83,26083.16,31563
2006-08-23,5890,9920,10216.29,22100,26894.94,28341.835,32650
2006-08-24,4810,9860,10216.29,22500,26986.57,28717.385,36407
2006-08-25,5090,9960,10164.18,23300,27017.13,28263.5,37033
2006-08-26,7010,10060,10294.63,24100,26681.48,27701.105,36220
2006-08-27,11900,10360,10676.26,24400,27017.13,27857.205,36095
2006-08-28,10200,11220,10808.99,24800,26742.42,27591.89,35722
2006-08-29,9220,11500,11264.64,25200,27231.3,28122.81,34731
2006-08-30,8890,10930,11481.36,25500,28525.57,29564.525,36908
2006-08-31,8090,10170,11549.38,25500,28525.57,29297.55,39374
2006-09-01,7590,9760,11467.77,25400,28061.52,28764.4,38865
2006-09-02,7210,9150,10875.58,25100,27568.74,28169.68,36345
2006-09-03,6390,8550,10164.18,24600,26894.94,27513.915,34238
2006-09-04,5730,7970,9559.03,23800,26286.22,26859.765,32772
2006-09-05,5170,7390,9054.49,22700,25229.84,26145.22,31924
2006-09-06,4850,6910,8584.24,21500,23918.16,25185.335,31082
2006-09-07,4850,6580,8207.26,20400,22771.11,24075.425,30009
2006-09-08,4600,6420,7907.65,19300,21581.39,22863.645,28126
2006-09-09,4220,6260,7635.52,18400,20579.21,21887.67,26677
2006-09-10,4230,6220,7576.81,17500,19533.53,21157.135,25306
2006-09-11,4660,6450,7955.32,16400,18696.32,20203.465,24684
2006-09-12,4170,6200,8122.97,15600,17595.23,19329.51,25023
2006-09-13,3600,5930,7919.56,15200,16673.29,18355.015,25249
2006-09-14,3400,5490,7553.37,15000,16110.43,17653.665,24627
2006-09-15,3210,5090,7124.43,14700,15817.64,17252.08,24010
2006-09-16,3040,4840,6715.7,14200,15605.59,17118.42,22843
2006-09-17,3100,4670,6414.82,13700,15315.25,16895.91,23230
2006-09-18,3510,4560,6304.63,13000,14895.51,16496.17,23619
2006-09-19,4150,5070,6227.9,12300,14608.73,16318.82,25306
2006-09-20,5190,5400,6436.94,11700,13936.76,15773.29,26562
2006-09-21,7590,6360,6738.18,11000,13070.75,14805.115,27718
2006-09-22,10200,7490,7424.92,10500,12343.79,13988.645,27776
2006-09-23,8450,8420,8461.98,10200,11775.1,14483.74,26447
2006-09-24,6900,8420,9117.03,10400,11530.05,13843.37,23119
2006-09-25,6060,7770,9192.27,11100,12318.92,14323.52,19860
2006-09-26,5070,7020,8781.16,12500,13885.42,16038.44,19489
2006-09-27,4730,6520,8316.09,13900,15236.32,16762.57,21473
2006-09-28,4390,6030,7943.39,14900,17241.18,18669.44,21800
2006-09-29,4130,5680,7659.05,14700,18419.41,20143.09,25136
2006-09-30,4170,5440,7448.21,14400,17622.54,19600.36,28476
2006-10-01,4060,5220,7090.04,13700,17051.33,19404.84,28359
2006-10-02,3750,5120,6726.94,13000,18696.32,21856.515,27602
2006-10-03,3640,5000,6559.08,12500,20978.58,23553.08,32105
2006-10-04,3280,4790,6771.95,14400,21351.22,23246.375,34731
2006-10-05,3230,4580,7251.02,15900,22450.27,23983.15,34731
2006-10-06,3510,4410,7297.25,15900,23034.49,24814.79,35040
2006-10-07,3600,4430,7067.15,15500,23563.65,24953.65,37096
2006-10-08,3810,4530,7010.03,16000,23005.19,25030.84,38104
2006-10-09,4500,4960,7448.21,16800,23593.14,24999.96,38547
2006-10-10,8720,6010,7694.39,16800,24095.94,25602.87,38167
2006-10-11,6217.5,7040,7800.76,16500,23122.47,24706.81,37788
2006-10-12,6615.666667,9950,8474.18,16200,22014.71,23491.7,35287
2006-10-13,7013.833333,12000,10242.38,15900,21179.02,22588.45,32529
2006-10-14,7412,13050,11713.23,15600,20351.91,21810.67,30009
2006-10-15,7810.166667,12430,12112.56,16100,19927.51,21233.03,28067
2006-10-16,8208.333333,10920,11836.65,17500,20153.56,21339.31,26505
2006-10-17,8350,9420,10969.05,18600,20949.98,21978.2,25647
2006-10-18,6730,8350,10034.32,19100,21841.11,22771.855,25818
2006-10-19,5870,7410,9242.55,18800,22188.66,23154.45,26218
2006-10-20,5090,6650,8535.26,17800,21812.21,22909.51,26275
2006-10-21,4600,6090,7943.39,16600,20921.4,22115.36,25818
2006-10-22,4480,5610,7424.92,15400,19842.91,21126.8,24797
2006-10-23,4370,5280,6998.63,14200,18419.41,19856.445,23898
2006-10-24,4060,5120,6670.82,13200,17377.13,18924.115,22237
2006-10-25,3760,4990,6425.88,12200,16431.44,17892.125,20878
2006-10-26,3580,4750,6282.68,11200,15447.04,16925.585,19807
2006-10-27,3480,4510,6097.15,10400,14530.77,15994.245,18542
2006-10-28,3330,4330,5902.87,9780,13834.12,15171.08,17453
2006-10-29,3190,4210,5679.05,9290,13121.29,14512.935,16941
2006-10-30,3090,4070,5542.04,8860,12543.24,14003.16,16332
2006-10-31,2950,3950,5416.63,8510,12095.67,13379.535,15379
2006-11-01,2860,3840,5292.25,8120,11799.68,12845.315,14933
2006-11-02,2840,3750,5158.65,7710,11116.61,11969.815,14344
2006-11-03,2770,3640,5036.42,7360,10803.14,11898.155,13617
2006-11-04,2710,3540,4935.35,7100,10278.09,11527.15,12995
2006-11-05,2720,3450,4825.03,6840,9806.79,11114.785,12663
2006-11-06,2640,3360,4725.5,6620,9596.62,10788.865,12334
2006-11-07,2590,3290,4636.56,6390,9249.01,10379.375,11867
2006-11-08,2530,3200,4558,6190,8927.64,10097.94,11451
2006-11-09,2460,3130,4479.92,6010,8654.57,9929.47,11130
2006-11-10,2480,3050,4383,5850,8361.29,9551.505,10948
2006-11-11,2340,2990,4306.01,5650,8092.94,9133.375,10586
2006-11-12,2290,2940,4229.5,5510,7760.77,8648.025,10227
2006-11-13,2250,2870,4172.44,5380,7738.76,8911.14,9696
2006-11-14,2050,2810,4115.66,5260,7280.29,8358.165,9652
2006-11-15,2110,2760,4040.37,5140,7193.8,8151.765,9258
2006-11-16,2290,2630,3974.91,5030,6914.61,8028.18,8955
2006-11-17,2160,2610,3891.3,4940,6786.74,7808.97,8783
2006-11-18,2010,2680,3780.8,4850,6638.35,7604.04,8612
2006-11-19,1980,2630,3707.77,4730,6406.92,7331.69,8399
2006-11-20,1970,2530,3771.65,4660,6239.97,7073.935,8230
2006-11-21,1970,2470,3753.36,4590,6177.67,6992.725,7979
2006-11-22,2050,2450,3653.33,4540,6032.93,6911.62,7770
2006-11-23,2110,2470,3554.26,4500,5786.92,6655.48,7687
2006-11-24,1810,2450,3500.63,4480,5624.43,6534.49,7522
2006-11-25,1730,2440,3491.72,4430,5343.01,6199.64,7399
2006-11-26,1760,2340,3500.63,4390,4986.85,5973.005,7033
2006-11-27,1720,2230,3491.72,4280,4889.08,5667.87,6832
2006-11-28,1620,2190,3411.9,4200,4889.08,5496.1,6552
2006-11-29,1470,2150,3271.62,4080,4637.26,5298.635,6355
2006-11-30,1380,2070,3185.01,4020,4388.99,4984.225,6237
2006-12-01,1530,1980,3150.6,4020,4275.62,4827.835,5926
2006-12-02,1550,1910,3090.7,3970,4219.23,4788.83,5810
2006-12-03,1560,1930,2980.54,3880,4125.69,4932.005,5733
2006-12-04,1420,1970,2863.51,3780,4051.25,4620.02,5467
2006-12-05,1480,1930,2830.38,3700,3921.85,4310.34,5354
2006-12-06,1540,1890,2871.82,3650,3830.1,4130.55,5279
2006-12-07,1470,1860,2871.82,3570,3738.92,4143.405,5279
2006-12-08,1420,1880,2830.38,3500,3684.49,4041.07,5391
2006-12-09,1420,1840,2772.73,3420,3648.33,4053.83,5849
2006-12-10,1390,1780,2764.53,3360,3540.39,3837.205,5543
2006-12-11,1340,1770,2748.15,3330,3468.9,3748.39,5241
2006-12-12,1400,1740,2682.99,3310,3451.09,3634.41,4981
2006-12-13,1420,1710,2634.49,3310,3380.09,3609.145,4834
2006-12-14,1240,1710,2602.33,3260,3344.74,3533.47,4871
2006-12-15,1410,1700,2570.31,3250,3274.32,3520.87,4871
2006-12-16,1430,1640,2538.43,3210,3239.26,3508.305,4761
2006-12-17,1360,1650,2538.43,3170,3221.77,3445.405,4688
2006-12-18,1240,1680,2498.78,3120,3204.3,3395.18,4616
2006-12-19,1210,1650,2451.49,3070,3169.44,3332.5,4472
2006-12-20,1200,1580,2475.09,3030,3117.34,3282.455,4400
2006-12-21,1210,1530,2482.98,2980,3065.47,3195.065,4329
2006-12-22,1250,1510,2420.15,2950,3048.23,3132.785,4329
2006-12-23,1150,1500,2326.97,2920,3100.02,3232.485,4294
2006-12-24,1140,1510,2288.53,2890,3065.47,3257.46,4223
2006-12-25,1060,1490,2257.95,2890,3031.01,3070.68,4187
2006-12-26,1080,1440,2250.32,2910,2979.52,2946.755,4187
2006-12-27,1110,1400,2250.32,2910,2979.52,3045.82,4082
2006-12-28,1070,1370,2212.34,2860,2962.41,2959.135,4012
2006-12-29,1040,1380,2167.07,2790,2945.32,2897.345,4012
2006-12-30,959,1370,2107.22,2760,2894.22,2848.02,4012
2006-12-31,938,1604.353628,2084.93,2740,2860.29,2835.695,3839
2007-01-01,1160,1560.359237,2070.12,2750,2809.58,2798.79,3770
2007-01-02,1200,1530.348091,2040.61,2750,2809.58,2786.555,3736
2007-01-03,1110,1557.619127,1996.63,2730,2775.91,2749.68,3668
2007-01-04,1080,1593.313597,1924.08,2710,2759.11,2749.68,3600
2007-01-05,1030,1560.359237,1895.33,2640,2742.34,2663.88,3634
2007-01-06,1130,1508.657864,1931.29,2640,2708.89,2602.77,3634
2007-01-07,1170,1473.633138,1938.51,2640,2675.54,2578.41,3566
2007-01-08,1110,1495.151501,1902.5,2620,2658.9,2554,3499
2007-01-09,1170,1519.487864,1859.61,2590,2625.72,2481.025,3499
2007-01-10,1040,1511.36116,1817.06,2550,2592.64,2481.025,3465
2007-01-11,967,1500.547981,1831.2,2510,2543.24,2311.67,3465
2007-01-12,1010,1457.572319,1838.29,2510,2494.08,2263.465,3499
2007-01-13,1020,1388.656098,1824.13,2490,2494.08,2239.42,3465
2007-01-14,980,1365.063608,1802.96,2490,2510.44,2263.465,3465
2007-01-15,974,1375.528403,1739.97,2490,2510.44,2263.465,3398
2007-01-16,1110,1362.452612,1677.79,2480,2494.08,2251.455,3332
2007-01-17,1040,1362.452612,1650.41,2480,2477.75,2227.4,3266
2007-01-18,909,1412.376279,1636.78,2460,2477.75,2227.4,3233
2007-01-19,987,1428.269913,1609.64,2440,2445.18,2167.45,3233
2007-01-20,1110,1339.026694,1616.41,2420,2428.94,2119.59,3233
2007-01-21,1130,1328.659346,1636.78,2410,2412.72,2107.65,3200
2007-01-22,1080,1383.402952,1609.64,2360,2380.38,2071.86,3167
2007-01-23,1070,1420.312813,1549.17,2340,2380.38,2119.605,3102
2007-01-24,1060,1391.280949,1549.17,2320,2348.15,2024.26,3037
2007-01-25,967,1359.841616,1582.66,2320,2316.03,2000.49,2972
2007-01-26,974,1339.026694,1596.13,2330,2316.03,1976.74,2972
2007-01-27,865,1305.43261,1569.23,2340,2316.03,1976.76,2908
2007-01-28,822,1282.35361,1549.17,2330,2332.08,2024.24,2844
2007-01-29,798,1221.533738,1529.2,2320,2316.03,2036.17,2813
2007-01-30,787,1181.5236,1463.29,2320,2300.02,2095.71,2781
2007-01-31,769,1129.725315,1437.21,2320,2284.04,2036.225,2781
2007-02-01,752,1105.3502,1391.99,2330,2284.04,1953.1,2718
2007-02-02,764,1076.351924,1340.93,2330,2284.04,1917.54,2686
2007-02-03,787,1033.347875,1296.82,2310,2284.04,1929.38,2655
2007-02-04,1060,1002.66106,1240.87,2300,2284.04,1976.74,2686
2007-02-05,1170,1009.758793,1204.06,2300,2268.08,1953.1,2686
2007-02-06,1030,1117.546979,1161.62,2260,2252.16,1882.12,2655
2007-02-07,1110,1254.334651,1143.6,2220,2236.26,1870.34,2624
2007-02-08,921,1246.733842,1161.62,2180,2188.75,1835.025,2562
2007-02-09,947,1213.968625,1265.63,2160,2157.23,1787.965,2624
2007-02-10,987,1224.024328,1347.28,2130,2110.17,1694.325,2624
2007-02-11,1030,1151.822873,1353.63,2120,2094.54,1670.98,2593
2007-02-12,1020,1139.526903,1334.6,2110,2063.39,1601.225,2562
2007-02-13,841,1171.586992,1278.07,2110,2047.85,1589.645,2500
2007-02-14,915,1164.166334,1253.23,2120,2047.85,1601.225,2408
2007-02-15,1020,1090.836181,1253.23,2230,2063.39,1578.035,2318
2007-02-16,816,1061.949701,1265.63,2260,2125.83,1741.08,2288
2007-02-17,871,1090.813883,1240.87,2270,2172.98,1787.95,2198
2007-02-18,993,1052.400701,1197.97,2270,2204.56,1811.44,2198
2007-02-19,1030,1021.505869,1191.88,2260,2220.39,1776.25,2228
2007-02-20,1160,1073.942214,1197.97,2250,2204.56,1741.08,2318
2007-02-21,865,1110.210457,1143.6,2230,2172.98,1717.685,2348
2007-02-22,915,1132.172038,1131.64,2230,2157.23,1694.325,2288
2007-02-23,865,1090.85848,1161.62,2220,2141.51,1717.67,2258
2007-02-24,746,1016.780421,1204.06,2170,2125.83,1717.685,2258
2007-02-25,607,1005.018102,1222.42,2130,2078.95,1647.705,2258
2007-02-26,680,937.7181994,1161.62,2130,2047.85,1601.225,2258
2007-02-27,691,878.712279,1131.64,2140,2047.85,1543.3,2228
2007-02-28,670,889.950421,1107.85,2200,2063.39,1554.88,2198
2007-03-01,675,903.5002454,1049.18,2230,2094.54,1578.02,2228
2007-03-02,741,883.2051596,991.65,2260,2125.83,1647.705,2288
2007-03-03,810,869.7582834,1003.06,2250,2172.98,1776.22,2348
2007-03-04,752,892.2067541,1008.78,2230,2141.51,1799.695,2378
2007-03-05,730,917.1209363,985.96,2200,2141.51,1741.08,2408
2007-03-06,675,914.8488552,980.28,2140,2125.83,1670.98,2439
2007-03-07,718,878.7162497,991.65,2080,2125.83,1694.325,2500
2007-03-08,638,847.5169402,1008.78,2010,2016.88,1671,2470
2007-03-09,730,829.8610989,985.96,1970,1986.03,1578.085,2439
2007-03-10,654,827.6647064,957.68,1950,1909.46,1439.655,2408
2007-03-11,718,827.6647064,935.28,1940,1879.05,1462.63,2318
2007-03-12,741,825.4723613,918.59,1930,1848.77,1371.03,2228
2007-03-13,718,823.2759688,902.02,1930,1848.77,1279.955,2139
2007-03-14,685,840.8793964,902.02,1930,1833.68,1382.38,2080
2007-03-15,633,840.8793964,885.55,1930,1818.62,1348.14,2022
2007-03-16,612,814.5309388,891.03,1910,1818.62,1325.44,1964
2007-03-17,607,777.6889967,896.52,1890,1848.77,1325.385,1935
2007-03-18,724,754.1671279,885.55,1940,1894.24,1462.63,1993
2007-03-19,746,754.1671279,852.94,1890,1863.89,1462.775,1964
2007-03-20,798,788.4670481,820.77,1870,1833.68,1394.125,1993
2007-03-21,713,840.8874455,799.57,1870,1788.61,1291.405,2080
2007-03-22,696,878.712279,794.3,1870,1758.72,1257.3,1993
2007-03-23,724,874.2352812,820.77,1870,1788.61,1370.975,1993
2007-03-24,730,851.9459885,852.94,1870,1773.65,1325.385,1964
2007-03-25,707,849.7294569,880.09,1870,1788.61,1257.3,1935
2007-03-26,623,871.9947939,863.77,1870,1773.65,1279.955,1935
2007-03-27,623,869.7622665,847.55,1870,1773.65,1257.37,2022
2007-03-28,638,818.9034471,847.55,1870,1743.83,1246.02,2022
2007-03-29,633,764.8295242,847.55,1850,1743.83,1234.695,1964
2007-03-30,607,760.5554367,831.45,1850,1743.83,1223.43,1993
2007-03-31,597,749.9179629,783.8,1850,1743.83,1144.69,1935
2007-04-01,623,735.1147738,762.94,1870,1773.65,1325.385,1906
2007-04-02,607,709.9676737,752.59,1870,1743.83,1234.695,1935
2007-04-03,582,701.6543609,742.28,1870,1758.72,1099.96,1964
2007-04-04,563,701.6543609,721.83,1870,1728.97,1100.15,1964
2007-04-05,568,689.2482385,691.53,1870,1714.14,1033.295,1906
2007-04-06,648,689.2482385,691.53,1850,1728.97,1122.37,1878
2007-04-07,853,695.4427687,691.53,1800,1699.35,966.93,1906
2007-04-08,941,739.3472517,671.59,1800,1655.18,922.995,1793
2007-04-09,1140,878.8115474,671.59,1790,1625.9,923.07,1849
2007-04-10,974,1093.364736,686.53,1740,1611.31,749.495,1849
2007-04-11,841,1277.254405,752.59,1710,1625.9,836.01,1737
2007-04-12,834,1287.498771,858.35,1680,1582.24,749.75,1571
2007-04-13,1140,1125.100626,1014.52,1680,1538.89,706.735,1571
2007-04-14,1340,1251.811735,1210.17,1680,1524.51,664.24,1599
2007-04-15,1280,1396.66505,1284.31,1720,1538.89,653.635,1490
2007-04-16,1330,1590.57014,1265.63,1730,1567.75,685.42,1410
2007-04-17,1270,1601.620052,1284.31,1760,1596.76,792.51,1410
2007-04-18,1140,1505.957937,1476.39,1950,1655.18,879.275,1437
2007-04-19,1010,1415.059539,1746.93,2120,1758.72,1055.785,1517
2007-04-20,1060,1277.24024,1795.92,2230,1939.99,1371.135,1626
2007-04-21,1100,1224.017152,1698.42,2270,2094.54,1601.225,1709
2007-04-22,1220,1226.59024,1582.66,2310,2157.23,1741.08,1993
2007-04-23,1130,1213.968625,1424.24,2360,2236.26,1765.075,2198
2007-04-24,1090,1231.571492,1284.31,2450,2284.04,1905.78,2348
2007-04-25,1040,1196.466526,1228.56,2520,2396.54,2071.875,2470
2007-04-26,1030,1139.526903,1253.23,2600,2477.75,2143.555,2531
2007-04-27,1060,1124.835546,1271.84,2560,2592.64,2311.63,2531
2007-04-28,1200,1110.210457,1253.23,2460,2609.17,2456.85,2749
2007-04-29,1530,1122.396185,1222.42,2390,2510.44,2384.115,2940
2007-04-30,1580,1164.159048,1204.06,2370,2428.94,2275.645,3266
2007-05-01,1180,1321.215015,1210.17,2320,2364.25,2167.56,3200
2007-05-02,934,1563.092687,1222.42,2300,2300.02,2071.99,3299
2007-05-03,822,1436.380759,1296.82,2300,2252.16,2000.54,3005
2007-05-04,859,1156.982928,1515.93,2270,2236.26,1976.76,2781
2007-05-05,1140,1112.67568,1733.02,2260,2284.04,2071.875,2781
2007-05-06,1160,1334.059677,1609.64,2270,2348.15,2263.57,2844
2007-05-07,1010,1598.850141,1535.84,2320,2445.18,2517.55,3200
2007-05-08,974,1637.651698,1450.23,2340,2592.64,2651.815,3634
2007-05-09,987,1554.889014,1596.13,2420,2592.64,2481.21,4117
2007-05-10,993,1460.292741,1824.13,2560,2658.9,2432.535,4258
2007-05-11,1200,1308.061413,1916.88,2640,2708.89,2725.145,4223
2007-05-12,1290,1208.955146,1712.23,2610,2826.46,3095.49,4223
2007-05-13,1310,1229.059349,1542.5,2590,3152.05,3370.125,6355
2007-05-14,1350,1352.029486,1450.23,2520,3117.34,3621.81,7317
2007-05-15,1390,1415.025222,1522.56,2560,2945.32,3546.08,6872
2007-05-16,1440,1470.963677,1589.39,2590,2725.6,3046.33,6003
2007-05-17,1620,1582.339836,1705.32,2590,2708.89,2811.15,5316
2007-05-18,2020,1753.186617,2077.52,2560,2792.73,3070.68,4652
2007-05-19,2660,1974.274905,2242.71,2510,2775.91,3120.385,4329
2007-05-20,3880,2204.518501,2381.16,2510,2708.89,3045.91,4294
2007-05-21,4270,2926.589959,2538.43,2590,2725.6,2946.755,4294
2007-05-22,3600,3881.435616,2930.18,2730,2742.34,2848.29,4187
2007-05-23,3180,4151.120979,3845.12,2920,2843.36,2811.305,4012
2007-05-24,2960,3810.585906,5046.57,3030,2945.32,2971.745,3839
2007-05-25,2860,3332.672472,5333.59,3150,3065.47,3207.55,3805
2007-05-26,2320,3239.514821,5046.57,3250,3186.86,3571.32,3839
2007-05-27,2080,2867.559895,4548.21,3710,3327.1,3799.06,3908
2007-05-28,1830,2533.413521,4219.97,4500,3885.08,4310.285,4047
2007-05-29,1750,2325.89167,4012.27,5270,4541.35,4932.06,4472
2007-05-30,1940,2198.21605,3845.12,5570,5402.99,6173.025,4981
2007-05-31,1990,2152.1391,3599.17,5550,5971.18,7006.295,5695
2007-06-01,1880,2210.557284,3359.05,5440,5868.63,7223.085,6751
2007-06-02,1850,2247.724522,3167.79,5180,5807.32,7168.82,7195
2007-06-03,1750,2179.740172,3107.77,4930,5644.67,6844.385,7236
2007-06-04,1700,2121.635327,3142.02,4750,5283.21,6440.745,6992
2007-06-05,1740,2039.969165,3124.88,4570,5263.31,6279.925,6672
2007-06-06,1640,2021.972989,3031.21,4400,4967.26,6226.35,6473
2007-06-07,1680,2015.990664,2913.46,4210,4733.7,5986.415,6473
2007-06-08,1680,1974.290401,2822.12,4050,4656.51,5536.3,6434
2007-06-09,1580,1944.644714,2772.73,3900,4294.46,5298.745,6120
2007-06-10,1580,1929.90117,2739.98,3810,4125.69,4880.205,5733
2007-06-11,1450,1877.116551,2674.89,3680,4069.82,4723.84,5505
2007-06-12,1350,1824.867093,2618.39,3650,3866.73,4594.235,5279
2007-06-13,1470,1727.531996,2562.33,3650,3757.11,4439.305,5129
2007-06-14,1790,1707.721583,2467.22,3810,3757.11,4361.765,5055
2007-06-15,2170,1750.258243,2365.64,4110,3848.4,4310.285,4908
2007-06-16,2560,1891.775705,2257.95,4430,4125.69,4775.805,4798
2007-06-17,2550,2263.976417,2265.58,4750,4560.49,5036.515,4944
2007-06-18,2140,2810.21841,2739.98,5090,4908.59,5535.67,5354
2007-06-19,2160,2840.486415,3438.44,5130,5223.58,5933.155,5695
2007-06-20,2280,2763.372678,3854.34,4880,5443.08,6199.69,6159
2007-06-21,2190,2750.036063,4002.92,4570,5243.43,6306.635,6355
2007-06-22,2100,2887.798649,3882.05,4350,5065.44,5986.615,6513
2007-06-23,1920,2877.799359,3780.8,4350,4695.06,5641.585,6355
2007-06-24,1760,2575.52865,3808.32,4520,4522.23,5403.975,6120
2007-06-25,1990,2414.425309,3872.8,4810,4618.03,5298.745,5733
2007-06-26,2300,2278.86108,3716.87,4990,4811.22,5548.86,5657
2007-06-27,2320,2491.422248,3581.18,4990,5065.44,5773.785,5772
2007-06-28,2340,2884.43792,3536.35,5270,5144.35,6012.96,6276
2007-06-29,2460,3058.91786,3780.8,6980,5343.01,6413.775,6711
2007-06-30,2420,3069.298738,4031,8490,6553.94,7291.5,7440
2007-07-01,2360,2993.482649,4239.04,9260,8745.35,10550.03,8315
2007-07-02,2250,3000.347076,4258.13,9920,9971.08,11826.84,12569
2007-07-03,2190,3124.875891,4181.93,11700,11116.61,12802.58,14344
2007-07-04,2230,3244.010432,4087.37,12600,12393.57,15363.145,15529
2007-07-05,2120,3138.815983,4162.96,12200,13527.41,16274.545,19172
2007-07-06,2090,2945.606591,4334.82,11400,13273.2,15700.02,21365
2007-07-07,2160,2796.825928,4286.84,11200,13121.29,15273.77,20609
2007-07-08,2140,2733.386279,4096.79,10900,12618.24,14790.69,20127
2007-07-09,1920,2736.713436,3900.56,9990,11603.42,13814.455,18961
2007-07-10,1920,2631.052631,3789.97,9070,10635.34,12601.12,17299
2007-07-11,2090,2481.612034,3744.22,8630,9759.98,11484.64,15529
2007-07-12,2030,2449.533931,3680.51,8790,9202.92,10633.485,14198
2007-07-13,2110,2436.747333,3518.48,8790,9065,10548.62,13473
2007-07-14,2390,2436.747333,3376.64,8380,9087.95,10633.355,13043
2007-07-15,2910,2562.485948,3323.98,7710,8996.25,10548.805,13281
2007-07-16,3180,2621.257711,3297.76,7190,8249.2,9873.475,13810
2007-07-17,3910,2998.974165,3341.5,7080,7738.76,9328.375,14540
2007-07-18,3630,3368.348181,3608.18,7530,7497.69,8925.125,13955
2007-07-19,3600,3566.855406,4049.76,8260,7760.77,8966.65,12616
2007-07-20,3590,3599.718917,4373.35,9020,8249.2,9370.065,11589
2007-07-21,4120,3669.484492,4685.89,9260,8973.37,10266.7,11405
2007-07-22,5980,3953.00734,4785.13,8890,9318.26,10605.095,11960
2007-07-23,8120,4466.832166,4855.03,8700,9202.92,10576.91,12100
2007-07-24,8120,5651.210384,5209.89,8540,8927.64,10294.92,11774
2007-07-25,7690,6663.391305,6064.61,8150,8745.35,10098.035,11313
2007-07-26,8290,6964.501556,7741.6,7750,8586.66,9929.57,11039
2007-07-27,8180,7102.994021,8352.48,7490,8137.51,9509.66,11130
2007-07-28,8120,7429.601101,8352.48,7710,8026.21,9286.46,10857
2007-07-29,7960,7462.55197,8621.04,9000,8204.47,9272.515,10406
2007-07-30,6800,7251.652984,8929.88,10700,9295.16,10436.425,10722
2007-07-31,6180,7001.365734,8744.11,11900,10587.52,11855.37,11497
2007-08-01,5790,6923.175737,8510.81,12800,11873.49,13264.035,12900
2007-08-02,6420,7121.459806,8316.09,13800,12995.04,14279.72,15829
2007-08-03,7880,7415.535966,8596.5,14100,13859.76,15156.415,18646
2007-08-04,9120,7958.123597,8707.13,13900,13988.16,15699.715,19701
2007-08-05,9720,8961.554547,9017.04,13700,13988.16,15773.285,23230
2007-08-06,10700,9508.939443,9930.86,13700,14738.91,16956.52,28184
2007-08-07,9390,9233.675482,10663.02,14200,18198.66,21006.1,32105
2007-08-08,7690,8851.172691,10491.41,16400,19702.13,22313.745,36282
2007-08-09,6400,8098.332039,10255.43,20000,21581.39,23353.795,37096
2007-08-10,5590,7163.510603,9866.4,22200,23711.19,24861.2,37662
2007-08-11,5110,6384.747726,9167.16,22900,24631.35,25602.88,37915
2007-08-12,4910,5878.738144,8231.4,23400,24870.29,25726.725,36595
2007-08-13,4670,5565.176417,7506.57,22900,24840.39,25695.76,33503
2007-08-14,4390,5337.097724,7021.44,21700,24155.28,25169.91,31864
2007-08-15,4690,5320.316742,6726.94,20100,23063.81,24244.7,30664
2007-08-16,5140,5629.152693,6547.94,19700,22625.12,23399.67,29299
2007-08-17,6670,5961.279565,6704.47,20300,23005.19,24553.685,29950
2007-08-18,7030,6273.488432,7262.57,20200,25681.18,27342.57,33870
2007-08-19,6630,6654.250905,7448.21,19300,24631.35,26595.865,37410
2007-08-20,6380,6613.570828,7824.47,18800,22712.68,25233.325,36845
2007-08-21,6130,6447.177805,8027.02,18600,21725.58,23323.055,33198
2007-08-22,5300,6167.367285,7895.75,18500,21236.38,22771.865,31082
2007-08-23,4930,5974.361562,7741.6,19400,21007.18,22374.655,30068
2007-08-24,5040,5835.380876,7553.37,20000,21351.22,22512.07,28652
2007-08-25,5360,5727.633058,7366.79,19900,21783.32,22878.91,27544
2007-08-26,6530,6118.954585,7135.9,19500,21870.02,23016.635,27196
2007-08-27,7810,6736.086652,7181.87,18800,21610.21,22863.63,27196
2007-08-28,8180,7349.863798,7717.98,17700,20807.17,22191.65,28301
2007-08-29,8310,7804.392654,8364.62,16900,19927.51,21369.735,27138
2007-08-30,8350,7986.869504,8917.45,16000,18974.32,20551.145,25761
2007-08-31,7880,7742.220414,9204.83,16100,18447.05,20007.23,25079
2007-09-01,7100,7542.795101,9167.16,16900,18391.78,19735.83,24290
2007-09-02,6440,7154.027003,9066.98,17800,19002.18,20188.46,23786
2007-09-03,6040,6676.968396,8719.45,19000,20351.91,21491.415,25023
2007-09-04,6610,6563.97498,8255.57,19900,21437.46,22588.49,26390
2007-09-05,8270,7327.085787,7931.47,21400,22130.64,23062.61,26735
2007-09-06,9360,8523.562581,8547.5,22100,23122.47,23875.57,26677
2007-09-07,9920,9117.315081,10034.32,22200,23563.65,24429.385,26965
2007-09-08,10000,9606.4603,10663.02,22200,23534.17,24398.56,27196
2007-09-09,9560,9642.527789,10942.31,22400,23681.67,24552.65,27254
2007-09-10,8330,9238.741875,10862.25,23200,24274.07,25077.18,27893
2007-09-11,8080,8991.372895,10636.55,24200,24691.03,25386.295,28301
2007-09-12,8350,8637.094111,10530.92,24700,25410.13,25974.64,28418
2007-09-13,9030,8548.043074,10268.49,24700,26043.76,26782.135,28887
2007-09-14,10100,8801.172226,10008.42,24100,25983.24,27093.205,30068
2007-09-15,9760,9167.837586,10138.16,23400,25470.3,26378.01,30963
2007-09-16,9520,9253.958446,10610.11,22500,25199.83,26440.1,32166
2007-09-17,9320,9031.58573,10702.76,21700,24571.7,25510.14,32832
2007-09-18,8860,8911.103215,10425.67,21500,24810.5,25046.3,31322
2007-09-19,8460,8681.737006,10373.18,21300,25289.9,26315.92,30903
2007-09-20,8310,8341.607485,10399.41,20800,24452.54,25881.75,33015
2007-09-21,7690,7962.779076,10008.42,20200,23269.28,24614.37,33931
2007-09-22,6590,7594.892792,9520.86,19700,22392.07,23629.84,31924
2007-09-23,5500,7070.715787,9167.16,19100,21725.58,22955.43,29890
2007-09-24,4730,6438.40714,8694.81,18100,21150.35,22405.19,27718
2007-09-25,4450,5844.139494,8062.95,17200,20295.18,21673.765,26103
2007-09-26,4590,5421.139548,7436.56,16400,19393.33,20853.95,24797
2007-09-27,4670,5286.818767,6975.84,15400,18502.37,20067.63,23731
2007-09-28,4640,5345.4448,6794.5,14600,18061.05,19585.275,22953
2007-09-29,4560,5421.139548,6726.94,13700,17214.03,18864.175,25419
2007-09-30,4960,5429.573359,6805.79,13000,16351.03,17966.765,25192
2007-10-01,5130,5459.129194,6805.79,12300,15420.66,17103.645,24122
2007-10-02,4940,5518.401931,6693.24,11900,14895.51,16377.92,22402
2007-10-03,4450,5471.824187,6693.24,11800,15394.29,17670.6,20180
2007-10-04,4140,5379.202945,6715.7,13100,21927.86,24096.265,23397
2007-10-05,4030,4997.110432,6805.79,16100,25620.88,27904.36,32711
2007-10-06,4080,4976.639881,7483.21,19700,27384.55,29313.35,37473
2007-10-07,4570,5278.591019,7682.6,21400,29147.4,30288.165,39566
2007-10-08,5250,5861.569831,7824.47,23000,29898.22,30508.75,40655
2007-10-09,5670,6389.073346,7943.39,24400,30370.02,30634.88,40206
2007-10-10,6240,6600.019361,8413.25,24700,30654.02,30666.42,38992
2007-10-11,6180,6744.992712,8793.52,24400,30244.01,30414.185,38294
2007-10-12,5950,6740.459865,8880.21,23700,29553.47,29941.9,38294
2007-10-13,5650,6518.961376,8843.02,23200,28308.76,28874.12,37410
2007-10-14,6130,6295.596112,8744.11,22700,27507.31,28091.57,35411
2007-10-15,5840,6180.491528,8352.48,22000,26742.42,27467.17,33564
2007-10-16,5110,6118.85814,7979.19,20900,25741.52,26688.765,32650
2007-10-17,4720,5839.771315,7848.2,19800,24930.12,25881.665,31442
2007-10-18,4410,5467.662855,7576.81,18800,24960.05,25726.725,31683
2007-10-19,4230,5153.69934,7124.43,17700,24363.26,25324.485,31382
2007-10-20,4090,4964.361284,6738.18,16600,22858.81,24121.755,29181
2007-10-21,4210,4854.373517,6425.88,15300,20978.58,22466.505,27428
2007-10-22,4390,4801.730815,6216.97,14400,19393.33,20975.345,25306
2007-10-23,4730,4769.427875,6042.96,13300,18033.56,19781.16,23341
2007-10-24,5210,4866.563116,5956.61,12500,16997.19,18654.405,21745
2007-10-25,5140,5050.49329,5945.85,11800,15977.17,17668.645,20609
2007-10-26,4750,5166.105792,6086.3,11100,15262.61,16807.06,19542
2007-10-27,4510,5058.738765,6293.65,10600,14556.75,16097.495,18751
2007-10-28,4300,4899.284564,6436.94,10200,14013.87,15538.02,18804
2007-10-29,4050,4664.996579,6184.21,9920,13476.47,14892.905,18490
2007-10-30,3930,4505.885122,5967.38,9750,13121.29,14483.74,17453
2007-10-31,4020,4360.415656,5795.91,9700,12869.12,14221.39,16788
2007-11-01,3960,4298.017009,5647.33,9530,12768.61,14163.16,16636
2007-11-02,4060,4336.973539,5521.07,9310,12969.83,14308.79,17505
2007-11-03,4200,4356.498098,5521.07,9120,13298.56,14512.91,17453
2007-11-04,5110,4423.115765,5489.67,8770,12919.45,14279.67,18856
2007-11-05,4960,4689.147032,5489.67,8330,12568.22,13872.41,18699
2007-11-06,3570,5046.364733,5563.05,7880,11922.77,13379.57,17659
2007-11-07,2720,4549.974698,5924.35,7530,11310.68,12773.38,17145
2007-11-08,2580,4044.231379,6140.62,7320,10755.13,12170.1,15728
2007-11-09,2930,3673.126707,5742.69,7250,10325.53,11712.51,14687
2007-11-10,2910,3592.421929,5107.6,7320,10207.02,11399,14004
2007-11-11,2780,3476.116149,4656.27,7550,10088.87,11285.22,13617
2007-11-12,2790,3414.8728,4441.06,7640,10136.09,11313.665,13521
2007-11-13,2870,3382.602768,4431.37,7290,10207.02,11413.23,15979
2007-11-14,2830,3343.310572,4412,6730,10325.53,11455.965,17299
2007-11-15,2610,3318.386255,4334.82,6140,10515.9,11826.71,16433
2007-11-16,2790,3272.283809,4296.42,5740,9783.38,11214.33,15879
2007-11-17,2810,3198.258907,4286.84,5500,8927.64,10323.12,14933
2007-11-18,2700,3166.72045,4248.58,5400,8293.99,9733.31,13907
2007-11-19,2350,3145.751104,4134.55,5290,8026.21,9216.85,13090
2007-11-20,2270,3145.753792,4096.79,5220,7826.91,8869.545,12616
2007-11-21,2240,2959.414925,4115.66,5150,7937.47,8966.73,13186
2007-11-22,2240,2827.016077,4049.76,5170,8271.58,9286.44,12428
2007-11-23,2360,2753.374416,3845.12,5150,7959.63,9119.465,11635
2007-11-24,2220,2773.384932,3671.44,5090,7650.86,8814.11,11313
2007-11-25,1990,2766.705437,3572.2,5020,7432.29,8565.12,10903
2007-11-26,2060,2686.999961,3518.48,4910,7237.01,8344.41,10676
2007-11-27,2100,2581.964337,3545.3,4770,7021.65,8124.3,10227
2007-11-28,1930,2549.437393,3644.28,4550,6786.74,7850.045,9872
2007-11-29,1860,2552.685226,3376.64,4380,6490.83,7522.24,9564
2007-11-30,1770,2500.935187,3271.62,4230,6074.19,7155.245,9215
2007-12-01,1660,2420.796792,3262.92,4140,5725.84,6695.87,8869
2007-12-02,1740,2363.657773,3210.91,4080,5523.49,6440.56,8399
2007-12-03,1810,2272.612979,3124.88,4000,5343.01,6226.38,8062
2007-12-04,1890,2253.928036,3039.68,3920,5124.59,6012.96,7770
2007-12-05,2060,2275.729614,2938.56,3810,4889.08,5667.87,7522
2007-12-06,2160,2325.838617,2871.82,3780,4484.05,5088.77,7277
2007-12-07,2090,2417.615419,2896.78,3700,4407.96,4984.205,6832
2007-12-08,2050,2408.316284,2938.56,3660,4200.48,4879.86,6473
2007-12-09,1900,2459.142015,3005.84,3580,4275.62,4775.805,6473
2007-12-10,1810,2411.246854,3090.7,3520,3921.85,4568.235,6473
2007-12-11,1770,2328.987767,3142.02,3480,3921.85,4516.51,6315
2007-12-12,1810,2269.493377,3107.77,3430,3866.73,4348.915,5964
2007-12-13,1840,2207.476468,3048.16,3420,3757.11,4194.675,5849
2007-12-14,1810,2176.66536,2963.72,3430,3775.32,4181.805,5695
2007-12-15,1750,2170.524758,2855.22,3490,3738.92,4130.55,5543
2007-12-16,1660,2161.324393,2805.62,3540,3757.11,4143.355,5467
2007-12-17,1620,2149.079347,2789.16,3540,3757.11,4104.955,5429
2007-12-18,1640,2091.283291,2780.94,3490,3666.4,3977.225,5391
2007-12-19,1630,2004.038342,2756.34,3420,3666.4,3926.24,5204
2007-12-20,1570,1989.130331,2707.36,3340,3720.76,4105.02,5204
2007-12-21,1590,2001.051801,2626.44,3280,3468.9,3773.71,5204
2007-12-22,1560,1932.844263,2554.35,3270,3397.81,3609.145,5204
2007-12-23,1500,1918.122559,2538.43,3250,3362.4,3558.68,4981
2007-12-24,1470,1885.880014,2506.69,3240,3344.74,3533.47,4944
2007-12-25,1400,1845.116192,2467.22,3220,3362.4,3621.81,4834
2007-12-26,1430,1804.662439,2443.64,3150,3362.4,3647.13,4688
2007-12-27,1270,1770.236181,2404.53,3060,3274.32,3672.37,4725
2007-12-28,1210,1727.531996,2357.88,3010,3327.1,3824.59,4725
2007-12-29,1210,1671.153189,2288.53,3010,3204.3,3420.315,4725
2007-12-30,1240,1615.426667,2242.71,2990,3152.05,3470.57,4688
2007-12-31,1210,1576.803208,2197.21,2970,3117.34,3370.125,4544
2008-01-01,1351,1565.829469,2129.59,3117,3084.476559,3195.065,4294
2008-01-02,1286,1535.791606,2047.97,3040,3064.992322,3170.17,4294
2008-01-03,1278,1508.654499,1996.63,2963,3055.317997,3157.805,4223
2008-01-04,1270,1492.458323,1960.23,2918,2996.934181,3083.125,4047
2008-01-05,1070,1462.9146,1931.29,2933,2880.883876,2934.385,4117
2008-01-06,1048,1422.975459,1924.08,2888,2794.515982,2823.43,4117
2008-01-07,1130,1365.067078,1909.69,2858,2775.429433,2798.88,4082
2008-01-08,1055,1344.217356,1881.01,2783,2775.429433,2798.88,4082
2008-01-09,1019,1344.217356,1845.39,2710,2718.259226,2725.28,3943
2008-01-10,1033,1333.839525,1739.97,2681,2623.339,2602.865,3943
2008-01-11,1026,1310.58124,1677.79,2637,2491.734353,2432.69,3839
2008-01-12,1153,1302.860053,1657.24,2637,2416.978003,2335.79,3702
2008-01-13,1130,1302.860053,1629.98,2623,2407.663895,2323.705,3634
2008-01-14,1026,1310.58124,1589.39,2608,2472.886297,2408.275,3499
2008-01-15,997,1300.298059,1569.23,2551,2435.80514,2360.21,3432
2008-01-16,1223,1251.801046,1549.17,2494,2324.286566,2215.405,3432
2008-01-17,1130,1254.341772,1555.85,2424,2269.061742,2143.555,3398
2008-01-18,1192,1308.005167,1542.5,2368,2177.529706,2024.26,3332
2008-01-19,1115,1318.316479,1502.71,2368,2269.061742,2143.555,3266
2008-01-20,1199,1315.736896,1502.71,2355,2214.0396,2071.875,3134
2008-01-21,1055,1308.005167,1522.56,2355,2278.341529,2155.635,3200
2008-01-22,1011,1295.163516,1529.2,2355,2132.119763,1964.98,3200
2008-01-23,990,1246.733842,1522.56,2355,2123.025307,1953.1,3134
2008-01-24,1138,1211.463685,1509.32,2327,2123.078888,1953.17,3134
2008-01-25,1223,1203.94887,1496.11,2300,2095.883837,1917.63,3102
2008-01-26,1311,1239.150883,1456.75,2327,2050.738135,1858.58,3102
2008-01-27,1270,1290.028965,1417.77,2368,2032.708799,1834.98,3037
2008-01-28,1303,1326.076255,1404.86,2396,2050.738135,1858.58,2908
2008-01-29,1254,1396.544453,1437.21,2410,2104.903533,1929.42,2972
2008-01-30,1176,1441.55911,1482.95,2410,2095.83794,1917.57,3005
2008-01-31,1303,1520.055347,1555.85,2368,2123.025307,1953.1,3037
2008-02-01,1192,1574.219213,1602.88,2341,2113.94048,1941.23,3102
2008-02-02,1418,1773.100246,1657.24,2368,2032.708799,1834.98,3102
2008-02-03,1426,1804.659253,1698.42,2424,2068.729402,1882.12,3102
2008-02-04,1270,1773.100246,1866.73,2522,2050.692288,1858.52,2972
2008-02-05,1215,1685.208958,2099.78,2608,2269.019496,2143.5,2876
2008-02-06,1262,1544.001991,2219.92,2666,2278.276226,2155.55,2813
2008-02-07,1168,1433.581489,2197.21,2681,2324.286566,2215.405,2813
2008-02-08,1168,1383.402952,2092.35,2681,2361.266433,2263.465,2844
2008-02-09,1019,1339.026694,1895.33,2710,2389.08803,2299.595,2876
2008-02-10,997,1297.736073,1698.42,2783,2426.247898,2347.815,2876
2008-02-11,997,1236.620846,1623.19,2843,2454.243312,2384.115,2908
2008-02-12,933,1201.451141,1549.17,2873,2538.514164,2493.24,2908
2008-02-13,885,1164.166334,1502.71,2843,2557.271394,2517.5,2940
2008-02-14,885,1122.396185,1443.72,2783,2566.695642,2529.685,2972
2008-02-15,905,1095.651903,1391.99,2666,2482.245593,2420.4,3069
2008-02-16,1019,1083.569862,1366.37,2579,2463.598507,2396.24,3200
2008-02-17,1063,1107.782178,1315.66,2537,2333.943916,2227.96,3167
2008-02-18,1115,1149.357826,1278.07,2480,2269.061742,2143.555,3167
2008-02-19,1138,1183.995971,1253.23,2438,2214.070284,2071.915,3102
2008-02-20,1063,1216.480758,1253.23,2355,2186.701158,2036.225,3005
2008-02-21,1192,1229.059349,1278.07,2341,2132.119763,1964.98,2908
2008-02-22,1145,1221.505019,1309.37,2286,2104.872928,1929.38,2781
2008-02-23,1063,1254.334651,1328.27,2273,1996.913906,1788.095,2718
2008-02-24,1100,1244.207376,1328.27,2259,1943.254498,1717.735,2655
2008-02-25,947,1211.460086,1321.96,2259,1898.848852,1659.44,2562
2008-02-26,947,1203.94887,1340.93,2259,1916.5955,1682.745,2593
2008-02-27,844,1154.30618,1347.28,2259,1943.406928,1717.935,2531
2008-02-28,784,1083.573586,1340.93,2286,1863.397384,1612.855,2500
2008-02-29,983,1042.851702,1315.66,2286,1863.5267,1613.025,2562
2008-03-01,1085,1038.096015,1253.23,2286,1836.957004,1578.085,2562
2008-03-02,1055,1112.657211,1197.97,2286,1872.256452,1624.5,2500
2008-03-03,961,1176.542594,1149.59,2313,1854.589649,1601.275,2531
2008-03-04,947,1161.690351,1137.61,2341,1863.446828,1612.92,2562
2008-03-05,1026,1115.08549,1185.81,2327,1907.688862,1671.05,2593
2008-03-06,961,1090.813883,1216.29,2327,1907.753589,1671.135,2439
2008-03-07,1085,1095.651903,1210.17,2300,1890.022147,1647.845,2500
2008-03-08,1184,1095.651903,1167.65,2273,1872.321123,1624.585,2562
2008-03-09,1184,1132.186736,1143.6,2192,1854.654293,1601.36,2562
2008-03-10,1070,1198.949805,1143.6,2178,1810.609521,1543.415,2655
2008-03-11,1019,1208.955146,1137.61,2192,1714.474491,1416.725,2531
2008-03-12,1019,1196.452076,1161.62,2245,1740.582253,1451.16,2408
2008-03-13,983,1174.070242,1240.87,2245,1784.229515,1508.68,2348
2008-03-14,871,1127.28227,1271.84,2245,1792.976676,1520.2,2439
2008-03-15,933,1088.400449,1253.23,2219,1766.949465,1485.915,2470
2008-03-16,878,1047.614924,1228.56,2192,1697.170714,1393.89,2500
2008-03-17,968,1061.964689,1204.06,2192,1714.474491,1416.725,2531
2008-03-18,975,1137.072835,1107.85,2192,1731.857601,1439.655,2531
2008-03-19,871,1149.357826,1101.93,2232,1749.267037,1462.61,2562
2008-03-20,891,1127.293307,1101.93,2300,1749.267037,1462.61,2408
2008-03-21,933,1064.340715,1143.6,2313,1828.105504,1566.44,2439
2008-03-22,912,1045.2239,1173.69,2313,1819.320491,1554.88,2470
2008-03-23,940,1035.716281,1155.6,2300,1854.551623,1601.225,2531
2008-03-24,857,1021.502077,1101.93,2300,1784.229515,1508.68,2531
2008-03-25,983,1026.231317,1078.37,2273,1775.495598,1497.175,2562
2008-03-26,1199,1050.005938,1066.66,2245,1766.725589,1485.62,2470
2008-03-27,1055,1137.087513,1066.66,2286,1757.995387,1474.115,2348
2008-03-28,1130,1211.463685,1049.18,2286,1766.725589,1485.62,2686
2008-03-29,1085,1221.505019,1066.66,2286,1801.740886,1531.74,2813
2008-03-30,1011,1203.94887,1131.64,2259,1872.256452,1624.5,2562
2008-03-31,1011,1176.557119,1228.56,2232,1819.525656,1555.15,2531
2008-04-01,1033,1154.30618,1259.42,2219,2063.39,1799.695,2562
2008-04-02,912,1129.725315,1247.04,2245,2094.54,1882.16,2655
2008-04-03,912,1115.078107,1259.42,2232,2032.35,1776.415,2624
2008-04-04,1100,1105.3502,1253.23,2232,2063.39,1717.735,2749
2008-04-05,1176,1164.231909,1228.56,2313,2188.75,1905.78,2749
2008-04-06,1085,1198.949805,1204.06,2438,2300.02,2071.86,2686
2008-04-07,1041,1208.955146,1179.74,2579,2332.08,2071.86,2718
2008-04-08,878,1179.033102,1204.06,2666,2396.54,2335.95,2844
2008-04-09,804,887.4430119,1253.23,2710,2559.68,2384.265,2844
2008-04-10,714,1019.164016,1284.31,2652,2576.15,2396.7,2940
2008-04-11,739,930.8355774,1253.23,2579,2461.45,2263.57,3069
2008-04-12,690,871.9947939,1179.74,2494,2412.72,2239.885,3069
2008-04-13,771,851.949997,1096.03,2424,2316.03,2203.555,3005
2008-04-14,885,847.5169402,1049.18,2438,2268.08,2084.07,2940
2008-04-15,1019,905.7802006,974.61,2424,2220.39,2012.36,2876
2008-04-16,1123,988.6256625,952.06,2424,2284.04,2036.14,2781
2008-04-17,1207,1069.148943,957.68,2452,2284.04,2095.71,2655
2008-04-18,1215,1151.833838,968.96,2396,2268.08,1988.79,2718
2008-04-19,1138,1213.968625,1020.27,2327,2204.56,1976.76,2624
2008-04-20,1161,1221.505019,1066.66,2245,2141.51,1834.98,2624
2008-04-21,990,1198.949805,1131.64,2165,2063.39,1788.35,2624
2008-04-22,817,1137.131545,1204.06,2099,2032.35,1741.08,2562
2008-04-23,683,1086.005625,1253.23,2073,2047.85,1578.3,2500
2008-04-24,830,1026.246463,1253.23,2086,1955.31,1578.3,2408
2008-04-25,1048,988.6141725,1204.06,2099,1924.71,1382.5,2348
2008-04-26,1041,1054.90059,1173.69,2152,2001.44,1532.035,2318
2008-04-27,1019,1154.30618,1096.03,2205,2016.88,1601.225,2288
2008-04-28,1011,1236.792511,1049.18,2273,2063.39,1752.775,2408
2008-04-29,1041,1352.029486,1101.93,2327,2078.95,1647.845,2500
2008-04-30,1063,1388.649196,1222.42,2355,2220.39,1811.455,2624
2008-05-01,1063,1444.235373,1424.24,2341,2141.51,1882.12,2655
2008-05-02,1019,1535.791606,1664.08,2355,2268.08,2119.945,2749
2008-05-03,990,1533.088267,1866.73,2382,2252.16,2071.875,2749
2008-05-04,1041,1436.257776,1895.33,2410,2316.03,2335.79,2813
2008-05-05,1319,1352.029486,1982.04,2466,2316.03,2227.8,2940
2008-05-06,1696,1378.191312,1996.63,2623,2445.18,2529.835,3299
2008-05-07,1844,1599.015434,1866.73,2769,2860.29,2823.565,3432
2008-05-08,2174,1941.82309,1739.97,3009,2979.52,3295.045,3668
2008-05-09,2164,2170.530779,1726.08,3226,3186.86,3748.53,3943
2008-05-10,1537,2257.044676,1952.98,3385,3362.4,4079.395,4223
2008-05-11,1278,2201.34782,2443.64,3401,3958.71,4801.865,4616
2008-05-12,1958,1903.695345,2955.33,3680,4370.04,5535.67,4981
2008-05-13,1844,1659.948952,3280.33,3899,4656.51,5562.375,6081
2008-05-14,1485,1721.864952,3228.21,4036,4332.21,5220.04,6872
2008-05-15,1853,1724.719469,2855.22,3899,4238,5141.31,7154
2008-05-16,1634,1668.347238,2451.49,3797,4014.16,4984.26,6992
2008-05-17,1900,1721.858489,2459.35,3865,3848.4,4697.84,6832
2008-05-18,1742,1747.410215,2443.64,4019,4088.42,4750.015,6473
2008-05-19,1862,1824.943285,2265.58,4141,4032.7,4853.8,6434
2008-05-20,2094,1929.913653,2273.22,4158,4200.48,5272.41,6992
2008-05-21,2527,2042.989489,2365.64,4299,4598.83,5906.54,7440
2008-05-22,2581,2300.769339,2562.33,4299,5065.44,6467.365,8020
2008-05-23,2134,2430.361298,2739.98,4515,5164.13,6521.19,9085
2008-05-24,2134,2424.004362,2930.18,4624,5203.74,6628.56,9476
2008-05-25,2410,2204.47955,3280.33,4716,5164.13,6776.675,9171
2008-05-26,2025,2185.898804,3554.26,4903,5362.99,6817.15,8569
2008-05-27,1634,2201.305855,3581.18,4997,5685.22,6979.22,8062
2008-05-28,1376,1942.10344,3385.44,5092,5909.59,6830.635,7605
2008-05-29,1311,1747.52603,3254.23,5073,5766.55,6601.685,7687
2008-05-30,1494,1565.836122,3176.4,5130,5523.49,6682.38,7522
2008-05-31,1929,1596.123219,2938.56,5480,5583.99,7060.385,7522
2008-06-01,2114,1924.492922,2538.43,5961,6406.92,7304.525,7564
2008-06-02,2431,2411.526702,2257.95,6229,6427.87,7822.775,7937
2008-06-03,2657,2867.593069,2273.22,6333,6765.49,8234.335,8569
2008-06-04,2484,3128.321885,2888.45,6780,6893.25,8675.845,8826
2008-06-05,2452,3251.090089,4248.58,7619,7848.99,9593.84,9171
2008-06-06,2779,3375.44653,4855.03,8547,8904.8,10633.485,9476
2008-06-07,2548,3346.874206,4975.69,9347,9619.91,11285.255,10317
2008-06-08,2379,3307.727055,5097.41,10279,10659.27,12056.18,11085
2008-06-09,2903,3258.132505,5056.72,12672,12468.34,13815.015,12053
2008-06-10,2994,3268.741337,4915.23,13845,13654.99,14834.3,13281
2008-06-11,2624,3357.580928,4795.09,13728,13680.54,14951.345,14442
2008-06-12,2723,3574.149798,4735.42,13067,13146.57,14658.975,14786
2008-06-13,2723,3636.35855,4765.22,12337,12818.84,14542.105,14933
2008-06-14,3434,4006.164872,5026.28,11705,12818.84,14542.145,14983
2008-06-15,3169,4585.40254,5199.63,11570,12568.22,14352.505,15230
2008-06-16,3193,4797.799799,5489.67,12756,13171.87,14658.975,15280
2008-06-17,3300,4423.144816,6129.75,14790,14869.38,16393.025,15181
2008-06-18,2914,4158.848713,6326.62,16227,16538.81,19653.535,16636
2008-06-19,2801,3858.957387,5913.61,17784,18061.05,19645.695,18856
2008-06-20,3409,3629.035761,5605.13,20351,20125.27,21248.465,20234
2008-06-21,4042,3710.166061,5375.06,22274,21754.45,22710.745,21964
2008-06-22,3758,4112.793381,5107.6,22668,21985.75,22772.015,23285
2008-06-23,3264,4247.659688,4995.91,21602,20864.27,21887.01,23341
2008-06-24,3134,4028.849359,5427.05,19908,19281.36,20460.595,22292
2008-06-25,3087,3706.39086,5689.64,18044,17704.55,18924.32,20555
2008-06-26,2971,3530.48183,5437.46,16164,15950.55,17282.105,18909
2008-06-27,3288,3625.355077,5077.05,14940,14712.85,16186.125,17402
2008-06-28,3607,3889.289334,4855.03,13961,13782.88,15156.575,16281
2008-06-29,3963,4685.407023,4935.35,13153,13020.26,14396.3,15280
2008-06-30,3873,5091.722889,5046.57,12728,12568.22,13988.62,14442
2008-07-01,3657,4777.542627,6151.51,12784,12518.26,13930.49,13907
2008-07-02,3300,4525.675771,6525.69,13410,13020.26,14367.18,13762
2008-07-03,3373,4490.094012,6227.9,13991,13654.99,14980.75,14247
2008-07-04,3385,4589.174433,6042.96,14671,14142.64,15449.85,15131
2008-07-05,3821,4537.568423,5902.87,15303,14660.77,15891.08,15628
2008-07-06,4388,4533.662672,6042.96,15701,14973.98,16215.47,16382
2008-07-07,4691,5216.45495,5978.16,15395,14660.77,16215.49,17043
2008-07-08,5896,6269.470296,5956.61,14671,14530.77,16392.76,17402
2008-07-09,6366,6786.013761,6749.43,14790,15552.69,17520.01,18281
2008-07-10,5591,7089.047307,8027.02,16982,17540.64,19224.79,19489
2008-07-11,4650,6891.14846,8461.98,20146,19730.26,21249.01,20609
2008-07-12,4200,6136.667901,8584.24,21707,20807.17,21704.355,22073
2008-07-13,3796,5586.47258,8098.95,22704,21408.7,22848.705,22953
2008-07-14,3989,5454.902066,7436.56,23064,21523.79,22527.33,23175
2008-07-15,5017,5459.208638,7055.71,23245,21639.04,22603.71,23175
2008-07-16,4484,5774.948824,6907.64,23281,21523.79,22496.795,23119
2008-07-17,4134,6701.546991,6930.35,22560,20892.83,21978.235,22953
2008-07-18,4566,8657.501737,7297.25,21496,20181.86,21400.07,22402
2008-07-19,5927,9011.492935,9054.49,21356,20465.47,21460.85,21800
2008-07-20,6867,9401.614876,10544.1,22919,21581.39,22527.435,21964
2008-07-21,7032,9833.573957,10848.93,24307,22712.68,23507.075,23008
2008-07-22,6851,9386.323151,11210.68,25615,23593.14,24290.82,24122
2008-07-23,6558,8846.133299,11170.28,26491,24244.36,25015.43,24966
2008-07-24,6429,8577.684613,10596.9,27184,24810.5,25448.14,25761
2008-07-25,6509,8906.218243,10047.28,27534,25079.87,25711.245,26390
2008-07-26,6286,9437.295651,10242.38,27534,25109.84,25664.795,26735
2008-07-27,6966,9519.187682,10942.31,27107,24720.88,25479.07,26908
2008-07-28,7300,9958.337358,10915.6,26529,25139.83,25695.76,26908
2008-07-29,7385,10083.44447,11089.63,25804,24750.74,25401.735,26965
2008-07-30,7504,10198.71012,11386.36,25615,24036.65,24891.9,27023
2008-07-31,8041,10356.59847,11467.77,25880,24184.96,25138.965,27081
2008-08-01,7988,10515.34133,11631.2,26338,24631.35,25556.46,27428
2008-08-02,8111,10510.02691,11644.86,27379,25590.75,26595.6,28184
2008-08-03,7233,10451.75783,11713.23,28476,26346.93,27514.105,29950
2008-08-04,6671,10015.70567,11768.03,29111,27200.67,28326.085,31984
2008-08-05,6999,9750.753058,11563.01,29271,28185.07,29454.555,34731
2008-08-06,7953,9750.753058,11183.74,29072,28215.98,29203.4,38104
2008-08-07,8129,10104.5352,11022.58,29032,27876.46,28952.45,38294
2008-08-08,8648,11218.87349,11143.38,29311,28123.27,29423.145,38992
2008-08-09,9033,13149.97302,11672.19,29351,28339.71,29344.64,41171
2008-08-10,10386,14413.49692,13067.38,29753,28649.65,29313.25,40398
2008-08-11,12789,15401.5223,14473.33,30319,29147.4,29800.295,39630
2008-08-12,14395,16541.91825,15292.94,30400,29553.47,30114.965,39693
2008-08-13,14215,16368.37743,16359.06,31094,30748.85,30934.745,39183
2008-08-14,11736,15790.57896,16886.04,33300,31701.3,31550.94,38547
2008-08-15,9576,14585.67631,16451.63,34620,32148.37,31867.465,37851
2008-08-16,8758,12995.05846,15685.95,35483,32244.39,31962.47,37285
2008-08-17,8218,11671.85913,14429.09,35874,32276.41,31946.63,36657
2008-08-18,7762,10685.70206,13124.35,36005,32180.37,31930.8,37347
2008-08-19,7334,10584.40449,12154.14,35961,32084.4,31883.285,38041
2008-08-20,8812,10198.70263,11754.32,35613,31892.7,31661.69,37788
2008-08-21,8486,10525.94602,11754.32,34706,31192.37,31076.815,36657
2008-08-22,8271,10472.94117,11685.86,33427,30244.01,30335.46,35225
2008-08-23,8271,9880.478167,11740.62,32043,29053.9,29281.935,34054
2008-08-24,7624,9591.0325,11522.16,30685,27876.46,28451.41,32590
2008-08-25,6736,9188.137981,10955.68,29512,27108.86,27623.155,31202
2008-08-26,6082,8686.753115,10729.28,28833,26529.27,26999.855,29950
2008-08-27,6223,8346.445255,10281.56,28397,26286.22,26750.895,29417
2008-08-28,6445,8380.744226,9737.91,27768,26104.32,26564.37,29358
2008-08-29,7016,8361.141969,9814.93,26875,25892.53,26471.21,29063
2008-08-30,8271,8410.207308,9866.4,25956,24870.29,25726.815,29004
2008-08-31,8612,8886.162577,9661.1,24939,23799.84,24691.4,28769
2008-09-01,8324,9488.655681,9853.52,24233,22975.9,24013.94,28009
2008-09-02,7216,9652.825687,10425.67,23645,22595.96,23814.06,26677
2008-09-03,8271,9213.411859,11116.49,23245,22304.83,23415.015,25704
2008-09-04,8776,9112.244784,10729.28,23136,21956.8,23062.565,25590
2008-09-05,8886,9642.708954,10346.97,23100,21870.02,22986.02,25136
2008-09-06,9070,10314.44429,10504.57,23209,21898.93,22986.02,25136
2008-09-07,9163,10579.05857,11399.92,23354,21870.02,22940.11,25192
2008-09-08,7936,10600.33104,11919.18,23318,21812.21,22894.21,25249
2008-09-09,9977,10568.4279,11974.32,23172,21552.58,22695.41,25079
2008-09-10,9671,10610.97283,11864.14,23028,21379.96,22481.51,24740
2008-09-11,8648,10393.62469,11877.89,22992,21351.22,22420.44,25363
2008-09-12,8307,9797.456764,11809.18,23028,21351.22,22313.6,25932
2008-09-13,7065,9178.042002,11386.36,23028,21841.11,23737.38,25932
2008-09-14,5561,8435.078736,10995.8,23136,23740.73,24768.63,26677
2008-09-15,6509,7685.083789,11129.93,24344,25983.24,27186.69,29417
2008-09-16,6176,7467.244508,10164.18,25729,27353.88,28388.635,33137
2008-09-17,5427,7331.10829,9495.43,25880,27568.74,28513.85,35846
2008-09-18,5591,7019.78519,9255.14,25163,26590.13,27716.83,36345
2008-09-19,5353,6845.300085,9104.51,24159,25530.5,26486.83,35287
2008-09-20,5250,6685.991358,8756.45,23100,24541.9,25788.83,33625
2008-09-21,5104,6483.020072,8523.03,22061,25019.94,26906.845,33748
2008-09-22,4960,6353.403924,8255.57,21602,24184.96,28717.42,36158
2008-09-23,4832,6184.912187,8098.95,21461,26377.3,27607.775,36470
2008-09-24,5032,6044.267455,7907.65,21042,24482.31,25742.51,34238
2008-09-25,4790,5943.851619,7635.52,20249,22888.07,24213.95,31262
2008-09-26,4705,6088.222454,7401.65,19300,21610.21,23461.015,29713
2008-09-27,4081,7568.920374,7274.12,18568,20778.64,22651.885,28593
2008-09-28,5338,8836.530429,7907.65,18142,20323.54,21552.15,26850
2008-09-29,6966,8068.963211,10412.54,17655,19899.3,21263.47,26333
2008-09-30,5973,8001.30924,9930.86,17014,19169.56,20611.645,26161
2008-10-01,5104,7953.10609,9533.58,16414,19113.72,20263.855,24684
2008-10-02,4903,7416.395706,9470.04,17526,19899.3,20823.585,24066
2008-10-03,4525,6322.296168,8843.02,19569,22188.66,21141.965,25249
2008-10-04,4636,6031.132564,8195.2,20938,22654.3,21369.68,27660
2008-10-05,4511,5974.350522,7741.6,20661,22508.52,22376.86,27428
2008-10-06,4594,6044.256455,7390.02,19300,21322.49,22344.23,26620
2008-10-07,5046,5935.148698,7459.87,18305,20522.32,21612.92,25476
2008-10-08,4889,5891.696076,7967.25,17655,19730.26,20944.835,24853
2008-10-09,4267,5857.021775,7824.47,16760,18946.47,20309.21,24402
2008-10-10,4484,5714.739935,7612.01,15762,18143.58,19615.365,23675
2008-10-11,4594,5620.551885,7331.99,15334,17513.36,19029.24,22347
2008-10-12,4429,5501.479791,7067.15,15273,17268.35,18549.49,21419
2008-10-13,4402,5362.358184,6987.23,15061,17051.33,18220.555,20716
2008-10-14,4321,5220.194567,6805.79,14551,16619.46,17892.1,20180
2008-10-15,4094,5099.975292,6637.22,13961,16270.73,17534.585,20073
2008-10-16,4457,4956.269843,6481.26,13382,16404.63,17341.23,20234
2008-10-17,3834,4886.92606,6370.66,12982,15923.94,17237.27,19967
2008-10-18,3694,4769.432606,6184.21,12309,15078.77,16437.115,19172
2008-10-19,3707,4641.255992,6075.45,11760,14452.93,15832.165,19330
2008-10-20,3619,4498.037733,6021.33,11355,14297.56,15640.875,19119
2008-10-21,3276,4411.355839,5827.92,10824,14194.23,15464.55,18229
2008-10-22,2948,4290.328316,5742.69,10408,13603.92,14980.635,17608
2008-10-23,4121,4228.26457,5742.69,10485,13323.94,14571.315,16941
2008-10-24,3963,4384.124839,5615.67,10433,13400.15,14134.065,16483
2008-10-25,3847,4609.649194,5489.67,9998,12944.63,13828.825,16534
2008-10-26,4068,4733.184651,5785.25,9520,12418.48,13582.255,16029
2008-10-27,4002,4693.044091,6097.15,9150,11898.12,13365.06,15230
2008-10-28,4121,4633.011663,6064.61,8835,11505.62,13148.25,14736
2008-10-29,4214,4621.037588,6042.96,8619,11237.8,12686.945,14101
2008-10-30,3989,4617.047821,5956.61,8524,11092.41,12399.51,14150
2008-10-31,4160,4569.299763,5892.14,8666,11165.04,12155.735,14150
2008-11-01,4846,4529.619962,6032.14,8931,11824.27,12571.905,14589
2008-11-02,5412,4761.464551,6459.09,9470,12793.72,13567.93,15082
2008-11-03,5412,5266.122252,6436.94,10408,13298.56,14600.51,16080
2008-11-04,5911,6145.979812,6648.41,10356,13527.41,15024.55,16788
2008-11-05,7250,6969.102216,7010.03,10253,13629.45,15361.76,16890
2008-11-06,6622,6973.726039,8584.24,10615,13757.28,15435.175,16788
2008-11-07,5516,7024.404768,8535.26,10903,13782.88,15244.43,16332
2008-11-08,5338,6618.22351,8744.11,11009,13527.41,14498.34,16382
2008-11-09,4917,6083.786353,8596.5,11408,13680.54,14731.97,16231
2008-11-10,4733,5714.755603,8027.02,12392,14245.87,14381.655,16180
2008-11-11,4375,5459.163241,7390.02,13067,14895.51,14192.275,16281
2008-11-12,3911,5207.656786,6975.84,13410,15052.56,14046.775,16839
2008-11-13,3809,4862.638668,6670.82,13210,14947.81,14308.81,17043
2008-11-14,3458,4462.489749,6348.63,12476,14478.86,14600.495,16941
2008-11-15,3337,4321.386048,5988.94,11678,13859.76,14308.79,16382
2008-11-16,3385,4143.437653,5721.45,10877,12894.28,13901.48,15579
2008-11-17,3181,3979.428715,5531.55,10176,12468.34,13553.27,14884
2008-11-18,3217,3892.663455,5292.25,9470,11676.92,12989.99,14150
2008-11-19,3029,3799.099588,5138.21,8859,10947.53,12084.145,13425
2008-11-20,3087,3724.832607,5036.42,8358,10444.4,11698.25,13090
2008-11-21,3181,3632.690725,4975.69,7801,9994.61,11313.715,12569
2008-11-22,2891,3592.406449,4845.02,7417,9643.22,11100.595,12146
2008-11-23,2635,3530.46886,4705.68,7062,9295.16,10873.79,12007
2008-11-24,2624,3336.275677,4676.01,6780,8996.25,10548.805,11589
2008-11-25,2684,3251.068808,4666.14,6544,8790.83,9845.345,11359
2008-11-26,2745,3194.751063,4479.92,6354,8609.28,9593.435,11130
2008-11-27,2745,3166.717768,4334.82,6229,8518.88,9439.81,11176
2008-11-28,2581,3163.22064,4248.58,6084,8271.58,9370.065,11176
2008-11-29,2474,3159.726196,4210.45,5941,8249.2,9161.19,11268
2008-11-30,2463,3083.166052,4200.94,5880,8026.21,8952.78,11222
2008-12-01,2337,2949.000473,4191.43,5718,7915.33,8620.39,11130
2008-12-02,2379,2881.013718,4134.55,5519,7650.86,8385.74,10857
2008-12-03,2379,2827.016077,3984.24,5323,7475.87,8275.545,10317
2008-12-04,2410,2790.104613,3891.3,5188,7280.29,8248.02,10094
2008-12-05,2463,2760.025937,3808.32,5111,7107.59,8138.03,9740
2008-12-06,2389,2733.386279,3744.22,5054,6850.59,7945.915,9389
2008-12-07,2379,2696.90549,3725.98,4978,6680.66,7754.275,8912
2008-12-08,2379,2696.90549,3725.98,4846,6617.22,7604.04,8783
2008-12-09,2306,2733.386279,3744.22,4753,6365.07,7304.635,8697
2008-12-10,2245,2710.152316,3716.87,4661,6219.19,6857.675,8442
2008-12-11,2337,2660.59655,3671.44,4569,6219.19,6763.2,8230
2008-12-12,2275,2621.172467,3653.33,4497,5991.74,6695.84,7979
2008-12-13,2144,2608.078409,3608.18,4442,5827.74,6615.105,7812
2008-12-14,2025,2562.434446,3554.26,4442,5746.19,6561.345,7564
2008-12-15,2144,2491.2664,3518.48,4424,5563.8,6521.055,7399
2008-12-16,1938,2439.940352,3482.82,4406,5523.49,6440.54,7277
2008-12-17,1938,2395.345844,3403.07,4353,5443.08,6293.205,6992
2008-12-18,1788,2319.555049,3297.76,4299,4986.85,6093.025,6912
2008-12-19,1779,2257.044676,3236.88,4264,5045.76,5747.295,6711
2008-12-20,1714,2207.458498,3159.19,4193,4908.59,5787.04,6592
2008-12-21,1678,2164.396204,3065.15,4158,5045.76,5773.78,6513
2008-12-22,1634,2091.252841,2972.13,4088,4928.13,5707.53,6394
2008-12-23,1696,2039.969165,2871.82,4036,4753.05,5654.58,6237
2008-12-24,1651,2004.035257,2805.62,3950,4407.96,5575.26,6042
2008-12-25,1572,1995.087977,2739.98,3865,4370.04,5168.51,5810
2008-12-26,1625,1968.329633,2650.62,3814,4125.69,4671.87,5543
2008-12-27,1714,1962.399861,2626.44,3713,3958.71,4542.365,5429
2008-12-28,1733,1998.071433,2602.33,3663,3793.56,4426.13,5279
2008-12-29,1696,2036.964174,2562.33,3597,3866.73,4297.405,5092
2008-12-30,1714,2030.969543,2562.33,3531,3594.25,4041.035,4981
2008-12-31,1705,1992.107609,2594.31,3450,3486.74,3837.17,4908
2009-01-01,1678,1983.185059,2674.89,3337,3397.81,3609.17,4761
2009-01-02,1642,1947.61895,2650.62,3289,3380.09,3597.11,4725
2009-01-03,1669,1897.592892,2626.44,3273,3291.89,3799.05,4688
2009-01-04,1862,1754.266581,2570.31,3273,3327.1,3799.05,4652
2009-01-05,1881,1906.393997,2530.48,3289,3397.81,3786.36,4580
2009-01-06,1862,1956.473192,2475.09,3305,3451.09,3722.975,4834
2009-01-07,1977,1971.313123,2451.49,3305,3451.09,3583.92,4871
2009-01-08,1891,2024.974917,2482.98,3305,3397.81,3470.55,4798
2009-01-09,1825,2048.984137,2554.35,3273,3380.09,3294.965,4871
2009-01-10,1806,2021.985295,2618.39,3210,3327.1,3145.235,4761
2009-01-11,1751,1983.185059,2650.62,3179,3186.86,3058.25,4725
2009-01-12,1769,1938.752278,2666.79,3179,3134.68,3021.11,4580
2009-01-13,1669,1900.510919,2626.44,3179,3082.73,3095.48,4508
2009-01-14,1625,1871.302582,2546.39,3226,3082.73,3095.48,4329
2009-01-15,1651,1827.74078,2498.78,3195,3204.3,3070.64,4294
2009-01-16,1625,1804.662439,2451.49,3195,3256.78,3132.91,4152
2009-01-17,1687,1781.686033,2404.53,3258,3048.23,3370.09,4152
2009-01-18,1625,1773.100246,2342.41,3258,3065.47,3370.09,4152
2009-01-19,1554,1796.031927,2296.2,3258,3134.68,3357.555,4012
2009-01-20,1343,1775.967509,2250.32,3195,3100.02,3319.98,3943
2009-01-21,1485,1713.450137,2265.58,3148,3065.47,3220.04,4012
2009-01-22,1409,1634.848944,2257.95,3086,3013.82,3045.83,3977
2009-01-23,1351,1643.201416,2235.1,3055,2962.41,2971.48,3874
2009-01-24,1351,1618.203161,2129.59,3009,2945.32,2897.345,3874
2009-01-25,1393,1579.563238,2040.61,2963,2843.36,2786.49,3736
2009-01-26,1451,1554.882346,2011.25,2963,2826.46,2725.1,3736
2009-01-27,1418,1571.313015,1974.76,2948,2826.46,2651.62,3634
2009-01-28,1401,1612.768863,1931.29,2918,2792.73,2688.41,3600
2009-01-29,1351,1674.109084,1909.69,2888,2826.46,2971.48,3600
2009-01-30,1303,1552.232294,1916.88,2858,2759.11,2971.48,3600
2009-01-31,1327,1530.351441,1938.51,2783,2725.6,2848.29,3600
2009-02-01,1384,1516.784561,1952.98,2754,2692.2,2651.635,3532
2009-02-02,1360,1487.07197,1895.33,2710,2675.54,2713.67,3465
2009-02-03,1351,1465.594235,1852.49,2695,2592.64,2409.29,3465
2009-02-04,1294,1441.565934,1802.96,2681,2576.15,2335.95,3398
2009-02-05,1327,1425.620971,1788.89,2681,2559.68,2505.915,3200
2009-02-06,1335,1444.225142,1774.86,2666,2543.24,2493.41,3200
2009-02-07,1278,1422.965181,1802.96,2608,2526.83,2299.65,3167
2009-02-08,1223,1409.730767,1774.86,2594,2543.24,2457.35,3167
2009-02-09,1215,1412.376279,1753.9,2594,2445.18,2192.765,3134
2009-02-10,1184,1386.024345,1739.97,2579,2428.94,2191.4,3233
2009-02-11,1223,1354.640482,1719.15,2565,2412.72,2311.945,3134
2009-02-12,1207,1318.319987,1684.66,2565,2364.25,2119.605,3069
2009-02-13,1192,1297.725502,1629.98,2594,2364.25,2191.4,2972
2009-02-14,1207,1279.802234,1589.39,2608,2396.54,2263.78,2972
2009-02-15,1161,1256.875376,1562.54,2623,2396.54,1978.54,2972
2009-02-16,1168,1229.059349,1549.17,2594,2396.54,1882.485,3005
2009-02-17,1223,1203.956081,1535.84,2579,2396.54,2239.46,3069
2009-02-18,1215,1188.973346,1535.84,2522,2380.38,2108.245,3005
2009-02-19,1311,1156.752962,1509.32,2480,2316.03,2048.04,3005
2009-02-20,1184,1134.629781,1482.95,2452,2300.02,2072.22,3102
2009-02-21,1138,1107.782178,1476.39,2466,2252.16,2048.27,3069
2009-02-22,1161,1085.990739,1476.39,2508,2236.26,1964.89,2781
2009-02-23,1107,1057.163934,1489.53,2522,2268.08,2001.01,2749
2009-02-24,1070,1035.716281,1496.11,2522,2252.16,1764.75,2686
2009-02-25,1063,1009.720741,1456.75,2522,2300.02,1741.08,2749
2009-02-26,1019,1016.875351,1404.86,2494,2220.39,1871.175,2686
2009-02-27,1033,1110.210457,1372.76,2480,2300.02,1906.69,2718
2009-02-28,1041,1098.076478,1347.28,2438,2284.04,2024.375,2813
2009-03-01,983,1078.754171,1321.96,2424,2236.26,1905.96,2844
2009-03-02,968,1059.551193,1309.37,2424,2172.98,1835.105,2718
2009-03-03,954,1040.468203,1290.56,2396,2188.75,1917.57,2686
2009-03-04,947,1026.231317,1278.07,2355,2188.75,1929.74,2624
2009-03-05,983,1023.866697,1265.63,2341,2141.51,1835.105,2531
2009-03-06,954,1026.231317,1240.87,2327,2141.51,1835.105,2686
2009-03-07,990,1026.235104,1216.29,2286,2078.95,1741.21,2562
2009-03-08,997,1012.066358,1191.88,2232,2032.35,1671.05,2531
2009-03-09,961,1009.71313,1179.74,2219,2001.44,1624.5,2500
2009-03-10,1019,1019.141249,1167.65,2205,1986.03,1648.115,2593
2009-03-11,983,1019.141249,1155.6,2178,1970.65,1625.055,2562
2009-03-12,1055,1009.71313,1155.6,2152,1986.03,1578.085,2378
2009-03-13,954,1009.71313,1155.6,2125,1939.99,1508.83,2500
2009-03-14,968,995.6357013,1149.59,2125,1909.46,1416.88,2439
2009-03-15,968,981.6348068,1143.6,2099,1894.24,1359.585,2439
2009-03-16,926,1016.780421,1143.6,2073,1879.05,1302.96,2378
2009-03-17,878,1014.42339,1143.6,2086,1848.77,1279.955,2258
2009-03-18,926,993.3015676,1113.78,2099,1863.89,1302.71,2258
2009-03-19,983,965.3458277,1101.93,2112,1879.05,1302.81,2198
2009-03-20,961,979.3160488,1161.62,2112,1909.46,1370.975,2378
2009-03-21,947,1014.42339,1072.51,2125,1894.24,1359.665,2198
2009-03-22,961,1002.66106,1060.82,2125,1909.46,1394.125,2318
2009-03-23,983,1009.720741,1084.25,2125,1924.71,1406.07,2288
2009-03-24,968,1016.780421,1084.25,2125,1939.99,1416.725,2228
2009-03-25,968,1014.42339,1084.25,2152,1970.65,1497.175,2318
2009-03-26,898,997.973665,1101.93,2152,1939.99,1485.62,2593
2009-03-27,1004,993.2900944,1125.67,2152,1955.31,1531.82,2593
2009-03-28,1092,1007.363709,1107.85,2125,1909.46,1532.035,2593
2009-03-29,1176,1021.505869,1107.85,2138,1879.05,1325.875,2562
2009-03-30,1004,1047.614924,1066.66,2165,1924.71,1416.88,2500
2009-03-31,968,1066.735478,1084.25,2192,2001.44,1648.53,2470
2009-04-01,968,1078.754171,1107.85,2192,2032.35,1603.33,2318
2009-04-02,1100,1093.23475,1204.06,2219,2032.35,1589.615,2500
2009-04-03,1215,1124.857635,1216.29,2192,2078.95,1788.735,2439
2009-04-04,1199,1156.752962,1179.74,2178,2063.39,1799.885,2500
2009-04-05,1130,1156.807715,1155.6,2165,2032.35,1694.73,2470
2009-04-06,1070,1224.038678,1179.74,2138,2047.85,1730.29,2531
2009-04-07,1092,1279.837623,1247.04,2152,1970.65,1475.795,2593
2009-04-08,1286,1344.231301,1353.63,2219,1955.31,1463.53,2500
2009-04-09,1443,1378.170554,1372.76,2219,2001.44,1671.255,2378
2009-04-10,1511,1457.755963,1417.77,2219,2078.95,1741.475,2378
2009-04-11,1351,1593.333453,1496.11,2219,2063.39,1624.5,2378
2009-04-12,1351,1640.418352,1509.32,2219,2125.83,1823.675,2470
2009-04-13,1418,1646.000866,1575.94,2286,2016.88,1659.37,2531
2009-04-14,1368,1634.931028,1852.49,2368,2032.35,1648.115,2844
2009-04-15,1319,1598.969151,2129.59,2438,2172.98,1729.365,3069
2009-04-16,1262,1571.319662,2084.93,2494,2204.56,1764.555,2749
2009-04-17,1145,1484.480248,2107.22,2551,2300.02,2048.04,2749
2009-04-18,1145,1396.55479,1967.49,2608,2332.08,2311.735,2876
2009-04-19,1168,1339.11046,1788.89,2666,2396.54,2240.265,3005
2009-04-20,1130,1249.285269,1643.59,2769,2428.94,2323.68,3037
2009-04-21,1138,1203.956081,1522.56,2858,2625.72,2530.075,3102
2009-04-22,1247,1201.62433,1398.42,2873,2725.6,2922.07,3299
2009-04-23,1581,1146.900094,1278.07,2858,2742.34,2885.33,3233
2009-04-24,1651,1164.26834,1259.42,2769,2725.6,2727.35,3465
2009-04-25,1607,1272.265127,1240.87,2652,2609.17,2627.935,3566
2009-04-26,1286,1372.917399,1228.56,2565,2543.24,2456.75,3566
2009-04-27,1303,1388.649196,1265.63,2480,2445.18,2409.795,3499
2009-04-28,1168,1339.11046,1372.76,2368,2332.08,2048.27,3398
2009-04-29,1286,1256.875376,1509.32,2341,2348.15,2239.46,3532
2009-04-30,1247,1224.038678,1596.13,2341,2220.39,2192.27,3805
2009-05-01,1351,1184.003219,1482.95,2368,2236.26,2097.75,3839
2009-05-02,1572,1154.29157,1391.99,2368,2204.56,1976.76,4187
2009-05-03,1834,1149.37977,1360,2410,2268.08,2050.115,4436
2009-05-04,1733,1199.426394,1353.63,2480,2284.04,2192.27,3977
2009-05-05,1642,1336.499464,1321.96,2565,2316.03,2275.75,3566
2009-05-06,1537,1393.916149,1398.42,2565,2348.15,2396.315,3432
2009-05-07,1669,1367.678074,1529.2,2508,2380.38,2372.23,3233
2009-05-08,1468,1380.774647,1705.32,2480,2348.15,2275.645,3365
2009-05-09,1294,1386.024345,1795.92,2424,2332.08,2336.205,3465
2009-05-10,1215,1341.690044,1753.9,2438,2252.16,2000.49,3465
2009-05-11,1360,1249.285269,1698.42,2652,2300.02,2191.455,3499
2009-05-12,1270,1198.971467,1670.93,2828,2364.25,2299.725,3839
2009-05-13,1294,1166.635031,1589.39,2903,2609.17,2602.77,3874
2009-05-14,1581,1193.96519,1496.11,2918,2675.54,2835.695,4082
2009-05-15,1806,1301.368793,1569.23,3040,2809.58,2922.2,4436
2009-05-16,1705,1368.621374,1705.32,3040,2894.22,2885.22,4798
2009-05-17,2317,1566.015782,1753.9,3040,2996.66,3282.65,4508
2009-05-18,2286,1739.110983,1824.13,3024,3082.73,3584.185,4508
2009-05-19,2084,1941.916538,2025.91,2948,3031.01,3559.07,4761
2009-05-20,2104,1826.245024,2350.14,3101,3031.01,3508.81,4798
2009-05-21,1733,1916.830534,2905.12,3580,3082.73,3571.52,5316
2009-05-22,1494,2179.749191,3491.72,3814,3522.48,4220.445,5279
2009-05-23,1409,2109.541863,3465.04,4071,3666.4,4892.9,5391
2009-05-24,1460,1956.724916,3350.27,4281,4714.37,5826.84,7358
2009-05-25,1376,1761.842916,3210.91,4264,4889.08,6159.7,7812
2009-05-26,1343,1596.23237,2880.13,4479,4753.05,6239.84,8826
2009-05-27,1343,1452.325375,2514.61,4903,4772.42,6133.14,10541
2009-05-28,1311,1428.297289,2212.34,5961,5263.31,6413.815,10406
2009-05-29,1278,1508.81939,2040.61,6909,5664.94,7060.515,9345
2009-05-30,1085,1665.681662,1909.69,7847,6596.11,6575.42,8912
2009-05-31,1443,1778.81877,2144.56,8008,7563.24,7688.485,9128
2009-06-01,1384,1793.161469,2634.49,7394,7915.33,9467.74,9564
2009-06-02,2306,1827.788376,2822.12,6608,7519.52,9091.855,9961
2009-06-03,2296,1977.512389,2772.73,6229,6808.01,8496.575,10362
2009-06-04,2779,2183.4431,2674.89,6481,6323.3,7836.485,11222
2009-06-05,2768,2446.497626,2780.94,6866,6490.83,8000.745,10857
2009-06-06,2712,2627.813202,3245.55,8031,6659.49,8151.765,10362
2009-06-07,2960,2763.406228,3799.14,8358,7541.37,8911.47,10183
2009-06-08,2914,2881.124136,4277.26,8008,7915.33,9467.765,9961
2009-06-09,2745,2959.264341,4286.84,7664,7760.77,9328.245,10049
2009-06-10,2592,2969.530918,4219.97,7350,7497.69,9189,10183
2009-06-11,2745,2870.926094,4325.21,7128,7193.8,8994.41,11222
2009-06-12,2484,2746.728517,4334.82,7172,6957.37,8537.52,11497
2009-06-13,2506,2647.513728,4162.96,7439,7129.12,8551.29,11543
2009-06-14,2431,2520.315938,4002.92,7916,6957.37,8427.13,10272
2009-06-15,2452,2465.559957,3909.82,8147,7694.78,8897.29,9389
2009-06-16,2214,2395.503577,3753.36,8031,7959.63,9286.595,9872
2009-06-17,2045,2373.158056,3599.17,7778,8048.44,9495.66,11635
2009-06-18,1825,2313.306906,3617.19,7801,7915.33,9258.59,12100
2009-06-19,2045,2216.832601,3608.18,9004,8070.68,9481.775,12100
2009-06-20,1948,2082.191972,3491.72,10330,8836.37,10055.8,11774
2009-06-21,1900,2021.976065,3385.44,10798,9994.61,11271.215,12053
2009-06-22,1967,1995.094155,3228.21,10408,10611.42,12055.5,13569
2009-06-23,1724,1959.441186,2997.4,9695,10492.05,11926.815,14933
2009-06-24,1742,1912.283306,2955.33,9273,10018.15,11413.305,14589
2009-06-25,1929,1824.911538,2946.94,9175,9526.83,10902.13,13617
2009-06-26,2474,1750.258243,2905.12,9053,9249.01,10619.235,12569
2009-06-27,2255,1842.790092,2797.39,8835,9019.15,10182.345,11774
2009-06-28,2164,2134.140659,2634.49,9004,9156.88,10605.125,11451
2009-06-29,2327,2322.69241,2546.39,9947,9249.01,10902.105,11497
2009-06-30,2055,2430.463079,2756.34,11115,9971.08,11384.93,11821
2009-07-01,2348,2802.743161,3193.64,11435,10803.14,12170.1,11867
2009-07-02,2824,3604.036341,3527.41,11462,11116.61,12500.03,12663
2009-07-03,2869,4059.247704,3974.91,10851,10995.77,12385.165,13186
2009-07-04,4719,4005.965236,4995.91,9972,10515.9,12041.425,13281
2009-07-05,4348,4828.450132,5615.67,9273,9853.66,11256.855,12995
2009-07-06,4055,7788.957267,5668.47,9645,9526.83,10916.335,12522
2009-07-07,5162,9097.111501,8316.09,12226,10018.15,11456.38,12287
2009-07-08,5636,8598.37399,10491.41,15670,12269.21,13351.135,12053
2009-07-09,5667,7671.67403,10491.41,17655,15579.13,16645.365,13377
2009-07-10,5561,7047.827984,9635.55,19671,17214.03,18534.805,16686
2009-07-11,4511,6475.339227,8892.61,20799,18557.73,19841.41,18699
2009-07-12,4042,5961.867295,8340.34,20834,19421.35,20611.625,20180
2009-07-13,3758,5612.140078,7871.96,19942,19617.78,20884.175,21745
2009-07-14,3770,5783.616388,7600.27,19334,19393.33,20869.065,22732
2009-07-15,3619,5788.341444,7670.82,19367,18946.47,21081.365,24740
2009-07-16,4160,5697.574466,7506.57,19200,19449.38,22192.36,28593
2009-07-17,3758,5753.412608,7227.94,18900,20550.76,23445.685,32954
2009-07-18,3619,5723.329386,7216.42,19033,20978.58,23047.29,34484
2009-07-19,3582,5586.560481,7343.58,20180,20607.67,22435.725,33870
2009-07-20,3495,5316.286251,7320.4,21251,20835.71,22450.975,32105
2009-07-21,3834,5116.445381,7044.28,21602,22858.81,24321.835,31142
2009-07-22,3707,5195.167304,6726.94,21955,23034.49,24722.2,33259
2009-07-23,3557,5257.593948,6547.94,21567,23005.19,24691.37,34423
2009-07-24,3834,5162.055739,6670.82,22132,22888.07,24244.605,34423
2009-07-25,3720,5021.711961,6682.03,21990,22800.33,23983.12,33137
2009-07-26,3899,4956.597166,6547.94,21182,22275.78,23369.06,30544
2009-07-27,3834,4773.48171,6536.81,20558,21466.22,22726.005,28769
2009-07-28,3644,4649.05658,6337.62,19435,20778.64,22191.605,28009
2009-07-29,3873,4494.07431,6108.01,18109,19589.69,20628.465,28359
2009-07-30,3821,4383.884515,5999.73,17333,18696.32,20312.53,31142
2009-07-31,3544,4427.05027,5806.57,19267,19955.73,23063.94,31984
2009-08-01,3557,4545.603286,5679.05,21461,23181.16,27015.435,32954
2009-08-02,3205,4737.210098,5774.6,22632,25410.13,27435.94,36033
2009-08-03,4187,4793.672794,6075.45,22847,25349.99,27046.49,38865
2009-08-04,3682,4866.549009,6293.65,22168,25259.87,26595.515,40977
2009-08-05,4068,4813.894564,6238.85,21007,24007.01,25371.015,41364
2009-08-06,4457,4846.788554,6304.63,19772,22508.52,23967.865,39183
2009-08-07,6004,5737.72033,6118.87,18503,21121.7,22986.16,35102
2009-08-08,7216,6686.727332,6140.62,17622,19758.41,21552.31,33809
2009-08-09,6933,7468.692246,7529.96,18535,19169.56,21096.45,32287
2009-08-10,6302,7609.102184,8340.34,20523,20295.18,22054.65,31022
2009-08-11,4931,7303.519973,9029.52,22811,23063.81,24291.4,31442
2009-08-12,4539,6548.475769,8967.2,24086,25199.83,26129.88,32711
2009-08-13,4227,6119.230768,8523.03,24901,25862.31,26750.89,34115
2009-08-14,3963,5952.620856,7931.47,25577,26651.02,27467.215,33870
2009-08-15,3644,5796.500662,7871.96,25615,26894.94,27747.93,33381
2009-08-16,4174,5996.995662,7647.28,24789,26529.27,27311.32,33442
2009-08-17,4539,6005.645354,7436.56,23719,25620.88,27202.2,32529
2009-08-18,5911,6514.460652,7320.4,22560,24930.12,26098.9,32529
2009-08-19,6429,6541.422015,7883.85,21251,23416.34,24660.7,30963
2009-08-20,6509,6650.200986,8050.97,19806,21898.93,23246.525,28769
2009-08-21,6051,7042.862058,8316.09,18371,20522.32,22039.3,27023
2009-08-22,6082,6904.827942,8510.81,17141,19085.82,20642.14,25590
2009-08-23,5727,6795.111375,8510.81,16477,17978.61,19705.71,24571
2009-08-24,6270,6631.732121,8352.48,16320,17295.53,18999.13,23397
2009-08-25,7521,6618.801293,8231.4,16320,17322.72,19104.165,22457
2009-08-26,7658,7548.007773,7979.19,16133,17024.25,18789.155,23230
2009-08-27,6883,7900.200972,8535.26,15701,16727.16,18325.1,24066
2009-08-28,6622,7699.569173,9204.83,15121,16243.98,17847.405,23675
2009-08-29,6160,7293.892059,9217.4,14700,15738.03,17266.96,22292
2009-08-30,5382,6914.151751,8892.61,14940,15236.32,16777.36,21419
2009-08-31,5250,6618.159313,8547.5,15639,15367.93,16703.4,20878
2009-09-01,6350,6456.146995,8303.97,16071,16137.12,17772.89,22677
2009-09-02,6785,6745.49906,8027.02,15663.19,16754.11,18414.83,23954
2009-09-03,6590,7275.009751,8074.94,15456,16916.06,18444.785,25989
2009-09-04,5896,7205.370749,8510.81,14790,16377.82,17951.76,24797
2009-09-05,5017,6882.545487,8768.8,14196,15950.55,17802.645,24290
2009-09-06,4705,6309.207817,8596.5,13961,15923.94,17728.145,25419
2009-09-07,5032,5939.549928,8098.95,14314,16808.05,18340.145,27602
2009-09-08,5486,5831.068266,7541.66,14671,17567.93,19224.465,29594
2009-09-09,5279,5948.199763,7343.58,13991,18447.05,20263.93,31262
2009-09-10,5017,5891.740424,7308.82,13210,18530.04,20520.925,35102
2009-09-11,4691,5753.452813,7401.65,12532,17458.83,19269.605,36158
2009-09-12,4566,5573.768413,7251.02,12560,16377.82,18235.845,34177
2009-09-13,4566,5467.58118,7032.86,12869,15552.69,17400.79,30544
2009-09-14,4267,5476.042242,6896.3,13124,15552.69,17088.79,28301
2009-09-15,4187,5395.961093,6930.35,13124,15923.94,17594.185,26850
2009-09-16,4334,5236.750562,6907.64,13324,17051.33,18564.44,25192
2009-09-17,4280,5578.081295,6975.84,13845,16781.07,18384.91,25136
2009-09-18,4664,5740.510532,7518.26,14373,16511.95,18130.855,24010
2009-09-19,4846,5723.318199,7871.96,14226,16781.07,18355,23064
2009-09-20,4761,5783.562867,7588.54,14049,16916.06,18519.535,22512
2009-09-21,4622,5774.942131,7390.02,14020,16700.22,18190.625,22787
2009-09-22,4470,5706.134808,7436.56,13903,16646.37,18115.945,22128
2009-09-23,4334,5762.022184,7659.05,13699,16511.95,18145.79,22128
2009-09-24,4539,5646.275521,7576.81,13497,16163.82,17728.16,22677
2009-09-25,4776,5467.58118,7471.54,13961,15923.94,17579.22,22347
2009-09-26,4832,5467.590255,7343.58,15947,16057.09,17757.94,21800
2009-09-27,4832,5446.468248,7717.98,18142,17404.35,19359.84,23341
2009-09-28,4160,5417.251413,7871.96,18076,19253.39,20793.5,25136
2009-09-29,3937,5178.851388,7706.18,17077,20579.21,21886.87,27486
2009-09-30,4094,4846.374225,7343.58,16289,22246.73,25078.72,32468
2009-10-01,3873,4685.007411,6771.95,16071,24750.74,27342.465,39056
2009-10-02,3520,4617.148171,6481.26,17045,24960.05,27311.37,42662
2009-10-03,3041,4446.78561,6648.41,17333,24601.52,26222.775,44167
2009-10-04,2679,4197.718117,6659.61,16040,24810.5,26114.17,44760
2009-10-05,2559,3810.644189,6370.66,14373,24333.52,25448.365,45421
2009-10-06,2723,3566.945906,5892.14,14373,21956.8,23430.83,43905
2009-10-07,3134,3487.021607,5458.32,12982,19449.38,21127.29,39821
2009-10-08,3052,3497.924362,5220.16,11951,17595.23,19314.77,34978
2009-10-09,2937,3669.484492,4995.91,10982,16270.73,18026.615,31803
2009-10-10,2846,3795.431374,4935.35,10100,15131.24,16792.33,28887
2009-10-11,2779,3896.427897,5107.6,9347,14142.64,15817.525,25419
2009-10-12,2824,3806.580604,5312.91,8810,13323.94,15039.325,22843
2009-10-13,2768,3739.70847,5385.44,8335,12643.27,14279.72,21202
2009-10-14,2679,3654.728513,5281.93,7939,12095.67,13683.78,19648
2009-10-15,2768,3610.789383,5271.61,7755,11456.81,13119.35,19224
2009-10-16,2668,3454.485009,5199.63,7687,11359.33,12902.99,18177
2009-10-17,2690,3389.764262,5138.21,7619,11019.91,12543.16,17608
2009-10-18,2538,3350.482651,4975.69,7484,10755.13,12213.05,16686
2009-10-19,2327,3297.075794,4835.02,7372,10515.9,12012.565,17197
2009-10-20,2516,3222.888597,4705.68,7238,10396.81,11883.865,18751
2009-10-21,2431,3159.734246,4607.04,7150,10183.36,11783.875,18229
2009-10-22,2379,3201.769425,4616.87,6953,10301.8,11712.49,17453
2009-10-23,2506,3156.26128,4558,6736,10301.8,11726.785,17094
2009-10-24,2779,3072.750008,4558,6544,9900.58,11342.125,16941
2009-10-25,2723,3117.96781,4479.92,6481,9666.54,11100.59,18751
2009-10-26,2184,3244.018417,4354.07,6523,9666.54,11001.3,19330
2009-10-27,1958,3139.098327,4325.21,6523,9480.37,10887.98,16686
2009-10-28,1948,2830.848562,4460.48,6354,9272.08,10590.995,14589
2009-10-29,1254,2667.214372,4441.06,6188,8722.63,10056.65,14052
2009-10-30,2124,2598.274941,4162.96,5961,8631.92,9649.34,13329
2009-10-31,2245,2604.807738,3863.57,5779,8293.99,9495.76,12758
2009-11-01,2410,2611.351924,3689.59,5678,7959.63,9133.375,12053
2009-11-02,2484,2640.873175,3653.33,5638,7738.76,8883.435,11589
2009-11-03,2779,2703.534532,3653.33,5460,7541.37,8565.14,11405
2009-11-04,2613,2793.507074,3653.33,5188,7367.05,8454.69,11682
2009-11-05,2379,2891.173186,3744.22,4903,7043.11,8234.28,15181
2009-11-06,2134,2847.304699,3817.51,4809,7021.65,8151.765,14393
2009-11-07,1834,2710.250757,3946.97,4772,7043.11,8110.555,11913
2009-11-08,1696,2830.715002,3974.91,4698,6850.59,7987.035,11268
2009-11-09,1616,2662.729477,3872.8,4772,6638.35,7781.64,10994
2009-11-10,1742,2195.183239,3680.51,4903,6469.82,7576.75,10541
2009-11-11,1834,2109.450757,3420.74,4884,6532.89,7563.115,10183
2009-11-12,1948,2097.308671,3202.27,4865,6344.18,7617.68,9916
2009-11-13,2025,2103.394911,3022.74,4828,6385.99,7399.685,9784
2009-11-14,1977,2201.503692,2955.33,4661,6156.94,7263.77,9476
2009-11-15,1696,2282.00736,2938.56,4424,6074.19,7128.115,9215
2009-11-16,1733,2195.183239,2938.56,4176,5725.84,6763.215,9041
2009-11-17,1696,2052.06876,3039.68,3916,5463.15,6467.415,8697
2009-11-18,1696,1971.29452,3090.7,3713,4772.42,5774.29,8315
2009-11-19,1554,1980.21707,2988.97,3646,4503.13,5232.915,8020
2009-11-20,1502,1938.752278,2855.22,3680,4351.11,5114.97,7399
2009-11-21,1460,1897.592892,2772.73,3597,4275.62,4866.875,6992
2009-11-22,1528,1865.463417,2748.15,3580,4181.75,4775.74,6791
2009-11-23,1563,1836.418981,2723.65,3580,4107.04,4736.81,6672
2009-11-24,1651,1833.523076,2658.7,3746,3848.4,4607.065,6513
2009-11-25,1598,1848.021589,2602.33,3580,3830.1,4632.975,6434
2009-11-26,1651,1871.28368,2562.33,3466,3648.33,4426.455,6355
2009-11-27,1714,1862.545401,2546.39,3369,3576.27,4400.435,6159
2009-11-28,1642,1874.211136,2594.31,3289,3380.09,4156.83,6081
2009-11-29,1589,1897.592892,2610.36,3258,3291.89,3812.12,5849
2009-11-30,1581,1862.55802,2610.36,3242,3186.86,3799.05,5619
2009-12-01,1443,1816.19843,2626.44,3226,3152.05,3546.3,5241
2009-12-02,1451,1775.967509,2626.44,3195,3186.86,3495.93,5279
2009-12-03,1634,1733.237747,2570.31,3179,3152.05,3408.01,5167
2009-12-04,1625,1690.817603,2514.61,3179,3117.34,3395.26,4981
2009-12-05,1742,1738.885447,2459.35,3163,3134.68,3470.69,4944
2009-12-06,2035,1798.934274,2373.4,3070,3013.82,3245.01,4871
2009-12-07,1835,1862.595878,2350.14,3055,2979.52,3195.145,4798
2009-12-08,1634,1926.951836,2420.15,3024,2979.52,3232.785,4761
2009-12-09,1742,1871.346686,2482.98,3009,2945.32,3182.9,4616
2009-12-10,2055,1830.630342,2586.3,2978,2843.36,2996.25,4508
2009-12-11,1806,1845.116192,2658.7,2978,2843.36,2971.65,4544
2009-12-12,1502,1947.61895,2578.3,3009,2809.58,2909.7,4472
2009-12-13,1409,1862.747313,2514.61,3009,2843.36,2971.49,4508
2009-12-14,1393,1699.352327,2546.39,3101,2843.36,2959.24,4329
2009-12-15,1434,1593.320216,2658.7,3117,2911.23,3120.385,4294
2009-12-16,1409,1565.829469,2546.39,3117,2928.27,3070.68,4294
2009-12-17,1607,1552.152232,2334.69,3117,2928.27,3045.83,4258
2009-12-18,1554,1549.438809,2189.66,3273,2945.32,3058.25,4223
2009-12-19,1581,1620.982942,2129.59,3321,3013.82,3145.235,4187
2009-12-20,1460,1648.777381,2099.78,3210,3082.73,3282.455,4294
2009-12-21,1360,1621.002694,2107.22,3086,3048.23,3195.145,4329
2009-12-22,1853,1554.90235,2167.07,2978,2962.41,3083.125,4436
2009-12-23,1634,1508.657864,2204.77,2858,2860.29,2959.24,4400
2009-12-24,1520,1495.151501,2174.59,2769,2759.11,2786.51,4365
2009-12-25,1511,1508.657864,2107.22,2710,2692.2,2737.435,4365
2009-12-26,1502,1541.248494,2040.61,2666,2592.64,2639.545,4223
2009-12-27,1418,1554.882346,2018.58,2681,2592.64,2663.855,4117
2009-12-28,1311,1530.361493,2025.91,2695,2559.68,2627.18,3977
2009-12-29,1130,1484.399083,2062.73,2681,2592.64,2578.55,3805
2009-12-30,1145,1420.38137,2062.73,2681,2543.24,2505.425,3839
2009-12-31,1130,1359.87288,2040.61,2652,2543.24,2505.425,3839
2010-01-01,1115,1285.014565,1967.49,2623,2494.08,2396.19,3839
2010-01-02,1123,1198.949805,1859.61,2579,2461.45,2347.815,3805
2010-01-03,1115,1196.452076,1733.02,2522,2412.72,2299.57,3736
2010-01-04,1115,1196.452076,1684.66,2565,2477.75,2299.595,3600
2010-01-05,1115,1188.973346,1643.59,2594,2380.38,2275.485,3634
2010-01-06,1107,1179.025844,1609.64,2565,2380.38,2287.52,3634
2010-01-07,1100,1169.107373,1602.88,2551,2380.38,2263.505,3566
2010-01-08,1107,1159.218008,1582.66,2494,2364.25,2215.405,3532
2010-01-09,1192,1151.819218,1562.54,2382,2316.03,2167.45,3465
2010-01-10,1161,1159.225304,1542.5,2327,2252.16,2071.915,3432
2010-01-11,1130,1183.995971,1522.56,2273,2141.51,1976.88,3365
2010-01-12,1070,1196.452076,1509.32,2232,2063.39,1882.16,3332
2010-01-13,1426,1181.5236,1502.71,2219,1986.03,1694.325,3134
2010-01-14,1418,1166.664156,1549.17,2205,1955.31,1636.06,3069
2010-01-15,1468,1252.025518,1549.17,2205,1939.99,1636.06,3037
2010-01-16,1303,1367.872268,1476.39,2205,1939.99,1612.82,2908
2010-01-17,1401,1407.119628,1469.83,2205,1939.99,1624.43,2940
2010-01-18,1696,1331.252932,1542.5,2192,1939.99,1624.45,2908
2010-01-19,1511,1305.439645,1636.78,2192,1939.99,1636.06,2908
2010-01-20,1651,1405.172421,1670.93,2232,1939.99,1636.06,2749
2010-01-21,1642,1495.151501,1629.98,2152,1970.65,1659.335,2813
2010-01-22,1443,1519.518084,1739.97,2232,1986.03,1705.99,2686
2010-01-23,1335,1557.619127,1767.87,2259,1970.65,1670.98,2686
2010-01-24,1546,1498.013309,1824.13,2341,2001.44,1729.365,2749
2010-01-25,1335,1409.737638,1909.69,2466,2063.39,1823.2,2908
2010-01-26,1270,1436.237279,1945.74,2623,2141.51,1893.94,2876
2010-01-27,1161,1449.557204,1881.01,2724,2284.04,2119.65,2781
2010-01-28,1130,1318.319987,1781.87,2724,2094.54,2299.595,2655
2010-01-29,1115,1300.298059,1753.9,2681,2125.83,2420.375,2972
2010-01-30,1161,1274.695951,1712.23,2681,2445.18,2384.06,3037
2010-01-31,1176,1236.649456,1643.59,2681,2428.94,2371.975,3200
2010-02-01,1145,1196.452076,1575.94,2681,2412.72,2371.975,3233
2010-02-02,1153,1193.95796,1522.56,2652,2412.72,2347.815,3200
2010-02-03,1100,1179.033102,1469.83,2623,2412.72,2420.45,3102
2010-02-04,983,1149.37977,1456.75,2594,2348.15,2311.67,3037
2010-02-05,905,1105.372408,1443.72,2508,2332.08,2275.515,3167
2010-02-06,817,1064.351948,1411.31,2438,2300.02,2191.455,3233
2010-02-07,797,1019.186782,1379.16,2396,2236.26,2071.915,3167
2010-02-08,784,933.1038015,1334.6,2327,2157.23,1988.64,3069
2010-02-09,771,912.572852,1271.84,2286,2110.17,1941.23,3005
2010-02-10,677,901.2399663,1210.17,2245,2110.17,1811.505,2781
2010-02-11,516,885.4575405,1143.6,2232,2001.44,1764.555,2624
2010-02-12,571,832.3522503,1096.03,2192,1986.03,1764.635,2562
2010-02-13,554,752.0446276,1072.51,2165,1939.99,1671.05,2562
2010-02-14,521,764.8253811,1020.27,2125,1924.71,1624.5,2500
2010-02-15,510,754.1920934,935.28,2073,1909.46,1589.715,2378
2010-02-16,510,724.5985437,880.09,1995,1818.62,1451.16,2258
2010-02-17,505,718.314895,869.19,1919,1758.72,1382.5,2288
2010-02-18,499,716.2259742,836.8,1881,1669.87,1167.915,2168
2010-02-19,484,705.8067711,815.45,1843,1611.31,1022.125,2109
2010-02-20,463,707.8872224,794.3,1806,1553.31,934.26,1964
2010-02-21,463,714.1370534,783.8,1769,1495.87,836.01,1849
2010-02-22,463,712.0523636,773.34,1757,1467.36,771.065,1821
2010-02-23,489,697.51472,762.94,1733,1424.87,706.84,1849
2010-02-24,478,683.0750942,762.94,1721,1453.16,653.85,1737
2010-02-25,473,676.9191057,747.43,1697,1382.72,781.71,1626
2010-02-26,484,676.9191057,726.93,1685,1354.8,771.065,1821
2010-02-27,505,672.830886,721.83,1661,1340.9,569.735,1849
2010-02-28,566,656.542801,706.62,1637,1299.42,476.69,1626
2010-03-01,538,664.7063142,691.53,1649,1299.42,456.27,1490
2010-03-02,566,705.8067711,681.54,1649,1271.95,436.15,1599
2010-03-03,571,705.8067711,671.59,1637,1327.03,507.49,1571
2010-03-04,617,703.7390661,691.53,1602,1313.21,538.51,1410
2010-03-05,623,724.5985437,711.68,1567,1271.95,415.935,1332
2010-03-06,696,728.7974724,706.62,1544,1244.65,365.645,1410
2010-03-07,746,737.2205434,711.68,1555,1217.5,306.59,1544
2010-03-08,733,756.3603104,711.68,1555,1244.65,335.96,1517
2010-03-09,733,821.0876776,721.83,1555,1217.5,258.085,1332
2010-03-10,721,836.4664334,721.83,1555,1231.05,201.225,1178
2010-03-11,721,836.4664334,747.43,1544,1231.05,219.93,1153
2010-03-12,885,838.670901,762.94,1602,1231.05,267.79,1128
2010-03-13,954,851.9620224,757.76,1649,1231.05,296.955,1078
2010-03-14,778,933.4156833,757.76,1697,1271.95,385.605,1054
2010-03-15,851,1016.795609,757.76,1733,1313.21,528.13,1054
2010-03-16,824,940.0564835,778.56,1757,1368.74,539.505,1254
2010-03-17,817,919.4008555,852.94,1745,1382.72,674.815,1332
2010-03-18,778,926.240607,880.09,1806,1410.79,738.82,1410
2010-03-19,746,923.9606878,847.55,1856,1424.87,706.735,1626
2010-03-20,811,914.8802312,831.45,1881,1453.16,792.51,1681
2010-03-21,851,887.6980401,826.1,1906,1510.17,814.08,1681
2010-03-22,771,910.3164828,831.45,1957,1553.31,955.905,1793
2010-03-23,617,939.9786911,815.45,1982,1582.24,977.98,1906
2010-03-24,721,901.3778703,799.57,2021,1640.52,1044.3,2022
2010-03-25,727,816.723284,815.45,2047,1669.87,1167.1,2198
2010-03-26,696,821.0876776,826.1,2034,1684.59,1223.39,2318
2010-03-27,635,832.0615323,789.04,2021,1788.61,1178.39,2318
2010-03-28,452,799.4823553,742.28,2021,1684.59,1200.845,2139
2010-03-29,647,737.2708233,732.03,2021,1684.59,1178.475,1993
2010-03-30,746,701.6586148,742.28,2008,1714.14,1200.845,2139
2010-03-31,817,737.3043438,726.93,2008,1684.59,1122.305,2139
2010-04-01,871,890.069081,686.53,2021,1655.18,1144.69,2348
2010-04-02,830,974.7247336,656.77,2008,1684.59,1144.69,2439
2010-04-03,940,1019.148838,716.75,1982,1684.59,1144.67,2288
2010-04-04,1048,990.9483063,783.8,1944,1655.18,1133.61,2288
2010-04-05,1026,1019.164016,842.17,1931,1611.31,1111.155,2318
2010-04-06,1048,1064.340715,858.35,1919,1669.87,1144.875,2408
2010-04-07,1019,1071.536233,858.35,1906,1640.52,1144.875,2228
2010-04-08,997,1066.735478,874.64,1893,1625.9,1122.49,2139
2010-04-09,1004,1057.156429,913.06,1919,1596.76,1044.445,2318
2010-04-10,1063,1035.716281,918.59,1969,1625.9,1055.615,2318
2010-04-11,1085,1028.599724,913.06,2034,1596.76,1066.81,2139
2010-04-12,1100,1047.614924,902.02,2099,1728.97,1302.96,2051
2010-04-13,1092,1069.133986,891.03,2099,1773.65,1291.28,2022
2010-04-14,1115,1073.93848,891.03,2125,1818.62,1393.89,2139
2010-04-15,1085,1071.536233,902.02,2152,1833.68,1451.125,2198
2010-04-16,933,1083.573586,918.59,2125,1879.05,1485.69,2318
2010-04-17,912,1134.644468,924.14,2112,1833.68,1428.285,2439
2010-04-18,898,1142.013951,935.28,2086,1818.62,1405.375,2408
2010-04-19,990,1115.122404,968.96,2086,1803.6,1393.985,2288
2010-04-20,1077,1090.813883,1014.52,2086,1788.61,1348.46,2228
2010-04-21,1153,1129.732668,1026.03,2112,1863.89,1439.94,2198
2010-04-22,1153,1166.645953,997.35,2125,1818.62,1348.22,2109
2010-04-23,1138,1196.452076,980.28,2152,1894.24,1439.715,2228
2010-04-24,1138,1196.455689,1008.78,2125,1894.24,1474.22,2348
2010-04-25,1138,1236.706678,1031.8,2178,1909.46,1462.775,2439
2010-04-26,1223,1323.514185,1054.99,2205,1909.46,1474.22,2439
2010-04-27,1262,1370.347991,1084.25,2165,1986.03,1520.315,2348
2010-04-28,1351,1476.346653,1119.72,2165,2032.35,1624.5,2378
2010-04-29,1460,1503.247908,1253.23,2192,1955.31,1554.88,2531
2010-04-30,1303,1495.151501,1328.27,2219,2016.88,1647.96,2531
2010-05-01,1138,1538.51838,1443.72,2232,1924.71,1647.845,2562
2010-05-02,1145,1471.116285,1509.32,2273,1818.62,1578.085,2686
2010-05-03,1176,1359.897196,1522.56,2313,1848.77,1647.76,2593
2010-05-04,1138,1333.850009,1549.17,2355,1879.05,1659.37,2593
2010-05-05,1130,1333.850009,1469.83,2424,1924.71,1741.08,2940
2010-05-06,1115,1284.929733,1353.63,2494,1955.31,1741.08,2972
2010-05-07,1100,1234.115852,1296.82,2565,2063.39,1905.72,2781
2010-05-08,1100,1191.478314,1278.07,2637,2141.51,1976.76,2813
2010-05-09,1085,1161.701287,1228.56,2681,2188.75,2059.95,2908
2010-05-10,1115,1171.586992,1185.81,2666,2236.26,2215.405,2908
2010-05-11,1145,1198.957025,1137.61,2623,2220.39,2131.545,2972
2010-05-12,1145,1287.594149,1119.72,2579,2220.39,2191.455,3200
2010-05-13,1161,1346.817919,1119.72,2508,2477.75,2493.19,3069
2010-05-14,1161,1362.452612,1149.59,2466,2396.54,2408.465,3037
2010-05-15,1115,1320.941628,1228.56,2452,2236.26,2227.48,3332
2010-05-16,1123,1269.610946,1284.31,2438,2125.83,2036.17,3365
2010-05-17,1192,1315.807077,1296.82,2396,2063.39,1953.1,3266
2010-05-18,1231,1404.491323,1278.07,2341,2063.39,1941.2,3037
2010-05-19,1192,1441.55911,1253.23,2341,2078.95,1976.8,2876
2010-05-20,1130,1415.038949,1290.56,2396,2063.39,1988.79,2972
2010-05-21,1092,1333.923392,1353.63,2480,2078.95,1964.98,3005
2010-05-22,1092,1277.254405,1411.31,2522,2063.39,1917.54,2972
2010-05-23,1223,1254.356015,1385.57,2537,2094.54,1976.74,3037
2010-05-24,1351,1236.617269,1321.96,2623,2141.51,2059.95,3005
2010-05-25,1426,1277.27211,1290.56,2783,2236.26,2179.445,2813
2010-05-26,1443,1357.275803,1253.23,2994,2316.03,2311.62,2908
2010-05-27,1598,1446.894581,1253.23,3101,2494.08,2493.24,2972
2010-05-28,1862,1489.802305,1278.07,3148,2708.89,2835.765,3069
2010-05-29,1996,1579.669417,1360,3210,2911.23,3083.06,3299
2010-05-30,1938,1756.246622,1443.72,3210,2928.27,3120.34,3634
2010-05-31,1563,1912.264528,1443.72,3434,2962.41,3157.74,3702
2010-06-01,1844,1822.581043,1670.93,3482,2996.66,3182.615,3668
2010-06-02,1862,1637.671388,1902.5,3482,3048.23,3269.99,3668
2010-06-03,1977,1679.769672,2167.07,3482,3013.82,3195.065,3634
2010-06-04,2074,1860.053495,2212.34,3417,3082.73,3269.95,3770
2010-06-05,2124,1944.644714,2099.78,3401,3031.01,3269.95,3770
2010-06-06,2094,1968.338939,2197.21,3498,3065.47,3307.485,3805
2010-06-07,2025,2058.262287,2443.64,3663,3134.68,3520.87,3977
2010-06-08,1977,2278.923362,2642.55,3933,3169.44,3432.835,4012
2010-06-09,1862,2275.788956,3031.21,4460,3327.1,3584.015,4082
2010-06-10,1788,2146.113241,2988.97,4753,3738.92,4079.495,4082
2010-06-11,1714,2052.004444,3236.88,5054,4088.42,4503.63,4294
2010-06-12,1581,1938.99224,3210.91,5559,4426.95,4945.125,4725
2010-06-13,1528,1787.497233,3090.7,5519,4830.65,5390.725,5129
2010-06-14,1502,1733.218397,2880.13,5246,5085.14,5575.26,5467
2010-06-15,1485,1634.967145,2674.89,5073,4908.59,5443.365,5849
2010-06-16,1598,1554.922355,2451.49,5092,4733.7,5403.975,5810
2010-06-17,1769,1500.547981,2296.2,5188,4656.51,5482.875,5695
2010-06-18,1788,1530.401698,2129.59,5207,4695.06,5482.87,5543
2010-06-19,1769,1590.57014,1866.73,4903,4695.06,5509.26,5391
2010-06-20,1853,1620.963191,1967.49,4588,4541.35,5351.225,5354
2010-06-21,1834,1634.901477,1866.73,4264,4256.8,4958.2,5429
2010-06-22,1948,1739.014324,1967.49,4036,3977.17,4516.57,5241
2010-06-23,2275,1897.734052,2114.67,3882,3702.61,4323.095,4908
2010-06-24,2538,2061.157071,2189.66,3831,3630.28,4181.835,4908
2010-06-25,2442,2226.131766,2280.87,3780,3468.9,4002.74,4544
2010-06-26,2421,2351.025908,2538.43,3882,3380.09,3875.3,4400
2010-06-27,2379,2347.870878,2813.87,4071,3433.31,3888.015,4400
2010-06-28,2516,2297.614235,3065.15,4353,3540.39,4092.17,4365
2010-06-29,2484,2263.26308,3210.91,4624,3720.76,4297.405,4365
2010-06-30,2484,2291.348377,3245.55,4997,3995.66,4620.085,4365
2010-07-01,2431,2322.701256,3193.64,5382,4294.46,4880.435,4544
2010-07-02,2431,2373.158056,3228.21,5698,4695.06,5430.385,5018
2010-07-03,2506,2455.940287,3429.58,5779,4986.85,5946.665,5391
2010-07-04,2570,2468.76169,3626.21,5941,5223.58,6106.225,5849
2010-07-05,2495,2468.764584,3671.44,6438,5362.99,6333.375,6552
2010-07-06,2255,2462.392985,3662.38,6672,5685.22,6682.425,6751
2010-07-07,2474,2376.400944,3581.18,6565,5971.18,7020.005,6552
2010-07-08,3193,2244.607872,3545.3,6544,5991.74,7128.17,6832
2010-07-09,2971,2313.732048,3536.35,6438,5971.18,6925.13,6952
2010-07-10,3052,2680.534573,3359.05,6188,5889.1,6749.715,6912
2010-07-11,2745,2780.064431,3202.27,6023,5685.22,6601.685,6992
2010-07-12,2581,2726.8246,3482.82,5961,5523.49,6413.775,6832
2010-07-13,2570,2604.878911,3863.57,5779,5463.15,6386.925,6632
2010-07-14,2570,2507.376244,3993.57,5599,5443.08,6279.925,6355
2010-07-15,2701,2549.443124,4059.15,5480,5164.13,6026.29,6237
2010-07-16,2914,2582.01572,3900.56,5579,5045.76,5906.525,6276
2010-07-17,3006,2736.755499,3725.98,5900,5045.76,5879.97,6552
2010-07-18,3252,3154.993181,3762.5,6844,5382.98,6293.455,6355
2010-07-19,2971,3972.307568,4096.79,9126,6239.97,7319.195,6315
2010-07-20,3397,4093.86756,4489.66,12756,8428.73,9497.79,6552
2010-07-21,3809,3851.390568,5406.23,13267,11359.33,12428.985,7605
2010-07-22,4200,3949.558704,5657.9,12254,12244.38,13495.335,10094
2010-07-23,3834,4357.008858,5479.21,11275,11775.1,13437.73,12569
2010-07-24,4580,4774.065883,5594.6,11543,11019.91,12557.645,13138
2010-07-25,6590,5422.5044,6064.61,13699,11116.61,12571.96,12663
2010-07-26,6129,6247.663801,6581.37,16133,12793.72,14135.3,12522
2010-07-27,5501,6658.849948,7355.18,16320,14921.66,16363.32,13955
2010-07-28,5367,6282.566743,8291.86,15486,15078.77,16466.65,16941
2010-07-29,4457,5827.300787,8340.34,14850,14427,15935.39,17711
2010-07-30,4294,5400.402306,7967.25,15031,13859.76,15405.83,16636
2010-07-31,4443,5141.269801,7518.26,16102,13988.16,15567.715,15579
2010-08-01,4705,5145.393721,7010.03,16634,14921.66,16525.94,15879
2010-08-02,4566,5316.286251,6817.08,16102,15870.77,17296.65,17197
2010-08-03,4294,5526.89695,6941.71,15456,15367.93,17163.225,19489
2010-08-04,4294,5582.161949,7553.37,14940,14582.73,16304.33,19383
2010-08-05,4068,5463.358591,7907.65,15639,14349.3,15905.815,17918
2010-08-06,4160,5608.140208,7647.28,16792,15078.77,16851.805,16890
2010-08-07,4334,5844.110595,7991.14,17752,16377.82,17996.575,16737
2010-08-08,4457,5688.987245,8027.02,18503,17078.42,18789.2,17918
2010-08-09,4321,5594.958603,7729.79,17752,17704.55,19464.855,19330
2010-08-10,4334,5492.991556,7717.98,18933,17841.44,19720.835,20986
2010-08-11,4498,5514.165732,7600.27,19334,18751.84,20475.46,21800
2010-08-12,4416,5603.609041,7635.52,19569,18974.32,20838.73,23341
2010-08-13,4429,5710.521327,8015.05,19840,19085.82,20990.285,24066
2010-08-14,4267,5852.689152,8015.05,19874,19393.33,21324.16,24066
2010-08-15,4094,5766.432997,7955.32,19874,19645.89,21308.965,23842
2010-08-16,4200,5514.410122,8086.94,19772,19421.35,21081.275,23786
2010-08-17,3911,5806.16168,7824.47,20180,19393.33,21111.625,23064
2010-08-18,3911,6533.118822,7812.61,20799,19899.3,21445.67,23119
2010-08-19,5003,6754.175389,8584.24,21147,20437.07,21902.02,23230
2010-08-20,5896,6813.427552,9167.16,20730,20125.27,21825.89,23397
2010-08-21,5958,7033.606108,8905.03,19976,20040.45,21947.715,23064
2010-08-22,5896,6992.111826,9431.99,19840,20579.21,21841.115,22953
2010-08-23,5279,6895.69419,9457.35,19738,20380.28,21704.14,23842
2010-08-24,4484,6573.334533,9217.4,19569,20835.71,22696.06,23675
2010-08-25,4187,5966.692473,8818.25,20903,23328.08,25031.105,24178
2010-08-26,3976,5853.006894,8608.77,23100,24930.12,25912.625,28067
2010-08-27,4294,6136.492701,8449.79,24976,25801.89,26471.175,29122
2010-08-28,5727,6769.406224,8352.48,25842,26925.48,27560.955,29417
2010-08-29,6035,7656.883829,8682.5,26683,27999.79,28466.88,31082
2010-08-30,6192,7890.99016,10151.17,27030,28401.62,28717.37,32832
2010-08-31,5652,7637.523085,10769.11,27301,28215.98,28717.385,33015
2010-09-01,5338,7350.139413,10570.49,27729,29209.77,29690.26,32226
2010-09-02,4818,6909.72428,10086.19,28082,29710.04,29800.285,33259
2010-09-03,4733,6532.560215,9356.05,28082,29772.73,30114.975,34361
2010-09-04,4029,6198.545304,8843.02,27417,29835.46,30162.215,35597
2010-09-05,3507,5883.552165,8303.97,26223,29053.9,29517.48,35846
2010-09-06,3264,5400.349925,8003.09,25615,27722.49,28373.09,35163
2010-09-07,3300,5058.889785,7541.66,24901,26742.42,27404.81,32893
2010-09-08,3421,4793.71531,7124.43,23865,25801.89,26393.68,30544
2010-09-09,3669,4660.982979,6805.79,22346,24631.35,25494.65,29063
2010-09-10,3860,4773.611787,6637.22,21147,23298.68,24352.475,27718
2010-09-11,4200,5009.398376,6547.94,20078,22246.73,23415.05,26562
2010-09-12,4227,5228.587542,6873.63,19300,21379.96,22695.595,25818
2010-09-13,4348,5604.041386,7204.89,18833,21408.7,22634.285,24797
2010-09-14,4636,5900.536438,7647.28,18734,20892.83,22206.825,24515
2010-09-15,5427,6229.456563,8050.97,19806,20921.4,22191.58,24010
2010-09-16,6035,7071.963544,9242.55,21251,21754.45,22894.26,23786
2010-09-17,6318,7737.576315,9635.55,22274,22683.49,23553.06,24178
2010-09-18,6286,7723.203424,9943.77,22704,23386.91,24275.435,25136
2010-09-19,5942,7500.34787,10060.25,22919,23947.77,24675.94,25761
2010-09-20,5412,7210.10711,9648.32,22956,23740.73,24645.105,26218
2010-09-21,5264,6827.405728,9356.05,22847,23622.64,24475.575,26390
2010-09-22,4846,6487.639229,8942.31,22560,23445.79,24367.765,25875
2010-09-23,4240,6198.305141,8571.99,22168,23328.08,24198.44,25818
2010-09-24,4002,5943.891426,8376.77,21602,22975.9,23860.215,25533
2010-09-25,4267,5736.448313,8303.97,20834,22275.78,23353.665,25476
2010-09-26,4457,5633.469936,8074.94,20249,21552.58,22603.78,24459
2010-09-27,4361,5835.434252,7907.65,19468,20921.4,22054.38,23675
2010-09-28,4705,6035.672278,8183.15,18767,20210.18,21384.965,22843
2010-09-29,5162,6242.430724,8098.95,18174,19702.13,21005.46,22237
2010-09-30,5191,6366.752891,8098.95,17590,19113.72,20551.125,21854
2010-10-01,4946,6397.990711,8147.02,17109,18640.85,19977.055,21256
2010-10-02,4539,6260.322281,8147.02,16665,18116.06,19464.885,20609
2010-10-03,4677,5930.873585,8062.95,16227,17622.54,18954.135,20073
2010-10-04,3745,5697.735768,7765.24,16164,17159.75,18729.23,19701
2010-10-05,3236,5333.444305,7390.02,17946,18613.14,20463.325,20448
2010-10-06,3041,4826.428342,7170.37,19367,22800.33,23615.08,23285
2010-10-07,2960,4597.211397,6715.7,19200,24155.28,24861.04,27428
2010-10-08,2937,4442.793107,6271.71,18338,24095.94,24861.09,28535
2010-10-09,2857,4337.012507,5978.16,17269,23063.81,24029.365,27428
2010-10-10,2983,4239.8168,5827.92,16320,21007.18,22222.44,26161
2010-10-11,3252,4251.518606,5679.05,15395,19477.42,20884.36,25192
2010-10-12,3950,4446.991053,5552.54,14462,18088.55,19660.615,24684
2010-10-13,4375,4794.452266,5584.07,13554,16997.19,18399.955,22018
2010-10-14,4214,5282.660168,5870.71,12784,15950.55,17519.82,20073
2010-10-15,3899,5282.722073,6581.37,11978,15315.25,16910.79,19754
2010-10-16,3657,5009.479938,6953.08,11168,14608.73,16525.775,20287
2010-10-17,3434,4777.566272,6794.5,11009,15288.93,17148.595,19542
2010-10-18,3288,4617.076492,6536.81,12982,17377.13,19134.895,20716
2010-10-19,3158,4427.064792,6448.01,16009,19113.72,20581.715,21419
2010-10-20,3111,4301.98103,6637.22,16823,20550.76,21704.17,22677
2010-10-21,2914,4143.504337,6492.36,15578,20295.18,21521.715,24571
2010-10-22,3594,4074.510342,6173.3,14581,18946.47,20611.595,24178
2010-10-23,3158,4189.628832,5732.06,13382,17704.55,19104.4,22512
2010-10-24,3111,4286.354458,5531.55,12476,16458.27,17937.04,20770
2010-10-25,3099,4278.599801,5594.6,11489,15394.29,16747.96,19277
2010-10-26,3075,4232.071952,5657.9,10589,14375.19,15802.855,17969
2010-10-27,3169,4235.950509,5881.42,9795,13451.01,14790.635,16737
2010-10-28,3064,4259.204633,5870.71,9297,12593.23,13829.17,15929
2010-10-29,3241,4181.883918,5710.84,9175,12021.49,13263.875,14983
2010-10-30,3264,4243.744387,5647.33,9248,11701.44,12902.96,14247
2010-10-31,3252,4344.779468,5489.67,9273,11627.91,12787.69,14101
2010-11-01,3229,4317.509907,5500.13,9126,11603.42,12830.905,13569
2010-11-02,2857,4094.442697,5563.05,8835,11456.81,12744.5,13377
2010-11-03,3052,3739.968426,5510.6,8452,11213.53,12557.645,13138
2010-11-04,3064,3479.734814,5343.95,8078,10803.14,12041.175,12947
2010-11-05,2756,3440.046836,4985.8,7916,10420.6,11869.58,12805
2010-11-06,2581,3386.224236,4666.14,7824,10159.72,11569.89,12569
2010-11-07,2581,3233.58007,4587.4,7664,10041.71,11399.01,12240
2010-11-08,2463,3093.552349,4558,7484,9900.58,11185.775,12428
2010-11-09,2368,3038.229342,4392.66,7018,9713.23,10873.79,12428
2010-11-10,2214,2931.989994,4210.45,6608,9433.98,10619.225,12287
2010-11-11,2144,2843.860928,4059.15,6292,9065,10337.15,12007
2010-11-12,2094,2746.896583,3984.24,6125,8745.35,9985.59,11728
2010-11-13,2214,2677.213027,3707.77,5961,8541.46,9621.37,10994
2010-11-14,2275,2644.152372,3771.65,5718,8338.84,9481.67,10631
2010-11-15,2164,2614.628281,3872.8,5480,8159.81,9244.67,10362
2010-11-16,2114,2654.006987,3608.18,5304,7915.33,8952.78,10049
2010-11-17,2235,2631.018573,3572.2,5149,7650.86,8358.79,10227
2010-11-18,2214,2588.485725,3572.2,5054,7672.81,8717.32,10722
2010-11-19,2094,2555.930194,3563.23,4921,7915.33,9133.35,11313
2010-11-20,2025,2520.315938,3509.55,4809,8004.01,9119.465,10948
2010-11-21,2016,2443.162406,3456.17,4735,7607.02,8689.605,10496
2010-11-22,2016,2370.000089,3420.74,4698,7258.64,8330.645,10049
2010-11-23,1958,2328.978928,3367.84,4643,7064.58,8096.815,9520
2010-11-24,1919,2300.751595,3245.55,4624,6893.25,7891.11,9085
2010-11-25,1733,2269.499316,3176.4,4588,6786.74,7767.94,8740
2010-11-26,1696,2204.446591,3124.88,4551,6659.49,7672.295,8612
2010-11-27,1678,2115.567323,3073.66,4442,6575.02,7535.86,8442
2010-11-28,1660,2045.979145,3005.84,4299,6448.84,7386.075,8442
2010-11-29,1634,2007.027965,2905.12,3933,6260.78,7250.205,8230
2010-11-30,1760,1977.233597,2789.16,4106,6094.85,7033.33,7522
2010-12-01,1825,1977.239792,2707.36,4002,5950.63,6844.16,7646
2010-12-02,1751,2018.998754,2658.7,4002,5766.55,6574.785,7399
2010-12-03,1881,2052.004444,2618.39,3950,5563.8,6427.125,7440
2010-12-04,1705,2024.974917,2618.39,3865,5402.99,6213.005,7399
2010-12-05,1724,2045.979145,2666.79,3814,5303.12,6092.885,6992
2010-12-06,1872,1989.167435,2666.79,3730,5183.92,5986.315,6711
2010-12-07,1634,1971.300721,2674.89,3663,5045.76,5840.125,6711
2010-12-08,1537,2010.011421,2674.89,3580,4947.68,5654.6,6632
2010-12-09,1563,1921.215658,2610.36,3531,4830.65,5522.45,6434
2010-12-10,1502,1824.854395,2610.36,3515,4637.26,5338.095,6434
2010-12-11,1443,1813.302507,2602.33,3466,4445.96,5088.795,6276
2010-12-12,1460,1778.81877,2498.78,3547,4332.21,4945.045,6081
2010-12-13,1572,1747.423083,2388.94,3580,4294.46,4892.885,5810
2010-12-14,1724,1764.568977,2357.88,3580,4256.8,4814.77,5543
2010-12-15,2306,1871.37819,2365.64,3564,4181.75,4697.84,5543
2010-12-16,2025,2034.333841,2373.4,3547,4032.7,4555.385,5354
2010-12-17,1938,2235.326479,2467.22,3580,3830.1,4323.095,5391
2010-12-18,1625,2185.961887,2642.55,3564,3720.76,4079.495,5129
2010-12-19,1418,2079.202195,2846.93,3547,3684.49,4143.455,4944
2010-12-20,1426,1892.1054,3005.84,3466,3558.32,4156.175,4725
2010-12-21,1494,1699.352327,2930.18,3321,3522.48,3964.49,4725
2010-12-22,1418,1651.567001,2764.53,3289,3397.81,3761.01,4652
2010-12-23,1426,1668.343974,2498.78,3353,3291.89,3647.05,4508
2010-12-24,1451,1643.221085,2257.95,3531,3309.48,3672.345,4365
2010-12-25,1418,1618.189987,2159.55,3730,3451.09,3786.38,4258
2010-12-26,1434,1618.19328,2144.56,3916,3612.25,3964.46,4223
2010-12-27,1494,1596.073606,2114.67,3950,3720.76,4066.595,4365
2010-12-28,1494,1601.593619,2070.12,3831,3702.61,4092.17,4400
2010-12-29,1607,1620.963191,2055.35,3630,3558.32,3900.82,4365
2010-12-30,1589,1629.292669,2033.26,3434,3380.09,3520.915,4472
2010-12-31,1477,1634.967145,2033.26,3289,3082.73,3220.365,4329
2011-01-01,1451,1685.208958,2055.35,3101,2996.66,3132.785,4099.631969
2011-01-02,1477,1612.663355,2077.52,3040,2996.66,3021.03,3873.535964
2011-01-03,1477,1576.809848,2129.59,3009,2775.91,2959.11,3701.952764
2011-01-04,1485,1576.809848,2122.13,2978,2708.89,2884.995,3398.375937
2011-01-05,1393,1587.803506,2055.35,2963,2675.54,2811.08,3331.857186
2011-01-06,1294,1576.803208,1996.63,3024,2658.9,2823.38,3398.375937
2011-01-07,1384,1527.698402,1996.63,3055,2725.6,2971.49,3381.713643
2011-01-08,1393,1449.567423,1989.33,3055,2809.58,3070.9,3365.073053
2011-01-09,1311,1457.565517,1974.76,2994,2725.6,2884.995,3482.011214
2011-01-10,1294,1470.950111,1895.33,3258,2725.6,2946.755,3515.615518
2011-01-11,1303,1441.565934,1824.13,3195,2708.89,3033.44,3431.765435
2011-01-12,1368,1428.266491,1817.06,3163,2860.29,3058.23,3431.765435
2011-01-13,1520,1454.906286,1817.06,3179,2809.58,3058.23,3482.011214
2011-01-14,1929,1508.684785,1795.92,3195,2809.58,3045.82,3498.802687
2011-01-15,1733,1649.013171,1781.87,3163,2826.46,3033.42,3482.011214
2011-01-16,1494,1824.886141,1795.92,3101,2792.73,3045.82,3515.615518
2011-01-17,1511,1784.68435,1866.73,3024,2775.91,3033.44,3566.181683
2011-01-18,1563,1637.730457,2062.73,2948,2725.6,2971.49,3498.802687
2011-01-19,1485,1582.30004,2280.87,2918,2658.9,2897.375,3415.059884
2011-01-20,1460,1593.313597,2265.58,2858,2609.17,2835.695,3348.454217
2011-01-21,1443,1568.58288,2114.67,2769,2576.15,2811.15,3282.197433
2011-01-22,1426,1527.638061,2018.58,2754,2445.18,2602.77,3216.292827
2011-01-23,1351,1511.36116,1989.33,2903,2412.72,2566.175,3118.103668
2011-01-24,1278,1495.158249,1952.98,3070,2445.18,2614.99,3053.094474
2011-01-25,1286,1436.305603,1902.5,3055,2609.17,2786.555,3004.576503
2011-01-26,1278,1372.917399,1866.73,2978,2708.89,2971.49,3004.576503
2011-01-27,1343,1357.234094,1831.2,2888,2675.54,3008.65,3118.103668
2011-01-28,1434,1349.418482,1753.9,2798,2658.9,2996.405,3282.197433
2011-01-29,1262,1380.78502,1684.66,2754,2559.68,2848.19,3365.073053
2011-01-30,1168,1412.376279,1657.24,2739,2477.75,2725.2,3298.728742
2011-01-31,1153,1336.499464,1650.41,2710,2461.45,2664.095,3150.743779
2011-02-01,1168,1261.985257,1684.66,2681,2412.72,2541.835,3020.726291
2011-02-02,1184,1226.536461,1684.66,2637,2396.54,2481.025,2908.161676
2011-02-03,1184,1229.052184,1609.64,2681,2300.02,2444.615,2812.585707
2011-02-04,1153,1239.143735,1542.5,2695,2348.15,2444.615,2765.116428
2011-02-05,1130,1244.200237,1509.32,2681,2380.38,2468.875,2702.158402
2011-02-06,1123,1224.024328,1496.11,2695,2380.38,2468.875,2686.479033
2011-02-07,1138,1198.949805,1502.71,2769,2396.54,2517.475,2686.479033
2011-02-08,1130,1181.509094,1489.53,2798,2428.94,2541.815,2749.34097
2011-02-09,1123,1174.062975,1463.29,2739,2494.08,2651.635,2780.915746
2011-02-10,1138,1164.166334,1443.72,2681,2477.75,2627.225,2796.73886
2011-02-11,1130,1161.686705,1417.77,2681,2445.18,2627.285,2876.209168
2011-02-12,1138,1166.63139,1398.42,2724,2396.54,2517.5,2844.350347
2011-02-13,1123,1164.159048,1379.16,2739,2396.54,2529.65,2844.350347
2011-02-14,1048,1154.284265,1366.37,2739,2412.72,2541.815,2796.73886
2011-02-15,1055,1124.857635,1353.63,2652,2396.54,2505.325,2717.861892
2011-02-16,1063,1088.400449,1353.63,2623,2396.54,2456.74,2702.158402
2011-02-17,1085,1081.160152,1334.6,2594,2412.72,2311.825,2702.158402
2011-02-18,1063,1090.813883,1296.82,2565,2252.16,2191.4,2639.586308
2011-02-19,1019,1088.400449,1265.63,2551,2252.16,2191.4,2608.446317
2011-02-20,1011,1059.562442,1253.23,2579,2220.39,2143.5,2577.404423
2011-02-21,1019,1040.468203,1240.87,2594,2284.04,2179.42,2577.404423
2011-02-22,1011,1033.340317,1228.56,2565,2316.03,2155.47,2531.026728
2011-02-23,1026,1030.96813,1191.88,2579,2220.39,2143.515,2546.46118
2011-02-24,1123,1028.599724,1179.74,2594,2300.02,2131.545,2655.192919
2011-02-25,1130,1040.479514,1167.65,2608,2220.39,2155.495,2686.479033
2011-02-26,1123,1088.400449,1155.6,2608,2236.26,2179.42,2655.192919
2011-02-27,1168,1107.778479,1155.6,2637,2220.39,2155.47,2670.823849
2011-02-28,1192,1112.642435,1161.62,2623,2220.39,2167.44,2702.158402
2011-03-01,1184,1132.175713,1185.81,2608,2236.26,2179.42,2670.823849
2011-03-02,1192,1154.284265,1191.88,2551,2220.39,2191.455,2639.586308
2011-03-03,1192,1159.218008,1204.06,2522,2188.75,2143.555,2592.913074
2011-03-04,1207,1161.686705,1216.29,2508,2157.23,2095.725,2608.446317
2011-03-05,1207,1164.159048,1228.56,2480,2157.23,2131.715,2531.026728
2011-03-06,1270,1179.025844,1228.56,2480,2125.83,2048.095,2484.872905
2011-03-07,1239,1188.973346,1216.29,2466,2094.54,2036.14,2454.229023
2011-03-08,1215,1213.968625,1216.29,2452,2078.95,1964.89,2408.452668
2011-03-09,1247,1206.45381,1228.56,2466,2063.39,1917.54,2362.905477
2011-03-10,1247,1186.486469,1234.71,2480,2094.54,2012.45,2347.774361
2011-03-11,1254,1183.995971,1253.23,2480,2110.17,1976.74,2317.589517
2011-03-12,1223,1191.463844,1240.87,2494,2063.39,1976.74,2302.535946
2011-03-13,1239,1196.452076,1228.56,2508,2094.54,1976.74,2362.905477
2011-03-14,1223,1203.94887,1234.71,2537,2094.54,2012.39,2408.452668
2011-03-15,1176,1216.477163,1240.87,2537,2110.17,2012.36,2469.538382
2011-03-16,1231,1234.094381,1259.42,2537,2125.83,2012.39,2484.872905
2011-03-17,1343,1284.979218,1309.37,2522,2110.17,1988.61,2469.538382
2011-03-18,1477,1452.754378,1450.23,2551,2094.54,1988.64,2484.872905
2011-03-19,1581,1747.799491,1733.02,2608,2110.17,2119.72,2438.944901
2011-03-20,1642,1882.955716,1873.87,2608,2110.17,2299.57,2469.538382
2011-03-21,1581,1836.437992,1916.88,2710,2204.56,2311.63,2531.026728
2011-03-22,1418,1764.674826,2167.07,2843,2268.08,2263.465,2624.004085
2011-03-23,1351,1646.105715,2167.07,2933,2380.38,2408.275,2655.192919
2011-03-24,1327,1498.013309,2357.88,3009,2461.45,2493.16,2702.158402
2011-03-25,1311,1388.669905,2242.71,3040,2559.68,2627.19,2812.585707
2011-03-26,1303,1339.037165,2047.97,3055,2592.64,2688.335,2924.172911
2011-03-27,1384,1313.160823,1810,3101,2609.17,2700.595,2988.449659
2011-03-28,1368,1318.319987,1602.88,3195,2658.9,2798.78,3036.898968
2011-03-29,1393,1349.43241,1496.11,3226,2708.89,2811.08,3053.094474
2011-03-30,1494,1370.29254,1437.21,3163,2792.73,2909.68,3053.094474
2011-03-31,1528,1393.916149,1430.72,3163,2792.73,2946.785,3053.094474
2011-04-01,1376,1452.291328,1463.29,3117,2742.34,2909.7,3134.412477
2011-04-02,1401,1484.399083,1489.53,3024,2759.11,2934.45,3232.735779
2011-04-03,1351,1417.67759,1522.56,2933,2675.54,2798.825,3232.735779
2011-04-04,1401,1386.034705,1596.13,2858,2592.64,2737.435,3249.200898
2011-04-05,1311,1349.421964,1636.78,2783,2526.83,2627.37,3199.872098
2011-04-06,1418,1357.234094,1602.88,2754,2461.45,2554.18,3053.094474
2011-04-07,1502,1341.627257,1535.84,2769,2412.72,2493.19,2972.34582
2011-04-08,1303,1388.752743,1509.32,2798,2428.94,2529.685,2924.172911
2011-04-09,1368,1457.565517,1509.32,2828,2461.45,2541.96,2924.172911
2011-04-10,1311,1404.470685,1496.11,2843,2428.94,2468.9,2940.207387
2011-04-11,1176,1407.119628,1549.17,2858,2461.45,2529.65,2924.172911
2011-04-12,1123,1383.499709,1623.19,2843,2461.45,2566.2,2908.161676
2011-04-13,1153,1308.061413,1602.88,2798,2477.75,2566.2,2940.207387
2011-04-14,1192,1259.419657,1549.17,2754,2412.72,2541.815,2860.268016
2011-04-15,1168,1251.801046,1535.84,2724,2380.38,2468.9,2844.350347
2011-04-16,1130,1256.871818,1456.75,2724,2364.25,2444.635,2828.456223
2011-04-17,1100,1244.200237,1391.99,2769,2380.38,2505.51,2828.456223
2011-04-18,1138,1226.547216,1366.37,2798,2396.54,2493.16,2940.207387
2011-04-19,1223,1188.980585,1360,2769,2428.94,2517.625,3118.103668
2011-04-20,1168,1206.46462,1347.28,2783,2412.72,2517.5,3085.553751
2011-04-21,1176,1246.744544,1315.66,2754,2396.54,2456.85,3069.312754
2011-04-22,1184,1246.744544,1284.31,2710,2396.54,2456.85,3101.817407
2011-04-23,1303,1261.953269,1290.56,2695,2364.25,2432.535,3134.412477
2011-04-24,1343,1290.071328,1328.27,2652,2348.15,2420.45,3232.735779
2011-04-25,1528,1383.437507,1372.76,2637,2364.25,2323.835,3199.872098
2011-04-26,1581,1489.903649,1391.99,2594,2220.39,2155.47,3183.473644
2011-04-27,1742,1604.419674,1437.21,2579,2236.26,2215.445,3004.576503
2011-04-28,1742,1676.77486,1522.56,2594,2204.56,2107.65,2860.268016
2011-04-29,1634,1747.461688,1705.32,2623,2220.39,2215.405,2892.173741
2011-04-30,1642,1798.908765,1924.08,2681,2268.08,2263.505,2844.350347
2011-05-01,1572,1827.737607,2189.66,2724,2252.16,2251.43,2972.34582
2011-05-02,1563,1816.214327,2365.64,2769,2268.08,2263.45,3199.872098
2011-05-03,1460,1770.245794,2546.39,2813,2332.08,2311.63,3053.094474
2011-05-04,1485,1761.663205,2586.3,2873,2428.94,2529.65,2876.209168
2011-05-05,1714,1807.545645,2530.48,2994,2658.9,2774.375,2812.585707
2011-05-06,1816,1995.366003,2498.78,3195,2592.64,2700.595,2988.449659
2011-05-07,1806,2269.760646,2562.33,3353,2725.6,2811.105,3498.802687
2011-05-08,2194,2338.417545,2682.99,3515,2911.23,3058.25,3482.011214
2011-05-09,2317,2275.735548,2938.56,3580,3031.01,3244.975,3616.938361
2011-05-10,2214,2366.962327,3193.64,3580,3117.34,3332.525,3753.211358
2011-05-11,2296,2539.811507,3271.62,3580,3239.26,3483.17,3821.845252
2011-05-12,2245,2598.283488,3289.04,3630,3204.3,3508.305,3960.09379
2011-05-13,2224,2568.932975,3473.93,3713,3415.54,3761.01,4029.702998
2011-05-14,2045,2581.964337,3671.44,3882,3415.54,3938.95,4169.878124
2011-05-15,1938,2598.272091,3799.14,4141,3486.74,4053.8,4543.776199
2011-05-16,1996,2572.18653,3854.34,4335,3684.49,4220.285,4889.253093
2011-05-17,2134,2533.255596,3863.57,4624,3921.85,4490.66,5018.206565
2011-05-18,2164,2667.774012,3835.91,4921,4163.04,5089.11,4981.27212
2011-05-19,2194,2850.596099,3854.34,5169,4522.23,5509.275,5542.748828
2011-05-20,2064,2803.516594,3965.59,5421,4869.58,5826.865,6335.006433
2011-05-21,2025,2766.705437,4286.84,5619,5065.44,5999.62,6217.329864
2011-05-22,1919,2720.105715,4239.04,5900,5423.03,6172.95,6158.71125
2011-05-23,1948,2647.4854,4096.79,6105,5443.08,6400.33,6158.71125
2011-05-24,1853,2549.494707,3965.59,6292,5644.67,6615.12,6197.773998
2011-05-25,1733,2433.56885,3872.8,6438,5868.63,6884.62,6394.0631
2011-05-26,1806,2376.318957,3817.51,6587,5971.18,7304.525,6591.960501
2011-05-27,1834,2373.158056,3780.8,6694,6136.22,7454.115,7032.884313
2011-05-28,2006,2291.392791,3919.1,6565,6198.42,7494.975,7687.458382
2011-05-29,2327,2244.613832,3780.8,6250,6177.67,7345.57,8633.375484
2011-05-30,2410,2329.049637,3725.98,5941,5950.63,7195.985,8505.586069
2011-05-31,2603,2501.064906,3536.35,5779,5624.43,6803.705,8399.48143
2011-06-01,2646,2631.052631,3518.48,5779,5523.49,6763.245,8569.417722
2011-06-02,2548,2814.007265,3617.19,5638,5604.2,6857.675,8272.622828
2011-06-03,2306,3031.30238,3937.67,5500,5362.99,6454.19,8062.333386
2011-06-04,2635,2990.06681,4153.48,5500,5183.92,6239.79,8062.333386
2011-06-05,2646,2938.772221,4392.66,5421,5124.59,6132.96,7791.115641
2011-06-06,2548,3003.833798,4538.44,5460,5183.92,6386.97,7419.68079
2011-06-07,2624,3107.519506,4646.41,5500,5362.99,6561.58,7542.958116
2011-06-08,2484,3093.552349,4885.1,5982,5343.01,6628.56,7563.556526
2011-06-09,2516,3208.838541,4775.17,6694,5583.99,6979.465,8293.730412
2011-06-10,2592,3208.862578,4666.14,6975,6177.67,7727.38,7915.987741
2011-06-11,2154,3159.726196,4656.27,7394,6701.84,8468.495,8083.297728
2011-06-12,1977,3038.555255,4656.27,7778,7000.21,8800.31,8911.972371
2011-06-13,2442,2710.554523,4895.13,7962,7388.78,9091.645,9585.638206
2011-06-14,2712,2546.203891,4835.02,7939,7541.37,9216.835,9982.689315
2011-06-15,2960,2717.009009,4383,7916,7607.02,9189.08,10004.87234
2011-06-16,2903,2945.804,3965.59,8031,7563.24,9202.91,9894.087759
2011-06-17,2835,3117.873504,3854.34,8054,7454.08,9244.72,9982.689315
2011-06-18,2812,3083.166052,4068.55,7870,7716.76,9803.33,10115.9826
2011-06-19,2994,2993.523573,4306.01,7506,7628.93,9663.335,12451.13299
2011-06-20,2994,2945.584657,4421.68,7261,7367.05,9719.295,14295.65791
2011-06-21,2516,3107.632791,4325.21,7194,7301.95,10042.01,15056.93378
2011-06-22,2400,3180.765215,4229.5,7372,7475.87,10140.22,16737.24343
2011-06-23,3029,2925.46884,4306.01,7574,7628.93,9775.32,16407.55336
2011-06-24,2846,2994.571275,4431.37,7893,7826.91,9887.42,14933.44218
2011-06-25,2431,3739.607509,4286.84,8547,8048.44,10266.735,13593.0741
2011-06-26,2824,4903.74415,4334.82,9720,8361.29,10492.485,14052.33028
2011-06-27,2824,5038.235541,8376.77,14255,9596.62,11328.205,14076.61323
2011-06-28,3276,5282.676218,8461.98,16982,12743.52,13501.895,13641.22625
2011-06-29,3720,5574.413482,7860.08,18142,13146.57,17000.065,15528.64354
2011-06-30,3707,5987.719375,7588.54,19502,17186.88,18609.5,19594.58209
2011-07-01,3809,5740.510532,7860.08,20351,19030.05,20642.005,24093.85876
2011-07-02,3337,5906.103358,7907.65,22919,20607.67,22161.335,25533.04877
2011-07-03,4068,6631.680796,7623.76,24678,22362.98,23430.45,25989.08037
2011-07-04,4511,6242.456866,8098.95,25088,23210.53,24136.895,26447.2401
2011-07-05,4580,6022.398723,8267.66,24418,23269.28,24136.905,26590.84868
2011-07-06,4002,5865.840232,7895.75,23172,22566.8,23583.76,26965.19189
2011-07-07,3544,5455.596806,7670.82,21707,21379.96,22207.49,26132.0275
2011-07-08,3397,4956.597166,7436.56,20180,20125.27,21278.705,24768.37096
2011-07-09,3720,4637.001431,7021.44,18535,18668.58,20067.78,23535.55298
2011-07-10,3632,4601.107867,6470.17,17269,17268.35,18714.62,22209.90934
2011-07-11,3052,4621.037588,6525.69,16697,16270.73,17847.62,20716.33543
2011-07-12,2463,4541.620689,6547.94,15762,15526.26,17059.135,19833.56287
2011-07-13,3099,4309.740576,6436.94,15273,14973.98,16511.02,19886.7737
2011-07-14,3483,4356.571063,6282.68,15031,14427,16141.715,21609.18103
2011-07-15,3111,4617.549577,6216.97,16383,14660.77,16496.41,22429.43305
2011-07-16,3169,5017.639265,6448.01,18076,16243.98,17907.44,22732.20866
2011-07-17,3682,5166.186589,6794.5,20523,18088.55,19615.75,22814.97004
2011-07-18,4361,5442.677343,7170.37,22061,20210.18,21385.17,23285.44974
2011-07-19,4321,5952.713696,7124.43,21778,21207.69,22374.655,24402.39815
2011-07-20,4402,6282.566743,7448.21,21461,21236.38,22512.055,25476.19533
2011-07-21,4946,6804.885871,7919.56,22168,21007.18,22634.335,26303.83763
2011-07-22,5471,7298.356108,8316.09,23136,21927.86,23476.555,26504.65883
2011-07-23,5606,7430.084419,8805.88,23172,23151.81,24367.78,27543.79747
2011-07-24,5456,8203.20168,9004.57,23427,23298.68,24475.575,28009.01305
2011-07-25,5382,8313.38955,9470.04,23865,23445.79,24583.44,28447.01885
2011-07-26,5104,7453.643575,10203.25,23938,23445.79,24568.03,29919.91236
2011-07-27,4960,6882.283292,9482.73,23536,23475.24,24660.525,31773.26532
2011-07-28,4081,6407.225792,8867.8,23245,23357.49,24722.21,32832.40403
2011-07-29,3821,5939.992325,8498.59,22739,22858.81,24352.4,32256.30209
2011-07-30,3682,5714.739935,7955.32,21884,22858.81,23952.365,30753.25805
2011-07-31,3669,5779.277035,7576.81,23209,22304.83,24121.515,31052.34472
2011-08-01,3924,5531.228104,8584.24,27262,24066.29,25680.41,33045.33097
2011-08-02,3886,5433.82777,8954.75,29995,26956.02,27514.01,34054.01131
2011-08-03,4107,5620.675616,8707.13,32085,28773.88,29203.51,34299.74466
2011-08-04,4134,5839.771315,8621.04,33851,30212.53,30398.5,34916.11729
2011-08-05,4254,5939.549928,8316.09,34491,31255.87,31297.96,35597.46865
2011-08-06,4267,5835.380876,8098.95,34277,31765.06,31693.32,36313.50002
2011-08-07,4134,6040.623452,7907.65,33936,32436.65,33105.51,38579.1216
2011-08-08,4081,6691.144829,7836.33,35223,35520.14,35418.56,42564.3746
2011-08-09,4002,6536.98573,8291.86,35613,37471.6,36412.43,45057.34289
2011-08-10,4200,6492.109805,8510.81,36486,38675.66,37425.255,46118.15873
2011-08-11,4200,6690.581766,8147.02,37236,39011.89,37860.23,46817.85545
2011-08-12,4307,6550.455662,8645.61,37236,38407.23,37248.225,47520.33127
2011-08-13,4733,6781.523369,8633.32,37103,37538.23,36492.595,46450.9998
2011-08-14,5220,7028.997032,8744.11,36180,36740.73,35626.51,44529.39439
2011-08-15,4846,7089.047307,8880.21,34964,35914.82,34970.355,42792.41404
2011-08-16,4566,7098.376542,8905.03,33469,35028.4,34538.935,41784.98184
2011-08-17,5046,7298.339495,8855.41,32251,34962.97,34475.06,41655.45444
2011-08-18,5279,7373.228966,9381.34,31546,34995.68,35034.3,41914.61561
2011-08-19,5591,7377.99392,9495.43,31258,34343.01,34554.9,42011.91064
2011-08-20,5486,7785.485483,9584.51,31794,33952.97,33916.78,41493.69502
2011-08-21,5486,8219.597712,10099.18,32502,33985.43,33630.04,40205.64867
2011-08-22,5456,8282.932433,10755.83,32837,33725.98,33295.825,38960.23158
2011-08-23,5279,8030.392544,10755.83,32168,33208.66,32866.645,38199.00562
2011-08-24,5367,7761.310869,10242.38,31258,32468.72,32120.945,38992.03547
2011-08-25,5834,7866.964817,9776.39,30197,31765.06,31740.805,39119.31967
2011-08-26,6461,8444.772544,9686.68,29151,30970.4,31124.17,37977.73217
2011-08-27,6493,8691.635343,10203.25,28121,29992.42,30398.45,37284.52399
2011-08-28,5989,8533.302473,10610.11,27107,29053.9,29548.855,36657.28007
2011-08-29,5546,8209.892601,10504.57,26185,28123.27,28639.225,35846.09471
2011-08-30,5220,7742.330549,10177.2,25502,27415.22,27966.595,34238.26749
2011-08-31,5003,7387.35615,9725.09,24901,26986.57,27779.15,32741.26126
2011-09-01,4832,6987.810021,9457.35,25088,27108.86,28185.34,33075.77883
2011-09-02,4989,6799.68035,9042,24715,27599.47,28372.985,34576.75269
2011-09-03,4375,6582.080754,8707.13,24049,27415.22,28247.86,35163.47797
2011-09-04,3783,6442.722332,8461.98,23645,26864.42,27638.82,34146.1065
2011-09-05,4227,6344.480056,8364.62,23572,26407.67,27295.685,33106.23411
2011-09-06,4566,6541.593819,8682.5,23682,27047.69,27826.015,32802.01565
2011-09-07,5032,6817.913808,8559.74,23318,27047.69,28029.02,33686.29021
2011-09-08,5104,6969.270721,8917.45,22956,27568.74,29093.775,36500.91012
2011-09-09,4989,7279.743867,9066.98,23572,29303.4,31156.245,39629.55206
2011-09-10,4790,7420.371043,9204.83,24196,31382.97,31930.99,43216.76988
2011-09-11,4566,7070.715787,9457.35,23755,29835.46,30698.13,45454.38273
2011-09-12,4334,6717.912865,9255.14,23463,28463.58,29407.505,43871.78263
2011-09-13,3989,6433.75745,9330.79,24196,27999.79,28811.38,41041.65674
2011-09-14,3745,6260.239569,9280.33,25238,28061.52,28811.405,38960.23158
2011-09-15,4334,6216.06178,9167.16,26721,29365.87,30777.295,38864.86115
2011-09-16,4334,6783.511509,8880.21,28634,32212.37,32707.885,41299.80385
2011-09-17,4470,7699.354655,8805.88,30563,33596.46,33566.395,43118.74327
2011-09-18,4650,8122.909075,9457.35,32251,34962.97,34538.995,44167.38739
2011-09-19,4650,8420.314574,10294.63,33089,35750.23,34922.365,44793.16275
2011-09-20,4416,8564.296644,10478.25,33554,36773.87,35610.56,45057.34289
2011-09-21,5075,9097.752132,10942.31,33766,37738.3,36605.03,45785.95232
2011-09-22,4903,9284.513163,11278.14,33638,37305.16,36701.42,49305.47498
2011-09-23,5516,9117.38492,11535.77,32921,37105.69,36171.64,50153.53859
2011-09-24,5667,8801.172226,11251.14,31960,35487.3,34906.445,48933.54289
2011-09-25,5353,8489.005681,10875.58,31135,34310.47,33853.105,46884.63848
2011-09-26,5576,8044.979467,10504.57,30197,33564.09,33120.9,45885.54748
2011-09-27,6129,7818.680013,10216.29,29032,32661.32,32342.87,44134.51648
2011-09-28,5788,7876.191504,10060.25,27886,31796.96,31756.72,41396.71939
2011-09-29,4776,7733.232194,10281.56,27184,31510.2,31456.055,39533.75025
2011-09-30,5250,7270.477292,10125.16,26760,31002.09,30824.345,39023.84622
2011-10-01,5367,6941.523547,9546.3,25918,29992.42,29989.265,38262.28906
2011-10-02,5046,6982.929453,9042,27262,29678.71,29863.26,37033.28847
2011-10-03,4042,6763.519555,9305.55,29351,31224.12,31313.865,37883.00494
2011-10-04,3483,6278.409287,9917.96,30278,32276.41,31994.155,40430.27941
2011-10-05,3041,5728.0133,9117.03,29391,32212.37,31835.795,41461.36314
2011-10-06,2745,5274.563212,8401.08,28161,31224.12,31029.435,40237.71848
2011-10-07,2603,4944.031055,7576.81,26798,30055.27,30052.055,38960.23158
2011-10-08,2495,4665.053741,7010.03,25126,28711.75,29030.875,38262.28906
2011-10-09,2516,4509.846142,6570.22,22919,27170.06,27826.36,36126.34559
2011-10-10,2824,4411.33161,6293.65,20973,25410.13,26160.94,35256.35728
2011-10-11,2869,4391.726892,6042.96,19367,23770.28,24676.33,34545.9449
2011-10-12,2745,4430.967836,5849.3,18503,22421.16,23522.395,34207.53985
2011-10-13,2646,4383.903935,5785.25,17365,21783.32,23077.875,33778.12137
2011-10-14,2635,4282.50769,5881.42,16477,21870.02,23752.875,33594.52526
2011-10-15,2646,4154.992254,5774.6,16071,21812.21,23860.175,34484.35116
2011-10-16,2646,4089.773003,5838.61,15578,22275.78,24152.28,34916.11729
2011-10-17,2768,4047.821856,5689.64,15731,22130.64,23860.165,35287.33145
2011-10-18,2506,3990.789731,5563.05,15855,22654.3,24013.9,34669.21963
2011-10-19,2452,3968.090223,5489.67,16009,23151.81,24275.39,32893.20311
2011-10-20,2495,3847.686706,5406.23,15212,22741.89,23660.79,31112.25391
2011-10-21,2592,3747.052113,5323.25,14226,21179.02,22191.935,30306.06912
2011-10-22,2701,3717.417593,5168.89,13382,19702.13,20944.91,28476.28311
2011-10-23,2690,3750.765981,5046.57,12588,18557.73,19946.94,25903.41181
2011-10-24,2358,3780.487062,4985.8,11896,17649.86,19194.38,24065.86132
2011-10-25,2025,3684.30697,5016.15,11275,16970.13,18355.05,22870.18849
2011-10-26,1996,3447.589931,5036.42,10798,16324.25,17713.27,21799.84853
2011-10-27,2025,3219.346062,4945.43,10433,15817.64,17133.305,20850.97258
2011-10-28,2094,3194.751063,4705.68,10125,15367.93,16703.35,20420.9486
2011-10-29,2657,3194.772459,4450.77,9821,14973.98,16259.785,19940.02226
2011-10-30,2983,3695.648164,4334.82,9570,14608.73,15905.815,19303.53932
2011-10-31,2768,4048.015883,4344.44,9077,14297.56,15611.485,18987.35792
2011-11-01,2389,4128.221816,4815.04,8382,13885.42,15171.08,18202.99935
2011-11-02,2154,3844.238116,5220.16,7870,13273.2,14527.59,17581.87386
2011-11-03,2064,3527.013644,5364.68,7619,12718.44,13959.6,16813.57176
2011-11-04,2463,3322.008033,5087.22,7529,12393.57,13596.77,16382.26463
2011-11-05,2495,3300.665933,4745.34,7733,12169.96,13379.535,15828.53926
2011-11-06,2431,3454.458897,4499.4,8054,12169.96,13336.125,15379.26682
2011-11-07,2516,3490.580384,4383,8264,12294.06,13466.365,15603.475
2011-11-08,2306,3450.850657,4518.9,7962,12368.67,13538.775,16610.23416
2011-11-09,2235,3411.295974,4616.87,7574,12169.96,13394.01,18646.39432
2011-11-10,2400,3297.107579,4616.87,7128,12343.79,13596.795,19277.13814
2011-11-11,2317,3325.611277,4577.59,6823,12668.31,13828.84,17736.61938
2011-11-12,2104,3346.953305,4450.77,6694,12070.93,13292.9,16711.8211
2011-11-13,1788,3244.031727,4402.33,6629,11359.33,12571.995,15628.43997
2011-11-14,1779,3048.819123,4431.37,6544,10851.22,12055.54,14785.6084
2011-11-15,1678,2806.977412,4354.07,6523,10492.05,11655.465,14076.61323
2011-11-16,1678,2693.629004,4162.96,6333,10254.38,11384.79,13400.91737
2011-11-17,1669,2601.574091,3863.57,6188,9924.07,11058.06,13066.39448
2011-11-18,1651,2536.486209,3653.33,6084,9689.88,10803.02,12828.8267
2011-11-19,1678,2488.053091,3527.41,5982,9433.98,10534.525,12545.276
2011-11-20,1996,2449.545535,3429.58,5819,9225.95,10323.035,12263.41177
2011-11-21,2016,2459.159401,3350.27,5579,8973.37,10027.73,11913.48075
2011-11-22,1678,2595.092623,3280.33,5265,8677.24,9733.33,11589.31372
2011-11-23,1687,2617.967173,3245.55,5035,8316.41,9356.145,11313.35153
2011-11-24,1769,2446.456995,3350.27,4884,7959.63,8994.455,10766.75931
2011-11-25,1788,2373.146339,3473.93,4735,7694.78,8675.695,10316.79641
2011-11-26,1760,2376.313101,3385.44,4588,7454.08,8385.725,10027.06839
2011-11-27,1769,2354.183875,3210.91,4533,7215.4,8165.515,9739.539751
2011-11-28,1742,2328.978928,3142.02,4515,7021.65,8041.905,9410.548555
2011-11-29,1742,2297.614235,3142.02,4551,6893.25,7863.745,9171.202989
2011-11-30,1806,2260.149416,3133.44,4606,6659.49,7426.995,8998.163803
2011-12-01,1598,2269.499316,3099.23,4551,6723.04,7535.86,8612.042245
2011-12-02,1520,2275.765218,3073.66,4442,6344.18,7277.345,8826.001034
2011-12-03,1477,2192.117454,3048.16,4335,6365.07,7196.03,8526.849247
2011-12-04,1434,2085.209208,3065.15,4264,6074.19,6830.635,8251.529491
2011-12-05,1443,2022.000677,3005.84,4228,5868.63,6642.075,7957.728327
2011-12-06,1426,1983.185059,2863.51,4158,5685.22,6400.32,7666.771096
2011-12-07,1418,1959.434974,2764.53,4088,5583.99,6279.85,7337.795546
2011-12-08,1393,1938.742929,2691.11,4071,5362.99,6052.905,7317.361869
2011-12-09,1409,1909.321436,2634.49,4071,5423.03,6012.96,7093.591981
2011-12-10,1384,1880.037706,2578.3,4019,4830.65,5654.6,6932.012695
2011-12-11,1384,1862.545401,2554.35,3899,4560.49,5377.505,6492.812214
2011-12-12,1426,1856.73145,2530.48,3780,4351.11,5063.05,6354.675868
2011-12-13,1477,1842.213957,2482.98,3580,4107.04,4529.475,6276.095141
2011-12-14,1468,1856.73145,2451.49,3564,3940.27,4297.405,5887.116385
2011-12-15,1393,1880.037706,2420.15,3531,4032.7,4400.5,5733.386229
2011-12-16,1376,1850.930143,2412.33,3482,4032.7,4464.845,5733.386229
2011-12-17,1368,1816.19843,2451.49,3466,3903.45,4310.285,5733.386229
2011-12-18,1393,1778.81877,2467.22,3417,3811.82,4297.405,5637.854231
2011-12-19,1443,1770.232977,2420.15,3385,3757.11,4271.65,5580.73958
2011-12-20,1393,1775.957906,2365.64,3417,3684.49,4258.81,5523.77924
2011-12-21,1368,1798.908765,2326.97,3417,3720.76,4194.625,5466.973958
2011-12-22,1409,1775.957906,2311.57,3434,3720.76,4143.355,5485.891777
2011-12-23,1384,1764.520865,2319.26,3434,3738.92,4092.155,5429.190286
2011-12-24,1494,1764.530488,2326.97,3401,3757.11,4181.805,5260.026852
2011-12-25,1797,1775.957906,2296.2,3337,3702.61,4194.675,5316.257047
2011-12-26,1881,1798.908765,2296.2,3321,3684.49,4015.83,5297.496067
2011-12-27,1872,1995.928267,2311.57,3353,3720.76,3926.24,5203.955326
2011-12-28,1900,2238.401383,2311.57,3369,3648.33,3939.12,5110.857566
2011-12-29,1572,2250.820322,2381.16,3385,3433.31,3849.87,5055.213109
2011-12-30,1303,2162.096104,2546.39,3385,3433.31,3710.41,4944.410025
2011-12-31,1278,1883.087778,2682.99,3353,3433.31,3735.655,4779.432773
2012-01-01,1270,1690.856599,2723.65,3353,3362.4,3558.68,4615.949482
2012-01-02,1278,1558.09567,2691.11,3434,3415.54,3735.64,4579.825207
2012-01-03,1176,1372.910471,2451.49,3531,3362.4,3786.36,4579.825207
2012-01-04,1048,1391.363739,2204.77,3696,3380.09,3710.305,4329.078678
2012-01-05,1070,1579.549965,2092.35,3730,3468.9,3710.305,4293.564552
2012-01-06,1085,1593.313597,2040.61,3680,3540.39,3824.48,4815.966126
2012-01-07,1085,1585.079947,2011.25,3547,3380.09,3989.95,4870.9039
2012-01-08,1070,1541.248494,1989.33,3353,3793.56,4079.36,4797.690244
2012-01-09,1048,1487.09901,2025.91,3226,3702.61,4053.8,4889.253093
2012-01-10,1409,1438.910144,2003.93,3179,3630.28,3900.82,4779.432773
2012-01-11,1872,1436.339764,1938.51,3132,3451.09,3723.11,4543.776199
2012-01-12,1910,1599.431992,1873.87,3132,3327.1,3571.295,4670.276415
2012-01-13,1900,1865.58955,1810,3163,3186.86,3445.405,4615.949482
2012-01-14,1900,2073.830324,1817.06,3117,3186.86,3382.63,4382.494691
2012-01-15,1967,2033.965321,2025.91,3040,3169.44,3395.18,4329.078678
2012-01-16,1457.722604,2073.134191,2350.14,2978,3169.44,3295.045,4275.836567
2012-01-17,1384,2082.313932,2586.3,2978,3186.86,3407.72,4169.878124
2012-01-18,1145,1892.431969,2682.99,3040,3134.68,3270.305,4064.627675
2012-01-19,1041,1593.49892,2748.15,3210,3048.23,3083.08,4012.270616
2012-01-20,1019,1454.923299,2748.15,3385,3065.47,3095.65,4029.702998
2012-01-21,1004,1386.051973,2459.35,3547,3013.82,3095.49,4064.627675
2012-01-22,1168,1333.850009,2099.78,3646,3152.05,3257.48,3925.409918
2012-01-23,1199,1308.008683,1859.61,3630,3274.32,3470.55,3839.055057
2012-01-24,1138,1370.46236,1739.97,3531,3468.9,3773.71,3925.409918
2012-01-25,961,1393.929939,1677.79,3353,3648.33,3900.75,4047.155365
2012-01-26,947,1344.342858,1657.24,3226,3702.61,3951.725,4240.438938
2012-01-27,961,1256.903845,1698.42,2978,3738.92,4143.52,4418.201483
2012-01-28,926,1208.955146,1712.23,2828,3702.61,4015.525,4507.802741
2012-01-29,919,1193.96519,1670.93,2739,3558.32,3875.29,4489.84443
2012-01-30,940,1169.107373,1582.66,2681,3239.26,3546.3,4400.338499
2012-01-31,912,1164.159048,1529.2,2724,3065.47,3158.25,4275.836567
2012-02-01,912,1141.98097,1496.11,2739,2962.41,2934.45,4047.155365
2012-02-02,940,1139.526903,1456.75,2739,2979.52,2946.84,3856.285309
2012-02-03,940,1144.438702,1443.72,2769,2843.36,2786.555,3650.881362
2012-02-04,905,1146.896434,1424.24,2783,2708.89,2811.105,3515.615518
2012-02-05,898,1151.819218,1417.77,2769,2809.58,2872.66,3549.305064
2012-02-06,891,1144.438702,1417.77,2754,2826.46,2872.705,3566.181683
2012-02-07,885,1119.95314,1404.86,2769,2826.46,2860.355,3599.998379
2012-02-08,871,1107.782178,1398.42,2813,2809.58,2897.345,3532.449659
2012-02-09,864,1088.400449,1379.16,2828,2792.73,2884.995,3498.802687
2012-02-10,864,1071.536233,1353.63,2813,2792.73,2909.68,3448.492539
2012-02-11,857,1059.547443,1334.6,2783,2809.58,2934.385,3415.059884
2012-02-12,851,1047.607399,1303.09,2739,2826.46,2909.7,3398.375937
2012-02-13,857,1045.2239,1290.56,2724,2843.36,2860.405,3482.011214
2012-02-14,857,1042.844166,1271.84,2754,2725.6,2922.07,3381.713643
2012-02-15,857,1038.088469,1253.23,2754,2792.73,2835.695,3298.728742
2012-02-16,844,1026.235104,1240.87,2724,2742.34,2811.08,3282.197433
2012-02-17,844,1009.71313,1222.42,2710,2725.6,2725.11,3331.857186
2012-02-18,844,1000.315453,1204.06,2652,2742.34,2749.65,3315.28201
2012-02-19,844,1000.315453,1185.81,2608,2843.36,2737.37,3265.688134
2012-02-20,837,995.628058,1161.62,2594,2658.9,2725.28,3282.197433
2012-02-21,844,988.6103426,1143.6,2579,2642.3,2700.595,3232.735779
2012-02-22,837,981.6117769,1131.64,2594,2576.15,2651.635,3199.872098
2012-02-23,844,965.3612598,1119.72,2637,2559.68,2481.46,3167.09752
2012-02-24,837,981.6117769,1101.93,2637,2543.24,2311.62,3381.713643
2012-02-25,844,972.3059542,1101.93,2608,2559.68,2444.865,3482.011214
2012-02-26,837,963.0309277,1084.25,2579,2576.15,2554,3431.765435
2012-02-27,824,956.0939549,1078.37,2623,2592.64,2639.4,3415.059884
2012-02-28,817,949.1840851,1072.51,2652,2625.72,2517.84,3365.073053
2012-02-29,817,935.391535,1049.18,2652,2592.64,2541.835,3199.872098
2012-03-01,817,933.0999032,1043.37,2666,2559.68,2457.05,3134.412477
2012-03-02,817,926.240607,1037.58,2666,2576.15,2456.85,3365.073053
2012-03-03,811,923.9567777,1020.27,2652,2625.72,2590.795,3348.454217
2012-03-04,811,919.3969394,1008.78,2623,2609.17,2554.29,3398.375937
2012-03-05,811,912.572852,997.35,2652,2576.15,2602.945,3415.059884
2012-03-06,851,903.5002454,991.65,2681,2592.64,2554.29,3415.059884
2012-03-07,834,903.5002454,980.28,2637,2625.72,2603.055,3331.857186
2012-03-08,817,937.7804805,968.96,2579,2592.64,2505.62,3415.059884
2012-03-09,797,1002.664874,957.68,2508,2543.24,2481.125,3431.765435
2012-03-10,791,942.3364027,952.06,2452,2592.64,2542.055,3381.713643
2012-03-11,797,898.9757471,991.65,2438,2543.24,2335.74,3348.454217
2012-03-12,797,892.2028019,1031.8,2410,2477.75,2300.12,3365.073053
2012-03-13,804,894.459135,997.35,2438,2396.54,2263.78,3315.28201
2012-03-14,801,903.5002454,957.68,2466,2380.38,2227.8,3265.688134
2012-03-15,797,921.6846847,946.46,2480,2348.15,2287.995,3167.09752
2012-03-16,791,949.1763291,952.06,2508,2364.25,2227.8,3150.743779
2012-03-17,784,946.8885609,957.68,2466,2380.38,2191.615,3348.454217
2012-03-18,778,926.240607,968.96,2452,2396.54,2323.755,3150.743779
2012-03-19,771,910.3046989,980.28,2452,2445.18,2239.62,2908.161676
2012-03-20,765,892.2067541,968.96,2494,2428.94,2215.51,2924.172911
2012-03-21,765,876.4717917,946.46,2522,2428.94,2143.5,2940.207387
2012-03-22,771,867.525756,935.28,2522,2396.54,2083.785,2876.209168
2012-03-23,778,860.8361529,924.14,2494,2380.38,2203.475,3036.898968
2012-03-24,778,865.2932287,907.53,2480,2445.18,2299.725,3020.726291
2012-03-25,778,863.0646908,891.03,2438,2428.94,2215.725,2940.207387
2012-03-26,771,858.6116108,891.03,2424,2412.72,2287.52,2956.265043
2012-03-27,778,863.0646908,885.55,2424,2396.54,2299.57,2940.207387
2012-03-28,784,869.7582834,885.55,2396,2380.38,2299.595,2892.173741
2012-03-29,797,874.2313043,880.09,2396,2364.25,2143.725,2924.172911
2012-03-30,784,874.2313043,880.09,2368,2348.15,2155.55,3004.576503
2012-03-31,784,874.2313043,885.55,2355,2332.08,2071.99,2608.446317
2012-04-01,778,876.4717917,885.55,2341,2316.03,2000.715,3053.094474
2012-04-02,759,876.4717917,885.55,2313,2268.08,2024.26,3020.726291
2012-04-03,919,863.072676,885.55,2286,2284.04,2000.715,2780.915746
2012-04-04,804,860.8721148,880.09,2355,2236.26,1929.74,2655.192919
2012-04-05,857,905.7802006,874.64,2368,2220.39,2071.915,2892.173741
2012-04-06,824,933.0999032,874.64,2424,2220.39,1823.2,3199.872098
2012-04-07,824,963.0386494,891.03,2522,2252.16,1834.98,3118.103668
2012-04-08,837,993.3206899,935.28,2565,2268.08,2227.96,3150.743779
2012-04-09,837,1047.629974,957.68,2652,2316.03,2337.035,3150.743779
2012-04-10,844,1073.953416,980.28,2710,2396.54,2119.72,3069.312754
2012-04-11,844,1040.468203,991.65,2739,2461.45,2227.665,3004.576503
2012-04-12,844,1026.235104,991.65,2813,2543.24,2251.825,3101.817407
2012-04-13,851,1007.363709,980.28,2754,2642.3,2614.99,3232.735779
2012-04-14,824,988.6141725,1020.27,2724,2708.89,2688.41,3381.713643
2012-04-15,811,969.9871962,1003.06,2695,2725.6,2639.47,3549.305064
2012-04-16,791,951.4834961,980.28,2739,2759.11,2749.92,3633.899371
2012-04-17,778,933.1038015,957.68,2798,2692.2,2909.81,3566.181683
2012-04-18,765,921.6768585,935.28,2798,2642.3,2750.195,3398.375937
2012-04-19,752,910.3007709,913.06,2798,2658.9,2676.14,3616.938361
2012-04-20,739,905.7644646,891.03,2783,2692.2,2737.39,3498.802687
2012-04-21,727,901.2360262,869.19,2754,2708.89,2811.08,3465.241149
2012-04-22,721,898.9757471,847.55,2681,2725.6,2676.28,3532.449659
2012-04-23,708,896.715468,831.45,2623,2708.89,2700.69,3566.181683
2012-04-24,721,896.715468,826.1,2623,2759.11,2676.1,3482.011214
2012-04-25,721,896.715468,820.77,2608,2759.11,2774.605,3431.765435
2012-04-26,714,896.715468,820.77,2754,2675.54,2737.5,3583.079471
2012-04-27,714,896.715468,815.45,2813,2609.17,2639.64,3515.615518
2012-04-28,708,908.0404797,836.8,2798,2658.9,2627.18,3650.881362
2012-04-29,708,923.9567777,880.09,2828,2809.58,2823.38,3482.011214
2012-04-30,702,921.6768585,885.55,2843,2962.41,2885.02,3498.802687
2012-05-01,714,908.0326178,885.55,2813,2928.27,2897.43,3787.487151
2012-05-02,702,898.9757471,891.03,2754,2809.58,2786.62,3804.655935
2012-05-03,696,887.7138735,858.35,2754,2775.91,2712.91,3667.884288
2012-05-04,690,843.0878918,831.45,2739,2809.58,2786.51,3515.615518
2012-05-05,671,843.0878918,815.45,2769,2826.46,2798.88,3616.938361
2012-05-06,702,851.9620224,815.45,2739,2708.89,2700.87,3753.211358
2012-05-07,1223,903.6656038,826.1,2813,2775.91,2700.87,3736.104436
2012-05-08,1724,1005.223888,935.28,2858,2792.73,2578.36,3684.908104
2012-05-09,1853,1134.622436,1037.58,2888,2759.11,2566.175,3532.449659
2012-05-10,1900,1780.03472,1049.18,2858,2809.58,2712.98,3650.881362
2012-05-11,1881,2049.020905,1131.64,2828,2894.22,2848.115,3667.884288
2012-05-12,1844,2091.265021,1456.75,2858,2979.52,2897.43,3701.952764
2012-05-13,1085,2033.989889,2137.07,2933,3013.82,2861.33,3599.998379
2012-05-14,824,1880.742404,2715.5,3055,2928.27,3008.69,3650.881362
2012-05-15,791,1569.420891,2863.51,3337,2911.23,2934.385,3667.884288
2012-05-16,759,1282.477398,2789.16,3831,2979.52,3132.85,3856.285309
2012-05-17,733,1184.003219,2554.35,4246,3082.73,3307.47,3719.018223
2012-05-18,730,1101.075569,2099.78,4533,3221.77,3520.915,3890.806978
2012-05-19,727,1081.271948,1555.85,4735,3504.6,3824.45,4152.286988
2012-05-20,765,1040.468203,1296.82,4716,3958.71,4464.905,4258.128016
2012-05-21,759,1038.088469,1191.88,4533,4351.11,4984.225,4615.949482
2012-05-22,791,1042.844166,1096.03,4424,4618.03,5311.72,4999.730315
2012-05-23,765,1038.096015,1049.18,4479,4733.7,5403.865,5166.662854
2012-05-24,727,1081.20487,1043.37,4533,4675.77,5377.54,5561.735618
2012-05-25,771,1181.599759,1026.03,4479,4791.81,5787.055,5695.122455
2012-05-26,797,1184.104699,1043.37,4643,4869.58,5668.045,6119.713976
2012-05-27,940,1236.631575,1131.64,5054,5045.76,5667.915,6591.960501
2012-05-28,1004,1295.226984,1278.07,5343,5065.44,5721.085,6532.423788
2012-05-29,968,1417.883381,1542.5,5500,4986.85,5787.225,6433.514661
2012-05-30,968,1560.419188,1712.23,5779,5124.59,5973.015,6492.812214
2012-05-31,961,1659.96856,1960.23,6460,5423.03,6239.73,6512.61003
2012-06-01,1223,1773.593485,2373.4,7194,5664.94,6373.525,6651.639893
2012-06-02,1554,2146.572438,2789.16,8217,6032.93,7033.33,6911.884735
2012-06-03,1451,2472.290334,2921.82,8714,6385.99,7604.08,7358.244296
2012-06-04,1563,2660.624835,3185.01,8666,7172.22,8510.035,8167.298949
2012-06-05,1384,2572.532347,3491.72,8335,8271.58,9649.445,8868.959128
2012-06-06,1207,2304.10474,3909.82,8147,8859.16,10449.97,9497.986582
2012-06-07,1070,2079.476732,4063.87,8476,8881.97,10266.8,10316.79641
2012-06-08,975,1845.647752,3965.605,9371,8564.05,9985.92,10631.23728
2012-06-09,933,1710.640929,3868.535,10227,8271.58,9607.52,10383.96594
2012-06-10,990,1579.669417,3509.955,10433,8338.84,9761.295,9960.51933
2012-06-11,1055,1476.319553,3095.845,10023,8973.37,10294.92,10071.49952
2012-06-12,1161,1470.953503,2683.73,9175,9689.88,10746.56,10383.96594
2012-06-13,1085,1489.761768,2296.66,8311,10088.87,11399.01,10744.14077
2012-06-14,997,1468.290835,2085.05,7461,9783.38,11086.495,11359.22282
2012-06-15,983,1409.751381,2011.25,7128,9156.88,10407.95,11336.28103
2012-06-16,983,1431.455832,1949.37,8217,8361.29,9915.49,10812.03413
2012-06-17,1294,2424.723246,1884.615,11195,7585.12,9092.92,10249.74243
2012-06-18,1520,2402.079254,1824.145,12143,7367.05,9328.425,10182.80438
2012-06-19,1434,2213.694963,2542.08,11651,9877.11,11457.555,11244.63683
2012-06-20,1311,2232.529182,3332.84,11062,12668.31,13887.48,13114.04622
2012-06-21,1063,2025.374691,3293.45,10615,13451.01,14834.3,15379.26682
2012-06-22,1343,1739.555636,3249.89,10176,12982.515,14512.985,16230.74942
2012-06-23,1678,1604.360232,3095.2,10023,12169.96,13611.43,15478.80884
2012-06-24,1651,1610.06829,2760.91,10176,11530.05,13220.565,14711.83773
2012-06-25,1607,1758.860124,2393.33,10125,11201.405,13018.36,14173.85588
2012-06-26,1589,1793.161469,2148.395,9224,11153.015,12170.94,13955.3096
2012-06-27,1642,1758.821596,2159.625,8124,10803.175,12342.215,13593.0741
2012-06-28,1019,1719.029812,2319.375,7261,10444.52,12127.095,13209.48726
2012-06-29,919,1638.065196,2404.545,6694,9620.385,11242.855,13209.48726
2012-06-30,871,1428.759277,2342.425,7128,8632.55,10704.605,13018.78869
2012-07-01,851,1254.377379,2269.425,9273,7970.72,9873.58,13066.39448
2012-07-02,857,1288.261847,2118.66,12476,7794.905,9803.43,13257.2764
2012-07-03,947,1717.983807,1818.155,13324,8842.86,10309.105,14076.61323
2012-07-04,1077,2061.248828,1698.745,13497,11890.955,13455.52,16029.3104
2012-07-05,1607,2269.707191,1825.37,14020,14791.79,16629.48,18307.07321
2012-07-06,2164,2540.442732,2514.51,13932,15645.715,17192.695,20662.54527
2012-07-07,2214,2945.606591,3311.61,14196,16297.695,17966.67,22045.64235
2012-07-08,1967,3065.980185,3787.56,14790,16083.9,18011.435,22566.92509
2012-07-09,2174,3208.862578,4273.64,14403,15197.01,17281.995,22100.36214
2012-07-10,2431,2955.878661,4735.655,13497,15171.05,16688.51,20394.15101
2012-07-11,2306,2881.02476,4790.18,13382,15000.455,16481.38,19435.68856
2012-07-12,2495,2962.674676,4553.265,13439,14530.93,16068.105,19860.16357
2012-07-13,2306,2935.359145,4450.77,13382,13821.32,15523.4,19700.70108
2012-07-14,1996,2976.343412,4562.92,13526,13489.465,15083.14,18751.13191
2012-07-15,1642,2911.866423,4489.69,12982,13349.335,14805.045,17659.20175
2012-07-16,1788,2911.577507,4509.15,12143,13285.88,14585.89,16737.24343
2012-07-17,2006,2844.318222,4416.86,11275,13184.54,14454.56,16382.26463
2012-07-18,1816,2667.197413,4334.825,10615,12743.755,14206.89,17170.98169
2012-07-19,1986,2920.807084,4201.12,10100,12046.625,13495.405,17119.80143
2012-07-20,3064,3644.102667,3960.975,9670,11323.125,13061.695,15928.84109
2012-07-21,3619,4052.238089,4135.54,9199,10683.385,12299.095,14958.11895
2012-07-22,3373,4474.35116,4906.5,8666,10290.03,11669.74,14003.7977
2012-07-23,2657,4589.203158,5558.64,8714,9655.545,11256.825,13329.04567
2012-07-24,2214,4529.879521,5988.995,10023,9341.495,11058.02,12899.97581
2012-07-25,2410,4826.046485,6102.6,11760,8984.855,10916.27,12971.22894
2012-07-26,3064,5556.926526,6189.705,12700,9786.035,11143.35,13882.66101
2012-07-27,5075,6822.506098,6398.625,12700,11385.435,12198.79,14687.26923
2012-07-28,7487,7280.587706,7795.105,12504,12568.28,13858.04,15903.74991
2012-07-29,8941,8197.117911,8713.325,13439,13260.565,14644.465,17376.10627
2012-07-30,7988,9407.936142,9433.73,17881,13438.29,15171.08,18359.16898
2012-07-31,7402,10052.38411,10657.295,21356,13796.375,15817.475,19568.07606
2012-08-01,6801,10557.80094,11332.55,22919,15546.105,16896.605,20420.9486
2012-08-02,5591,9474.738728,11747.475,23609,19272.015,20508.29,21581.97905
2012-08-03,3989,8513.890135,11110.87,23792,22423.35,23829.8,27659.90787
2012-08-04,5206,7752.884951,10210.39,23136,23548.97,24861.135,33594.52526
2012-08-05,6900,7195.970931,9432.86,21321,23490.025,24814.775,34515.14439
2012-08-06,6477,7690.005609,8713.46,19772,23034.67,24290.805,32923.61381
2012-08-07,5667,7680.292759,8905.225,19772,21913.61,23660.595,31022.40159
2012-08-08,5032,10025.76864,9148.37,21672,20679.665,22512.395,29505.52185
2012-08-09,5220,8828.142683,10993.625,23390,19407.635,21354.585,27950.74842
2012-08-10,5191,7977.32387,10929.89,24566,19548.15,20944.8,26533.38055
2012-08-11,4889,7790.119619,10171.08,24939,20922.025,21917.515,26103.42147
2012-08-12,4636,7364.123541,9718.905,24901,22523.445,23215.845,26792.24598
2012-08-13,4566,6937.435443,9274.125,24752,23254.62,24136.915,27572.81295
2012-08-14,4691,6581.973579,8682.875,23828,23519.435,24475.575,28009.01305
2012-08-15,4580,6859.371071,8273.77,23100,23284.075,24306.18,28359.27387
2012-08-16,5353,7149.434573,8316.34,22096,23019.855,24060.005,27921.62815
2012-08-17,5162,7274.966097,8719.475,21567,22771.15,24244.605,27688.95567
2012-08-18,5133,7335.763476,8824.465,21637,22435.775,23768.02,28564.12367
2012-08-19,5017,8677.739182,8905.045,21496,21711.43,23108.635,27834.31558
2012-08-20,6703,8926.141099,9804.1,20938,21107.405,22359.425,26936.34712
2012-08-21,8794,9274.41512,10333.89,20627,20807.22,22008.66,25760.79745
2012-08-22,8147,9876.016308,10583.875,20730,20493.94,21749.8,24966.02912
2012-08-23,7049,10552.51806,11043.065,21286,20252.68,21886.79,25164.10238
2012-08-24,6655,9704.895747,11781.81,21884,20309.375,21765,26734.66286
2012-08-25,5958,8911.790891,11292.68,22668,20493.94,21719.355,27456.79958
2012-08-26,5621,8090.200795,10498.375,23354,20821.475,22252.615,27572.81295
2012-08-27,5323,7790.196977,9911.905,23245,21885.025,22986.1,28622.72381
2012-08-28,5075,7434.365895,9419.565,22992,23020.285,24260.26,30425.14987
2012-08-29,5046,7084.507365,9042.05,22524,23740.73,25046.285,32802.01565
2012-08-30,5032,6872.766844,8775.11,22061,23814.72,25278.065,32893.20311
2012-08-31,4227,6713.284193,8535.46,22417,23166.835,24614.29,31893.84355
2012-09-01,4042,6478.607634,8340.345,22632,22683.505,23983.12,30544.35412
2012-09-02,4187,6353.384422,8189.4,22026,22800.93,24029.44,30038.59016
2012-09-03,3976,6300.088491,8074.975,21042,24259.31,25634.105,32407.64596
2012-09-04,4081,6110.132931,8147.02,20010,24437.71,26160.71,34607.56774
2012-09-05,4029,5878.824683,8075.055,19738,23137.785,24552.62,35256.35728
2012-09-06,3950,5744.829845,7794.97,19942,21870.62,23476.48,33747.50363
2012-09-07,3911,5641.904374,7612.01,19942,21021.5,22557.915,31682.91106
2012-09-08,3899,5552.393276,7848.23,19536,21336.92,22542.605,30157.3922
2012-09-09,3924,5518.438128,7997.295,19300,21552.63,22771.88,28974.99083
2012-09-10,4055,5689.121725,8027.22,18634,21437.535,22771.865,28213.19185
2012-09-11,4107,5913.414637,7788.925,17914,21322.5,22787.145,27950.74842
2012-09-12,4484,5913.405777,7747.515,17237,21107.405,22741.275,28534.83553
2012-09-13,4622,6000.790173,7712.1,16602,20678.875,22512.12,29033.81275
2012-09-14,4761,6238.365264,7659.05,15885,20622.19,22894.26,30813.01406
2012-09-15,4917,6754.128603,8039.375,15182,19380.03,21521.96,32680.53669
2012-09-16,5061,6699.628204,8498.67,14880,18295.545,20128.07,30008.90905
2012-09-17,4622,6537.041579,8462.09,15001,17527.235,19374.61,26619.59509
2012-09-18,4294,6238.201836,8255.615,15061,17119.24,19104.4,25447.7812
2012-09-19,4068,5874.507627,7967.455,14910,16835.055,18355.015,24683.78778
2012-09-20,3732,5603.545992,7612.095,14462,16727.18,18414.83,23981.92073
2012-09-21,3937,5438.025352,7291.605,13903,17010.755,18789.14,23479.91339
2012-09-22,3632,5341.28154,7061.495,13238,16997.33,19029.17,24740.16806
2012-09-23,3434,5195.250267,6901.99,12616,16875.6,18624.37,24571.12947
2012-09-24,3397,4944.031055,6777.63,12116,15858.125,17996.72,24627.44157
2012-09-25,3397,4769.432606,6536.865,11678,15065.845,16925.66,25589.93573
2012-09-26,3421,4797.693537,6343.16,11195,14078.475,16185.96,24205.93463
2012-09-27,3569,4838.153648,6326.645,10641,13425.73,15273.8,21990.95849
2012-09-28,3495,4805.770456,6365.15,10202,12881.825,14542.145,20716.33543
2012-09-29,3288,4757.372839,6376.175,9846,12319.235,13930.565,20877.9277
2012-09-30,3288,4581.448736,6348.655,9595,11751.075,13278.38,20635.66408
2012-10-01,3229,4430.987193,6146.135,9421,11359.445,12859.73,19092.59808
2012-10-02,2538,4372.168304,5908.385,9199,11031.985,11726.92,17736.61938
2012-10-03,2296,4158.87585,5721.48,8955,10839.205,11072.21,18515.69105
2012-10-04,2400,3829.053874,5589.38,8666,10563.695,11471.715,19674.15712
2012-10-05,2756,3698.950267,5395.955,8405,10325.565,11783.94,19833.56287
2012-10-06,3181,3885.202571,5287.285,8171,10100.715,11470.195,20287.05388
2012-10-07,3520,4097.776095,5860.28,7916,9877.12,11185.775,19488.61501
2012-10-08,3657,4387.872442,5817.37,7801,9666.81,11327.88,19092.59808
2012-10-09,3532,4521.709947,5710.85,7962,9352.985,10959.195,19356.37037
2012-10-10,3349,4529.643995,5870.74,8078,9214.435,10492.175,18961.07196
2012-10-11,3205,4407.489187,5951.23,8078,9237.48,10351.19,17273.46338
2012-10-12,3146,4239.885468,5865.375,7985,9168.405,10365.28,14540.08686
2012-10-13,3052,4101.275785,5695.01,7939,9042.1,10224.505,14149.52861
2012-10-14,3064,3998.413689,5510.65,7870,8916.23,9943.58,13882.66101
2012-10-15,3052,3915.224948,5427.1,7664,8756.76,9803.31,13066.39448
2012-10-16,3099,3918.991903,5235.6,7461,8597.985,9747.29,12451.13299
2012-10-17,3064,3949.172719,5158.66,7172,8428.765,9593.42,12053.13123
2012-10-18,3111,4005.965236,5163.79,6953,8249.23,9411.905,11658.57856
2012-10-19,3122,4040.180569,5271.63,6801,8004.135,9175.09,11382.17688
2012-10-20,3122,4032.564154,5281.93,6715,7727.805,8841.89,11130.35911
2012-10-21,3041,3994.59672,5261.31,6672,7541.405,8620.39,10744.14077
2012-10-22,2925,3903.964319,5245.865,6672,7098.635,8317.075,10316.79641
2012-10-23,2835,3799.145241,5209.925,6651,6978.79,8055.625,9938.362401
2012-10-24,2880,3680.526459,5107.63,6651,7064.595,8193.03,9563.705325
2012-10-25,2857,3588.761828,4955.57,6672,6808.88,8124.3,9497.986582
2012-10-26,3349,3545.000678,4805.095,6565,6935.99,7918.5,9454.240811
2012-10-27,3276,3588.844416,4690.865,6333,6903.93,7836.335,9214.598804
2012-10-28,3276,3769.327672,4636.56,6125,6893.265,7836.335,9041.341744
2012-10-29,3252,3761.892308,4705.775,6023,6946.73,7836.345,9041.341744
2012-10-30,3075,3739.637111,4865.06,5961,6585.62,7631.345,9062.951217
2012-10-31,3041,3676.873981,4900.165,5880,6344.915,7549.485,9171.202989
2012-11-01,3158,3596.07171,4915.235,5839,6167.36,7318.125,8933.499634
2012-11-02,2790,3566.855406,4810.075,5880,6208.91,7128.11,8548.12647
2012-11-03,2224,3541.472674,4671.095,5941,6053.56,7006.255,8399.48143
2012-11-04,1929,3322.261732,4651.35,5920,6032.965,6898.11,8314.852225
2012-11-05,2245,2983.439996,4646.44,5860,5899.365,6857.61,8188.335129
2012-11-06,2224,2806.866109,4407.435,5819,5981.46,6979.2,7957.728327
2012-11-07,2224,2843.852614,4036.035,5759,5981.48,6938.645,7915.987741
2012-11-08,2235,2870.857008,3762.535,5658,5889.1,6844.12,7791.115641
2012-11-09,2194,2864.096917,3716.87,5401,5827.74,6803.65,7625.44084
2012-11-10,1977,2847.227127,3771.65,5073,5725.855,6655.48,7584.169796
2012-11-11,1816,2783.478113,3771.65,4846,5675.08,6547.955,7501.805953
2012-11-12,1742,2654.063601,3757.93,4661,5523.5,6360.18,7378.7081
2012-11-13,1687,2549.471781,3730.54,4588,5203.9,6079.62,7032.884313
2012-11-14,1669,2475.185417,3621.82,4588,4908.75,5866.68,6691.505122
2012-11-15,1742,2459.142015,3438.5,4588,4782.135,5456.665,6572.099047
2012-11-16,1844,2478.395835,3310.89,4569,4589.24,5324.86,6394.0631
2012-11-17,1844,2507.384885,3236.88,4479,4512.68,5285.48,6178.234452
2012-11-18,1881,2542.950322,3232.545,4317,4522.27,5259.185,6139.204417
2012-11-19,1862,2542.950322,3271.635,4211,4484.06,5206.675,6061.34126
2012-11-20,1816,2533.24124,3332.75,4158,4351.155,5036.63,6041.916639
2012-11-21,1751,2478.413178,3372.24,4106,4247.425,4892.885,6119.713976
2012-11-22,1714,2420.808438,3359.055,4141,4144.35,4697.84,6100.239954
2012-11-23,1696,2373.146339,3302.135,4193,4023.43,4529.43,6003.116971
2012-11-24,1651,2266.522316,3241.24,4193,4060.56,4516.5,5887.116385
2012-11-25,1733,2263.26308,3150.64,4193,4032.705,4490.695,5656.926611
2012-11-26,1651,2260.15239,3086.445,4123,4060.535,4529.43,5676.016028
2012-11-27,1607,2294.491667,3018.54,4123,4032.7,4490.66,5580.73958
2012-11-28,1581,2366.845059,3052.415,4106,4032.705,4413.24,5297.496067
2012-11-29,1589,2401.729016,3228.475,4036,4023.43,4555.305,5391.476091
2012-11-30,1589,2322.715999,3429.59,4019,3977.185,4568.23,5372.645119
2012-12-01,1660,2269.493377,3411.94,4019,3967.94,4529.43,5410.32449
2012-12-02,1724,2288.225809,3293.485,4053,3931.06,4387.485,5353.831601
2012-12-03,1958,2351.149292,3215.24,4106,3848.415,4284.53,5278.752659
2012-12-04,1872,2484.825343,3185.02,4158,3830.1,4233.12,4944.410025
2012-12-05,1724,2484.83112,3237.08,4123,3848.4,4207.45,4742.973192
2012-12-06,1634,2401.857434,3284.915,4053,3875.905,4207.46,4761.193745
2012-12-07,1760,2282.031077,3372.24,4019,3903.465,4220.285,4779.432773
2012-12-08,1929,2198.204054,3319.655,4019,3912.65,4246.005,4724.77115
2012-12-09,1844,2222.958331,3163.575,4019,3848.415,4297.355,4742.973192
2012-12-10,1705,2272.610011,3001.67,4019,3802.755,4220.285,4815.966126
2012-12-11,1678,2250.856048,2951.14,4036,3757.12,4104.955,4889.253093
2012-12-12,1625,2170.542821,3035.47,4002,3757.16,4143.355,4706.58765
2012-12-13,1669,2112.516637,3031.225,3899,3775.335,4233.12,4652.148747
2012-12-14,1598,2058.017492,2942.795,3814,3802.71,4271.665,4688.422727
2012-12-15,1563,2033.974535,2851.1,3746,3775.335,4233.15,4797.690244
2012-12-16,1563,1971.387535,2756.375,3730,3693.625,4117.76,4779.432773
2012-12-17,1554,1918.160078,2691.125,3696,3630.29,4002.715,4742.973192
2012-12-18,1572,1924.00562,2614.4,3663,3567.295,3938.95,4834.260384
2012-12-19,1537,1915.182591,2550.38,3630,3531.435,3862.575,4561.791277
2012-12-20,1554,1903.454029,2490.89,3613,3486.75,3824.48,4634.039758
2012-12-21,1660,1871.28368,2455.42,3531,3442.2,3697.72,4652.148747
2012-12-22,1714,1874.211136,2443.645,3450,3397.81,3621.77,4561.791277
2012-12-23,1696,1921.075028,2424.06,3353,3371.245,3647.05,4382.494691
2012-12-24,1660,1953.514517,2396.735,3258,3291.94,3621.77,4329.078678
2012-12-25,1660,1953.514517,2420.165,3195,3204.315,3621.77,4311.311935
2012-12-26,1678,1932.844263,2483,3179,3143.39,3495.93,4099.631969
2012-12-27,1660,1912.245752,2514.61,3179,3048.24,3220.04,4047.155365
2012-12-28,1651,1900.510919,2510.66,3195,2962.42,3083.06,4134.715558
2012-12-29,1634,1888.801169,2486.925,3179,2953.865,3070.64,4099.631969
2012-12-30,1634,1877.116551,2475.09,3179,2945.34,3045.83,3908.098311
2012-12-31,1625,1877.116551,2459.355,3195,2953.865,2884.995,3821.845252
2013-01-01,1625,1862.545401,2447.565,3179,2953.865,2996.25,3770.338944
2013-01-02,1625,1856.728292,2447.565,3195,2953.865,3021.02,3787.487151
2013-01-03,1607,1850.917499,2408.43,3195,2962.41,3021.02,3719.018223
2013-01-04,1520,1842.213957,2392.835,3195,2953.865,2983.88,3549.305064
2013-01-05,1625,1819.091165,2373.4,3195,2936.795,2996.24,3465.241149
2013-01-06,1751,1784.556491,2369.52,3242,2962.42,3021.06,3415.059884
2013-01-07,1642,1827.766164,2361.76,3210,2945.34,3132.805,3465.241149
2013-01-08,1634,1877.122845,2303.885,3132,2962.42,3120.34,3498.802687
2013-01-09,1598,1848.021589,2296.205,3070,2911.245,3083.125,3515.615518
2013-01-10,1696,1819.078454,2377.305,3024,2843.375,2860.335,3482.011214
2013-01-11,1751,1801.782415,2404.53,3024,2801.155,2872.66,3415.059884
2013-01-12,1806,1827.750299,2381.17,3070,2801.155,2872.67,3348.454217
2013-01-13,1806,1882.993448,2334.69,3070,2818.02,2848.02,3365.073053
2013-01-14,1760,1918.122559,2346.275,3070,2843.36,2884.995,3381.713643
2013-01-15,1537,1921.065652,2385.065,3070,2843.36,2872.66,3381.713643
2013-01-16,1418,1874.277261,2447.595,3070,2860.29,2823.38,3365.073053
2013-01-17,1351,1756.092428,2494.825,3101,2860.29,2872.66,3348.454217
2013-01-18,1335,1634.878494,2486.935,3070,2843.36,2848.02,3381.713643
2013-01-19,1327,1576.809848,2396.89,3086,2868.765,2872.66,3465.241149
2013-01-20,1327,1541.238464,2216.27,3117,2877.24,2860.335,3415.059884
2013-01-21,1286,1522.201244,2073.875,3132,2885.76,2884.995,3381.713643
2013-01-22,1270,1511.36116,1982.08,3148,2894.22,2897.345,3348.454217
2013-01-23,1254,1495.158249,1938.515,3163,2911.23,2922.03,3298.728742
2013-01-24,1368,1473.633138,1913.285,3195,2936.795,2922.03,3298.728742
2013-01-25,1434,1473.639917,1888.17,3148,2970.99,2884.995,3331.857186
2013-01-26,1460,1514.098073,1866.74,3086,2919.75,3070.65,3381.713643
2013-01-27,1537,1535.871929,1845.39,3070,2868.765,3021.02,3431.765435
2013-01-28,1494,1500.73674,1852.5,3040,2851.825,2823.38,3381.713643
2013-01-29,1502,1620.963191,1909.705,2948,2843.41,2860.355,3298.728742
2013-01-30,1511,1615.420077,1967.51,2903,2750.81,2897.345,3249.200898
2013-01-31,1502,1637.651698,2025.93,2828,2650.6,2750.56,3150.743779
2013-02-01,1634,1742.042629,2084.95,2798,2617.445,2456.75,3085.553751
2013-02-02,1660,1776.005923,2133.345,2769,2634.01,2384.06,3069.312754
2013-02-03,1660,1845.116192,2170.835,2754,2650.6,2384.06,3183.473644
2013-02-04,1607,1845.113028,2223.74,2828,2675.55,2384.06,3232.735779
2013-02-05,1616,1836.418981,2319.305,2948,2742.4,2359.9,3101.817407
2013-02-06,1616,1830.630342,2381.17,3024,2826.47,2505.325,3020.726291
2013-02-07,1537,1813.308869,2396.73,3101,2877.255,2627.18,3085.553751
2013-02-08,1468,1778.837967,2381.17,3163,2928.27,2676.09,3036.898968
2013-02-09,1443,1713.421009,2361.76,3195,2945.32,2798.955,3036.898968
2013-02-10,1368,1626.55235,2338.555,3226,2962.41,2922.03,3150.743779
2013-02-11,1286,1571.412718,2261.79,3258,2979.52,2934.405,3282.197433
2013-02-12,1278,1530.401698,2174.63,3305,3005.24,2971.49,3298.728742
2013-02-13,1278,1462.921393,2066.45,3305,3031.01,3021.02,3331.857186
2013-02-14,1278,1438.896487,1993.005,3321,3048.23,3045.83,3331.857186
2013-02-15,1303,1430.922281,1884.65,3321,3065.48,3083.185,3348.454217
2013-02-16,1335,1422.961755,1806.51,3273,3039.62,3095.49,3348.454217
2013-02-17,1303,1430.922281,1764.38,3163,3022.445,3145.235,3365.073053
2013-02-18,1286,1436.237279,1750.415,3086,2919.75,3083.27,3398.375937
2013-02-19,1270,1425.614123,1739.97,3024,2809.595,2946.785,3415.059884
2013-02-20,1368,1415.018358,1743.45,2963,2742.355,2811.08,3365.073053
2013-02-21,1434,1409.737638,1743.45,2888,2667.25,2700.595,3265.688134
2013-02-22,1418,1449.567423,1729.55,2873,2567.915,2590.56,3315.28201
2013-02-23,1418,1500.547981,1715.69,2843,2543.24,2541.815,3232.735779
2013-02-24,1418,1508.654499,1733.04,2769,2543.24,2456.75,3053.094474
2013-02-25,1418,1508.654499,1778.38,2710,2526.83,2396.16,2860.268016
2013-02-26,1409,1500.547981,1813.545,2724,2477.81,2323.68,2812.585707
2013-02-27,1401,1489.761768,1831.2,2769,2404.63,2275.485,2733.589436
2013-02-28,1393,1479.00258,1827.665,2873,2486.005,2335.74,2670.823849
2013-03-01,1384,1468.270476,1813.53,2888,2526.83,2347.84,2686.479033
2013-03-02,1384,1462.9146,1792.405,2888,2576.15,2420.45,2733.589436
2013-03-03,1376,1452.223236,1788.89,2888,2584.395,2505.325,2860.268016
2013-03-04,1434,1462.921393,1788.89,2903,2559.695,2481.01,2924.172911
2013-03-05,1502,1492.468451,1792.405,2858,2567.915,2468.875,2956.265043
2013-03-06,1485,1538.53176,1813.53,2798,2543.255,2493.16,2956.265043
2013-03-07,1485,1582.306673,1813.53,2798,2518.635,2529.75,2908.161676
2013-03-08,1460,1618.203161,1834.745,2783,2477.75,2456.85,2988.449659
2013-03-09,1511,1657.156058,1863.2,2769,2477.75,2456.785,3036.898968
2013-03-10,1511,1665.544545,1938.53,2769,2477.75,2444.615,3053.094474
2013-03-11,1528,1651.570274,1978.41,2769,2477.75,2444.635,3020.726291
2013-03-12,1494,1640.415072,2051.67,2828,2469.6,2444.615,3020.726291
2013-03-13,1451,1637.638571,2055.35,2933,2535.035,2493.16,2988.449659
2013-03-14,1409,1601.603531,2040.61,3024,2576.15,2541.815,2940.207387
2013-03-15,1393,1557.629124,2029.585,3101,2675.55,2676.09,3036.898968
2013-03-16,1451,1514.081266,2003.94,3132,2767.51,2749.65,3118.103668
2013-03-17,1434,1492.454946,1956.615,3132,2809.58,2848.055,3150.743779
2013-03-18,1231,1497.851427,1898.93,3117,2792.73,2897.345,3249.200898
2013-03-19,1161,1495.218988,1845.39,3117,2809.58,2884.995,3315.28201
2013-03-20,1138,1404.470685,1813.53,3117,2826.46,2922.03,3298.728742
2013-03-21,1011,1295.17762,1813.53,3055,2809.595,2922.03,3265.688134
2013-03-22,784,1241.727349,1802.96,3024,2767.51,2909.68,3265.688134
2013-03-23,752,1151.998313,1660.72,2994,2717.245,2823.43,3216.292827
2013-03-24,746,1026.325979,1575.965,2933,2708.94,2761.92,3265.688134
2013-03-25,733,939.9864702,1502.755,2903,2658.96,2761.94,3331.857186
2013-03-26,727,914.8488552,1404.94,2873,2625.735,2725.11,3315.28201
2013-03-27,714,903.5002454,1303.135,2843,2576.15,2590.63,3265.688134
2013-03-28,708,894.459135,1253.23,2798,2567.94,2541.835,3249.200898
2013-03-29,714,889.950421,1222.425,2739,2543.255,2468.9,3298.728742
2013-03-30,714,887.6980401,1207.115,2681,2461.465,2481.065,3249.200898
2013-03-31,702,901.2990673,1179.75,2594,2348.165,2456.75,3331.857186
2013-04-01,696,930.8121697,1164.635,2480,2324.085,2300.12,3249.200898
2013-04-02,702,928.5244362,1119.725,2396,2220.455,2048.56,3053.094474
2013-04-03,968,930.8121697,1090.14,2382,2118.025,1834.98,2860.268016
2013-04-04,1041,944.6901416,1046.275,2424,2102.45,1764.49,2624.004085
2013-04-05,1026,1057.366557,1011.65,2452,2102.39,1834.96,2702.158402
2013-04-06,997,1169.107373,994.5,2438,2102.355,1870.31,2780.915746
2013-04-07,983,1166.645953,1026.05,2424,2110.185,1823.2,2780.915746
2013-04-08,1070,1137.072835,1096.05,2396,2157.245,1823.2,2860.268016
2013-04-09,1192,1139.526903,1149.6,2396,2125.965,1823.2,2908.161676
2013-04-10,1434,1176.633376,1146.595,2396,2071.17,1799.725,2765.116428
2013-04-11,2074,1267.073778,1128.655,2396,2094.56,1764.49,2812.585707
2013-04-12,1977,1378.689522,1122.695,2396,2063.39,1787.965,2812.585707
2013-04-13,1742,1708.26589,1152.61,2452,2055.65,1741.06,2780.915746
2013-04-14,1351,1784.645992,1256.435,2466,2125.83,1787.965,2702.158402
2013-04-15,1303,1646.315419,1500.09,2410,2141.51,1764.49,2608.446317
2013-04-16,1303,1428.485501,1910.38,2355,2118,1787.965,2561.920435
2013-04-17,1319,1297.725502,2118.4,2368,2094.56,1752.775,2484.872905
2013-04-18,1502,1297.753693,1953.565,2382,2102.39,1834.98,2378.062284
2013-04-19,1520,1383.437507,1644.085,2410,2047.85,1717.735,2438.944901
2013-04-20,1451,1449.553797,1473.14,2594,2149.67,1706.02,2515.617151
2013-04-21,1418,1446.887765,1476.41,2873,2204.795,1705.99,2561.920435
2013-04-22,1401,1407.102439,1552.57,3132,2372.345,2002.255,2577.404423
2013-04-23,1502,1375.531865,1633.41,3258,2486.09,2554.095,2702.158402
2013-04-24,1589,1359.841616,1650.415,3258,2626.065,2922.07,3183.473644
2013-04-25,1598,1388.718227,1613.055,3210,2843.83,3095.48,3282.197433
2013-04-26,1598,1476.346653,1562.555,3195,2979.52,3132.785,3498.802687
2013-04-27,1589,1552.26899,1549.19,3148,2962.41,3095.49,3650.881362
2013-04-28,1589,1651.596459,1609.685,3179,2936.795,3095.48,3684.908104
2013-04-29,1572,1690.817603,1691.615,3226,2962.41,3120.34,3667.884288
2013-04-30,1572,1629.292669,1817.3,3242,2953.865,3083.08,3599.998379
2013-05-01,1563,1646.000866,1993.12,3305,3031.025,3170.13,3532.449659
2013-05-02,1554,1696.465244,2055.35,3417,3065.515,3232.485,3465.241149
2013-05-03,1546,1764.530488,2055.35,3466,3178.225,3445.635,3465.241149
2013-05-04,1554,1793.161469,2062.77,3580,3459.995,3761.01,3465.241149
2013-05-05,1520,1770.236181,2204.89,3663,3468.915,3862.575,3667.884288
2013-05-06,1788,1750.258243,2319.285,3730,3567.32,3977.19,3908.098311
2013-05-07,1760,1764.568977,2354.01,3680,3630.28,4002.715,4134.715558
2013-05-08,1660,1853.860809,2330.83,3696,3594.26,4041.015,4169.878124
2013-05-09,1696,1891.775705,2311.57,3746,3522.495,3812.12,4187.488926
2013-05-10,1678,1813.308869,2381.205,3865,3486.74,3748.53,4258.128016
2013-05-11,1669,1790.351685,2490.915,4158,3721.7,4002.785,4240.438938
2013-05-12,1634,1824.854395,2538.445,4246,4275.795,4439.305,4258.128016
2013-05-13,1546,1850.92066,2451.51,4228,4303.89,4958.09,4615.949482
2013-05-14,1546,1862.548556,2439.75,4246,4200.49,4906.035,4926.006188
2013-05-15,1589,1799.109649,2479.035,4317,4097.755,4801.775,4944.410025
2013-05-16,1581,1710.563213,2483,4460,4060.535,4645.93,5036.70084
2013-05-17,1642,1662.758181,2428.01,4533,4135.02,4749.75,5055.213109
2013-05-18,1642,1626.512888,2319.335,4479,4398.475,5088.94,5203.955326
2013-05-19,1634,1645.991037,2223.765,4335,4256.81,5377.505,5260.026852
2013-05-20,1572,1665.544545,2144.57,4193,4060.56,4984.37,5448.073452
2013-05-21,1572,1665.551074,2118.4,4106,3921.895,4749.865,5353.831601
2013-05-22,1537,1632.088873,2148.33,4123,3830.1,4477.795,5129.441499
2013-05-23,1581,1585.053431,2200.99,4246,3839.275,4439.03,4907.620533
2013-05-24,1938,1596.083528,2223.72,4606,3958.805,4607.08,4889.253093
2013-05-25,2074,1679.825031,2167.11,4865,4228.75,4801.775,5036.70084
2013-05-26,2035,1874.311899,2148.305,5226,4474.655,5167.45,5018.206565
2013-05-27,1872,1998.080696,2189.735,5362,4791.975,5456.51,5018.206565
2013-05-28,1546,2027.99221,2338.875,5304,4908.59,5707.53,5278.752659
2013-05-29,1520,1921.262536,2598.715,5073,4889.12,5667.82,5410.32449
2013-05-30,1705,1739.059431,2789.175,4903,4782.115,5575.26,5714.245864
2013-05-31,1368,1621.002694,2768.655,4753,4646.945,5469.73,5676.016028
2013-06-01,1207,1665.551074,2594.59,4588,4474.52,5219.79,5542.748828
2013-06-02,1199,1604.492325,2346.465,4479,4398.475,5246.21,5466.973958
2013-06-03,1319,1489.768525,2219.92,4406,4247.47,4971.16,5561.735618
2013-06-04,1485,1473.653475,2231.305,4479,4144.35,4866.825,5466.973958
2013-06-05,1634,1571.612129,2189.68,4551,4135.02,4801.75,5222.628155
2013-06-06,1977,1764.597845,2235.175,4661,4200.49,4840.8,5353.831601
2013-06-07,1938,1891.879322,2280.89,4716,4303.89,4984.2,5561.735618
2013-06-08,1919,2030.981832,2432.135,4828,4351.155,5049.525,5714.245864
2013-06-09,1900,2085.190922,2630.78,4921,4417.455,5062.6,5542.748828
2013-06-10,1751,2097.308671,2830.49,4940,4484.06,5141.14,5429.190286
2013-06-11,1788,2097.314755,3005.94,5016,4753.555,5456.665,5372.645119
2013-06-12,1996,2091.252841,3211.175,4940,4840.38,5760.525,5580.73958
2013-06-13,1910,2082.167579,3297.78,4959,4714.38,5654.66,5790.908794
2013-06-14,1625,2091.252841,3154.945,5130,4801.515,5588.47,6178.234452
2013-06-15,1286,2022.123738,3043.93,5265,4938.475,5654.58,6473.030366
2013-06-16,1294,1814.065946,3010.065,5382,4986.895,5959.7,6591.960501
2013-06-17,1554,1560.492461,2963.765,5421,5016.305,5986.315,7053.104853
2013-06-18,1485,1476.346653,2785.29,5382,5035.955,5800.325,6992.489387
2013-06-19,1502,1563.092687,2420.69,5246,5016.29,5773.785,6771.424307
2013-06-20,1696,1582.30004,2100.08,5035,4869.595,5628.17,6591.960501
2013-06-21,1900,1593.313597,2007.605,4940,4772.43,5496.1,6473.030366
2013-06-22,1881,1688.674959,2077.565,5226,5167.005,5987.695,6691.505122
2013-06-23,1816,2105.510729,2125.87,5839,6710.355,10551.475,7235.778294
2013-06-24,1598,2847.245399,2246.705,6544,8950.49,12356.485,10138.24358
2013-06-25,1779,3599.734388,2547.25,9273,8996.375,11427.475,14540.08686
2013-06-26,2035,3307.85407,3548.43,12143,10923.42,11742.075,14100.90728
2013-06-27,2124,3066.32145,4800.65,12588,12707.465,13916.02,13544.96707
2013-06-28,1862,2736.890101,4810.205,12560,12593.33,14265.14,14711.83773
2013-06-29,1751,2530.154251,4485.06,12644,12468.445,13814.305,15279.89505
2013-06-30,1853,2351.114039,4148.91,12088,12393.89,13553.29,14711.83773
2013-07-01,1769,2238.407347,3826.85,11382,11566.93,12932.025,14246.904
2013-07-02,1572,2204.374682,3541.19,10719,10851.665,12428.21,13569.01494
2013-07-03,1625,2164.426335,3345.965,9972,10266.535,11598.45,12781.45189
2013-07-04,1816,2109.450757,3275.98,9224,9561.93,10944.795,12193.21134
2013-07-05,1900,2133.898557,3254.38,8835,8996.44,10393.685,11658.57856
2013-07-06,2055,2291.490502,3167.795,8571,8677.315,10013.68,11428.12176
2013-07-07,1967,2427.174098,3142.02,8124,8372.57,9663.38,11451.11257
2013-07-08,1769,2411.246854,3337.345,7664,7992.955,9328.245,11153.18992
2013-07-09,1788,2382.655403,3653.47,7664,7683.81,8841.89,10789.39043
2013-07-10,2154,2436.790918,3835.97,8264,7574.34,8731.04,10496.17102
2013-07-11,2348,2598.913164,3877.425,9028,8037.78,9063.92,10451.25069
2013-07-12,2559,3147.567742,3956.31,10227,8918.31,9775.47,10339.17343
2013-07-13,2880,3758.384562,4101.665,10903,9889.655,10930.555,10316.79641
2013-07-14,2756,4143.454942,4569.14,10982,10528.335,11612.725,10970.891
2013-07-15,2368,4345.256571,5349.985,11009,10815.2,12026.87,11704.81575
2013-07-16,2327,4345.129991,5753.485,11570,10984.09,12213.05,13137.8893
2013-07-17,2442,4085.963533,6037.57,12171,11335.435,12500.04,13906.86606
2013-07-18,2474,4154.947836,5935.22,12560,11836.95,13191.705,13955.3096
2013-07-19,2570,4178.029921,5742.7,12644,12170.625,14134.365,14834.84305
2013-07-20,2463,4243.803229,5705.54,12672,14185.335,16162.625,17943.5037
2013-07-21,2400,4522.200492,5700.24,13296,14065.84,17356.205,21718.07961
2013-07-22,2613,4813.859179,5753.405,14314,15172.45,17118.77,23424.30867
2013-07-23,2679,4777.500068,6239.715,15243,16339.835,18101.605,22897.81096
2013-07-24,2835,4741.228434,6598.13,15609,17228.11,19314.63,23674.8043
2013-07-25,2790,4741.228434,6676.425,15609,17636.94,20188.32,26504.65883
2013-07-26,2824,4830.050778,6642.825,15609,17827.75,20112.99,26849.86189
2013-07-27,2723,4846.374225,6670.82,16602,17637.07,19735.83,25846.34105
2013-07-28,2914,5216.526304,6564.69,17946,18867.22,20763.205,25561.48806
2013-07-29,3087,5950.755795,6705.325,20903,21183.31,22603.835,27834.31558
2013-07-30,3682,6918.657396,7656.985,25201,25913.48,26845.37,30604.00249
2013-07-31,4147,7172.574388,8849.86,26837,28185.075,29187.69,34422.78652
2013-08-01,4134,7519.871356,9129.55,26606,28386.17,29470.275,35846.09471
2013-08-02,4254,7890.838079,9394.36,26529,28324.26,29344.64,37253.09497
2013-08-03,3847,7430.150514,9808.51,26760,28339.78,29360.36,38167.3743
2013-08-04,3337,7061.436841,9483.17,26491,27861.185,28717.675,38515.69979
2013-08-05,3694,7486.657666,8948.755,26032,26682.03,27623.445,37190.25798
2013-08-06,5442,7458.199844,9092.59,25994,26058.955,26968.68,35070.66355
2013-08-07,4889,7158.717639,9368.84,25238,25832.265,26704.285,34761.7519
2013-08-08,3899,7462.584973,9154.67,24012,24840.96,25974.67,33014.89054
2013-08-09,3619,7632.863077,9830.66,24159,24155.36,24984.57,31292.16466
2013-08-10,4002,7823.513639,10557.4,25615,24750.975,25417.215,30038.59016
2013-08-11,5075,7881.089954,10656.405,26567,25696.6,26238.395,30723.39156
2013-08-12,5576,8195.18966,10340.515,26952,26255.885,27077.64,32468.23598
2013-08-13,5294,8258.564424,10268.505,26606,26195.27,27046.59,34269.00242
2013-08-14,4804,7900.655016,10216.365,25804,25500.695,26548.845,35349.3014
2013-08-15,4160,7322.295885,9840.95,24901,24870.465,26145.235,34885.22973
2013-08-16,3607,6668.68419,9299.645,24122,24081.32,25170.015,33014.89054
2013-08-17,3288,6092.76169,8634.02,23390,23269.46,24475.635,30604.00249
2013-08-18,3099,5744.896885,8009.65,22417,22421.565,23629.895,28564.12367
2013-08-19,3349,5624.869164,7547.65,21251,21380.46,22680.29,26994.04483
2013-08-20,3252,5948.997937,7279.965,20112,20281.585,21719.445,25476.19533
2013-08-21,3288,7549.586483,7338.145,19806,19421.435,20899.375,24233.9751
2013-08-22,3181,6836.16002,8870.215,20592,19491.745,20747.835,23758.45937
2013-08-23,3732,6822.529419,9293.78,22668,21152.195,22772.105,24966.02912
2013-08-24,3544,6640.705835,8645.61,23719,23152.405,24275.585,27427.81648
2013-08-25,3217,6559.446369,8498.745,24492,24170.18,25571.94,29446.44827
2013-08-26,3312,6781.735769,8267.66,25051,25065.145,26953.495,32286.55586
2013-08-27,6606,7205.058006,8346.47,25163,25726.625,27576.295,34823.47633
2013-08-28,6526,7463.624569,8694.86,24678,26271.19,27732.32,35504.35208
2013-08-29,5531,8006.475771,8974.07,23281,24736.55,26378.075,35287.33145
2013-08-30,4747,7633.354711,9597.34,22310,23255.13,25092.7,33686.29021
2013-08-31,3976,7103.019149,9457.46,21813,22116.29,23599.225,31052.34472
2013-09-01,3976,6818.168269,9117.175,21461,21509.425,22894.245,28798.71474
2013-09-02,4280,6465.146351,8781.355,21743,21322.5,22649.555,27543.79747
2013-09-03,3950,6273.416649,8304.285,21567,21236.38,22450.99,27311.96517
2013-09-04,3745,6158.453796,7955.4,20973,20864.35,22145.84,26389.85435
2013-09-05,3544,6291.999147,7777.105,20078,20182.12,21567.315,25362.5892
2013-09-06,3532,7327.093177,7872.345,19435,19449.72,21005.5,24599.28125
2013-09-07,4608,8796.140584,9008.545,19267,19239.415,20732.69,24205.93463
2013-09-08,5591,8801.125162,10491.83,18900,19183.555,20808.42,24121.86482
2013-09-09,5758,8861.061606,10729.295,18634,18974.455,20520.81,24233.9751
2013-09-10,5308,8617.565963,10722.665,18999,18863.015,20656.995,24599.28125
2013-09-11,4874,8103.316284,10393.24,19704,19141.72,20717.55,24065.86132
2013-09-12,4321,7500.842148,10157.69,20112,19645.935,20823.585,24121.86482
2013-09-13,3821,6987.919462,10086.24,20351,19984.04,21126.79,24514.8515
2013-09-14,3483,6505.766813,9629.56,20592,20736.08,21795.495,25533.04877
2013-09-15,3385,6114.575551,9067.425,20523,21928.47,23493.26,26648.34971
2013-09-16,3361,5900.376854,8572.365,21112,24992.275,26830.06,30425.14987
2013-09-17,3373,5935.144274,8135.195,21286,26287.55,28435.71,35504.35208
2013-09-18,3349,5857.141734,7895.775,20938,26894.95,29015.16,40109.47984
2013-09-19,3361,5646.185659,7812.61,20523,30577.635,32137.73,44134.51648
2013-09-20,3181,5526.944436,7565.245,20523,31828.905,33614.115,48427.56683
2013-09-21,2891,5324.624066,7291.505,20010,30970.675,33439.045,51313.01857
2013-09-22,2723,5030.227467,7113.01,19942,31733.685,33407.25,51586.85415
2013-09-23,2581,4741.46543,6958.87,20420,34068.005,34715.39,52204.39156
2013-09-24,2474,4561.341739,6615.025,19435,32871.315,35050.345,53479.85389
2013-09-25,2592,4549.444268,6282.735,20765,30277.98,33407.615,52754.9425
2013-09-26,2756,4649.032737,6146.11,16982,28031.29,31124.21,51381.44129
2013-09-27,2869,4777.523712,6377.1,16133,26000.13,28577.18,49983.61984
2013-09-28,2948,4825.999342,6936.05,15334,23698.665,26114.385,47922.98629
2013-09-29,3169,4809.812458,6885.015,14462,22001.76,24214.345,45421.26088
2013-09-30,2971,4813.859179,6698.995,13786,20565.555,22512.215,42466.74223
2013-10-01,2668,4805.8271,6531.255,13757,19575.805,21400.1,39342.33096
2013-10-02,2474,4621.188074,6520.135,14285,19928.14,21430.53,35939.44747
2013-10-03,2358,4352.83355,6481.315,14940,20850.05,22252.66,32923.61381
2013-10-04,2317,4063.218655,6233.515,14850,21222.065,22573.165,32923.61381
2013-10-05,2275,3832.747543,5956.89,14255,21150.4,22557.915,34299.74466
2013-10-06,2235,3717.432912,5578.965,13728,20551.925,22069.745,34023.32755
2013-10-07,2337,3636.363691,5307.81,12644,19017.09,20884.445,32347.08591
2013-10-08,2286,3603.376441,5143.365,11570,17801.205,19510.3,29830.98569
2013-10-09,2235,3555.937101,5006.04,10851,16338.16,18250.585,26103.42147
2013-10-10,2144,3519.59726,4945.43,10100,15328.845,17192.92,23479.91339
2013-10-11,2045,3414.912106,4890.125,9322,14363.2,16333.77,22292.16374
2013-10-12,2006,3300.665933,4805.095,8690,13540.61,15391.28,20420.9486
2013-10-13,1986,3205.28796,4681,8241,12794.035,14571.48,19435.68856
2013-10-14,2055,3135.318855,4543.37,8008,12108.24,13872.46,18463.47795
2013-10-15,2134,3062.371833,4392.72,7962,11811.985,13451.89,17427.48803
2013-10-16,2074,3055.458468,4296.435,7824,12182.37,14585.92,20824.02669
2013-10-17,2064,3062.37996,4325.305,7916,13148.21,15215.22,26217.89531
2013-10-18,2194,3007.225129,4964.89,9495,14414.385,16186.08,27254.08823
2013-10-19,2337,2996.928499,5526.385,12588,15382.355,17074.16,26677.11255
2013-10-20,2679,3110.981606,5133.58,11705,16284.105,17981.61,25277.47288
2013-10-21,2994,3279.567733,4805.19,10125,15303.34,17326.92,24009.8923
2013-10-22,3657,3541.705904,4636.57,9421,13886.315,15847.09,22100.36214
2013-10-23,4622,3904.462341,4681.065,9199,13071.065,14849.305,20206.82908
2013-10-24,5046,4586.508782,4950.73,8859,12655.925,14425.465,18672.56416
2013-10-25,5003,5262.06702,5606.68,8241,12170.29,14046.97,17273.46338
2013-10-26,4761,5522.644918,6571.305,7778,11603.76,13379.605,16788.11877
2013-10-27,4214,5433.936877,7130.23,7394,11032.275,12830.985,16255.97606
2013-10-28,3834,5059.224357,7158.925,7305,10575.715,12156.035,15379.26682
2013-10-29,3707,4641.365727,6873.84,7801,10408.72,11726.775,14638.16485
2013-10-30,3720,4438.868282,6448.35,8859,10731.595,11855.315,14100.90728
2013-10-31,4068,4364.316193,6048.565,9645,11420.515,12500.09,14052.33028
2013-11-01,4321,4431.083976,5806.625,9896,12033.975,13133.835,14368.87136
2013-11-02,4174,4625.053624,5726.755,9645,12281.635,13509.805,14662.7116
2013-11-03,3950,4681.046164,5854.76,9150,12083.375,13712.745,14933.44218
2013-11-04,3809,4533.662672,6037.57,8619,11652.65,13321.715,14859.47662
2013-11-05,3720,4383.903935,6015.95,8054,11116.95,12830.935,14417.73527
2013-11-06,3569,4278.63404,5849.355,7847,10587.63,12127.46,14028.05844
2013-11-07,3470,4135.798806,5658.025,7847,10325.53,11555.64,13593.0741
2013-11-08,3421,3987.050206,5521.105,7939,10313.665,11512.89,13185.60983
2013-11-09,3349,3881.390261,5401.055,7985,10600.105,11641.19,15304.72201
2013-11-10,3300,3821.491926,5271.645,7939,11420.27,12500.165,15728.40538
2013-11-11,3264,3754.472209,5215.045,7985,11359.77,12816.505,15354.4079
2013-11-12,3229,3702.664181,5082.145,7916,10911.525,12284.8,15007.50483
2013-11-13,3181,3662.092407,5000.975,7574,10563.695,11883.89,14417.73527
2013-11-14,3087,3618.063191,4945.43,7305,10254.64,11683.96,13713.53889
2013-11-15,3041,3559.566185,4880.085,7084,9877.18,11114.84,13066.39448
2013-11-16,3111,3537.729581,4845.025,6953,9654.97,10718.175,12852.5315
2013-11-17,3111,3486.959118,4780.155,6823,9099.475,10323.02,13617.14454
2013-11-18,3052,3490.575178,4695.785,6694,8927.64,10154.16,14662.7116
2013-11-19,2914,3490.575178,4671.075,6565,8950.505,10111.99,13185.60983
2013-11-20,3169,3523.218527,4705.685,6460,8768.2,9999.65,12639.6064
2013-11-21,3276,3610.719829,4735.42,6375,8462.56,9677.355,12006.53322
2013-11-22,3205,3687.874988,4740.39,6271,8115.34,9328.295,11543.19792
2013-11-23,3158,3706.337194,4815.055,6167,7804.925,9022.225,11084.73466
2013-11-24,3122,3632.711295,4895.15,6125,7541.445,8689.52,10676.36078
2013-11-25,3087,3555.937101,4910.205,6105,7141.015,8152.345,10316.79641
2013-11-26,2983,3490.580384,4850.05,6064,6989.495,7795.47,9651.516542
2013-11-27,2880,3432.859112,4730.5,6043,7053.845,8055.625,8890.458863
2013-11-28,2723,3368.31134,4656.285,6084,6957.45,7850.1,9323.325058
2013-11-29,2903,3304.179282,4602.135,6125,6733.75,7767.955,9258.048786
2013-11-30,2983,3272.275845,4538.45,6146,6744.29,7672.31,8868.959128
2013-12-01,2960,3314.841121,4441.08,6105,6850.605,7808.97,8826.001034
2013-12-02,2801,3350.443114,4368.53,5941,6871.92,7850.02,8890.458863
2013-12-03,2624,3318.391542,4421.695,5678,6776.165,7685.96,8761.667574
2013-12-04,2570,3230.07758,4465.34,5401,6376.345,7358.895,8484.336952
2013-12-05,2495,3055.480157,4436.225,5285,6115.535,7046.855,8441.880968
2013-12-06,2463,2972.943994,4301.255,5207,5889.135,6844.2,8146.277101
2013-12-07,2646,2897.963626,4144.075,5188,5503.365,6440.63,7957.728327
2013-12-08,2824,2843.860928,4054.455,5207,5383.61,6266.53,7666.771096
2013-12-09,2768,2901.924904,3946.985,5265,5183.92,5946.4,7481.252238
2013-12-10,2779,3072.750008,3877.435,5226,5154.255,5906.525,7256.151478
2013-12-11,2768,3062.369123,3965.65,5149,5144.35,5906.54,7012.679151
2013-12-12,2734,3058.91244,4092.105,4997,5046.255,5933.205,7012.679151
2013-12-13,2768,3045.096554,4134.55,4921,4821,5562.08,6911.884735
2013-12-14,2857,3017.535392,4134.55,4865,4762.755,5496.1,6711.461361
2013-12-15,3193,3059.270198,4120.38,4809,4743.375,5377.505,6572.099047
2013-12-16,5471,4250.442733,4177.26,4865,4733.79,5430.175,6512.61003
2013-12-17,7115,6656.10531,4696.615,4903,4782.115,5535.65,6532.423788
2013-12-18,4392.241354,7024.446792,6875.47,4959,4928.625,5641.35,6256.49046
2013-12-19,3362.158229,6405.652194,8279.91,4978,4977.12,5760.595,6473.030366
2013-12-20,3012.841667,5201.970996,8189.835,4978,5075.41,5853.485,6512.61003
2013-12-21,2970.666667,4244.39167,7246.9,5323,5184.56,5893.27,6572.099047
2013-12-22,2701.069792,3837.384469,6207.55,7216,5283.56,6066.225,6611.837808
2013-12-23,2389,3357.746873,5412.075,9150,6715.445,7237.43,6711.461361
2013-12-24,2421,3170.33017,4825.555,9595,8396.435,8980.88,7256.151478
2013-12-25,2400,3007.238751,4499.49,8843.703333,9007.795,9999.635,8188.335129
2013-12-26,2474,2921.750767,4301.285,8024.436667,8699.935,9929.57,10004.87234
2013-12-27,2327,2884.404806,4096.925,7136.96,7904.31,9244.98,10205.10416
2013-12-28,2235,2897.996691,3960.955,6544.413333,7161.46,8303.415,9519.879499
2013-12-29,2286,2816.94248,3937.67,5953.463333,6334.12,7522.55,8697.458913
2013-12-30,2296,2763.386657,3919.1,5536,5827.89,6830.855,7915.987741
2013-12-31,2275,2703.523273,3863.57,5187.14,5195.915,6253.375,7317.361869
2014-01-01,2235,2696.902673,3744.24,4982.466667,4967.625,5800.7,6751.420975
2014-01-02,2255,2680.382178,3680.55,4877.113333,4782.24,5483.295,6473.030366
2014-01-03,2064,2650.719281,3675.975,4533,4608.455,5220.04,6197.773998
2014-01-04,1948,2601.557003,3666.92,4479,4493.61,5075.77,5810.116717
2014-01-05,2164,2507.399287,3630.755,4389,4370.135,4984.31,5637.854231
2014-01-06,2306,2446.340908,3572.205,4424,4322.785,4879.92,5656.926611
2014-01-07,2224,2465.554166,3473.995,4353,4247.425,4827.835,5466.973958
2014-01-08,2184,2472.006823,3341.535,4353,4228.64,4867.045,5297.496067
2014-01-09,2194,2533.232626,3350.31,4424,4256.845,4801.865,5278.752659
2014-01-10,2389,2510.601097,3465.08,4442,4228.615,4814.845,5185.300216
2014-01-11,2538,2500.923656,3473.945,4389,4285.105,4697.82,5260.026852
2014-01-12,2421,2588.565593,3429.59,4335,4294.46,4762.89,5203.955326
2014-01-13,2224,2677.077514,3420.74,4264,4247.4,4646.055,5166.662854
2014-01-14,2144,2650.719281,3505.17,4193,4228.615,4633.125,5055.213109
2014-01-15,2184,2585.35772,3630.755,4176,4116.59,4439.055,4962.832013
2014-01-16,2245,2424.004362,3630.775,4158,3931.06,4400.36,4815.966126
2014-01-17,2224,2385.866033,3500.735,4036,3875.925,4387.485,4706.58765
2014-01-18,2214,2449.533931,3385.455,3967,3775.335,4245.975,4761.193745
2014-01-19,2245,2446.335104,3341.5,4002,3711.685,4181.835,4779.432773
2014-01-20,2245,2433.551409,3359.05,4123,3693.55,4104.955,4761.193745
2014-01-21,2245,2420.790969,3367.84,4176,3784.44,4143.405,4579.825207
2014-01-22,2235,2414.41948,3363.445,4088,3811.83,4181.835,4489.84443
2014-01-23,2245,2423.978169,3332.74,4002,3793.605,4297.405,4489.84443
2014-01-24,2174,2417.603768,3328.36,3899,3729.84,4156.175,4561.791277
2014-01-25,2025,2414.41948,3323.98,3865,3639.305,4079.37,4615.949482
2014-01-26,1996,2373.158056,3315.23,3865,3558.33,4041.035,4543.776199
2014-01-27,2074,2285.141767,3310.86,3865,3531.435,3938.965,4543.776199
2014-01-28,2035,2219.835657,3258.605,3916,3549.355,3900.74,4436.083603
2014-01-29,2016,2219.817718,3146.36,3984,3585.26,4066.575,4364.670093
2014-01-30,1861.085417,2219.817718,3035.47,4019,3657.385,4028.24,4346.864743
2014-01-31,1662.861667,2195.129238,3031.21,4053,3675.445,4130.55,4329.078678
2014-02-01,1632.611146,2097.399938,3022.74,4053,3711.685,4117.75,4364.670093
2014-02-02,1434,1953.60779,2984.78,3967,3711.685,4194.625,4453.984826
2014-02-03,1418,1773.324442,2884.375,3831,3666.41,4156.24,4489.84443
2014-02-04,1426,1699.261475,2662.93,3696,3567.32,4002.785,4489.84443
2014-02-05,1434,1648.79703,2408.565,3680,3451.105,3875.43,4471.905113
2014-02-06,1443,1626.512888,2280.89,3763,3380.105,3710.32,4382.494691
2014-02-07,1418,1609.883553,2208.565,3814,3433.31,3735.64,4275.836567
2014-02-08,1418,1604.353628,2174.595,3780,3459.995,3849.86,4169.878124
2014-02-09,1401,1593.313597,2148.305,3730,3477.82,3837.155,4187.488926
2014-02-10,1401,1576.803208,2133.33,3597,3388.97,3773.71,4240.438938
2014-02-11,1401,1565.829469,2118.4,3369,3300.685,3634.425,4222.769372
2014-02-12,1376,1552.152232,2096.065,3226,3134.795,3470.69,4134.715558
2014-02-13,1581,1541.238464,2081.225,3195,2971.045,3232.605,4152.286988
2014-02-14,1724,1560.359237,2059.04,3132,2902.725,3170.5,4012.270616
2014-02-15,1958,1587.810132,2040.615,3117,2868.79,2946.755,3787.487151
2014-02-16,2174,1693.912644,2018.58,3101,2851.825,2983.925,3667.884288
2014-02-17,2235,1853.917678,2051.69,3070,2826.46,2946.755,3616.938361
2014-02-18,2124,1941.754561,2193.635,3101,2801.155,2897.345,3599.998379
2014-02-19,2104,2161.517314,2412.615,3101,2792.73,2860.335,3599.998379
2014-02-20,2134,2091.465989,2716.03,3086,2801.155,2897.345,3515.615518
2014-02-21,2164,2070.104753,2972.17,3055,2784.32,2885.02,3616.938361
2014-02-22,2174,2088.217313,2946.95,3055,2775.92,2872.705,3667.884288
2014-02-23,2214,2106.415235,2888.47,3101,2801.185,2835.695,3684.908104
2014-02-24,2348,2121.617138,2863.51,3258,2784.32,2885.02,3667.884288
2014-02-25,2559,2133.80777,2875.975,3417,2860.34,2934.385,3650.881362
2014-02-26,2400,2182.848039,2900.95,3597,3048.24,3182.595,3566.181683
2014-02-27,2452,2347.870878,2930.19,3696,3230.59,3395.18,3667.884288
2014-02-28,2559,2332.128078,2984.765,3763,3380.105,3659.705,3839.055057
2014-03-01,2592,2278.875909,3142.035,3780,3424.425,3697.65,4029.702998
2014-03-02,2603,2388.997701,3267.295,3780,3433.315,3735.64,4152.286988
2014-03-03,2538,2414.41948,3236.88,3797,3468.9,3786.38,4275.836567
2014-03-04,2474,2417.606681,3284.69,3763,3504.61,3799.085,4275.836567
2014-03-05,2442,2376.318957,3345.895,3797,3451.09,3786.38,4240.438938
2014-03-06,2613,2341.569637,3367.84,3916,3442.2,3748.32,4240.438938
2014-03-07,2668,2316.411789,3341.505,3984,3558.365,3786.38,4258.128016
2014-03-08,2668,2319.584548,3293.41,4053,3675.52,3977.19,4222.769372
2014-03-09,2646,2430.370022,3236.88,4141,3738.965,4053.79,4293.564552
2014-03-10,2603,2475.182525,3289.105,4123,3748.015,4143.405,4329.078678
2014-03-11,2484,2468.764584,3363.47,4123,3784.51,4258.81,4400.338499
2014-03-12,2484,2392.190766,3411.905,4123,3729.86,4181.805,4346.864743
2014-03-13,2463,2363.663639,3434.01,4176,3720.8,4156.16,4346.864743
2014-03-14,2389,2335.271338,3416.32,4123,3793.745,4156.175,4382.494691
2014-03-15,2379,2310.145931,3350.29,4071,3784.51,4130.58,4382.494691
2014-03-16,2410,2263.269024,3262.94,4088,3766.355,4194.625,4453.984826
2014-03-17,2410,2238.401383,3206.59,4158,3748.04,4181.835,4436.083603
2014-03-18,2410,2253.928036,3176.415,4176,3775.37,4168.98,4382.494691
2014-03-19,2421,2253.928036,3133.45,4193,3866.74,4207.45,4258.128016
2014-03-20,2337,2241.506118,3120.6,4193,3820.96,4297.355,4311.311935
2014-03-21,2368,2219.817718,3124.88,4158,3784.465,4348.815,4471.905113
2014-03-22,2124,2213.635116,3137.73,4088,3811.83,4297.45,4329.078678
2014-03-23,1938,2216.727913,3133.45,4088,3793.57,4143.375,4293.564552
2014-03-24,1910,2192.045422,3112.045,4088,3675.445,4105.02,4205.119355
2014-03-25,2084,2167.458974,3120.6,4053,3702.66,4079.36,4134.715558
2014-03-26,2124,2133.80777,3073.675,4071,3675.47,4066.595,4082.11989
2014-03-27,2114,2124.661766,3031.21,4053,3684.505,4066.575,4082.11989
2014-03-28,2114,2118.575542,2988.97,4019,3657.365,4053.8,4187.488926
2014-03-29,2104,2097.308671,2959.525,4002,3648.37,4028.24,4222.769372
2014-03-30,2144,2082.167579,2967.925,4002,3675.47,4041.07,4346.864743
2014-03-31,2224,2039.966097,2934.37,4002,3630.29,4053.83,4346.864743
2014-04-01,2174,2042.971089,2884.315,3916,3594.26,4053.83,4275.836567
2014-04-02,2174,2039.97837,2830.385,3882,3549.355,4015.525,4311.311935
2014-04-03,2174,2067.078362,2830.385,3882,3495.67,3938.95,4258.128016
2014-04-04,2275,2082.167579,2884.3,3865,3522.495,3913.49,4400.338499
2014-04-05,2265,2112.492353,2888.45,3865,3594.3,4053.925,4364.670093
2014-04-06,2245,2179.845401,2892.615,3865,3558.33,4015.645,4364.670093
2014-04-07,2317,2226.0063,2900.955,3831,3522.495,3900.75,4418.201483
2014-04-08,2421,2241.506118,2997.435,3780,3522.48,3951.765,4329.078678
2014-04-09,2296,2266.379714,3077.92,3797,3504.6,3837.155,4222.769372
2014-04-10,2194,2288.225809,3107.775,3865,3486.75,3773.68,4275.836567
2014-04-11,2134,2216.772779,3133.45,3899,3522.53,3849.87,4329.078678
2014-04-12,2104,2164.450439,3185.02,3899,3531.46,3977.405,4240.438938
2014-04-13,2104,2109.450757,3180.715,3916,3549.495,3875.29,4134.715558
2014-04-14,1806,2097.308671,3099.25,4002,3684.785,4015.645,4597.877953
2014-04-15,1520,2082.167579,2997.415,3950,3657.505,4130.555,4418.201483
2014-04-16,1477,2064.045848,2896.795,3882,3630.29,4079.395,4507.802741
2014-04-17,1537,1803.757256,2834.515,3882,3549.355,4002.785,4543.776199
2014-04-18,2074,1582.538821,2752.27,3865,3567.365,3926.24,4543.776199
2014-04-19,2164,1730.567193,2471.345,3916,3558.425,3913.49,4400.338499
2014-04-20,2114,1862.624271,2227.62,3916,3576.38,3926.21,4400.338499
2014-04-21,2094,1995.106512,2163.4,3882,3567.295,3964.49,4418.201483
2014-04-22,2104,2024.968768,2232.27,3831,3567.295,3951.7,4382.494691
2014-04-23,2104,2010.011421,2582.785,3746,3531.435,4079.36,4364.670093
2014-04-24,2094,1992.107609,2764.57,3646,3451.09,3875.33,4543.776199
2014-04-25,2006,1986.156147,2801.505,3515,3344.75,3786.415,4525.780009
2014-04-26,2074,1980.204685,2789.16,3385,3204.35,3622.005,4525.780009
2014-04-27,2074,1986.156147,2797.39,3337,3126.035,3382.69,4258.128016
2014-04-28,1977,2007.021798,2822.12,3417,3056.85,3395.33,4082.11989
2014-04-29,2064,2004.063021,2842.79,3531,3108.705,3432.895,3942.741759
2014-04-30,2164,1968.338939,2892.64,3663,3178.175,3420.27,4029.702998
2014-05-01,2016,2033.989889,2909.29,3746,3327.295,3621.77,4012.270616
2014-05-02,1696,2088.229499,2725.06,3814,3406.675,3748.31,3873.535964
2014-05-03,1642,1942.539563,2934.675,3780,3486.75,3938.965,4258.128016
2014-05-04,1825,1816.265195,3150.605,3814,3495.67,3977.225,4834.260384
2014-05-05,2006,1764.530488,3112.17,3882,3513.54,4002.715,4742.973192
2014-05-06,2154,1842.441872,2863.785,3848,3703.035,4156.175,4797.690244
2014-05-07,2124,2052.188205,2626.505,3814,3675.47,4207.525,4797.690244
2014-05-08,1948,2282.060723,2606.43,3865,3612.44,4130.58,4779.432773
2014-05-09,1910,2388.997701,2934.835,3916,3648.515,4130.55,4779.432773
2014-05-10,1853,2307.035167,3276.205,4002,3684.68,4207.46,4815.966126
2014-05-11,2084,2195.213239,3434.01,3967,3739.025,4323.175,4797.690244
2014-05-12,2286,2094.279233,3434.035,3882,3738.935,4284.625,4889.253093
2014-05-13,2286,2109.541863,3276.15,3882,3738.965,4233.245,5036.70084
2014-05-14,2184,2253.931012,3082.325,3763,3585.285,4117.75,4870.9039
2014-05-15,1996,2260.16131,3144.035,3848,3603.485,3951.7,4742.973192
2014-05-16,2296,2238.401383,3112.13,4036,3766.705,4041.015,4634.039758
2014-05-17,2570,2250.820322,3215.235,4211,3885.125,4323.125,4453.984826
2014-05-18,2723,2260.15239,3176.465,4335,4042.04,4529.445,4688.422727
2014-05-19,2712,2360.543818,3039.695,4335,4069.835,4671.87,5185.300216
2014-05-20,2723,2504.165799,3056.805,4228,4088.43,4697.84,5166.662854
2014-05-21,2801,2559.18089,3293.525,4123,3866.775,4465.025,5335.035567
2014-05-22,2790,2559.18089,3500.695,4141,3757.11,4297.37,5092.291502
2014-05-23,2824,2591.753548,3621.725,4176,3738.92,4258.8,4889.253093
2014-05-24,2846,2657.300355,3657.855,4141,3811.86,4284.505,4815.966126
2014-05-25,2857,2637.582637,3685.06,4123,3784.44,4271.665,4944.410025
2014-05-26,2846,2637.571292,3721.435,4141,3666.4,4181.835,4981.27212
2014-05-27,2613,2650.719281,3771.68,4246,3702.625,4168.98,4852.572986
2014-05-28,2701,2667.186107,3868.195,4389,3757.16,4181.8,4870.9039
2014-05-29,2712,2617.907479,3854.355,4479,3885.125,4335.975,4926.006188
2014-05-30,2538,2575.442944,3914.47,4551,3986.435,4503.58,4981.27212
2014-05-31,2431,2552.69382,3882.05,4606,4051.26,4645.93,5222.628155
2014-06-01,2379,2412.179716,3831.33,4790,4172.52,4671.87,5523.77924
2014-06-02,2245,2192.117454,3803.73,4997,4303.915,4853.835,5542.748828
2014-06-03,2074,2313.330524,3757.975,4959,4484.06,5036.485,5410.32449
2014-06-04,2006,2223.018103,3576.74,4921,4512.68,5128.04,5448.073452
2014-06-05,1967,2076.166673,3442.915,4884,4493.59,5141.14,5599.760688
2014-06-06,2016,2018.980287,3297.83,4828,4455.475,5128.04,5656.926611
2014-06-07,2016,2039.97837,3176.465,4846,4417.455,5088.795,5676.016028
2014-06-08,2006,2088.229499,3056.655,4921,4426.99,5036.46,5599.760688
2014-06-09,1996,2115.530913,3005.845,4846,4445.96,5049.525,5561.735618
2014-06-10,1900,2094.279233,3022.76,4661,4493.61,5180.465,5676.016028
2014-06-11,2104,2073.097555,3048.165,4790,4695.07,5535.885,6276.095141
2014-06-12,2174,2088.266054,3048.165,4997,4890.1,6574.915,7378.7081
2014-06-13,2204,2232.368003,3043.945,5207,5184.175,7399.685,8083.297728
2014-06-14,2224,2325.850406,3120.625,6188,6272.84,7767.98,9432.387986
2014-06-15,2286,2395.357528,3350.47,6975,7280.705,8331.04,9827.774048
2014-06-16,2452,2452.741459,3599.27,7350,7661.855,8925.01,10049.27746
2014-06-17,2442,2517.093967,3698.69,7439,7574.18,8869.545,10406.38141
2014-06-18,2348,2581.958628,3771.665,7417,7465.025,8800.28,10857.35919
2014-06-19,2204,2581.964337,3849.73,7529,7596.085,8897.29,11451.11257
2014-06-20,1881,2542.967529,3854.34,9297,7927.135,9161.19,11267.52942
2014-06-21,1788,2452.996649,3849.75,9922,9264.71,10323.69,11130.35911
2014-06-22,1724,2241.649203,3771.665,9421,10843.065,12892.885,11704.81575
2014-06-23,1528,2046.22438,3648.925,8859,11312.9,14294.95,15155.92056
2014-06-24,1434,1906.393997,3434.18,10049,11738.39,14206.89,17891.72311
2014-06-25,1485,1848.021589,3133.595,11624,12519.2,14206.83,17814.12656
2014-06-26,1625,1848.015264,2905.155,13583,13429.85,15288.425,17478.90991
2014-06-27,1634,1827.74078,2744.115,14108,14284.975,15905.8,18307.07321
2014-06-28,1634,1810.422483,2670.845,13554,14026.77,16097.495,18463.47795
2014-06-29,1511,1819.078454,2699.23,12616,14873.78,17135.675,19833.56287
2014-06-30,1384,1790.294206,2682.99,11435,15950.925,18864.08,23340.96708
2014-07-01,1401,1744.565404,2687.05,10356,15106.935,17848.025,25390.97813
2014-07-02,1563,1733.199046,2682.99,9570,13148.42,15451.11,23619.07768
2014-07-03,1589,1758.924338,2674.89,9224,11849.305,13829.05,20206.82908
2014-07-04,1598,1995.736721,2594.385,9199,10767.635,12715.985,17145.3865
2014-07-05,1678,2207.674135,2522.545,8980,10397.68,12184.565,15503.72089
2014-07-06,1714,2030.963398,2683.975,8288,9924.33,11912.62,15230.27318
2014-07-07,1660,2085.36159,2993.27,7985,9030.625,11370.575,16004.1774
2014-07-08,1760,2420.053683,3039.695,8031,9389.565,11669.7,15803.49002
2014-07-09,1986,3236.957379,3035.47,9028,10009.745,12471.29,19541.57954
2014-07-10,2045,3177.235951,3397,9745,11386.15,13408.54,21827.12291
2014-07-11,2275,3124.835501,4330.815,9670,11800.49,13814.33,22374.49856
2014-07-12,2124,3142.412562,4543.325,9595,11518.125,13611.38,22897.81096
2014-07-13,2025,3494.945862,4518.92,10563,11335.825,13206.045,21609.18103
2014-07-14,2484,3574.157551,4880.345,11978,12262.94,13611.34,20206.82908
2014-07-15,2679,3695.648164,5215.18,13096,13893.05,15582.76,19966.66066
2014-07-16,2723,4071.34654,5256.185,13932,15728.295,17698.605,22814.97004
2014-07-17,2846,4282.50769,5297.515,14137,16431.45,18310.16,24909.51293
2014-07-18,2613,4074.510342,5679.405,14226,15977.875,17921.935,25164.10238
2014-07-19,2745,4063.089453,5785.26,14850,16718.65,19360.155,25050.86692
2014-07-20,3146,4298.495694,5721.465,15916,19604.7,22115.675,27805.22749
2014-07-21,3252,4907.685512,5679.05,17816,20992.985,23139.135,30872.80075
2014-07-22,2948,6158.873815,5995.16,19166,22728.47,24275.785,32862.79985
2014-07-23,4321,6084.155247,7247.715,19099,24723.845,25975.825,35535.38376
2014-07-24,4525,5787.940122,7854.14,18437,24781.985,26409.19,36563.43686
2014-07-25,4121,5917.818139,7617.93,17558,23151.99,24892.065,36845.1573
2014-07-26,3809,5684.939114,7600.43,17526,22101.82,23675.93,35070.66355
2014-07-27,3694,5416.926055,7913.605,18701,22101.96,23261.7,32619.84198
2014-07-28,3594,5379.038777,7700.35,19976,22890.035,23937.065,32135.36214
2014-07-29,3745,5408.505898,7419.23,20903,24783.12,26145.595,34084.70239
2014-07-30,3557,5510.001964,7204.945,22310,28381.32,29111.465,38293.94117
2014-07-31,3594,5526.998707,7158.87,23209,31081.895,31677.63,42336.6581
2014-08-01,3495,5249.582343,7216.415,23172,31893.115,32803.525,44760.16916
2014-08-02,3193,4960.447617,7095.865,22596,31972.565,33598.3,49373.17903
2014-08-03,2925,4653.041569,6817.24,22596,30938.745,33152.735,51758.19712
2014-08-04,2948,4617.0526,6503.625,22811,30764.9,32533.225,51964.00703
2014-08-05,3158,4633.03553,6271.74,23209,31686.245,33009.755,51313.01857
2014-08-06,3276,4766.874301,6260.8,24603,32388.925,33550.43,51861.07505
2014-08-07,3337,5792.194751,6840.525,26338,32838.15,33598.19,51826.7764
2014-08-08,3312,5612.106317,7343.635,26914,32709.605,33041.47,50766.50722
2014-08-09,3193,5354.248601,7349.39,26683,31733.385,31946.78,48393.88463
2014-08-10,3099,5083.871834,7210.755,26491,30527.925,31013.62,44661.22702
2014-08-11,2880,4858.56139,6953.2,26185,29553.68,29941.9,41849.78544
2014-08-12,2745,4609.247573,6687.775,25201,28510.655,29125,39119.31967
2014-08-13,2538,4352.787326,6381.815,23645,27033.015,27966.675,36469.65737
2014-08-14,2463,4378.237934,6200.775,21990,25426.02,26548.965,33961.982
2014-08-15,3745,5392.968927,5817.3,21007,23785.59,25123.69,31833.53932
2014-08-16,5382,6283.306024,6170.83,20730,22844.29,24075.405,29771.74018
2014-08-17,5089,7126.849269,7637.22,19806,22116.345,23461.045,28388.51422
2014-08-18,4664,7270.406599,8554.57,18503,20893.57,22466.42,27601.83651
2014-08-19,4388,7116.900902,8992.11,17590,19394.375,21142.16,25960.51586
2014-08-20,3745,6827.045388,8824.48,17141,18336.81,19901.685,24262.02415
2014-08-21,3619,6704.154629,8886.415,17719,18102.315,19449.805,22842.57485
2014-08-22,4761,6487.606934,8701.1,18305,18239.995,19479.905,22292.16374
2014-08-23,4553,6433.791986,8449.79,18535,18350.365,19675.58,22155.11782
2014-08-24,3873,6425.008495,8159.06,18535,18391.785,19826.24,22292.16374
2014-08-25,3458,6005.235297,8189.18,17979,18088.685,19615.365,23174.52013
2014-08-26,3312,5706.244533,7943.505,17365,17418.59,19239.38,23926.00349
2014-08-27,3434,5586.425249,7765.36,16760,17146.3,18864.175,23981.92073
2014-08-28,3507,5599.215142,7471.565,16540,17051.79,18384.9,23257.70419
2014-08-29,3495,5629.343826,7506.685,16227,17186.89,18774.16,22677.07867
2014-08-30,3594,6778.634883,8202.085,16133,17404.405,18999.085,23202.23938
2014-08-31,4055,7200.444588,8788.28,16760,17814.235,19389.66,23313.20403
2014-09-01,4334,6877.454255,9565.405,16887,18102.37,19630.4,25022.57919
2014-09-02,4121,6631.680796,9337.12,17109,18807.415,20415,28009.01305
2014-09-03,3796,6442.793531,9387.665,17752,18904.725,20641.86,28828.07431
2014-09-04,3886,6304.465736,9305.55,18767,19407.635,20747.865,27311.96517
2014-09-05,3886,6242.365368,9230.17,19536,20536.83,21613.135,28710.68358
2014-09-06,3796,6260.08285,8979.76,20283,21064.5,22359.4,28564.12367
2014-09-07,3796,6246.79256,9179.91,20351,21653.465,22970.725,28769.3631
2014-09-08,3632,6092.564156,8756.565,19976,21538.25,22833.04,28828.07431
2014-09-09,3324,5809.672303,8419.51,19401,21064.545,22359.41,27979.87672
2014-09-10,3052,5438.425317,8021.32,18833,20465.56,21780.23,26792.24598
2014-09-11,2846,5112.560019,7623.97,18305,20422.9,21552.06,26619.59509
2014-09-12,2657,4858.50023,7205.055,17526,19871.23,21460.85,28067.30979
2014-09-13,2548,4589.186402,6890.77,16823,19127.985,20717.595,27283.02264
2014-09-14,2474,4490.137388,6531.39,16164,18336.81,19992.175,26389.85435
2014-09-15,2701,4263.237423,6282.69,15517,17814.395,19615.405,26533.38055
2014-09-16,2971,4267.732755,6178.775,15001,17186.975,19014.15,26849.86189
2014-09-17,2801,5126.926508,6010.61,14492,16727.435,18459.715,26533.38055
2014-09-18,3169,5929.558115,6213.905,14760,16244.035,17862.325,27080.65262
2014-09-19,4974,6434.689935,8016.88,16634,16918.11,17892.2,25675.32897
2014-09-20,5412,7168.493542,8316.1,17173,17869.205,18909.175,24121.86482
2014-09-21,4457,7571.137925,8794.12,16383,18006.105,19359.575,23953.95779
2014-09-22,3873,7917.938951,9318.21,16009,17745.585,19149.2,24318.14803
2014-09-23,3557,8454.440644,9811.105,16887,17978.81,19329.535,24571.12947
2014-09-24,4294,7557.403134,10676.305,19033,19396.65,20249.185,25022.57919
2014-09-25,4280,7247.172682,10125.825,20386,21611.065,22359.625,25135.78084
2014-09-26,4174,6909.779189,9508.335,20283,22217.71,23246.38,26590.84868
2014-09-27,3847,6505.717336,9079.635,20283,21942.34,23047.26,27485.79078
2014-09-28,4280,6149.899141,8658.275,19806,21581.52,22680.155,27950.74842
2014-09-29,5206,5970.181258,8243.595,18900,21093.235,22298.35,27572.81295
2014-09-30,5061,6313.578526,8051.08,17914,20125.79,21506.505,27022.90593
2014-10-01,4622,6510.185751,8003.17,17014,19421.61,20990.305,27225.16194
2014-10-02,4280,6176.394347,8201.23,16040,18420.07,20052.55,26447.2401
2014-10-03,3950,5818.357514,8087.095,15212,17350.375,19089.525,24740.16806
2014-10-04,3809,5493.082177,7700.46,14522,16565.895,18056.27,22787.37407
2014-10-05,3834,5224.279485,7262.895,14255,15990.6,17341.255,21663.61221
2014-10-06,3873,5124.704764,6953.165,14049,15698.3,17088.75,22539.40889
2014-10-07,3720,5029.966791,6760.72,13526,15368.025,16747.785,22870.18849
2014-10-08,3361,4895.061824,6642.825,12841,14856.445,16245.035,21283.35715
2014-10-09,3041,4689.275444,6525.7,12116,14181.585,15626.31,19860.16357
2014-10-10,2948,4431.083976,6337.67,11516,13681.165,14922.135,18777.34056
2014-10-11,2801,4212.863364,6054,11009,12881.97,14206.89,17607.63984
2014-10-12,2756,4009.834578,5806.585,10693,12281.83,13524.37,16737.24343
2014-10-13,2768,3881.390261,5801.49,10330,11531.035,12716.285,15728.40538
2014-10-14,2768,3828.952666,5463.69,9871,10767.17,12069.82,14736.4171
2014-10-15,2812,3787.922425,5281.94,9297,10184.78,11641.24,13906.86606
2014-10-16,2880,3754.467118,5158.685,8835,9633.58,10902.32,13281.18809
2014-10-17,2768,3735.928334,5097.41,8429,9088.145,10196.575,12568.84106
2014-10-18,2745,3702.648844,5066.885,8008,8836.375,9957.855,11820.62027
2014-10-19,2745,3632.698439,5036.42,7619,8238.025,9412.03,11566.24973
2014-10-20,2779,3585.09914,4975.71,7216,7959.705,9063.865,11313.35153
2014-10-21,2869,3570.500017,4895.15,7084,7497.725,8606.58,11016.39113
2014-10-22,2903,3585.130121,4840.03,6996,7334.485,8399.53,10631.23728
2014-10-23,2925,3758.27005,4815.04,6909,7032.395,8069.35,10249.74243
2014-10-24,2812,3881.390261,4975.75,6780,7075.35,8055.635,10541.1423
2014-10-25,2824,3888.911601,5179.255,6651,7075.385,7987.03,10586.16442
2014-10-26,2690,3784.228866,5333.6,6502,7107.805,8000.745,10383.96594
2014-10-27,2538,3687.921057,5302.6,6438,7043.8,8206.755,10993.63483
2014-10-28,2484,3534.237948,5168.92,6396,7055.65,8248.045,11543.19792
2014-10-29,2379,3350.506372,5006.055,6481,7055.41,8289.325,11658.57856
2014-10-30,2368,3247.568891,4855.16,6608,7250.425,8454.69,11107.54068
2014-10-31,2348,3177.225234,4656.36,6780,7674.205,8496.075,10518.6503
2014-11-01,2296,3145.753792,4499.41,6823,7727.855,8717.195,10361.56328
2014-11-02,2337,3110.916895,4383.035,6758,7706.67,8800.255,10406.38141
2014-11-03,2452,3117.91392,4315.61,6587,7617.99,8703.35,10383.96594
2014-11-04,2306,3215.870235,4310.83,6250,7421.46,8509.885,9916.218539
2014-11-05,2327,3297.075794,4460.485,6002,7204.6,8220.515,9454.240811
2014-11-06,2431,3311.30922,4465.345,5779,6893.33,7959.685,9127.861459
2014-11-07,2463,3414.964515,4558.015,5678,6712.49,7713.265,8804.542708
2014-11-08,2255,3570.515527,4671.15,5599,6469.82,7386.075,8484.336952
2014-11-09,2214,3581.57332,4825.06,5698,6438.73,7372.505,8251.529491
2014-11-10,2224,3368.442914,4985.93,5759,6239.985,7223.03,8335.98825
2014-11-11,2035,3233.462827,5001.075,5961,6312.87,7304.525,8188.335129
2014-11-12,1996,3107.519506,4715.77,5819,6312.89,7263.77,8041.383463
2014-11-13,1788,2942.325174,4509.24,5900,6417.395,7304.51,8062.333386
2014-11-14,1742,2770.108045,4334.86,6208,6469.86,7304.525,7978.620392
2014-11-15,1724,2650.741935,4125.195,6292,6670.095,7535.86,7874.305335
2014-11-16,1948,2578.710781,3909.885,6146,6733.645,7576.775,7936.85077
2014-11-17,2400,2568.967284,3735.195,5880,6617.445,7413.365,8083.297728
2014-11-18,2379,2730.289238,3617.205,5619,6250.56,7209.535,8125.269604
2014-11-19,2368,2949.011436,3558.745,5401,5807.47,6844.12,7791.115641
2014-11-20,2317,2972.930324,3680.575,5169,5523.73,6682.38,7399.186937
2014-11-21,2358,2925.139122,3956.37,4940,5303.135,6334.06,7174.74986
2014-11-22,2484,2897.952603,4049.76,4790,5114.785,6026.265,6891.772277
2014-11-23,2506,2921.750767,4026.32,4661,4967.3,5615.225,6611.837808
2014-11-24,2495,2972.922122,3979.575,4569,4989.135,5377.505,6335.006433
2014-11-25,2474,2979.770168,4002.92,4569,4879.905,5707.565,6022.508534
2014-11-26,2484,2955.829362,4049.76,4716,4821.515,5482.975,6061.34126
2014-11-27,2559,2928.541219,4077.95,4772,4792.07,5535.75,6061.34126
2014-11-28,2559,2931.94881,4063.855,4828,4792.18,5430.175,6100.239954
2014-11-29,2570,2959.2397,4035.685,4846,4772.43,5548.89,6022.508534
2014-11-30,2527,2962.658254,4026.315,4846,4998.24,5601.73,6061.34126
2014-12-01,2592,2948.994992,4045.065,4828,4908.605,5747.675,6061.34126
2014-12-02,2570,2938.761246,4059.15,4809,4791.81,5456.51,6256.49046
2014-12-03,2559,2948.994992,4045.075,4809,4772.43,5522.46,6100.239954
2014-12-04,2538,2945.584657,4026.315,4772,4704.735,5377.505,6080.782374
2014-12-05,2538,2914.932831,4021.63,4735,4608.455,5246.04,6433.514661
2014-12-06,2463,2897.955359,4021.63,4753,4685.415,5338.095,6139.204417
2014-12-07,2452,2884.404806,3988.905,4753,4666.2,5272.31,5906.408166
2014-12-08,2538,2837.114671,3960.93,4716,4666.14,5338.015,5829.341463
2014-12-09,2421,2813.573496,3942.32,4661,4589.26,5285.48,5848.583008
2014-12-10,2400,2803.505459,3905.19,4661,4541.36,5180.49,5829.341463
2014-12-11,2337,2793.456914,3858.955,4679,4579.91,5128.04,5676.016028
2014-12-12,2327,2750.036063,3868.185,4716,4445.96,5036.46,5599.760688
2014-12-13,2348,2726.774068,3840.515,4698,4455.5,4971.145,5523.77924
2014-12-14,2337,2673.77567,3789.97,4588,4465.005,4971.145,5410.32449
2014-12-15,2337,2677.07469,3725.995,4515,4407.97,4932.005,5410.32449
2014-12-16,2327,2667.180455,3657.855,4424,4294.505,4840.8,5448.073452
2014-12-17,2327,2660.590893,3653.33,4406,4181.75,4853.8,5316.257047
2014-12-18,2327,2657.308844,3653.33,4497,4191.175,4749.865,5241.318674
2014-12-19,2358,2621.172467,3626.215,4479,4209.855,4697.84,5185.300216
2014-12-20,2358,2611.351924,3612.685,4353,4200.49,4671.87,5185.300216
2014-12-21,2265,2627.728022,3585.685,4299,4116.385,4645.93,5203.955326
2014-12-22,2214,2617.896109,3576.7,4264,4116.5,4568.295,5148.043272
2014-12-23,2184,2598.297733,3581.18,4228,4041.975,4477.765,5073.74334
2014-12-24,2154,2529.999138,3581.185,4193,4107.225,4516.51,4962.832013
2014-12-25,2174,2491.2664,3536.39,4123,4060.56,4607.155,5018.206565
2014-12-26,2306,2455.940287,3473.945,4053,4088.97,4568.23,5073.74334
2014-12-27,2379,2465.559957,3416.325,4036,3903.465,4490.78,5055.213109
2014-12-28,2358,2539.719696,3372.24,4123,3894.335,4361.765,5036.70084
2014-12-29,2224,2585.22075,3367.845,4141,3866.74,4310.285,4962.832013
2014-12-30,2224,2552.69382,3429.6,4088,3875.905,4284.505,4852.572986
2014-12-31,2124,2500.926539,3509.565,4002,3839.25,4233.125,4761.193745
2015-01-01,2016,2455.963476,3500.635,3899,3720.765,4143.375,4761.193745
2015-01-02,1996,2354.324828,3473.945,3831,3648.34,4066.595,4724.77115
2015-01-03,1900,2316.435398,3403.22,3831,3585.26,4015.525,4579.825207
2015-01-04,1705,2294.491667,3293.425,3865,3558.32,3900.75,4471.905113
2015-01-05,1598,2204.47955,3206.6,3865,3540.39,3862.575,4489.84443
2015-01-06,1563,2070.153624,3142.035,3831,3576.285,3926.21,4489.84443
2015-01-07,1468,1953.551827,3060.955,3831,3585.285,3875.29,4436.083603
2015-01-08,1376,1897.583481,2938.575,3814,3585.26,3939,4471.905113
2015-01-09,1528,1877.116551,2756.405,3780,3558.33,3913.49,4453.984826
2015-01-10,1948,1927.061112,2650.625,3763,3576.32,3875.29,4400.338499
2015-01-11,2084,2128.345509,2642.59,3630,3549.375,3849.87,4436.083603
2015-01-12,2084,2420.913253,2727.755,3630,3495.67,3735.69,4364.670093
2015-01-13,2035,2582.01572,2813.975,3498,3371.32,3697.65,4400.338499
2015-01-14,1806,2604.853289,3151.195,3369,3274.37,3571.32,4329.078678
2015-01-15,1687,2452.898052,3509.75,3321,3169.49,3407.78,4222.769372
2015-01-16,1634,2266.522316,3603.68,3273,3065.48,3282.51,4152.286988
2015-01-17,1563,2112.598596,3482.925,3385,3065.48,3145.235,4082.11989
2015-01-18,1642,2024.987218,3276.055,3321,3013.835,3145.235,3942.741759
2015-01-19,1642,1980.204685,3031.36,3466,3022.445,3132.785,3890.806978
2015-01-20,1468,1977.233597,2884.315,3663,3143.44,3269.95,3821.845252
2015-01-21,1502,1953.60779,2744.115,3831,3291.9,3495.705,3753.211358
2015-01-22,1598,1868.371971,2670.865,3899,3486.75,3773.67,3821.845252
2015-01-23,1537,1859.643159,2691.125,3831,3576.285,3849.87,4012.270616
2015-01-24,1418,1845.315522,2634.53,3663,3576.27,3951.7,4222.769372
2015-01-25,1343,1868.397185,2526.51,3498,3442.22,3875.37,4293.564552
2015-01-26,1311,1775.983515,2546.39,3385,3274.37,3596.53,4382.494691
2015-01-27,1319,1710.563213,2562.33,3321,3239.375,3445.4,4346.864743
2015-01-28,1418,1665.544545,2467.29,3258,3091.405,3370.245,4099.631969
2015-01-29,1434,1668.357026,2307.78,3289,3039.645,3170.145,3994.85826
2015-01-30,1451,1707.721583,2235.12,3258,3039.62,3244.97,3908.098311
2015-01-31,1451,1730.363906,2197.215,3163,3031.025,3170.17,3873.535964
2015-02-01,1384,1733.199046,2223.72,3086,2988.115,3070.68,3856.285309
2015-02-02,1335,1727.525539,2250.32,3070,2894.22,2946.74,3821.845252
2015-02-03,1176,1707.731302,2265.58,3070,2954.125,3021.06,3667.884288
2015-02-04,1199,1601.643179,2269.4,2963,2809.635,3021.185,3583.079471
2015-02-05,1176,1519.491222,2254.16,2888,2708.9,2774.375,3566.181683
2015-02-06,1161,1500.547981,2219.935,2858,2609.18,2614.97,3498.802687
2015-02-07,1138,1479.009351,2114.71,2903,2567.915,2554.095,3298.728742
2015-02-08,1100,1449.567423,2025.93,3009,2617.525,2456.75,3282.197433
2015-02-09,1107,1412.376279,1982.045,3024,2642.31,2639.4,3331.857186
2015-02-10,1376,1391.280949,1956.605,2994,2642.3,2676.09,3249.200898
2015-02-11,1502,1396.596137,1920.48,2948,2683.87,2700.595,3232.735779
2015-02-12,1520,1533.208817,1873.91,2948,2667.22,2688.335,3265.688134
2015-02-13,1393,1657.205104,1863.17,2918,2650.6,2676.1,3298.728742
2015-02-14,1168,1707.721583,1909.705,2888,2658.96,2651.635,3331.857186
2015-02-15,1085,1637.868289,2070.29,2858,2600.935,2614.99,3331.857186
2015-02-16,1070,1473.73482,2223.74,2828,2551.46,2468.875,3232.735779
2015-02-17,1100,1383.416774,2257.95,2769,2502.26,2505.325,3134.412477
2015-02-18,1100,1336.436602,2152.125,2798,2485.915,2456.785,3101.817407
2015-02-19,1077,1318.319987,1967.57,2933,2477.765,2432.535,3134.412477
2015-02-20,1070,1331.245939,1831.21,2978,2576.16,2456.75,3134.412477
2015-02-21,1055,1326.069254,1788.895,3024,2642.31,2554,3101.817407
2015-02-22,1055,1295.163516,1774.87,3117,2683.87,2663.88,3101.817407
2015-02-23,1063,1282.350073,1746.935,3132,2767.535,2811.08,3167.09752
2015-02-24,1055,1282.350073,1719.155,3040,2809.595,2922.03,3232.735779
2015-02-25,1048,1277.24024,1691.54,2963,2734,2909.7,3315.28201
2015-02-26,1048,1274.688865,1667.505,2888,2642.355,2749.735,3398.375937
2015-02-27,1041,1251.811735,1653.825,2858,2543.24,2651.635,3398.375937
2015-02-28,1019,1241.6702,1647,2903,2568,2517.475,3348.454217
2015-03-01,1019,1226.536461,1626.585,2918,2584.48,2554,3199.872098
2015-03-02,1004,1213.968625,1613.025,2888,2592.64,2554,3085.553751
2015-03-03,997,1208.955146,1586.025,2813,2600.905,2578.41,3101.817407
2015-03-04,1270,1198.949805,1572.585,2798,2535.035,2517.55,3101.817407
2015-03-05,1853,1219.097059,1552.51,2828,2469.6,2468.9,3085.553751
2015-03-06,2379,1360.189007,1539.17,2769,2445.18,2371.975,3085.553751
2015-03-07,2506,1805.933566,1542.55,2769,2437.06,2396.24,3069.312754
2015-03-08,2824,2213.802689,1582.79,2828,2437.06,2347.84,3085.553751
2015-03-09,2665,2392.211221,1828.83,2828,2453.315,2384.115,3004.576503
2015-03-10,2506,2411.30807,2414.705,2769,2469.6,2384.06,2908.161676
2015-03-11,2463,2401.904133,2900.955,2739,2437.085,2360.005,2908.161676
2015-03-12,2194,2417.606681,3262.985,2754,2428.95,2299.57,2892.173741
2015-03-13,2296,2366.845059,3354.66,2798,2420.83,2323.68,2876.209168
2015-03-14,2255,2269.499316,3341.505,2873,2445.18,2323.68,2924.172911
2015-03-15,2265,2232.206826,3275.995,3070,2502.29,2432.49,2972.34582
2015-03-16,2348,2235.299628,3154.92,3385,2650.685,2614.97,2956.265043
2015-03-17,2265,2241.503137,3069.43,3613,2919.905,2934.405,3004.576503
2015-03-18,2245,2281.971784,3048.165,3882,3169.49,3320.02,3134.412477
2015-03-19,2317,2263.280912,3039.68,4036,3415.59,3609.145,3398.375937
2015-03-20,2389,2222.910515,3060.9,4088,3612.25,3977.225,3753.211358
2015-03-21,2559,2247.712608,3073.66,4088,3702.61,4104.955,3960.09379
2015-03-22,2701,2285.106206,3035.47,4002,3720.8,4066.575,4117.163871
2015-03-23,2779,2363.980395,3014.29,3950,3657.385,4130.55,4187.488926
2015-03-24,2265,2510.618373,3112.22,3848,3594.26,3990,4187.488926
2015-03-25,2635,2549.494707,3293.525,3848,3558.33,3977.19,4134.715558
2015-03-26,2484,2452.73566,3407.51,3899,3531.575,3862.575,4064.627675
2015-03-27,2779,2507.445373,3558.745,3831,3558.33,3951.7,4012.270616
2015-03-28,2195.400208,2575.477226,3522.965,3831,3549.425,3862.595,4012.270616
2015-03-29,1980.310208,2591.924629,3482.825,3882,3477.82,3875.33,4047.155365
2015-03-30,1919,2345.724364,3531.905,4019,3522.495,3913.525,4064.627675
2015-03-31,2045,2112.501459,3590.175,4053,3603.325,3888.015,4082.11989
2015-04-01,2275,2088.266054,3452.365,4141,3693.55,4105.02,4134.715558
2015-04-02,2635,2158.267655,3142.43,4246,3784.51,4156.175,4205.119355
2015-04-03,2712,2263.590018,2892.64,4281,3875.905,4323.095,4275.836567
2015-04-04,2712,2488.087736,2884.315,4317,3921.86,4516.625,4364.670093
2015-04-05,2745,2575.448658,3005.94,4371,3931.08,4490.78,4400.338499
2015-04-06,2635,2601.539915,3241.445,4317,3986.635,4503.58,4418.201483
2015-04-07,2214,2585.229311,3474.075,4158,3977.215,4529.475,4436.083603
2015-04-08,2379,2501.027431,3576.69,4019,3885.08,4335.975,4453.984826
2015-04-09,2235,2354.183875,3617.19,3916,3738.92,4181.835,4382.494691
2015-04-10,2204,2351.031784,3558.765,3899,3648.33,4066.595,4311.311935
2015-04-11,2592,2408.088815,3456.2,3950,3594.3,3951.7,4205.119355
2015-04-12,2624,2523.684528,3323.98,4158,3630.38,3900.75,4169.878124
2015-04-13,2410,2746.728517,3359.07,4299,3748.25,4028.25,4082.11989
2015-04-14,1692.937188,2750.162065,3456.265,4353,3857.635,4143.455,4082.11989
2015-04-15,1490.279688,2521.121207,3717.125,4281,3949.51,4284.625,4117.163871
2015-04-16,1319,2105.674912,3817.525,4228,3940.28,4361.695,4187.488926
2015-04-17,1319,1620.963191,3698.87,4141,3875.925,4310.22,4346.864743
2015-04-18,1351,1609.890151,3346.625,4193,3830.11,4284.505,4346.864743
2015-04-19,1825,1579.563238,2774.285,4299,3793.56,4258.81,4293.564552
2015-04-20,2474,1601.990118,2350.795,4442,3830.2,4426.145,4329.078678
2015-04-21,2368,1851.372681,2155.895,4533,4004.935,4477.75,4364.670093
2015-04-22,2368,2254.002434,2062.735,4533,4116.365,4620.02,4382.494691
2015-04-23,2358,2369.988368,2197.585,4371,4125.695,4684.885,4489.84443
2015-04-24,2358,2385.81924,2700.805,4123,4032.795,4568.295,4706.58765
2015-04-25,2400,2388.991853,3150.805,3848,3866.775,4361.765,4688.422727
2015-04-26,2442,2423.978169,3262.94,3580,3576.695,4130.58,4525.780009
2015-04-27,2516,2481.681381,3306.495,3417,3327.295,3748.53,4364.670093
2015-04-28,2559,2565.725182,3323.985,3369,3152.25,3495.93,4169.878124
2015-04-29,2668,2670.521855,3416.37,3498,3031.025,3245.055,3994.85826
2015-04-30,2603,2790.112976,3545.32,3746,3082.745,3257.46,3839.055057
2015-05-01,2538,2850.596099,3657.855,4019,3336.16,3470.57,3804.655935
2015-05-02,1816,2776.820996,3685.275,4158,3567.535,3850.08,3753.211358
2015-05-03,1351,2611.693299,3822.275,4211,3757.16,4041.07,3839.055057
2015-05-04,1231,2175.050107,3505.215,4281,3848.585,4181.835,4047.155365
2015-05-05,1247,1719.961054,3363.445,4479,3885.185,4284.5,4187.488926
2015-05-06,1286,1620.963191,3246.145,4588,4107.225,4581.17,4293.564552
2015-05-07,1468,1546.702027,2777.74,4661,4200.75,4684.85,4418.201483
2015-05-08,1468,1524.92804,2377.875,4735,4379.835,4879.86,4688.422727
2015-05-09,1468,1632.108584,2129.665,4661,4398.495,5036.46,4815.966126
2015-05-10,1742,1687.992143,2055.35,4588,4360.6,4918.96,4889.253093
2015-05-11,1494,1724.742079,2133.385,4424,4256.845,4879.92,4926.006188
2015-05-12,1409,1801.782415,2212.38,4158,4125.73,4749.78,4944.410025
2015-05-13,1460,1736.427469,2284.73,3984,3949.715,4516.69,4870.9039
2015-05-14,1451,1673.952619,2377.29,3763,3684.6,4156.24,4870.9039
2015-05-15,1477,1710.582642,2427.975,3289,3504.645,3862.63,4615.949482
2015-05-16,1528,1775.957906,2373.41,3482,3353.595,3710.305,4471.905113
2015-05-17,1554,1801.782415,2319.27,3482,3213.06,3470.57,4205.119355
2015-05-18,1443,1798.905577,2342.425,3531,3221.82,3395.18,4029.702998
2015-05-19,1572,1790.306979,2416.25,3547,3283.105,3495.705,3908.098311
2015-05-20,1751,1736.040636,2451.49,3613,3265.55,3508.285,3942.741759
2015-05-21,1733,1747.461688,2443.645,3680,3327.11,3546.08,4047.155365
2015-05-22,1816,1830.636685,2408.44,3680,3388.95,3647.05,4240.438938
2015-05-23,1910,2016.87755,2381.17,3696,3397.81,3672.33,4453.984826
2015-05-24,1891,2210.736905,2420.165,3696,3397.815,3710.305,4418.201483
2015-05-25,1825,2118.599804,2554.36,3696,3362.4,3647.05,4329.078678
2015-05-26,1687,2176.671376,2654.715,3680,3335.92,3583.905,4222.769372
2015-05-27,1554,2124.71025,2785.105,3696,3300.685,3546.08,4064.627675
2015-05-28,1368,1983.352179,2938.575,3713,3291.89,3495.705,4064.627675
2015-05-29,1130,1819.16743,2963.73,3797,3327.1,3571.29,4082.11989
2015-05-30,1207,1527.934106,2901.08,3882,3362.415,3583.905,4064.627675
2015-05-31,1769,1095.859741,2683.21,3933,3424.45,3647.13,4064.627675
2015-06-01,2657,1407.051083,2436.445,4019,3531.46,3875.29,4205.119355
2015-06-02,2484,1893.688156,2208.75,4053,3594.26,4028.275,4205.119355
2015-06-03,2400,2408.141308,2029.61,3984,3639.325,4028.24,4329.078678
2015-06-04,2603,2500.935187,2240.31,3984,3630.29,4002.715,4382.494691
2015-06-05,2624,2478.413178,2928.15,3916,3594.26,3964.44,4329.078678
2015-06-06,3264,2546.238293,3438.695,3814,3576.285,3875.29,4293.564552
2015-06-07,3349,2700.652239,3536.355,3646,3504.61,3837.205,4293.564552
2015-06-08,3324,3072.993596,3581.2,3531,3335.99,3647.13,4329.078678
2015-06-09,3241,3297.107579,3864.335,3401,3221.78,3432.895,4222.769372
2015-06-10,3006,3414.880661,4460.855,3580,3126.035,3244.975,3925.409918
2015-06-11,3397,3458.069746,4661.225,3916,3169.49,3294.96,3736.104436
2015-06-12,3337,3512.315772,4725.505,4193,3371.395,3521.02,3701.952764
2015-06-13,3087,3523.218527,4780.17,4353,3711.92,3964.49,3821.845252
2015-06-14,2891,3414.964515,4795.09,4606,3912.785,4233.15,4082.11989
2015-06-15,3029,3272.368766,4825.085,4997,4116.5,4516.57,4293.564552
2015-06-16,3158,3166.728495,4845.025,5265,4417.58,4866.875,4561.791277
2015-06-17,2891,3279.482832,4725.59,5619,4753.21,5233,4688.422727
2015-06-18,2745,3361.386823,4518.96,5900,5065.53,5641.46,4870.9039
2015-06-19,2712,3131.972404,4592.425,5759,5362.995,6066.24,5429.190286
2015-06-20,2624,2911.632538,4558.455,5799,5423.035,6253.09,6061.34126
2015-06-21,2337,2823.677651,4243.83,5819,5403.005,6306.58,6453.264507
2015-06-22,1760,2713.622877,4125.135,5759,5543.675,6844.385,7154.437489
2015-06-23,1660,2498.307296,3993.61,5678,5787.075,8014.48,8526.849247
2015-06-24,1797,2140.462473,3868.21,5619,6188.045,7754.275,10451.25069
2015-06-25,1779,1944.644714,3635.5,5718,6105.245,7495.1,11867.02647
2015-06-26,1714,1938.742929,3276.205,6002,6053.59,7250.18,11153.18992
2015-06-27,1881,1926.948713,2905.275,5860,6167.32,7331.69,10272.0809
2015-06-28,2074,1932.853621,2744.075,5539,6012.475,7195.92,9607.584378
2015-06-29,2094,2016.098439,2707.365,5226,5543.875,6655.665,8955.040637
2015-06-30,1967,2139.93031,2699.23,4865,5095.295,6066.315,8146.277101
2015-07-01,1788,2161.351523,2699.23,4606,4704.92,5562.22,7399.186937
2015-07-02,1929,2079.232699,2781.05,4335,4379.64,5115.055,6891.772277
2015-07-03,2194,1974.265608,2955.345,4106,4079.255,4697.88,6315.353152
2015-07-04,2306,1983.240766,2901.08,3899,3839.32,4348.83,5848.583008
2015-07-05,2337,2170.560884,2797.425,3780,3621.29,4079.395,5599.760688
2015-07-06,2174,2294.509425,2756.355,3663,3486.75,3849.94,5297.496067
2015-07-07,2064,2437.034998,2876.15,3680,3362.415,3722.97,4870.9039
2015-07-08,2164,2647.44574,3112.28,3848,3380.205,3659.705,5185.300216
2015-07-09,2570,2660.624835,3368.1,3933,3720.86,4336.23,5829.341463
2015-07-10,2527,2644.243058,3676.095,4053,4023.655,4749.78,8188.335129
2015-07-11,1733,2743.367747,3762.5,4036,4370.135,5246.1,8911.972371
2015-07-12,1537,2579.430451,3730.54,4228,4990.51,6068.415,9432.387986
2015-07-13,1360,2242.173871,3817.545,4442,5838.01,7877.41,9916.218539
2015-07-14,1528,1856.984083,3790.065,4515,5403.15,7305.03,10812.03413
2015-07-15,2164,1764.520865,3456.75,4661,5075.305,6480.95,11474.1156
2015-07-16,2581,1837.084399,3073.93,4865,4889.445,6159.615,11198.88867
2015-07-17,2538,2305.712994,2736.075,5460,5026.145,6039.575,11176.03311
2015-07-18,2668,2831.978285,2586.305,6565,5414.535,6199.69,10339.17343
2015-07-19,3111,3416.13853,2997.4,7962,5991.78,7060.645,9739.539751
2015-07-20,3017,3915.717502,3661.085,10408,8079.46,8871.17,10428.80966
2015-07-21,3052,4340.891112,4624.6,12812,11152.45,11872.085,12686.84166
2015-07-22,3434,4360.444834,5495.86,14850,13990.64,14835.05,15180.69406
2015-07-23,3619,4298.026779,5897.55,16258,15302.42,16481.555,17273.46338
2015-07-24,3483,4317.480641,5870.72,16760,16110.9,17267.075,18307.07321
2015-07-25,3349,4527.156674,5753.32,16477,16150.48,17489.93,18698.7437
2015-07-26,4055,5466.054682,5756.535,16289,15804.4,17192.665,18567.94315
2015-07-27,5206,6354.086479,6204.845,17301,16829.12,17296.66,18151.02137
2015-07-28,5501,6813.427552,7455.83,19502,17311.045,18370.34,18151.02137
2015-07-29,5032,6927.835487,8213.58,20696,19156.08,20082.77,18961.07196
2015-07-30,4903,6550.730434,8707.14,22239,20196.315,21187.59,20985.84026
2015-07-31,4846,6207.222761,8377.02,23975,21380.95,22191.71,22100.36214
2015-08-01,4636,5805.257287,8141.235,24976,22567.115,23277.14,23202.23938
2015-08-02,4525,6120.594527,7635.78,25880,23431.165,24337.095,24571.12947
2015-08-03,5880,7523.510301,7541.865,26952,24661.755,25169.955,25903.41181
2015-08-04,7936,9205.617863,8683.635,28121,25757.34,26098.73,26907.51053
2015-08-05,7901,10209.44643,10737.665,28674,26605.375,26953.115,28125.63859
2015-08-06,7351,10036.69684,11775.085,28634,26681.48,27062.05,28534.83553
2015-08-07,7283,9457.880418,11775,28437,26574.91,26984.225,29328.39519
2015-08-08,6671,9208.720685,11291.83,28397,26544.48,26906.425,29771.74018
2015-08-09,5788,8549.040326,10949.155,28279,26468.46,26844.2,29890.26235
2015-08-10,4903,7786.464868,10373.535,27729,26483.665,26953.105,30246.57513
2015-08-11,4280,6978.775159,9585.285,26837,26727.195,27498.33,30306.06912
2015-08-12,3989,6389.919133,8930.185,25653,26347.305,27295.875,31352.19589
2015-08-13,4160,5991.89982,8425.675,24196,24961.42,26160.94,31713.02158
2015-08-14,4121,5887.359013,8027.22,22132,23152.77,24552.96,30157.3922
2015-08-15,3834,5913.485515,7618.025,20696,21251.79,22833.325,27427.81648
2015-08-16,4187,5740.510532,7483.22,19401,19717.015,21293.945,24966.02912
2015-08-17,4002,5710.440732,7494.89,18568,18530.585,20067.7,23008.38903
2015-08-18,3809,5757.747542,7326.335,17526,17527.5,19044.265,21256.26439
2015-08-19,3569,5560.958257,7239.48,16508,16525.9,18041.425,20019.9657
2015-08-20,3349,5303.750969,7274.12,15639,15605.965,17073.99,19066.27361
2015-08-21,3217,5149.529203,7153.15,15091,15013.33,16392.76,18021.24879
2015-08-22,3707,5170.250517,6828.455,14790,14791.115,16141.695,17196.58697
2015-08-23,3607,5249.398563,6693.25,14611,14375.285,15773.29,17376.10627
2015-08-24,3337,5324.706408,6693.325,14492,14116.885,15449.85,17119.80143
2015-08-25,3229,5075.231998,6805.815,14344,13911.14,15259.04,16661.00714
2015-08-26,3205,4931.677547,6715.78,13991,13885.725,15612.16,17607.63984
2015-08-27,3169,5021.721275,6481.275,14226,14129.75,16023.695,19409.23962
2015-08-28,3264,5083.426405,6481.26,14850,14258.865,15950,21256.26439
2015-08-29,3446,4781.532617,6536.815,15609,14686.955,16200.725,20394.15101
2015-08-30,3483,4957.574496,6332.22,16133,15381.36,16629.325,19568.07606
2015-08-31,3276,6326.528214,6173.315,16950,16553.81,17848.4,19594.58209
2015-09-01,3937,6745.49906,6871.055,17979,17993.67,19766.11,21337.57006
2015-09-02,4594,6546.113831,8529.43,20696,20741.3,21704.855,24205.93463
2015-09-03,4525,7006.233461,8376.795,22168,23535.12,24275.675,26132.0275
2015-09-04,4498,7307.938377,8818.945,22739,24318.655,25092.615,27950.74842
2015-09-05,4267,7604.372554,9242.8,24049,24348.39,25061.725,28330.04149
2015-09-06,4402,7505.341054,9457.54,24641,24422.77,25123.51,27950.74842
2015-09-07,4443,7098.376542,9565.62,24270,24244.4,24999.96,27630.86815
2015-09-08,4267,6736.086652,9011.08,23572,23829.58,24614.435,27167.33378
2015-09-09,4160,6429.330057,8578.245,22524,22800.51,23783.41,26677.11255
2015-09-10,4002,6304.496143,8225.495,21531,22116.14,23200.455,26619.59509
2015-09-11,4042,6353.523099,8033.02,20558,21236.625,22619.025,26074.82374
2015-09-12,3950,6105.681516,8171.11,19334,20494.08,21963.01,25022.57919
2015-09-13,3770,5965.702819,7961.385,18076,19786.905,21263.505,24290.0818
2015-09-14,3682,5783.640918,7765.255,17014,18391.97,20143.82,24346.22283
2015-09-15,3324,5505.885775,7612.095,16133,18198.93,20098.41,24514.8515
2015-09-16,3029,5149.861955,7343.635,15639,19086.165,21248.215,26246.53448
2015-09-17,2846,4769.688098,6975.96,15395,19941.63,21476.04,27311.96517
2015-09-18,2592,4513.881741,6531.55,15395,19492.56,20975.26,25760.79745
2015-09-19,2463,4278.854148,6721.56,15091,18144.37,19796.29,24121.86482
2015-09-20,2484,4101.384797,6492.63,14671,16822.29,17909.33,22018.29593
2015-09-21,2421,3956.739226,6016.24,13903,15751.62,17356.24,20260.30293
2015-09-22,2570,3851.420876,5700.36,13210,14922.045,16614.705,19197.99201
2015-09-23,2570,3825.30202,5432.405,12869,14246.025,15817.475,18437.38605
2015-09-24,2474,4251.675434,5621.09,12982,14444.585,15229.71,17581.87386
2015-09-25,2484,4255.379984,5795.935,12644,13502.035,14878.205,17222.20235
2015-09-26,2474,3987.275124,5924.355,13124,13323.945,14629.69,16584.86307
2015-09-27,2442,3832.686836,6043.015,13786,13706.33,14834.335,15928.84109
2015-09-28,2255,3787.960503,5764.08,13612,14168.45,15405.78,16356.98623
2015-09-29,2114,3662.123187,5489.795,13010,14026.77,15449.85,16711.8211
2015-09-30,2074,3537.791795,5052.88,12588,13719.08,15273.77,17376.10627
2015-10-01,1967,3436.443818,4850.355,12171,13184.72,14732.01,17453.19396
2015-10-02,1967,3411.427039,5051.65,11570,12718.54,14206.835,17710.80354
2015-10-03,1967,3240.497219,5016.165,10903,12294.115,13828.86,17762.44516
2015-10-04,2025,3187.732701,4900.165,10202,12021.515,13582.24,18229.00309
2015-10-05,1996,3184.227534,4715.645,9545,11824.375,13799.805,19435.68856
2015-10-06,2006,3170.233662,4587.415,9396,11420.31,13292.77,20206.82908
2015-10-07,2025,3114.397895,4533.55,9421,11237.86,12874.145,19224.36447
2015-10-08,1958,3076.222929,4597.23,9695,11591.475,12975.205,17427.48803
2015-10-09,1929,2889.177963,4567.795,10176,12145.51,13741.875,17633.4158
2015-10-10,2064,2860.356505,4602.13,10253,12919.475,14396.23,17504.63589
2015-10-11,2474,3771.387158,4755.725,10824,13553.66,14849.46,17581.87386
2015-10-12,2903,4438.839264,5411.985,11869,14739.29,16363.24,17478.90991
2015-10-13,2835,4482.174353,5860.425,13010,15157.495,16673.705,18908.52897
2015-10-14,2495,4501.926506,6173.315,13124,15144.4,16584.915,19277.13814
2015-10-15,2337,4333.818495,6299.445,12644,14726.055,16200.76,18882.27195
2015-10-16,2389,3919.02205,6299.21,12476,14220.1,15655.625,18411.30391
2015-10-17,2296,3718.198894,5849.65,12309,13782.88,15215.055,17581.87386
2015-10-18,2134,3454.485009,5334.025,12061,13629.455,14980.61,17068.66164
2015-10-19,2045,3273.444047,4996.43,11814,13374.835,14717.365,16407.55336
2015-10-20,2358,3024.495036,4765.4,11275,13007.785,14163.16,15828.53926
2015-10-21,1986,2911.632538,4485,10537,12418.805,13770.825,15354.4079
2015-10-22,1977,2786.810871,4115.67,9795,11849.685,13090.56,14736.4171
2015-10-23,2184,2696.947742,4129.835,9053,10911.775,12313.52,13955.3096
2015-10-24,2194,2650.761757,4069.66,8429,10160.07,11513.025,13090.21461
2015-10-25,2306,2894.594594,3771.65,7755,9469.085,10732.44,12310.27127
2015-10-26,2265,2976.398073,3882.08,7305,8654.955,9971.73,11658.57856
2015-10-27,2214,3020.973057,3993.58,6909,8004.075,9203.015,10812.03413
2015-10-28,2184,2990.06681,4077.97,6608,7410.665,8662.105,9783.63057
2015-10-29,2174,2931.957047,4125.105,6312,7139.94,8248.02,9171.202989
2015-10-30,1996,2874.256392,4153.48,6023,6829.51,7904.84,8718.847907
2015-10-31,2006,2803.530512,4101.505,5900,6532.965,7440.63,8357.13847
2015-11-01,2084,2746.700506,4148.755,5900,6365.11,7223.04,7978.620392
2015-11-02,1948,2733.391889,4059.29,5900,6250.375,7128.115,7625.44084
2015-11-03,1797,2753.391209,3826.9,5779,6177.68,7046.845,7604.797907
2015-11-04,1760,2654.023971,3594.68,5579,6053.56,6992.725,7317.361869
2015-11-05,1769,2588.497134,3771.68,5619,5981.46,6884.62,7440.189637
2015-11-06,1714,2504.234955,3771.65,5579,6043.24,6871.11,7522.374586
2015-11-07,1634,2443.139179,3680.55,5480,6063.87,6965.68,7440.189637
2015-11-08,1589,2417.606681,3590.175,5343,5878.92,6844.16,7646.098576
2015-11-09,1546,2373.172703,3527.445,5226,5725.885,6655.46,7604.797907
2015-11-10,1511,2297.60536,3381.085,5073,5624.435,6480.815,7317.361869
2015-11-11,1502,2263.280912,3237.025,5035,5493.32,6293.24,7032.884313
2015-11-12,1607,2226.0063,3056.65,4997,5333.055,6106.225,6932.012695
2015-11-13,2006,2257.056574,3001.64,4846,5154.36,5906.54,6691.505122
2015-11-14,2452,2357.356517,2926,4753,4957.53,5654.6,6453.264507
2015-11-15,2348,2530.079567,2967.955,4606,4801.535,5443.34,6178.234452
2015-11-16,1788,2746.851765,3073.725,4442,4637.355,5232.96,6003.116971
2015-11-17,1853,2891.181458,3324.31,4264,4446.06,5062.63,5829.341463
2015-11-18,1958,2698.525288,3667.08,4176,4275.66,4827.795,5676.016028
2015-11-19,1958,2316.482615,3817.525,4158,4144.365,4478.07,5580.73958
2015-11-20,1967,2414.425309,3563.37,4123,4032.875,4542.365,5316.257047
2015-11-21,1938,2382.649551,3315.25,4193,4032.705,4464.845,5166.662854
2015-11-22,1929,2369.982507,3280.34,4317,3967.94,4310.285,5055.213109
2015-11-23,1625,2351.031784,3319.615,4442,4032.705,4387.485,5018.206565
2015-11-24,1426,2313.277382,3249.9,4479,4228.835,4568.235,4962.832013
2015-11-25,1393,2238.568386,3206.61,4406,4313.365,4645.96,4907.620533
2015-11-26,1376,2052.188205,3154.895,4264,4200.575,4841.005,5166.662854
2015-11-27,1351,1915.435966,3103.55,4158,4032.795,4439.525,5335.035567
2015-11-28,1360,1793.171044,2934.495,4071,3949.51,4156.175,5185.300216
2015-11-29,1351,1758.811964,2748.26,4123,3857.565,4169.035,4926.006188
2015-11-30,1401,1761.68246,2562.945,4123,3820.96,4181.8,4797.690244
2015-12-01,1384,1845.116192,2235.175,4123,3839.25,4245.975,4706.58765
2015-12-02,1351,1871.289981,2334.845,4088,3894.265,4297.37,4670.276415
2015-12-03,1319,1912.25201,2451.51,3967,3848.415,4066.745,4688.422727
2015-12-04,1311,2013.558667,2482.98,3663,3775.37,4015.525,4724.77115
2015-12-05,1303,2167.50415,2534.51,3646,3621.405,4041.12,4724.77115
2015-12-06,1335,2201.32384,2748.675,3466,3468.955,3849.94,4652.148747
2015-12-07,1368,2118.621035,3005.855,3353,3292,3571.32,4453.984826
2015-12-08,1319,2052.004444,3052.405,3305,3160.77,3345.035,4240.438938
2015-12-09,1311,2034.210999,2980.615,3337,3100.02,3220,4099.631969
2015-12-10,1360,1938.742929,2859.39,3337,3074.1,3207.53,3942.741759
2015-12-11,1434,1921.175032,2764.57,3385,3065.48,3195.065,3942.741759
2015-12-12,1485,1787.420556,2618.39,3515,3074.125,3232.485,3908.098311
2015-12-13,1511,1810.533867,2618.41,3613,3169.455,3282.455,3925.409918
2015-12-14,1351,1880.062873,2530.5,3730,3300.71,3395.33,3977.465971
2015-12-15,1360,1926.951836,2443.645,3713,3388.95,3495.845,4117.163871
2015-12-16,1239,1842.391224,2483,3613,3388.95,3445.405,4117.163871
2015-12-17,1223,1710.543784,2570.315,3547,3335.92,3583.905,4134.715558
2015-12-18,1239,1693.626812,2578.32,3401,3265.55,3546.07,4205.119355
2015-12-19,1239,1676.755312,2439.905,3305,3134.73,3407.745,4152.286988
2015-12-20,1468,1662.748381,2323.145,3226,3022.445,3257.48,4047.155365
2015-12-21,1660,1671.185803,2257.95,3195,2962.42,3120.44,3925.409918
2015-12-22,1678,1781.797964,2250.32,3179,2911.23,3083.08,3856.285309
2015-12-23,1742,1929.932377,2219.925,3163,2911.245,3033.42,3736.104436
2015-12-24,1742,2013.004123,2307.86,3148,2936.82,3058.23,3633.899371
2015-12-25,1733,2058.017492,2491.095,3086,2928.275,3083.06,3599.998379
2015-12-26,1742,2082.167579,2683.03,3009,2868.765,3008.65,3616.938361
2015-12-27,1705,2103.376674,2768.64,2963,2801.155,2996.335,3667.884288
2015-12-28,1418,2100.341152,2813.87,2963,2742.355,2946.755,3719.018223
2015-12-29,1434,2070.153624,2838.65,3009,2725.615,2934.385,3566.181683
2015-12-30,1410.764479,1856.984083,2867.665,3163,2734,2885.22,3448.492539
2015-12-31,1231,1690.817603,2851.1,3273,2775.92,2786.49,3365.073053
2016-01-01,1223,1648.79703,2809.77,3401,2885.815,2885.22,3398.375937
2016-01-02,1192,1590.676095,2401.705,3482,3039.77,3120.385,3415.059884
2016-01-03,1168,1530.351441,2284.76,3531,3065.48,3244.975,3532.449659
2016-01-04,1161,1511.36116,2152.165,3547,3152.05,3345.035,3599.998379
2016-01-05,1247,1503.247908,2118.405,3531,3186.86,3345.02,3667.884288
2016-01-06,1199,1508.657864,2062.735,3417,3213.035,3382.63,3701.952764
2016-01-07,1192,1527.631357,2036.935,3273,3117.39,3357.555,3753.211358
2016-01-08,1168,1511.36116,2011.25,3258,3013.875,3220.015,3960.09379
2016-01-09,1130,1481.719448,2014.915,3242,2953.865,3120.34,3908.098311
2016-01-10,1063,1444.225142,2018.58,3148,2962.42,3095.48,3787.487151
2016-01-11,1092,1407.102439,2000.28,3055,2851.98,3021.06,3633.899371
2016-01-12,1115,1349.421964,1974.765,2978,2750.755,2872.66,3650.881362
2016-01-13,1145,1295.226984,1934.91,2994,2650.6,2749.735,3599.998379
2016-01-14,1145,1328.687334,1877.45,3040,2625.72,2627.18,3498.802687
2016-01-15,1123,1372.910471,1834.745,3101,2658.9,2676.09,3365.073053
2016-01-16,1138,1378.149796,1806.49,3101,2700.545,2712.98,3265.688134
2016-01-17,1130,1380.771189,1757.4,3070,2725.615,2860.335,3298.728742
2016-01-18,1215,1349.421964,1778.38,3040,2725.6,2798.79,3381.713643
2016-01-19,1327,1349.44982,1810,2873,2683.895,2786.49,3331.857186
2016-01-20,1598,1430.990682,1802.96,2843,2609.18,2663.855,3331.857186
2016-01-21,2124,1538.578589,1760.885,2843,2543.255,2602.76,3249.200898
2016-01-22,2074,1663.009695,1788.895,2828,2526.84,2578.41,3183.473644
2016-01-23,2006,1974.637505,1838.29,2873,2477.765,2432.5,3167.09752
2016-01-24,2074,2176.66536,1971.155,2903,2477.75,2432.49,3101.817407
2016-01-25,2306,2167.458974,2266.475,2858,2477.75,2468.875,2972.34582
2016-01-26,2538,2179.884486,2691.545,2813,2485.915,2468.875,2892.173741
2016-01-27,2768,2405.22546,3035.575,2754,2445.195,2432.49,2940.207387
2016-01-28,2321.012604,2627.733701,3107.79,2754,2412.74,2420.4,2972.34582
2016-01-29,1985.378333,2692.658712,3298.025,2843,2380.38,2347.815,2972.34582
2016-01-30,2018.949688,2298.203951,3672.015,3101,2420.86,2359.9,2924.172911
2016-01-31,1742,2269.820041,4111.055,3434,2576.37,2505.425,2876.209168
2016-02-01,1581,2115.621939,4129.905,3882,2860.615,2848.115,2892.173741
2016-02-02,1368.267187,1968.338939,3731.06,4088,3204.615,3270.11,3053.094474
2016-02-03,1107,1915.210744,2864.745,4088,3415.59,3596.6,3331.857186
2016-02-04,1070,1796.45304,2443.685,4406,3585.405,3862.63,3599.998379
2016-02-05,1070,1498.121233,2526.565,4643,3830.28,4105.02,3856.285309
2016-02-06,1041,1344.231301,2554.39,4624,4060.6,4413.24,4047.155365
2016-02-07,1048,1326.090258,2323.525,4424,4181.76,4607.065,4240.438938
2016-02-08,1033,1359.841616,1993.605,3988.683333,4023.655,4594.145,4436.083603
2016-02-09,1026,1372.917399,1650.59,3557.68,3830.145,4310.285,4561.791277
2016-02-10,1026,1401.814848,1660.69,3351.74,3389.315,3875.43,4489.84443
2016-02-11,1011,1404.470685,1684.675,3253.02,3108.835,3458.08,4258.128016
2016-02-12,1004,1367.678074,1800.325,3128.866667,2928.38,3182.655,3960.09379
2016-02-13,1004,1370.296005,1906.44,2914.96,2818.045,2996.25,3667.884288
2016-02-14,997,1339.11046,1650.415,2715.953333,2725.655,2897.345,3498.802687
2016-02-15,1004,1279.81639,1664.125,2724,2526.95,2712.98,3398.375937
2016-02-16,983,1241.684488,1705.325,2666,2372.345,2359.9,3216.292827
2016-02-17,975,1208.955146,1736.555,2724,2308.025,2191.455,3036.898968
2016-02-18,990,1201.447533,1695.08,2739,2292.03,2107.82,2892.173741
2016-02-19,983,1196.452076,1575.99,2695,2332.08,2215.39,2780.915746
2016-02-20,990,1193.95796,1525.885,2637,2300.035,2167.45,2749.34097
2016-02-21,983,1191.463844,1509.32,2594,2244.21,2131.545,2749.34097
2016-02-22,1048,1193.95796,1515.94,2551,2188.77,2059.95,2733.589436
2016-02-23,1409,1188.995064,1447.265,2551,2165.105,2000.48,2686.479033
2016-02-24,1494,1290.671522,1408.145,2494,2149.37,1964.89,2670.823849
2016-02-25,1520,1593.333453,1424.245,2452,2118,1917.54,2608.446317
2016-02-26,1634,1662.826775,1463.29,2438,2071.17,1846.77,2624.004085
2016-02-27,1616,1787.532377,1542.55,2438,2032.35,1776.22,2670.823849
2016-02-28,1607,1903.469699,1733.265,2396,2009.16,1741.06,2561.920435
2016-02-29,1366.3775,1947.61895,1996.93,2341,1978.34,1717.67,2500.232519
2016-03-01,1210.743542,1865.633698,2238.995,2382,1932.35,1659.37,2454.229023
2016-03-02,1077,1691.12958,2483.855,2424,1909.46,1612.82,2408.452668
2016-03-03,1055,1479.246347,2896.785,2579,1932.35,1589.615,2317.589517
2016-03-04,1070,1380.774647,2578.935,2783,1970.67,1612.82,2302.535946
2016-03-05,1063,1393.909254,2212.895,3009,2063.445,1776.315,2272.506905
2016-03-06,1055,1386.020891,1782.36,3195,2268.21,2060.12,2272.506905
2016-03-07,1231,1378.170554,1681.225,3321,2469.69,2372.13,2347.774361
2016-03-08,1294,1354.682217,1681.225,3417,2675.595,2663.855,2577.404423
2016-03-09,1286,1441.55911,1664.125,3385,2843.41,2922.07,2844.350347
2016-03-10,1319,1407.308703,1519.305,3226,3005.24,3170.13,3036.898968
2016-03-11,1625,1457.585922,1569.28,3055,3013.875,3294.96,3216.292827
2016-03-12,2074,1391.363739,1647.275,2963,2919.825,3145.235,3431.765435
2016-03-13,2074,1396.66505,1736.505,2963,2734.055,2971.525,3515.615518
2016-03-14,2245,1596.814542,1722.615,2888,2592.66,2725.2,3431.765435
2016-03-15,2255,1912.590004,1712.23,2798,2518.635,2529.65,3249.200898
2016-03-16,2255,2155.226005,1757.485,2798,2445.195,2481.01,3085.553751
2016-03-17,2265,2219.817718,1997.555,2843,2388.46,2420.525,3020.726291
2016-03-18,2255,2222.910515,2491.88,2873,2356.2,2335.79,2924.172911
2016-03-19,2286,2226.0063,2809.925,2948,2396.55,2481.01,2892.173741
2016-03-20,2317,2222.910515,2934.38,2994,2477.765,2444.685,2828.456223
2016-03-21,2255,2232.200857,2955.33,2994,2543.255,2529.685,2828.456223
2016-03-22,2224,2257.038726,2959.525,3024,2576.15,2627.18,2860.268016
2016-03-23,2235,2241.506118,2976.345,3163,2592.64,2627.225,2908.161676
2016-03-24,2275,2207.458498,2997.4,3401,2625.845,2627.225,2940.207387
2016-03-25,2265,2204.374682,2984.755,3613,2851.9,2872.705,2956.265043
2016-03-26,2184,2238.401383,3052.87,3730,3039.695,3145.27,3020.726291
2016-03-27,2184,2238.407347,3389.895,3763,3230.59,3395.21,3134.412477
2016-03-28,2194,2204.374682,3146.435,3696,3291.9,3571.29,3348.454217
2016-03-29,2174,2170.524758,3022.81,3680,3283.105,3571.29,3566.181683
2016-03-30,2174,2167.458974,2913.81,3713,3274.32,3583.905,3667.884288
2016-03-31,2184,2173.605591,2530.52,3814,3274.335,3583.92,3736.104436
2016-04-01,2255,2149.079347,2736.14,3933,3362.455,3672.33,3821.845252
2016-04-02,2368,2155.20187,2871.82,3950,3442.22,3735.64,3684.908104
2016-04-03,2265,2173.596564,2938.625,3882,3522.495,3849.87,3736.104436
2016-04-04,2245,2201.293865,3048.165,3780,3477.82,3849.87,3873.535964
2016-04-05,2265,2253.93994,2963.765,3663,3388.97,3773.68,3942.741759
2016-04-06,2214,2222.910515,2984.78,3630,3274.335,3647.13,3908.098311
2016-04-07,2174,2219.817718,3056.72,3713,3178.15,3420.315,3821.845252
2016-04-08,2164,2204.374682,3077.925,3763,3230.515,3483.135,3719.018223
2016-04-09,2154,2182.811977,3001.64,3848,3318.315,3609.2,3650.881362
2016-04-10,2134,2167.455962,2988.985,3865,3371.275,3672.33,3667.884288
2016-04-11,2134,2164.390178,2988.985,3865,3415.54,3672.345,3736.104436
2016-04-12,2174,2146.022614,2930.19,3916,3406.675,3723,3770.338944
2016-04-13,1859.67,2118.599804,2921.82,3950,3415.56,3786.36,3770.338944
2016-04-14,1545.33,2040.076551,2909.29,3933,3451.09,3849.87,3753.211358
2016-04-15,1231,1872.140618,2888.45,3865,3459.995,3888.015,3787.487151
2016-04-16,1231,1522.724786,2863.52,3814,3424.425,3837.155,3821.845252
2016-04-17,1207,1386.034705,2699.76,3746,3397.81,3748.32,3856.285309
2016-04-18,1115,1336.471525,2358.77,3746,3353.57,3710.32,3873.535964
2016-04-19,1199,1290.028965,2033.485,3713,3318.29,3647.05,3770.338944
2016-04-20,1199,1323.706841,1754.075,3730,3318.29,3508.305,3719.018223
2016-04-21,1215,1417.718747,1643.61,3763,3300.685,3609.145,3701.952764
2016-04-22,1231,1354.626571,1613.025,3730,3327.1,3583.905,3719.018223
2016-04-23,1451,1362.452612,1670.95,3580,3327.1,3621.77,3753.211358
2016-04-24,1528,1407.212445,1674.37,3385,3230.515,3546.11,3753.211358
2016-04-25,1625,1618.519359,1650.415,3242,3048.34,3357.615,3753.211358
2016-04-26,1572,1790.287819,1674.37,2994,2877.365,3157.805,3599.998379
2016-04-27,1607,1778.81877,1764.52,2903,2683.895,2909.81,3465.241149
2016-04-28,1598,1764.530488,2022.665,2858,2559.735,2774.21,3381.713643
2016-04-29,1563,1730.360679,2254.16,2888,2494.095,2517.475,3216.292827
2016-04-30,1581,1741.723814,2280.87,2918,2477.75,2553.99,3036.898968
2016-05-01,1572,1778.837967,2273.22,2933,2526.84,2541.815,2940.207387
2016-05-02,1546,1836.425318,2265.58,2918,2502.26,2541.815,2956.265043
2016-05-03,1563,1859.636847,2284.71,2933,2502.26,2541.835,2988.449659
2016-05-04,1572,1865.45711,2373.435,3055,2535.035,2602.805,2988.449659
2016-05-05,1589,1859.655785,2435.805,3226,2592.7,2676.14,2972.34582
2016-05-06,1554,1819.072099,2475.1,3305,2725.655,2823.38,3020.726291
2016-05-07,1528,1830.630342,2475.1,3337,2843.375,2996.25,3085.553751
2016-05-08,1502,1810.422483,2435.805,3337,2919.75,3107.91,3150.743779
2016-05-09,1494,1778.825169,2404.53,3353,2953.865,3170.13,3216.292827
2016-05-10,1511,1741.733474,2385.05,3369,2953.865,3157.7,3331.857186
2016-05-11,1502,1693.626812,2361.76,3353,3013.875,3182.595,3415.059884
2016-05-12,1572,1702.15502,2319.285,3434,2962.465,3269.99,3448.492539
2016-05-13,1678,1798.908765,2366,3482,2996.66,3345.065,3431.765435
2016-05-14,1607,1874.400067,2273.225,3482,3039.62,3282.455,3515.615518
2016-05-15,1502,2018.980287,2338.64,3466,3100.14,3357.555,3583.079471
2016-05-16,1502,2004.084616,2443.685,3450,3143.365,3407.72,3566.181683
2016-05-17,1528,1918.128813,2606.475,3305,3160.77,3457.97,3616.938361
2016-05-18,1572,1932.853621,2756.355,3273,3082.745,3382.69,3719.018223
2016-05-19,1642,2001.14439,2756.34,3337,2962.42,3244.97,3633.899371
2016-05-20,1705,2115.530913,2864.235,3417,2996.66,3207.53,3532.449659
2016-05-21,1714,2082.313932,2856.31,3482,3005.24,3244.975,3532.449659
2016-05-22,1696,1944.657168,2703.54,3531,3074.1,3307.47,3566.181683
2016-05-23,1642,1891.753727,2909.315,3613,3300.685,3621.81,3701.952764
2016-05-24,1634,1859.636847,2834.605,3730,3318.36,3723,3873.535964
2016-05-25,1634,1856.73145,2715.615,3865,3486.93,3837.17,3994.85826
2016-05-26,1797,1885.905157,2622.44,4106,3639.96,4041.12,4187.488926
2016-05-27,1938,1980.356401,2570.315,4353,3757.16,4181.835,4364.670093
2016-05-28,1881,2100.344193,2542.41,4497,3949.62,4374.62,4436.083603
2016-05-29,1797,2037.185183,2699.76,4460,4153.695,4697.84,4834.260384
2016-05-30,1788,2039.97837,2756.49,4424,4181.75,4788.76,5185.300216
2016-05-31,1806,2037.056261,2842.97,4515,4088.43,4684.885,5110.857566
2016-06-01,1938,2176.725516,2972.15,4588,4079.12,4581.17,4889.253093
2016-06-02,1977,2201.377795,2938.56,4497,4144.365,4658.9,4724.77115
2016-06-03,1660,2288.279127,2942.77,4424,4144.365,4697.81,4761.193745
2016-06-04,1303,2401.693993,3090.85,4317,4069.835,4620.02,4779.432773
2016-06-05,1239,2385.866033,3232.555,4389,3967.94,4542.36,4797.690244
2016-06-06,1286,2217.311193,3350.415,4460,4014.18,4555.295,4688.422727
2016-06-07,1303,1926.951836,3576.86,4533,4023.43,4516.5,4597.877953
2016-06-08,1634,1906.375203,3202.965,5054,4079.12,4529.445,4579.825207
2016-06-09,1696,1995.736721,2963.765,5658,4427.22,4945.06,4615.949482
2016-06-10,1751,2079.970925,2822.19,6188,4889.165,5509.575,4724.77115
2016-06-11,1537,2310.240445,2715.505,6417,5767.01,6440.63,5092.291502
2016-06-12,1303,2382.708066,2805.78,6167,6022.645,6911.62,5676.016028
2016-06-13,1294,2204.878059,3048.37,5579,5940.42,6938.68,6178.234452
2016-06-14,1351,1932.953437,3262.985,5111,5604.44,6642.245,6473.030366
2016-06-15,1368,1821.971189,3215.355,4772,5105.015,6066.605,6453.264507
2016-06-16,1511,1790.287819,2926.385,4624,4618.205,5417.455,6139.204417
2016-06-17,1660,1787.417361,2654.845,4716,4379.535,5128.055,5790.908794
2016-06-18,1651,1816.236581,2546.39,5207,4351.21,4997.27,5580.73958
2016-06-19,1714,1929.932377,2634.53,5638,4608.75,5246.045,5485.891777
2016-06-20,1769,2012.997962,2638.52,5638,5214.75,5787.12,5580.73958
2016-06-21,1948,2028.013725,2687.1,5304,5514.29,6521.055,5810.116717
2016-06-22,1816,2158.352093,2834.525,4978,5174.585,6293.54,6217.329864
2016-06-23,1760,2263.26308,2855.22,4790,4928.38,5747.295,6631.730946
2016-06-24,1733,2257.056574,2930.25,4772,4733.865,5879.95,6691.505122
2016-06-25,1651,2229.114029,3189.45,4997,4705.15,5641.36,7256.151478
2016-06-26,1581,2275.735548,3385.445,5285,5027.815,6187.375,7276.539816
2016-06-27,1384,2263.352243,3271.655,5698,5554.78,7359.205,9345.110769
2016-06-28,1393,2124.8557,3249.915,5941,7433.71,9496.405,13185.60983
2016-06-29,1520,1968.338939,3478.665,6146,7552.355,10224.49,17376.10627
2016-06-30,1239,1935.796714,3540.835,6188,7794.565,9860,18359.16898
2016-07-01,1070,1983.240766,3585.675,6271,7323.64,9398.57,16864.50834
2016-07-02,1176,2064.055019,3465.08,6888,7390.67,8939.075,13114.04622
2016-07-03,1485,2048.990265,3420.885,8500,7937.995,9077.8,11290.43432
2016-07-04,1589,2140.244766,3572.205,10746,8182.13,10000.265,10428.80966
2016-07-05,1563,2373.439272,3438.58,11705,9767.785,11727.325,10698.94149
2016-07-06,1678,2617.998442,3289.075,13067,12559.65,14777.53,12568.84106
2016-07-07,1806,2955.214009,3686.13,14167,14674.22,16822.17,15878.66921
2016-07-08,2204,3636.35855,4403.685,14167,15831.985,17698.345,18359.16898
2016-07-09,2379,3585.150774,5088.53,13468,15540.55,17534.625,19435.68856
2016-07-10,2286,3476.142211,5599.91,12560,14478.885,16496.6,19462.14702
2016-07-11,2174,3339.934262,5547.29,11841,14078.77,16141.735,19621.09761
2016-07-12,1919,3121.464938,5307.94,11651,12907.44,14849.185,20019.9657
2016-07-13,1825,2966.25191,4970.91,12198,12957.31,14396.475,19568.07606
2016-07-14,2025,2773.435202,4631.84,13153,13617.03,14892.905,18882.27195
2016-07-15,2194,2777.267693,4421.775,14403,14284.895,15538.02,18541.81223
2016-07-16,2265,3191.35291,4201.07,15486,15066.095,16171.305,18073.12824
2016-07-17,2358,3379.152151,4220.16,14820,15724.775,16940.405,17814.12656
2016-07-18,2235,3526.857963,4475.17,13124,15170.955,16673.825,17995.32387
2016-07-19,2379,3404.249891,4705.865,11705,13758.33,15508.82,17659.20175
2016-07-20,2224,3236.978689,4920.265,10511,12307.36,14032.645,16458.16178
2016-07-21,2235,3152.758791,4890.125,9972,11177.66,12773.51,15180.69406
2016-07-22,2570,3131.897062,4760.295,9998,10243.33,11769.95,13834.28444
2016-07-23,3029,3340.092565,4651.35,10382,10230.7,11826.725,12781.45189
2016-07-24,3205,3677.465772,4641.505,10202,10396.84,11755.315,12545.276
2016-07-25,2925,4009.864515,4805.155,9670,10278.2,11826.885,12521.72266
2016-07-26,2646,4112.979038,5164.335,9126,9935.86,11698.55,12592.41782
2016-07-27,2431,3934.345793,5621.33,8714,9457.29,10973.01,13281.18809
2016-07-28,2317,3684.20456,5886.79,8595,9088.07,10492.265,13810.11292
2016-07-29,2306,3596.084607,5705.735,8714,8904.805,10308.945,13233.37612
2016-07-30,2712,3603.469238,5494.915,9396,9030.66,10238.55,12451.13299
2016-07-31,2657,3773.24487,5500.155,10563,9388.13,10323.165,11612.38985
2016-08-01,2506,3896.417831,5489.68,11062,10266.88,11513.19,11382.17688
2016-08-02,2463,3806.884777,5453.105,10851,10827.285,12112.765,12053.13123
2016-08-03,2581,3571.04286,5531.555,10511,10911.385,12428.21,14100.90728
2016-08-04,2657,3548.717807,5479.225,10408,10851.22,12672.845,17247.82783
2016-08-05,3041,3765.9139,5313.035,10253,10587.55,12385.215,18229.00309
2016-08-06,3458,4132.419403,5495.15,10330,10444.47,12069.82,16635.61552
2016-08-07,4267,4549.67468,5790.725,10956,10396.84,11926.75,15180.69406
2016-08-08,4348,4887.205486,6113.63,11168,10695.33,12256.035,14125.2124
2016-08-09,4375,5396.412131,6475.955,11248,10887.305,12399.49,14076.61323
2016-08-10,4214,5800.817718,6913.615,11678,10887.325,12356.44,14368.87136
2016-08-11,3911,5848.372084,7407.755,12337,12270.9,13801.695,15279.89505
2016-08-12,3276,6160.413955,7594.41,13699,14034.55,15833.54,18385.23155
2016-08-13,3373,6854.770412,7920.83,15212,16138.42,18594.805,20850.97258
2016-08-14,3041,7013.655791,8843.045,16729,16632.915,18894.1,22814.97004
2016-08-15,3229,8922.138805,8968.305,18076,17051.47,18684.24,22237.31853
2016-08-16,3657,9306.602647,10905.045,19233,17759.545,18999.265,21283.35715
2016-08-17,3644,8297.655113,11387.19,20592,18738.55,19720.895,21690.84138
2016-08-18,3899,7839.152308,10452.605,21602,19885.58,20808.545,22732.20866
2016-08-19,3682,7763.390133,9931.37,22310,20907.33,21689.6,24037.8725
2016-08-20,3847,11109.90365,11331.945,22560,21668,22787.18,25903.41181
2016-08-21,4539,9666.723735,13417.67,23172,22159.725,23108.5,27485.79078
2016-08-22,4622,8533.516281,12177.735,23536,22508.56,23415.07,27311.96517
2016-08-23,5147,8146.636121,11076.395,23902,22741.89,23645.14,27747.07546
2016-08-24,5427,7833.333263,10875.65,24086,22771.11,23721.91,28652.03579
2016-08-25,5250,7538.028465,10445.64,23719,22829.57,23798.715,28769.3631
2016-08-26,4832,7472.359735,9956.84,22775,22494.23,23645.165,28330.04149
2016-08-27,4042,6955.424583,9744.38,21637,21942.365,23108.51,27427.81648
2016-08-28,3632,6690.940077,9330.935,20903,21380.205,22725.99,26619.59509
2016-08-29,3657,6291.184125,8998.43,20351,20864.35,22206.835,26132.0275
2016-08-30,3349,6206.987069,8719.53,20317,20550.78,21917.27,25703.8101
2016-08-31,2994,6171.866628,8535.31,20078,20238.52,21658.495,25305.83657
2016-09-01,3122,5865.840232,8461.99,20489,20111.125,21400.07,25107.46775
2016-09-02,3006,5689.058968,8099.1,21147,20238.52,21293.745,24205.93463
2016-09-03,3557,5480.366859,7771.34,20938,20508.115,21521.64,23619.07768
2016-09-04,3745,5391.802303,7378.61,20661,20366.105,21491.24,23452.10667
2016-09-05,3682,5801.994144,7199.135,20558,20351.955,21521.67,23396.51941
2016-09-06,3847,7061.512364,7436.825,20523,20807.3,22466.265,24093.85876
2016-09-07,3847,7052.317366,8592.555,20523,21567,22894.215,27514.79008
2016-09-08,3834,6460.63482,9255.17,20283,21581.47,22863.645,28154.81501
2016-09-09,4055,6389.062531,8899.045,20592,20878.61,22161.125,27196.2438
2016-09-10,4200,6564.446948,8553.655,21182,20778.66,21841.115,25732.2996
2016-09-11,4294,7323.82088,8486.46,21884,21653.91,22558.3,25135.78084
2016-09-12,4147,8175.988058,9225.225,22596,22654.38,23522.395,26677.11255
2016-09-13,3783,7425.712211,10590.505,22596,24162.945,24956.22,30604.00249
2016-09-14,3783,6673.44098,10301.38,22811,26195.23,28029.02,35442.31025
2016-09-15,3644,6176.088352,9521.625,23172,26104.33,27373.595,39087.48833
2016-09-16,3409,6105.646422,8732.225,23572,25681.3,26735.365,37756.79946
2016-09-17,2768,6022.773167,8468.115,23245,25289.975,26176.265,34361.25101
2016-09-18,2265,5599.449381,8352.48,22061,24512.275,25494.625,33075.77883
2016-09-19,2603,5050.704824,8255.58,20592,23343.32,24614.37,32832.40403
2016-09-20,2812,4964.351937,7895.775,19033,22961.695,24275.395,32528.85594
2016-09-21,2790,5054.614867,7943.42,17914,21337.65,23292.555,31622.71274
2016-09-22,2723,4915.410633,7659.165,17014,19843.44,21628.37,29801.35904
2016-09-23,2603,4677.458586,7320.52,16602,19030.14,20596.5,28271.60069
2016-09-24,2495,4458.584232,6975.96,16697,18876.965,20203.415,27805.22749
2016-09-25,2452,4309.794261,6670.9,16320,19099.785,20460.315,27167.33378
2016-09-26,2389,4158.796906,6409.4,15334,18807.585,19767.01,25703.8101
2016-09-27,2214,4128.066043,6514.735,14492,18006.35,19495.055,25504.61786
2016-09-28,2035,4317.495274,6359.81,13874,17227.775,18984.115,24937.76679
2016-09-29,2025,4294.509777,6266.25,13439,16485.31,18235.51,25050.86692
2016-09-30,2368,4205.108715,6310.195,13153,16606.05,18624.425,25135.78084
2016-10-01,2327,4407.644294,6178.76,13039,16244.005,18489.685,25817.81818
2016-10-02,2144,4239.826609,6173.315,12897,15764.65,17623.96,25874.87226
2016-10-03,2104,4412.9017,6343.16,12616,15433.885,17073.92,24262.02415
2016-10-04,2184,3840.415562,6184.3,12033,15000.215,16599.75,22018.29593
2016-10-05,2379,3695.254245,5967.55,11678,14504.865,16141.715,20313.81416
2016-10-06,2064,3695.279824,5758.635,11435,14491.875,16038.465,19541.57954
2016-10-07,1996,3750.765981,5902.875,11168,14530.77,16141.68,20287.05388
2016-10-08,2064,3636.466511,5827.98,10772,14207.21,15935.3,21418.95783
2016-10-09,1929,3468.93879,5626.305,10253,13719.02,15508.655,22787.37407
2016-10-10,1891,3440.120044,5369.94,9947,13184.655,14907.49,23119.10795
2016-10-11,1919,3581.449359,5246.725,9745,12705.98,14308.83,21827.12291
2016-10-12,2016,3563.208209,5194.655,9520,12318.975,13814.315,20635.66408
2016-10-13,2124,3559.573946,5904.4,9224,12009.18,13437.44,20046.63232
2016-10-14,2358,3512.310576,5631.69,8931,11676.975,13032.76,18411.30391
2016-10-15,2104,3537.768465,5385.5,8762,11444.65,12758.94,17247.82783
2016-10-16,1910,3654.728513,5256.16,8810,11776.07,12888.705,16711.8211
2016-10-17,1788,3487.123152,5323.26,9347,12856.62,13988.77,18908.52897
2016-10-18,1669,3265.329037,5328.43,9175,12894.285,14134.08,18803.55889
2016-10-19,1660,3010.897011,5087.4,8738,12133.08,13582.32,18567.94315
2016-10-20,1705,2833.745699,4755.515,8311,11457.245,12960.665,17222.20235
2016-10-21,1986,2827.02163,4480.06,8054,10875.385,12313.52,15979.05484
2016-10-22,2045,2870.881879,4097.345,7893,10361.245,11783.875,15032.21393
2016-10-23,2204,2935.353655,3758.28,7619,10183.37,11584.15,14638.16485
2016-10-24,2174,2918.334929,4078.09,7238,10147.99,11855.285,15678.40159
2016-10-25,2104,3104.006151,4296.51,6758,9865.475,11626.91,16155.13177
2016-10-26,2094,3201.780116,4392.695,6587,9608.31,11185.875,15478.80884
2016-10-27,2134,3079.676913,4558.135,6460,9214.48,10647.495,14368.87136
2016-10-28,2174,3093.546947,4656.36,6375,9019.22,10309.015,13400.91737
2016-10-29,2379,3090.087544,4523.83,6417,8745.415,9859.73,12757.78189
2016-10-30,2846,3065.828516,4421.685,6481,8631.925,9719.32,12123.11773
2016-10-31,1891,3138.797161,4392.665,6565,8552.77,9691.315,11543.19792
2016-11-01,1660,3159.766448,4363.71,6587,8462.515,9593.42,11290.43432
2016-11-02,1834,2949.192329,4465.385,6608,8394.995,9509.61,11153.18992
2016-11-03,2265,2716.806652,4354.105,6823,8655.52,9481.71,11130.35911
2016-11-04,2960,2667.186107,4186.795,7238,9678.625,10436.23,13066.39448
2016-11-05,3241,2942.747569,3956.37,7439,10230.7,11285.255,13689.42343
2016-11-06,2857,3372.722072,3845.12,7238,10077.295,11356.325,13761.80348
2016-11-07,2613,3717.432912,4068.86,6866,9585.2,10887.98,14246.904
2016-11-08,2463,3610.761046,4622.685,6438,9042.19,10210.415,13593.0741
2016-11-09,2570,3451.059622,5594.955,6125,8598.06,9887.445,13520.93049
2016-11-10,2857,3394.294166,5663.205,5982,8271.78,9593.52,13281.18809
2016-11-11,3361,4277.698705,5521.16,6084,7849.395,9119.515,12451.13299
2016-11-12,3669,5043.087393,5385.5,6801,7563.245,8731.03,11612.38985
2016-11-13,4029,5338.107982,6218.335,7847,7838.195,8855.82,10834.69038
2016-11-14,3707,4805.768096,6453.57,8429,8779.78,9677.465,10518.6503
2016-11-15,3276,4773.545566,6381.69,8335,9387.675,10351.255,10812.03413
2016-11-16,3052,4533.816444,6436.955,8264,9434.01,10492.18,11359.22282
2016-11-17,2624,4282.713067,6260.8,8500,9295.17,10435.75,11704.81575
2016-11-18,2337,3975.99689,5989.11,8714,9272.085,10351.19,11566.24973
2016-11-19,2368,3585.982107,5658.025,8786,9352.935,10463.975,11428.12176
2016-11-20,2306,3300.718891,5333.77,8738,9457.175,10492.17,11405.1432
2016-11-21,2235,3152.734623,4965.775,8500,9157.005,10492.265,11428.12176
2016-11-22,2214,3121.384131,4626.8,7870,9272.105,10421.665,11497.13084
2016-11-23,2204,3034.791677,4363.72,7801,8745.845,10280.8,11497.13084
2016-11-24,2184,2962.691097,4320.43,7305,8204.545,9929.57,11382.17688
2016-11-25,2255,3052.083149,4239.07,6801,7904.85,9356.145,11061.94105
2016-11-26,2389,2881.311849,4153.48,6375,7443.44,8897.435,10653.79271
2016-11-27,2538,2790.280237,4172.455,6023,7108.005,8399.59,10115.9826
2016-11-28,2245,3031.334994,4106.315,5779,6659.505,7932.24,9629.543828
2016-11-29,2204,3076.222929,3998.255,5579,6596.545,7631.33,9192.894118
2016-11-30,2224,2990.476198,4106.235,5421,6022.905,7386.07,8633.375484
2016-12-01,2358,2860.835826,4234.27,5362,6188.865,7141.745,8357.13847
2016-12-02,2712,2843.894185,4267.88,5226,5584.15,6857.62,8062.333386
2016-12-03,2971,2972.987739,4087.43,4997,5807.925,6763.215,7770.354807
2016-12-04,2098.551354,3149.296588,3956.29,4884,5443.555,6668.925,7708.160415
2016-12-05,1632.483021,3230.07758,4012.305,4978,5353.41,6333.375,7791.115641
2016-12-06,1552.046667,2831.978285,4243.89,5035,5264.5,6172.95,7728.877175
2016-12-07,1360,2411.654969,4373.355,4997,5473.26,6092.93,7584.169796
2016-12-08,1294,2170.560884,4125.41,4959,5065.53,5986.465,7501.805953
2016-12-09,1223,2088.229499,3694.14,4940,5334.82,5866.7,7296.943286
2016-12-10,1262,2019.072623,3023.25,4997,4850.275,5774.29,7134.140372
2016-12-11,1327,1924.011867,2768.64,5111,4724.055,5403.815,7134.140372
2016-12-12,1634,1882.955716,2723.725,5092,5105.67,5681.05,6972.315043
2016-12-13,1779,1912.377192,2674.89,4903,5155.335,5826.895,6751.420975
2016-12-14,1751,2097.582475,2538.54,4569,4908.685,5840.235,6811.477912
2016-12-15,1751,2247.715587,2424.065,4389,4531.995,5298.905,7012.679151
2016-12-16,1844,2260.149416,2626.595,4055.546667,4408.345,4906.035,7235.778294
2016-12-17,1853,2266.379714,2938.71,3825.236667,3940.37,4685.15,7915.987741
2016-12-18,2114,2310.145931,3048.165,3580,3903.86,4361.89,7791.115641
2016-12-19,2184,2354.207367,3082.18,3482,3784.44,4323.095,7256.151478
2016-12-20,2134,2449.638367,3120.605,3434,3720.8,4259,6891.772277
2016-12-21,2124,2546.195291,3176.415,3564,3576.285,4092.32,6453.264507
2016-12-22,2114,2504.14851,3267.295,3730,3486.75,3951.765,6315.353152
2016-12-23,2204,2520.292931,3420.755,3848,3549.355,4041.035,6041.916639
2016-12-24,2410,2529.999138,3478.4,3916,3621.29,4130.555,5964.383571
2016-12-25,2474,2510.635648,3465.05,3916,3720.765,4233.15,5945.041785
2016-12-26,2463,2617.921691,3500.63,3950,3876.045,4413.355,5945.041785
2016-12-27,2317,2654.448581,3500.635,4019,3748.015,4348.98,5964.383571
2016-12-28,2296,2443.426613,3567.735,4123,3784.51,4258.87,5714.245864
2016-12-29,2224,2660.59655,3716.905,4141,3839.25,4387.58,5448.073452
2016-12-30,2235,2604.819126,3771.65,4141,3875.925,4426.22,5466.973958
2016-12-31,2235,2559.18089,3721.45,4158,3866.74,4348.83,5448.073452
2017-01-01,2106.371146,2542.950322,3621.725,4071,3894.335,4348.83,5448.073452
2017-01-02,1929,2520.430972,3567.72,4123,3921.86,4361.72,5504.82688
2017-01-03,2074,2443.147889,3527.41,4141,3848.415,4284.53,5429.190286
2017-01-04,2184,2408.059653,3514.02,4193,3830.2,4284.53,5241.318674
2017-01-05,2410,2494.505678,3438.455,4246,3875.975,4348.83,5278.752659
2017-01-06,2327,2588.565593,3337.12,4228,3894.265,4361.695,5297.496067
2017-01-07,2452,2710.250757,3376.67,4246,3958.755,4387.45,5372.645119
2017-01-08,2154,2773.384932,3514.035,4193,3977.185,4451.935,5278.752659
2017-01-09,1597.184583,2773.435202,3653.36,4193,3995.665,4490.67,5260.026852
2017-01-10,1480.636667,2544.040209,3794.58,4246,3958.72,4477.765,5203.955326
2017-01-11,1327,2494.505678,3817.525,4317,3903.45,4361.695,5185.300216
2017-01-12,1368,2372.362391,3726.08,4442,3894.265,4323.095,5110.857566
2017-01-13,1393,2223.018103,3421.53,4569,3958.72,4413.265,5055.213109
2017-01-14,1368,2158.430502,3159.26,4606,3931.06,4374.57,5055.213109
2017-01-15,1327,2226.549999,3014.325,4479,3995.665,4451.945,5018.206565
2017-01-16,1199,2001.057974,3001.64,4335,4116.365,4594.11,5018.206565
2017-01-17,1184,1974.513537,3060.91,4193,4256.9,4633.125,5055.213109
2017-01-18,1176,1821.987069,2930.29,4053,4238.18,4620.085,5129.441499
2017-01-19,1207,1753.135195,2776.965,3899,3977.215,4607.08,5185.300216
2017-01-20,1520,1696.439274,2610.515,3848,3866.835,4439.095,5129.441499
2017-01-21,1625,1741.733474,2431.975,3763,3639.54,4220.285,4999.730315
2017-01-22,1642,1807.602956,2326.99,3597,3540.435,3951.7,5055.213109
2017-01-23,1669,1947.637622,2284.7,3450,3468.915,3849.87,4761.193745
2017-01-24,1929,2010.011421,2338.64,3289,3433.31,3799.05,4543.776199
2017-01-25,2124,2049.020905,2498.94,3210,3380.14,3684.985,4418.201483
2017-01-26,1326.631458,2201.503692,2646.615,3163,3230.59,3634.59,4761.193745
2017-01-27,1220.150104,2301.000005,2731.85,3466,3039.695,3345.11,4597.877953
2017-01-28,1214.513438,1998.673561,2838.805,3466,2962.42,3170.13,4507.802741
2017-01-29,1123,1657.205104,2889.54,3547,2902.725,3120.385,4222.769372
2017-01-30,1130,1549.425458,2922.245,3646,2834.91,3021.06,4099.631969
2017-01-31,1231,1533.074872,2547.02,3564,2971.12,3058.25,3942.741759
2017-02-01,1176,1533.074872,2220.21,3646,2979.535,3269.95,3890.806978
2017-02-02,1138,1524.917978,2084.95,3630,3074.1,3357.555,4012.270616
2017-02-03,1130,1549.418783,2055.35,3547,3169.455,3470.54,4082.11989
2017-02-04,1176,1560.352577,2051.66,3321,3256.79,3546.08,4222.769372
2017-02-05,1247,1563.092687,2040.61,3163,3300.685,3634.41,4293.564552
2017-02-06,1434,1549.418783,2025.93,3086,3230.54,3609.2,4329.078678
2017-02-07,1589,1535.791606,1974.78,3101,3074.175,3407.78,4364.670093
2017-02-08,1616,1500.554723,1949.36,3070,2902.805,3195.145,4329.078678
2017-02-09,1625,1484.378792,1945.745,3070,2750.755,2971.48,4134.715558
2017-02-10,1625,1468.270476,2055.515,3055,2683.87,2811.08,3960.09379
2017-02-11,1742,1479.043207,2235.265,2994,2708.89,2835.695,3821.845252
2017-02-12,2094,1679.825031,2431.94,2918,2667.22,2811.15,3770.338944
2017-02-13,2286,1877.292802,2518.575,2933,2634.01,2725.1,3736.104436
2017-02-14,2296,2010.085391,2562.395,3055,2625.72,2749.64,3684.908104
2017-02-15,2204,2103.394911,2614.46,3195,2584.395,2639.47,3633.899371
2017-02-16,2245,2213.671024,2675.325,3258,2526.84,2590.56,3599.998379
2017-02-17,2723,2313.330524,3023.015,3337,2609.225,2762.395,3515.615518
2017-02-18,2701,2417.615419,3250.015,3401,2734,2860.335,3465.241149
2017-02-19,2756,2507.445373,3297.76,3369,2801.235,2909.68,3532.449659
2017-02-20,2679,2614.656718,3328.405,3597,2851.85,2897.345,3650.881362
2017-02-21,2329.527083,2696.91394,3536.55,3780,2962.41,3008.63,3719.018223
2017-02-22,2097.380833,2803.906301,3762.64,3899,2996.66,3357.555,3736.104436
2017-02-23,2204,2654.023971,3863.585,3984,3074.175,3345.035,3856.285309
2017-02-24,2592,2556.090551,3877.435,4158,3213.035,3546.3,4047.155365
2017-02-25,2756,2414.436964,3749.225,4299,3362.415,3722.97,4099.631969
2017-02-26,2756,2504.20614,3315.64,4371,3433.315,3799.06,4134.715558
2017-02-27,2756,2631.109397,3116.325,4424,3612.265,3964.46,4258.128016
2017-02-28,2756,2760.031532,3324.31,4299,3738.965,4117.75,4311.311935
2017-03-01,2756,2786.755097,3662.575,4123,3811.83,4348.865,4346.864743
2017-03-02,2734,2780.064431,3789.985,4002,3903.45,4413.265,4471.905113
2017-03-03,2745,2783.408369,3840.515,4036,3857.705,4426.175,4579.825207
2017-03-04,2723,2776.720493,3831.305,4141,3757.16,4258.83,4706.58765
2017-03-05,2516,2770.0382,3835.91,4281,3630.29,4117.795,4652.148747
2017-03-06,2225.6425,2780.064431,3826.71,4442,3567.295,4028.275,4597.877953
2017-03-07,2191.356458,2684.084616,3835.91,4515,3639.325,4015.525,4436.083603
2017-03-08,2204,2411.526702,3812.94,4569,3775.37,4207.46,4346.864743
2017-03-09,2559,2238.401383,3707.915,4588,3885.125,4297.355,4418.201483
2017-03-10,2646,2307.265641,3456.57,4606,3995.665,4439.055,4561.791277
2017-03-11,2624,2517.116983,3172.265,4551,4125.865,4490.855,4634.039758
2017-03-12,2452,2686.988682,3133.55,4442,4163.135,4671.87,4742.973192
2017-03-13,2400,2690.313077,3315.38,4299,4144.395,4684.925,4797.690244
2017-03-14,2389,2624.474388,3612.805,4158,4116.365,4788.76,4815.966126
2017-03-15,2306,2549.443124,3707.77,4106,4069.835,4723.77,4852.572986
2017-03-16,2431,2517.065197,3653.47,4141,3940.28,4542.48,4834.260384
2017-03-17,2484,2507.399287,3567.72,4317,3820.98,4387.58,4907.620533
2017-03-18,2474,2578.699358,3509.565,4371,3675.47,4168.98,4852.572986
2017-03-19,2474,2585.217897,3442.875,4389,3775.505,4220.285,4634.039758
2017-03-20,2463,2585.22075,3434.02,4569,3857.59,4413.3,4615.949482
2017-03-21,2484,2546.218225,3536.355,4551,4042.445,4555.385,4688.422727
2017-03-22,2538,2471.972107,3576.715,4533,4079.35,4594.11,4724.77115
2017-03-23,2548,2533.232626,3576.715,4533,4051.25,4594.11,4779.432773
2017-03-24,2635,2562.434446,3522.945,4551,4228.835,4620.085,4815.966126
2017-03-25,2164,2585.22075,3514.015,4533,4238.05,4542.48,4834.260384
2017-03-26,2124,2478.482554,3540.835,4515,4172.395,4840.83,4962.832013
2017-03-27,2421,2332.181088,3572.205,4515,4209.875,4827.775,5036.70084
2017-03-28,2668,2278.852182,3505.17,4497,4219.23,4892.9,4981.27212
2017-03-29,2756,2341.922602,3332.885,4551,4181.76,4775.75,4962.832013
2017-03-30,2613,2667.338733,3197.955,4643,4125.695,4775.805,5036.70084
2017-03-31,2538,2810.21841,3324.475,4588,4069.835,4801.775,5148.043272
2017-04-01,2538,2770.049375,3599.57,4515,4125.73,4958.1,5092.291502
2017-04-02,2548,2793.651981,3831.355,4424,4153.72,4827.95,5166.662854
2017-04-03,2646,2693.600825,3900.56,4317,4135.02,4801.865,5036.70084
2017-04-04,2516,2673.77567,3790.005,4479,4125.695,5010.345,4926.006188
2017-04-05,2174,2700.212973,3291.015,4643,4051.26,4945.125,4926.006188
2017-04-06,1760,2700.218605,3716.875,4753,3995.665,4932.005,5092.291502
2017-04-07,1844,2644.152372,3721.425,4772,4088.6,4971.185,5018.206565
2017-04-08,2421,2598.274941,3608.18,4735,4153.76,4932.005,4981.27212
2017-04-09,2613,2555.987464,3452.265,4716,4285.06,4971.145,4981.27212
2017-04-10,2646,2491.277944,3116.825,4735,4408.05,5128.18,5073.74334
2017-04-11,2613,2562.463059,2888.45,4735,4360.6,5272.41,5241.318674
2017-04-12,1524.995104,2627.733701,2913.535,4569,4322.785,5219.79,5335.035567
2017-04-13,1445.472917,2670.479475,3359.545,4264,4285.04,5206.72,5429.190286
2017-04-14,1311,2621.428202,3662.48,4071,4303.955,5154.24,5372.645119
2017-04-15,1343,2342.319707,3689.69,4088,4172.415,5049.545,5241.318674
2017-04-16,1327,2039.97837,3215.985,4264,3968.005,4932.175,5148.043272
2017-04-17,1294,1998.080696,2659.56,4479,3775.335,4645.96,5073.74334
2017-04-18,1278,1953.533171,2327.135,4088,3621.265,4439.15,4926.006188
2017-04-19,1418,1921.062527,2254.27,4264,3757.215,4387.45,4670.276415
2017-04-20,2144,1877.292802,2174.665,4479,3986.75,4658.915,4579.825207
2017-04-21,2668,1761.68246,2084.95,4533,4060.535,4840.785,4688.422727
2017-04-22,2690,1907.333796,2066.435,4371,4041.975,4958.2,4889.253093
2017-04-23,2657,2313.891482,2140.95,4071,3866.74,4749.865,4962.832013
2017-04-24,2679,2637.642194,2552.605,3746,3594.26,4233.245,4999.730315
2017-04-25,2690,2743.838513,3294.96,3482,3406.7,4233.405,4852.572986
2017-04-26,2679,2908.219462,3803.95,3515,3265.55,3977.325,4634.039758
2017-04-27,2495,2979.81115,4021.77,3696,3213.035,3964.46,4561.791277
2017-04-28,2484,2904.809127,4101.515,4106,3195.58,3799.13,4400.338499
2017-04-29,2474,3052.007209,4087.37,4515,3178.225,3837.155,4525.780009
2017-04-30,1900,2993.872795,4092.085,4716,3318.805,3824.45,4400.338499
2017-05-01,1572,2618.305447,3984.27,4997,3585.615,4053.87,4418.201483
2017-05-02,1368,2401.729016,3845.155,5092,3977.575,4632.975,4471.905113
2017-05-03,1092,2149.21336,3717.015,5092,4417.67,5272.545,4561.791277
2017-05-04,1589,1787.497233,3426.01,5016,4560.75,5509.31,4944.410025
2017-05-05,2463,1704.993387,2972.96,4940,4666.265,5641.38,5656.926611
2017-05-06,2624,1777.955736,2618.92,4846,4685.48,5681.05,5790.908794
2017-05-07,2646,2348.532156,2365.795,4569,4733.7,5826.84,5829.341463
2017-05-08,2646,2660.607864,2257.985,4317,4801.825,5813.695,5887.116385
2017-05-09,2657,2696.90549,2675.745,4106,4608.455,5773.785,6139.204417
2017-05-10,2646,2686.983042,3426.01,3831,4446.06,5654.94,5983.741975
2017-05-11,2646,2686.983042,3721.45,3696,4163.085,5285.575,6061.34126
2017-05-12,2668,2693.600825,3762.5,3950,4041.99,5049.545,5983.741975
2017-05-13,2690,2770.040994,3776.235,4406,3811.92,4827.95,5676.016028
2017-05-14,2690,2776.723285,3849.74,4865,3648.515,4620.02,5353.831601
2017-05-15,2690,2790.101825,3919.135,5092,3594.3,4348.83,5092.291502
2017-05-16,2857,2813.590179,3919.1,5169,3912.72,4827.775,4926.006188
2017-05-17,2971,2915.130872,4539.65,5362,4455.695,5496.14,5148.043272
2017-05-18,3193,3121.464938,5814.595,5658,4889.24,6013.55,5714.245864
2017-05-19,3288,3300.793031,6244.85,6629,4918.38,6387.015,6512.61003
2017-05-20,3193,3534.144598,5854.695,8124,5184.41,6480.79,6992.489387
2017-05-21,3017,3640.031516,5732.095,9199,5293.285,6898.56,7154.437489
2017-05-22,2891,3585.114631,5463.615,9126,6306.07,7467.81,7440.189637
2017-05-23,2690,3407.818799,5333.625,8955,7501.37,8996.865,7625.44084
2017-05-24,2495,3251.132652,5102.61,8907,8974.29,10323.12,8230.450417
2017-05-25,2559,3052.153664,4925.32,8762,9168.405,10930.555,9916.218539
2017-05-26,2668,2867.532251,4820.08,8429,9400.215,11370.555,11244.63683
2017-05-27,2790,2843.894185,4735.51,7870,9492.03,11299.435,12169.83492
2017-05-28,2801,2931.970776,4558.375,7394,8997.015,11228.41,13329.04567
2017-05-29,2701,3024.429763,4282.07,7062,8643.48,10774.715,14149.52861
2017-05-30,2035,3058.91244,4243.83,6844,8395.045,10647.47,14100.90728
2017-05-31,1460,2973.250208,4334.825,6608,8160.01,10704.01,13617.14454
2017-06-01,1319,2746.700506,4349.255,6438,8586.69,10576.99,12757.78189
2017-06-02,1107,2476.040493,4306.145,6354,8126.94,10210.415,12357.17802
2017-06-03,1123,1810.533867,3928.94,6188,7783.325,9873.875,12029.82625
2017-06-04,1262,1721.923121,3317.215,6002,7981.885,9649.38,11267.52942
2017-06-05,1919,1607.199455,2889.065,6105,6925.35,9273.09,10766.75931
2017-06-06,1742,1563.252469,2562.96,6736,7291.17,8980.63,10249.74243
2017-06-07,1891,1813.340677,2369.54,6866,7118.37,8675.75,9827.774048
2017-06-08,2559,1921.375043,2393.025,6629,7172.3,8731.095,9717.514124
2017-06-09,2548,2183.142558,2890.51,6608,7530.55,9175.145,10518.6503
2017-06-10,2474,2450.27662,3690.16,6651,8159.845,9789.37,11290.43432
2017-06-11,2506,2952.451905,3965.65,6975,8518.955,10591.32,12357.17802
2017-06-12,2690,3072.766247,4167.86,8008,8859.16,11342.125,13520.93049
2017-06-13,2790,3097.027958,4325.225,8643,8643.295,11285.255,14662.7116
2017-06-14,2756,3086.641661,4277.265,8738,8802.905,11072.365,15354.4079
2017-06-15,2400,3152.737308,4229.515,8500,10468.795,12328.575,15279.89505
2017-06-16,2035,3104.006151,4325.345,8241,10839.235,12975.06,15106.40571
2017-06-17,1872,2990.06681,4509.15,8217,10528.225,12485.74,14933.44218
2017-06-18,2296,2942.177066,4441.16,8810,9994.875,12141.48,14173.85588
2017-06-19,2055,2870.992417,4248.825,9770,9935.83,12744.62,13713.53889
2017-06-20,1642,2713.521661,3928.52,10746,10147.99,12730.11,14149.52861
2017-06-21,1607,2601.744975,3572.345,11168,10468.25,12658.16,14295.65791
2017-06-22,1537,2395.462683,3482.825,11062,11008.045,12802.125,13979.54809
2017-06-23,1537,2269.582466,3500.635,10511,11579.065,13495.37,13785.9526
2017-06-24,1919,2164.408256,3280.59,10074,11959.805,13814.305,14638.16485
2017-06-25,2184,1974.312094,3023.015,9770,12108.08,14104.955,15979.05484
2017-06-26,2084,1854.050374,2830.385,9077,11542.765,13727.28,16432.85241
2017-06-27,1319,1755.963936,2822.275,8500,11056.535,13090.595,15778.45129
2017-06-28,1303,1671.577177,3061.14,8054,10528.335,12155.865,14589.10404
2017-06-29,1451,1598.836918,3403.475,8101,10006.905,11427.52,13882.66101
2017-06-30,1834,1739.304307,3776.445,8500,9527.095,10916.335,13665.31922
2017-07-01,2164,2241.744595,3961.36,8931,9179.96,10478.085,13257.2764
2017-07-02,2104,2497.961227,3635.305,9347,9133.89,10407.575,13042.58583
2017-07-03,1844,2710.152316,3554.265,10589,9329.83,10407.575,12781.45189
2017-07-04,1779,2730.064733,3662.7,12006,9585.025,10647.475,12239.99978
2017-07-05,1872,2753.357622,4007.81,12672,10278.345,11271.12,12357.17802
2017-07-06,2184,2783.433477,4148.755,13296,11165.385,12471.31,13137.8893
2017-07-07,2154,2817.031425,4144.015,14790,12518.79,13640.605,14564.58999
2017-07-08,1919,2663.887088,4087.405,15395,13616.875,15127.125,16331.71816
2017-07-09,1900,2736.713436,4045.075,15061,14194.38,15582.1,18177.00544
2017-07-10,1891,2763.361494,4049.79,14551,15289.52,16437.18,18489.57962
2017-07-11,2184,2909.656386,4129.835,13526,16003.845,17341.23,19541.57954
2017-07-12,2646,3458.375162,4162.96,13010,16003.805,17460.185,20099.99373
2017-07-13,2712,3795.865214,4437.005,13010,15804.48,17460.205,20313.81416
2017-07-14,2745,4220.767792,5098.33,13583,16371.285,17118.45,20824.02669
2017-07-15,3017,4625.158697,5637.275,14551,17079.69,19225.71,21963.63005
2017-07-16,3229,4850.385624,6173.795,17014,17554.315,20490.645,25419.37547
2017-07-17,3337,5021.721275,6576.04,20834,18488.84,21248.465,27892.51592
2017-07-18,2994,5112.374745,7381.935,22168,19534.575,22145.89,30068.27903
2017-07-19,2925,5112.666552,8134.995,22488,21482.955,23078.045,31292.16466
2017-07-20,2824,4765.454482,7641.58,22704,23461.045,24614.435,32377.36219
2017-07-21,3099,4737.636805,7274.445,23028,24676.115,25881.825,32741.26126
2017-07-22,3607,5266.386181,6998.75,22739,24601.755,25664.835,32468.23598
2017-07-23,3989,5892.099653,7624.085,21849,24497.265,25587.4,31803.39854
2017-07-24,4776,6362.782618,8087.325,22203,25440.675,26502.345,32195.81708
2017-07-25,5264,6804.274782,8590.595,23064,27156.85,28389.45,34576.75269
2017-07-26,5003,7005.939053,8986.005,23792,29868.74,31266.76,39597.6113
2017-07-27,4254,6946.347704,9261.655,25088,31398.865,32787.215,44200.26478
2017-07-28,3732,6394.339785,9489.09,26491,31717.415,32914.29,45985.19989
2017-07-29,3669,5719.175638,9501.88,27184,31812.965,32755.46,46184.67624
2017-07-30,3361,5392.239778,8763.19,26991,31398.95,32041.745,44925.20141
2017-07-31,2948,4960.541113,8237.79,25956,31224.155,31408.605,43184.0878
2017-08-01,2779,4633.140549,7530.78,24752,30907.125,31045.215,40944.96213
2017-08-02,2734,4450.65002,6896.695,23100,30118.425,30351.205,38960.23158
2017-08-03,2646,4458.888523,6288.47,22560,29241.19,29674.535,37190.25798
2017-08-04,2745,4656.986053,6108.01,24012,28448.335,29109.48,36282.28984
2017-08-05,2891,4757.394146,6211.96,25201,27568.76,28310.415,36001.71833
2017-08-06,3682,5786.881705,6492.44,25201,27430.565,28154.045,36219.89081
2017-08-07,4321,6596.112006,7360.125,24529,28759.145,28623.86,35846.09471
2017-08-08,4525,6704.359249,8425.45,24233,29569.12,29910.38,35287.33145
2017-08-09,4280,6895.717435,8504.74,24122,28976.175,29407.485,35659.58221
2017-08-10,4042,6483.351705,8541.44,23572,27692.085,28466.905,34854.34941
2017-08-11,4055,6242.378439,8358.96,22632,27262,27872.85,33289.12146
2017-08-12,4042,6198.191611,7901.83,21147,26757.755,27248.995,32135.36214
2017-08-13,3886,6331.139773,7771.18,19637,25983.465,26719.84,30992.46611
2017-08-14,3809,6415.90541,7854.14,18273,24930.595,25912.715,30544.35412
2017-08-15,3873,6238.114675,7794.875,17429,23549.79,25092.63,29387.40604
2017-08-16,4443,6934.235797,7901.735,17141,22610.745,23844.82,28154.81501
2017-08-17,5621,7623.475535,8305.1,16887,21337.315,22940.3,28183.99943
2017-08-18,5788,8030.340105,9293.45,17109,20650.48,22069.615,28009.01305
2017-08-19,5486,8209.828496,9821.685,17655,20281.045,21856.355,27398.84149
2017-08-20,5147,7914.839226,10222.87,18503,20196.03,21612.865,26705.8836
2017-08-21,4747,7318.263385,10170.955,18734,20380.29,21612.885,25931.95967
2017-08-22,4134,6786.173028,9559.465,18866,20493.94,21795.445,25419.37547
2017-08-23,3607,6331.951045,8905.34,19300,20864.285,22008.66,25817.81818
2017-08-24,3520,5861.667554,8462.09,19401,20949.99,22084.85,26821.04984
2017-08-25,3544,5659.06542,7908.105,19166,20949.99,22084.855,26475.94534
2017-08-26,3732,5544.099333,7647.29,18437,21552.605,22481.605,26504.65883
2017-08-27,4733,6022.416344,7588.565,18207,21812.29,22741.27,28798.71474
2017-08-28,5046,6269.18745,7806.78,18734,21826.67,22771.85,30038.59016
2017-08-29,4081,6686.130018,8075.055,19502,21624.65,22710.695,29801.35904
2017-08-30,3899,6822.624823,8609.215,20249,21495.005,22649.555,29416.92323
2017-08-31,4107,6676.900104,8985.885,20799,21884.58,22817.74,28417.76255
2017-09-01,4307,6822.461577,8929.89,21216,22377.625,23001.33,27225.16194
2017-09-02,5089,6663.391305,8843.045,21321,23093.175,23952.425,27167.33378
2017-09-03,5486,6536.947067,8670.275,21251,23667.005,24475.58,28096.47018
2017-09-04,4946,6763.42177,8523.06,20799,24021.83,24814.755,28505.55534
2017-09-05,4294,6964.501556,8633.37,20454,24051.47,24861.04,28447.01885
2017-09-06,4566,6736.227126,8744.145,20112,23888.57,24737.625,28388.51422
2017-09-07,4608,6380.184121,8602.655,19806,23460.57,24475.6,28359.27387
2017-09-08,4457,6357.961172,8504.7,19300,23005.23,24044.62,27805.22749
2017-09-09,5061,6438.238814,8431.55,18668,22494.05,23537.745,27051.77519
2017-09-10,5382,6424.801191,8328.225,17914,21985.83,23077.91,26275.18192
2017-09-11,5927,6767.816446,8291.875,17141,21437.535,22664.84,25817.81818
2017-09-12,6429,7149.472191,8413.36,16602,20978.905,22252.66,25476.19533
2017-09-13,6834,7406.337035,8731.89,16477,20083.225,21400.14,24966.02912
2017-09-14,6966,7776.156269,9029.63,18800,19197.925,20475.51,24065.86132
2017-09-15,6851,8015.807536,9387.795,21849,18946.56,20007.19,23063.7309
2017-09-16,6413,8059.310438,9802.435,24049,21819.095,22804.615,22621.98413
2017-09-17,5743,7685.190086,10320.815,24678,25486.94,26021.385,26447.2401
2017-09-18,5652,7182.145501,10009.28,24789,27323.765,27342.51,29682.93043
2017-09-19,5456,6740.800336,9381.775,24344,28076.955,28154.045,30663.68164
2017-09-20,4917,6402.513168,8880.51,23281,27707.155,27888.515,31652.80811
2017-09-21,3924,6393.712608,8535.275,22061,27063.04,27451.545,32105.14595
2017-09-22,3507,5983.947324,8468.085,20903,26316.645,26859.79,32044.73616
2017-09-23,3288,5591.150486,8364.73,20044,25485.765,26378,31412.25756
2017-09-24,3361,5175.839699,7866.2,19166,24542.205,25633.895,30813.01406
2017-09-25,3312,4817.917692,7436.77,17914,23711.37,24845.65,30276.31825
2017-09-26,3064,4737.210098,6942.115,16697,23107.9,24183.145,29357.89669
2017-09-27,3644,4781.568074,6637.345,15425,22058.715,23415.13,28154.81501
2017-09-28,3758,4834.146974,6525.72,14403,20878.92,22283.195,26936.34712
2017-09-29,3732,4964.375304,6609.72,13497,19758.835,21415.35,26705.8836
2017-09-30,3495,5104.05052,6862.32,12897,18433.95,20219.045,25903.41181
2017-10-01,2925,5145.393721,6941.715,12756,17323.08,18924.23,24458.60772
2017-10-02,2613,4993.280383,6987.235,12954,16686.87,17937.27,24177.90276
2017-10-03,2452,4645.226615,6970.15,13267,16270.78,17564.365,25334.20868
2017-10-04,2463,4427.25357,6919.02,13554,16030.46,17311.5,24290.0818
2017-10-05,2484,4189.835593,7061.615,13410,16552.32,17787.83,22897.81096
2017-10-06,2348,4002.308025,7170.37,13324,16983.67,18130.87,22787.37407
2017-10-07,2286,3788.044276,6958.87,13124,16929.61,18175.66,23229.96741
2017-10-08,2255,3784.203473,6749.445,13010,16727.245,18190.595,23674.8043
2017-10-09,2613,3647.631691,6788.93,13903,16458.315,17832.6,22539.40889
2017-10-10,2603,3739.647305,6426.155,15701,16203.9,17371,20635.66408
2017-10-11,2548,4108.917046,6135.19,15978,16204,17475.35,19833.56287
2017-10-12,2538,4109.22904,6238.965,15212,16957.02,17907.26,19488.61501
2017-10-13,2368,4306.093907,6409.305,14108,18267.735,18924.08,20824.02669
2017-10-14,2756,4066.943605,6403.8,12812,18130.22,19449.835,22456.91366
2017-10-15,2768,4128.152584,6228.07,12309,17268.805,18624.425,21554.78613
2017-10-16,2570,4321.46407,6021.455,11841,16177.59,17863.255,19886.7737
2017-10-17,2745,4525.714235,6456.285,11462,15473.585,16718.17,19277.13814
2017-10-18,2548,4697.105206,7268.365,11382,14921.81,16141.795,19171.62913
2017-10-19,2275,4737.518274,7090.055,11678,14427.095,15567.39,18934.79564
2017-10-20,2194,4462.798786,6947.635,11787,14039.625,14863.895,18882.27195
2017-10-21,2045,4121.703862,6614.875,11516,13846.94,14556.91,18672.56416
2017-10-22,1977,3728.643419,6151.855,11035,13911.09,14848.92,17453.19396
2017-10-23,2064,3563.259939,5892.265,10459,13988.16,14965.975,17376.10627
2017-10-24,2358,3505.294209,6081.02,9998,13834.15,14775.815,17607.63984
2017-10-25,2937,3806.778315,5785.305,9670,13438.42,14483.775,17478.90991
2017-10-26,4388,4013.596637,5647.335,9273,12957.36,13901.545,16762.67599
2017-10-27,4498,4350.524694,5694.945,8835,12443.515,13408.49,15653.4155
2017-10-28,4227,4904.609765,5806.7,8452,12046.305,13177.125,15032.21393
2017-10-29,4200,5548.150289,6459.3,8217,11689.315,12686.945,14198.1942
2017-10-30,4375,5383.471116,7141.645,8325,11286.48,12227.59,13209.48726
2017-10-31,4214,5286.846273,7095.865,8296,10911.47,11741.04,12876.24787
2017-11-01,3911,5128.967492,6958.775,8335,10623.395,11384.885,12663.2182
2017-11-02,2790,4915.621587,6839.795,8907,10599.515,11228.47,12474.65114
2017-11-03,2745,4749.679645,6693.325,9446,10851.28,11527.185,12616.00627
2017-11-04,2712,4318.314754,6393.07,9620,11274.24,11912.48,13520.93049
2017-11-05,3052,3795.621653,5957.11,9545,11517.835,12284.71,14149.52861
2017-11-06,3099,3702.684632,5385.665,9273,11542.285,12370.79,14368.87136
2017-11-07,3075,3828.977968,5153.565,8931,11566.93,12270.375,17427.48803
2017-11-08,3006,3817.745098,5143.34,8571,12145.215,12658.565,18125.04714
2017-11-09,2994,3773.041539,5220.16,8124,11763.705,12830.985,17247.82783
2017-11-10,3146,3776.773195,5209.89,7574,11032.375,12112.875,16004.1774
2017-11-11,3158,3710.028104,5179.14,7150,10301.98,11413.44,14908.77619
2017-11-12,3134,3691.599158,5117.81,6953,9748.44,10746.48,14076.61323
2017-11-13,3041,3750.819451,5092.315,6909,9352.985,10224.53,13352.99153
2017-11-14,2734,3684.20456,5112.695,6866,9110.94,9999.65,12781.45189
2017-11-15,2701,3665.778198,5092.315,6823,8950.505,9705.305,12076.44814
2017-11-16,2779,3684.245523,5026.315,6736,8779.5,9565.48,11751.10134
2017-11-17,2835,3486.959118,4975.69,6672,8530.265,9411.905,11635.47814
2017-11-18,2857,3465.403611,4905.31,6629,8282.805,9105.57,11244.63683
2017-11-19,2937,3329.069239,4795.09,6608,7741.725,8814.18,10812.03413
2017-11-20,2880,3272.793556,4745.405,6502,8092.94,8620.37,10004.87234
2017-11-21,2712,3476.142211,4656.285,6354,8004.075,8703.35,9805.695733
2017-11-22,2880,3519.571298,4631.635,6292,7815.88,8578.915,9651.516542
2017-11-23,2846,3429.245626,4730.465,6250,7782.8,8509.885,10272.0809
2017-11-24,3146,3371.935491,4705.775,6167,7771.785,8427.09,10182.80438
2017-11-25,3770,3429.373863,4597.22,6105,7716.76,8454.675,10027.06839
2017-11-26,4761,3747.153994,4592.31,5961,7629.01,8289.325,10049.27746
2017-11-27,4457,4161.007489,4671.23,5941,7388.79,8055.635,9849.8655
2017-11-28,3668.593021,4793.814514,5303.485,5900,7215.4,7987.035,9410.548555
2017-11-29,3226.900938,4681.498227,5978.435,5819,7075.385,7713.31,9192.894118
2017-11-30,3292.688229,4458.613212,6151.525,5759,6818.825,7522.24,9019.745935
2017-12-01,3252,4055.487979,5956.67,5779,6680.66,7358.875,8761.667574
2017-12-02,3099,3847.737235,5521.36,6208,6723.04,7277.345,8548.12647
2017-12-03,2983,3629.035761,5261.44,6844,6664.165,7182.37,8526.849247
2017-12-04,3029,3519.581683,5051.795,7238,7301.965,7932.32,8463.101913
2017-12-05,2994,3400.52619,4885.13,7172,7423.425,8124.28,9106.211089
2017-12-06,2971,3386.224236,4785.22,6931,7838.195,8578.945,9476.107014
2017-12-07,3099,3432.848647,4602.15,6629,7454.91,8509.87,9938.362401
2017-12-08,3169,3354.025196,4582.505,6417,7226.565,8317.315,10004.87234
2017-12-09,3276,3386.224236,4553.105,6188,6979.205,7850.045,9783.63057
2017-12-10,3181,3479.789526,4558.015,5961,6659.575,7645.08,9454.240811
2017-12-11,2824,3599.718917,4626.745,5759,6323.335,7358.955,9149.52543
2017-12-12,2613,3651.065816,4725.53,5638,6023.02,6939.14,8548.12647
2017-12-13,2570,3501.69642,4785.16,5500,5838.48,6534.51,8020.447978
2017-12-14,2506,3297.187042,4681.065,5519,5463.195,6253.235,7501.805953
2017-12-15,2379,3077.294389,4484.905,5559,5544.6,5986.315,7256.151478
2017-12-16,2368,2897.996691,4277.57,5599,5313.11,5919.81,7093.591981
2017-12-17,2348,2816.94248,4078.015,5718,5283.245,5628.13,6952.156138
2017-12-18,2337,2770.040994,3979.595,5658,5372.985,5826.895,6791.443293
2017-12-19,2327,2743.367747,3928.395,5460,5564.15,6146.24,6911.884735
2017-12-20,2245,2743.390164,3822.115,5246,5363.025,5960.32,7012.679151
2017-12-21,2224,2647.434409,3767.095,5035,5164.165,5614.97,7032.884313
2017-12-22,2348,2608.0841,3703.245,4865,4937.905,5403.865,6831.528141
2017-12-23,2327,2663.88426,3648.805,4753,4685.415,5180.655,6572.099047
2017-12-24,2255,2686.983042,3639.76,4606,4656.6,4958.12,6003.116971
2017-12-25,2235,2673.77567,3630.725,4515,4426.96,4801.775,5829.341463
2017-12-26,2224,2650.719281,3657.855,4406,4313.335,4632.99,5925.716641
2017-12-27,2214,2614.628281,3675.975,4424,4228.615,4477.765,5848.583008
2017-12-28,2265,2604.807738,3716.875,4442,4219.275,4490.695,5695.122455
2017-12-29,2306,2591.742143,3725.985,4371,4172.395,4413.3,5561.735618
2017-12-30,2265,2631.010058,3712.32,4317,4172.415,4310.21,5297.496067
2017-12-31,2255,2663.887088,3653.33,4299,4125.73,4335.95,5203.955326
2018-01-01,2275,2696.90549,3707.785,4246,4069.82,4387.525,5260.026852
2018-01-02,2327,2710.152316,3748.79,4176,4041.975,4271.695,5241.318674
2018-01-03,2358,2693.59519,3739.66,4141,3885.635,4284.53,5410.32449
2018-01-04,2410,2733.419942,3730.54,4158,3875.905,4130.58,5448.073452
2018-01-05,2527,2773.384932,3716.87,4264,3894.29,4104.975,5485.891777
2018-01-06,2790,2770.040994,3716.905,4371,3921.86,4104.955,5335.035567
2018-01-07,2768,2857.353425,3808.355,4515,4041.99,4105.02,5523.77924
2018-01-08,2646,2966.175303,3886.695,4569,4209.985,4271.65,5580.73958
2018-01-09,2570,3069.290615,3965.65,4515,4285.17,4297.355,5504.82688
2018-01-10,2495,3052.115695,4186.795,4497,4228.615,4271.65,5466.973958
2018-01-11,2389,3021.013867,4286.97,4479,4191.135,4361.695,5410.32449
2018-01-12,2368,2986.689203,4191.445,4479,4181.76,4439.15,5241.318674
2018-01-13,2358,2957.209829,4153.62,4460,4210.075,4284.5,5297.496067
2018-01-14,2379,2598.274941,4012.285,4479,4172.415,4323.075,5241.318674
2018-01-15,2368,2562.428723,3841.23,4606,4144.35,4258.81,5278.752659
2018-01-16,2286,2585.22075,3671.64,4790,4323.09,4310.285,5353.831601
2018-01-17,2296,2591.753548,3518.48,4865,4446.06,4594.11,5335.035567
2018-01-18,2286,2575.442944,3491.74,4828,4436.475,4749.75,5297.496067
2018-01-19,2265,2581.964337,3531.88,4753,4550.98,4775.75,5448.073452
2018-01-20,2224,2591.742143,3549.78,4588,4445.97,4723.78,5448.073452
2018-01-21,2245,2637.574129,3576.7,4406,4360.575,4104.955,5542.748828
2018-01-22,2235,2621.257711,3621.71,4281,4209.855,4181.93,5561.735618
2018-01-23,2204,2536.486209,3603.795,4176,3995.705,4336.075,5448.073452
2018-01-24,2164,2494.491254,3518.49,4141,3894.265,4156.175,5278.752659
2018-01-25,2124,2555.947375,3473.945,4176,3811.86,4053.8,5055.213109
2018-01-26,2055,2585.229311,3465.08,4193,3848.4,3938.965,4999.730315
2018-01-27,2025,2546.195291,3536.355,4176,3885.09,4104.955,5110.857566
2018-01-28,1986,2472.134113,3509.7,4176,3866.74,4002.715,5148.043272
2018-01-29,1868.5,2354.207367,3385.59,4211,3848.415,3989.95,5166.662854
2018-01-30,1751,2291.348377,3241.3,4158,3811.83,3989.95,5203.955326
2018-01-31,1733,2216.967202,3176.4,4141,3729.84,3977.225,4962.832013
2018-02-01,1714,2130.760111,3133.48,4193,3793.845,3875.29,4852.572986
2018-02-02,1797,2094.279233,3133.65,4193,3830.28,3951.7,4889.253093
2018-02-03,1881,2045.979145,2830.42,4123,3857.795,3964.44,4907.620533
2018-02-04,1881,2021.976065,2772.73,4002,3867.14,3964.46,4907.620533
2018-02-05,1891,2019.017221,2752.255,3933,3675.47,3913.475,4852.572986
2018-02-06,1891,2082.167579,2735.9,3814,3621.265,3786.465,4815.966126
2018-02-07,1862,2109.450757,2789.175,3713,3585.405,3735.655,4688.422727
2018-02-08,1788,2133.813823,2826.25,3680,3424.425,3546.155,4652.148747
2018-02-09,1724,2146.040739,2855.22,3597,3415.56,3445.405,4597.877953
2018-02-10,1687,2097.314755,2880.13,3597,3327.11,3395.21,4561.791277
2018-02-11,1651,2055.021681,2871.835,3564,3292,3319.99,4561.791277
2018-02-12,1581,1998.117749,2822.135,3630,3239.31,3232.485,4400.338499
2018-02-13,1494,1941.698493,2768.655,3680,3221.77,3269.95,4346.864743
2018-02-14,1393,1929.932377,2703.32,3663,3239.275,3357.615,4293.564552
2018-02-15,1215,1827.788376,2634.53,3663,3256.79,3307.47,4258.128016
2018-02-16,1176,1770.245794,2554.39,3680,3274.37,3195.1,4293.564552
2018-02-17,1168,1724.693629,2459.39,3663,3371.245,3207.55,4275.836567
2018-02-18,1161,1632.364823,2396.775,3613,3291.9,3145.235,4187.488926
2018-02-19,1153,1541.265209,2296.365,3580,3274.335,3207.59,4205.119355
2018-02-20,1130,1479.043207,2159.72,3482,3221.78,3220.04,4187.488926
2018-02-21,1138,1438.899902,2066.435,3417,3152.06,3070.68,4169.878124
2018-02-22,1130,1457.755963,2029.595,3482,3074.1,2996.335,4099.631969
2018-02-23,1184,1541.265209,2011.25,3401,3048.23,2934.405,4099.631969
2018-02-24,1418,1565.836122,2014.92,3353,3065.515,2897.345,4099.631969
2018-02-25,1485,1530.351441,2066.435,3258,3074.125,2922.07,4012.270616
2018-02-26,1714,1505.957937,2092.35,3195,2945.65,2884.995,3994.85826
2018-02-27,1788,1476.319553,2084.93,3101,2809.7,2774.375,4047.155365
2018-02-28,1797,1452.230046,2096.095,3055,2717.325,2590.585,3839.055057
2018-03-01,1714,1465.594235,2189.735,3040,2700.95,2554,3873.535964
2018-03-02,1660,1492.458323,2373.56,3040,2684.275,2444.685,3787.487151
2018-03-03,1651,1508.684785,2642.625,3055,2675.755,2493.24,3719.018223
2018-03-04,1598,1533.074872,2723.67,3117,2592.7,2444.615,3583.079471
2018-03-05,1460,1546.808893,2731.85,3132,2592.66,2456.75,3616.938361
2018-03-06,1351,1693.639804,2658.72,3148,2667.25,2444.685,3599.998379
2018-03-07,1215,1758.821596,2590.395,3226,2700.57,2627.19,3566.181683
2018-03-08,1077,1813.308869,2490.915,3401,2725.655,2554,3583.079471
2018-03-09,1077,1824.886141,2396.775,3482,2818.045,2639.4,3684.908104
2018-03-10,1077,1775.967509,2307.815,3547,2919.77,2700.69,3701.952764
2018-03-11,1077,1641.254788,2216.27,3515,3022.495,2799.06,3719.018223
2018-03-12,1138,1497.851427,2122.17,3434,3082.845,2922.07,3787.487151
2018-03-13,1153,1511.367886,1989.56,3353,2970.965,3008.63,4012.270616
2018-03-14,1138,1516.784561,1845.43,3337,2962.42,2946.755,4012.270616
2018-03-15,1123,1497.851427,1810,3353,3048.34,3008.63,3994.85826
2018-03-16,1100,1503.278227,1820.595,3321,3005.5,2922.07,4047.155365
2018-03-17,1161,1479.009351,1845.39,3242,3014.145,2996.335,4047.155365
2018-03-18,1581,1503.251277,1888.185,3086,2928.475,2946.785,3821.845252
2018-03-19,1660,1516.784561,1898.93,3055,2784.32,2835.695,3787.487151
2018-03-20,1751,1487.07197,1877.44,2994,2700.57,2700.87,3753.211358
2018-03-21,1900,1479.009351,1881.03,2948,2634.175,2529.835,3719.018223
2018-03-22,1958,1516.784561,1989.37,2918,2584.48,2517.475,3719.018223
2018-03-23,1958,1552.152232,2254.325,2903,2568.08,2360.095,3719.018223
2018-03-24,1958,1568.572904,2506.85,2918,2535.115,2275.485,3616.938361
2018-03-25,2045,1626.749662,2675.045,2933,2551.54,2347.97,3633.899371
2018-03-26,1696,1816.236581,2809.77,2933,2535.06,2359.94,3599.998379
2018-03-27,1451,1950.708261,2855.22,2963,2535.035,2408.375,3583.079471
2018-03-28,1418,2055.174746,2842.8,3070,2568.08,2444.615,3566.181683
2018-03-29,1881,1913.316121,2880.135,3242,2592.7,2384.06,3650.881362
2018-03-30,2296,1807.602956,2863.62,3417,2692.25,2468.9,3701.952764
2018-03-31,2603,1965.70302,2691.265,3580,2928.905,2774.21,3684.908104
2018-04-01,2756,2110.276824,2534.465,3865,3065.58,2909.81,3684.908104
2018-04-02,2824,2443.789549,2542.805,3730,3256.98,3207.55,3856.285309
2018-04-03,2756,2807.166629,2990.49,3680,3327.205,3395.18,4082.11989
2018-04-04,2880,2921.816734,3545.885,3713,3336.16,3295.045,4152.286988
2018-04-05,2869,2952.419027,3882.145,3680,3380.87,3232.545,4311.311935
2018-04-06,2801,2969.530918,3988.93,3597,3309.53,3470.54,4346.864743
2018-04-07,2835,2884.404806,4040.38,3580,3389.63,3533.47,4329.078678
2018-04-08,2903,2931.94881,4101.525,3730,3257.09,3207.65,4240.438938
2018-04-09,2668,2969.514508,4148.795,3984,3248.045,3282.51,4169.878124
2018-04-10,2516,2945.584657,4063.85,4193,3424.495,3345.11,4134.715558
2018-04-11,2065.381045,2894.594594,4059.16,4460,3657.505,3672.33,4187.488926
2018-04-12,1614.76209,2776.820996,4031.015,4698,3866.915,4028.545,4329.078678
2018-04-13,1418,2614.997963,3886.75,4753,4153.91,4271.65,4507.802741
2018-04-14,1409,2348.05897,3748.835,4828,4351.155,4426.175,4724.77115
2018-04-15,1409,2115.549118,3442.985,4753,4474.545,4697.81,4962.832013
2018-04-16,1393,2076.120897,2910.59,4716,4426.96,4646.055,5203.955326
2018-04-17,1393,2022.862147,2562.96,4569,4332.215,4711.21,5316.257047
2018-04-18,1434,1672.033811,2365.64,4497,4200.52,4503.58,5260.026852
2018-04-19,1919,1587.942645,2400.655,4371,4116.43,4323.175,5185.300216
2018-04-20,2592,1641.861688,2467.22,4228,4060.535,4220.33,5055.213109
2018-04-21,2790,1819.110231,2498.795,4071,4079.12,4143.355,4944.410025
2018-04-22,2801,2002.477812,2582.435,3797,3757.12,4002.92,4852.572986
2018-04-23,2790,2415.212086,2880.85,3564,3477.965,3672.66,4852.572986
2018-04-24,2779,2743.390164,3465.37,3401,3248.095,3432.855,4724.77115
2018-04-25,2756,2827.049395,3965.905,3385,3091.405,3145.73,4471.905113
2018-04-26,2756,2897.996691,4182.025,3417,3005.24,2996.335,4240.438938
2018-04-27,2756,2857.353425,4277.295,3515,3013.835,3045.83,4047.155365
2018-04-28,2779,2911.536234,4181.965,3746,3126.165,3070.68,3994.85826
2018-04-29,2812,2949.000473,4129.835,4228,3318.655,3257.46,3925.409918
2018-04-30,2824,2925.147365,4201.03,4679,3823.045,3647.08,4012.270616
2018-05-01,2801,2979.770168,4296.45,4884,4125.965,4271.745,4275.836567
2018-05-02,2790,2945.584657,4344.46,4903,4637.93,4710.885,5185.300216
2018-05-03,2790,2986.64552,4301.225,4959,4733.71,5088.77,5222.628155
2018-05-04,2971,3107.454773,4325.21,5054,4724.055,5036.63,5485.891777
2018-05-05,3029,3014.092284,4330.025,5285,4724.095,5023.43,5580.73958
2018-05-06,3052,3045.101982,4383.02,5460,5006.56,5298.58,5542.748828
2018-05-07,3122,3170.571442,4465.415,5599,5174.045,5285.44,5945.041785
2018-05-08,2960,3429.2875,4616.87,5500,5323.1,5575.26,6061.34126
2018-05-09,2869,3559.604995,4666.27,5539,5303.135,5840.11,5925.716641
2018-05-10,2824,3425.728993,4825.03,5638,5273.275,5813.695,6236.902026
2018-05-11,2801,3258.172381,4815.1,5739,5403.005,5933.11,6276.095141
2018-05-12,2812,3152.737308,4676.145,5839,5393.01,5800.325,6335.006433
2018-05-13,2812,3114.392504,4607.04,5961,5493.32,5959.725,6492.812214
2018-05-14,2768,3086.625444,4592.33,6105,5726.45,6052.905,6711.461361
2018-05-15,2790,3031.307816,4480.06,6167,5797.52,6172.93,6691.505122
2018-05-16,2801,2983.199654,4383.02,6271,5961.18,6253.09,6671.564626
2018-05-17,2790,2997.026682,4344.44,6312,6054.475,6386.92,6831.528141
2018-05-18,2835,3170.222939,4368.55,6208,6136.965,6574.8,6911.884735
2018-05-19,2835,3251.090089,4421.68,6064,6146.855,6669.155,6731.433319
2018-05-20,2790,3208.798478,4359.05,5941,6033.015,6521.095,6771.424307
2018-05-21,2679,3156.234436,4258.17,5799,5705.53,6360.18,6992.489387
2018-05-22,2400,3058.91244,4325.275,5739,5553.72,6119.64,6891.772277
2018-05-23,2635,2959.373857,4172.5,5739,5533.565,6132.89,6751.420975
2018-05-24,2592,2750.069664,4272.5,5718,5584.23,6119.575,6691.505122
2018-05-25,2745,2801.005278,4373.49,5698,5675.195,6106.28,6591.960501
2018-05-26,2857,2860.725169,4234.29,5718,5625.035,6146.24,6811.477912
2018-05-27,2903,2922.311496,4234.43,5718,5685.83,6106.225,6512.61003
2018-05-28,2891,3304.18987,4416.995,5698,5766.63,6039.575,6236.902026
2018-05-29,2937,3407.713913,4617.005,5779,5574.3,6052.905,6335.006433
2018-05-30,3087,3476.116149,4800.23,6002,5756.765,6199.63,6671.564626
2018-05-31,2646,3526.832016,4915.24,6208,5858.4,6440.53,6831.528141
2018-06-01,2358,3563.213381,5041.495,6481,5807.47,6601.685,7134.140372
2018-06-02,2204,3574.18856,5077.065,6694,5991.89,6817.13,7728.877175
2018-06-03,2679,3383.501595,5056.85,6823,6240.2,7195.9,8399.48143
2018-06-04,2937,3072.766247,4895.265,6866,6916.31,7658.63,8654.722685
2018-06-05,2891,3229.949636,4592.425,6909,7109.515,7795.29,8847.473179
2018-06-06,2891,3407.858131,4325.21,7040,6926.25,7686.12,9323.325058
2018-06-07,3006,3596.084607,4592.425,7106,7075.945,7631.51,9541.785752
2018-06-08,2603,3680.511093,4865.075,7150,7412.175,8316.96,9171.202989
2018-06-09,2204,3717.432912,4940.4,7305,7884.1,9985.59,9541.785752
2018-06-10,1816,3531.122529,4935.37,7461,8059.8,9747.34,11336.28103
2018-06-11,1825,3307.766747,4920.365,7642,8048.445,9607.405,12663.2182
2018-06-12,2245,3159.991862,4720.655,8171,8226.96,9985.92,13424.89733
2018-06-13,1958,2768.114144,4422.42,8619,8837.675,10576.865,15279.89505
2018-06-14,1844,2504.309874,4106.685,9028,9111.67,10337.11,16054.45383
2018-06-15,1724,2641.014925,3812.92,9421,9435.245,10323.055,13882.66101
2018-06-16,1616,2349.293426,3840.515,9421,9878.35,11157.775,12568.84106
2018-06-17,1581,2313.661189,3808.42,9175,10242.685,12528.8,13761.80348
2018-06-18,2184,2254.430975,3648.81,8762,10719.295,12600.66,16331.71816
2018-06-19,2452,2395.345844,3767.355,8500,10219,11841.39,17094.22647
2018-06-20,2657,2586.476383,3928.445,8311,9306.935,10605.285,15928.84109
2018-06-21,2389,3010.668237,3998.465,8358,8745.47,9873.875,14125.2124
2018-06-22,2846,3114.397895,4330.61,8547,8485.065,9356.245,12592.41782
2018-06-23,2824,3194.81525,4760.36,8666,8451.255,9258.59,11566.24973
2018-06-24,2679,3429.256095,4810.06,8311,8406.24,9230.85,11451.11257
2018-06-25,2495,3563.239247,4795.15,8008,8215.665,9077.875,11405.1432
2018-06-26,2452,3807.011518,4950.575,8595,8306.865,8745,10698.94149
2018-06-27,3796,4594.686632,5036.48,10693,8872.665,9635.385,10698.94149
2018-06-28,4960,5749.106702,6493.185,12171,10246.855,10634.105,11704.81575
2018-06-29,4874,6190.737348,7688.5,12226,11555.645,12012.625,12053.13123
2018-06-30,4160,6286.70476,7759.43,11624,11787.4,12528.76,12828.8267
2018-07-01,3644,5993.062435,7842.305,11462,11542.285,12543.13,13185.60983
2018-07-02,3252,5447.408644,7659.305,12033,11177.175,12370.79,13858.46714
2018-07-03,3041,4895.11815,7170.765,12281,11518.33,12571.89,13593.0741
2018-07-04,2657,4400.440393,6732.595,12309,11701.505,12715.71,13472.89126
2018-07-05,2613,4067.211873,6316.385,12088,11812.105,12744.5,14028.05844
2018-07-06,2516,3568.102872,5616.355,11705,11493.46,12586.275,14125.2124
2018-07-07,2431,3194.772459,5282.055,11489,11237.805,12313.425,14003.7977
2018-07-08,2679,3107.454773,4875.785,11841,11323.045,12687.265,14711.83773
2018-07-09,2835,3032.933171,4597.22,12061,11799.92,14193.065,17196.58697
2018-07-10,2779,3286.702912,4528.68,12616,12995.685,15921.45,19171.62913
2018-07-11,3146,3508.894612,4602.24,13296,15160.125,17624.435,20206.82908
2018-07-12,3122,3945.400743,5046.86,13238,17186.975,19528.16,22842.57485
2018-07-13,3241,4208.896328,5865.395,13153,16673.31,19841.315,25305.83657
2018-07-14,3324,4162.638575,5951.255,13010,16740.805,19404.84,24909.51293
2018-07-15,3041,4251.491652,5838.64,13039,17569.54,20521.2,26017.65318
2018-07-16,2668,4538.865567,5737.395,14049,18116.065,21157.27,28593.41977
2018-07-17,2410,4689.113739,5806.925,17979,19358.035,21111.775,31022.40159
2018-07-18,2410,4721.136773,6365.195,20112,23512.465,24557.065,32862.79985
2018-07-19,2463,4509.255527,6497.93,21286,26560.245,28076.06,36407.17315
2018-07-20,2745,5338.537701,6282.89,22775,26453.35,28169.73,38579.1216
2018-07-21,3312,7196.996764,6937.855,24233,26422.865,27607.5,38199.00562
2018-07-22,3397,9185.020244,8822.475,24864,26590.195,27498.315,36313.50002
2018-07-23,3064,8146.295756,11401.175,24603,26483.655,27732.32,35101.59448
2018-07-24,3052,7016.075818,10918.21,24789,26971.345,28185.34,37630.70554
2018-07-25,3397,6836.181207,9496.115,25804,27647.665,28748.915,39789.35802
2018-07-26,3619,7509.718584,9035.765,27107,29444.24,30036.265,41267.51204
2018-07-27,4227,8025.577283,9325.025,29151,30322.99,30824.345,42922.86698
2018-07-28,5147,8011.446396,9597.29,30766,32411.25,32661.11,43675.00508
2018-07-29,6558,9676.090676,9970.2,32753,34882.47,34555.135,44991.25931
2018-07-30,7032,10267.13634,11138.11,34491,36707.79,35850.845,46817.85545
2018-07-31,7402,10766.50707,11974.42,35396,37255.29,36444.41,47587.37796
2018-08-01,6703,11061.39035,12384.1,36092,36906.54,36043.225,47855.81469
2018-08-02,6129,10068.6736,12783.93,36398,36624.83,35578.435,46517.64399
2018-08-03,5308,9438.293851,12016.545,36662,36327.205,35290.24,44793.16275
2018-08-04,4608,8762.481812,11265.2,36706,35898.395,34906.395,44958.22715
2018-08-05,5089,8249.049278,10637.04,36618,35356.06,34538.935,45719.58739
2018-08-06,5973,8282.912454,10008.57,36355,35224.88,34459.095,45520.6456
2018-08-07,6176,8568.013688,9995.67,35396,34832.23,34427.17,46151.41432
2018-08-08,5531,9071.874466,10301.255,33936,34603.7,34634.74,46384.38092
2018-08-09,5206,8781.62251,10610.115,32585,34815.875,34714.675,46751.09763
2018-08-10,5220,8278.566369,10544.1,31340,33629.41,34251.79,46951.44671
2018-08-11,5308,7853.19131,10288.255,30075,31797.67,32660.415,46251.21912
2018-08-12,5191,7613.833869,9654.8,29151,30464.88,31282.23,43773.36458
2018-08-13,5958,7847.683555,9400.33,28992,29600.445,30240.955,41461.36314
2018-08-14,6097,8318.646086,9470.065,29592,29993.67,30335.675,39661.49963
2018-08-15,6461,8977.186824,9847.41,30563,31909.22,32406.52,41202.94848
2018-08-16,5958,9789.839327,10544.29,31094,33031.405,33550.455,44200.26478
2018-08-17,5104,10864.77343,11150.55,31053,33305.505,33518.605,46317.78735
2018-08-18,5133,12388.68502,12872.285,31012,33224.805,33359.47,46151.41432
2018-08-19,5621,11936.80168,14164.64,31382,33467.075,33391.275,47051.70623
2018-08-20,4960,11438.05793,13627.305,31629,33321.65,33216.305,48158.28311
2018-08-21,4525,10622.32184,12925.9,31753,33224.805,33136.795,47956.58144
2018-08-22,4187,9719.819238,12154.475,32585,32886.415,33009.625,47520.33127
2018-08-23,4484,9509.002643,11454.6,33300,33047.5,32882.515,46384.38092
2018-08-24,5017,9535.122639,11089.705,34277,34099.325,33502.72,45222.66409
2018-08-25,5397,10094.03875,11549.39,35007,34554.79,33980.535,45985.19989
2018-08-26,5323,10131.01947,11905.46,35439,35110.245,34538.995,45421.26088
2018-08-27,5294,9912.172817,11974.365,35918,35832.545,35466.34,45288.83742
2018-08-28,5046,9432.519014,11556.575,36355,36608.29,36123.435,47419.80817
2018-08-29,4650,10146.59588,10875.815,36574,36691.045,36075.31,48562.35761
2018-08-30,4015,10198.99131,10978.25,36706,36591.71,35754.66,48023.79043
2018-08-31,4029,11229.18567,12355.825,36882,36211.59,35402.28,46984.86026
2018-09-01,5104,12852.14946,13141.595,36706,35585.94,34890.49,45586.93401
2018-09-02,5773,11772.59845,14033.13,36311,34995.785,34251.66,43609.46462
2018-09-03,5546,11082.88437,13317.905,35700,34392.025,33805.245,42369.16923
2018-09-04,6900,11490.88975,13017.695,35743,34066.695,33486.765,42304.15359
2018-09-05,7866,11892.45946,13138.605,35743,33888.11,33264.01,42011.91064
2018-09-06,7250,11332.37581,12996.305,35526,33548.04,32946.075,40526.65107
2018-09-07,6239,11225.33568,12996.305,34620,32983.145,32501.49,39214.85485
2018-09-08,5561,10000.78018,12685.65,33596,32581.16,32247.71,38960.23158
2018-09-09,5382,9442.446658,11782.295,32585,31685.74,31693.34,38801.31525
2018-09-10,5220,8861.061606,11063.14,31546,30812.315,30903.18,38737.79689
2018-09-11,4846,8474.733458,10636.58,30400,30086.74,30099.245,38420.61888
2018-09-12,4636,8011.002357,10021.665,29151,29506.55,29611.655,38104.13248
2018-09-13,4889,8435.386686,9603.645,28912,30354.345,30509.08,37599.19952
2018-09-14,5220,8662.017244,9840.95,27886,30481.05,31266.395,39151.15788
2018-09-15,5147,8346.493092,10196.745,26644,28929.795,29706.315,39629.55206
2018-09-16,5250,7766.539916,8818.405,25314,27139.68,27982.35,37599.19952
2018-09-17,5456,7685.361799,9463.86,24715,26013.5,26859.765,35783.89526
2018-09-18,4974,7699.330139,9154.62,24641,26119.47,26921.98,33870.01866
2018-09-19,5323,7652.105101,9230.05,24122,25651.14,26595.495,34238.26749
2018-09-20,4960,7145.247691,9769.995,23245,24990.225,25959.175,34146.1065
2018-09-21,5250,6895.744906,9073.64,22310,24185.2,25185.335,32680.53669
2018-09-22,5338,6699.568511,8732.225,21672,23137.41,24198.545,31412.25756
2018-09-23,4677,6668.310556,8153.135,21007,22464.84,23491.7,30663.68164
2018-09-24,3976,6891.566954,7997.21,20146,22290.335,23323.005,30127.68005
2018-09-25,4029,6282.810268,8596.755,19233,21409.21,22772.015,30187.11209
2018-09-26,3899,5736.206859,7735.695,18305,20267.17,21613.045,28916.2005
2018-09-27,3495,5689.01414,7170.58,17687,19337.585,20536.07,27022.90593
2018-09-28,3544,5624.815185,6987.26,17109,18627.105,20339.66,25589.93573
2018-09-29,3594,5586.452295,6896.3,16289,18033.825,19902.925,24571.12947
2018-09-30,3694,5624.869164,6936.035,15456,17227.92,18534.63,23953.95779
2018-10-01,3720,5416.960183,7181.88,14551,16177.81,17519.82,24009.8923
2018-10-02,3886,5270.124771,7153.15,13961,15381.44,16570.185,22842.57485
2018-10-03,3397,5249.288296,6839.795,13641,14712.945,15743.915,21310.45904
2018-10-04,2983,5366.439321,6704.47,13554,14258.865,15288.395,20099.99373
2018-10-05,2857,5283.382405,6642.92,13353,13988.18,14936.715,19145.27585
2018-10-06,3006,4886.904926,6360.215,12925,13591.345,14658.9,18073.12824
2018-10-07,2960,4693.10828,6048.615,12337,13096.17,14207.11,17145.3865
2018-10-08,2891,4549.444268,5892.175,11733,12481.095,13264.15,16432.85241
2018-10-09,3006,4613.146479,5806.585,11141,11787.52,12687.095,15828.53926
2018-10-10,3470,4442.812447,5758.635,10511,11153.14,12055.515,15304.72201
2018-10-11,4134,4546.683662,5732.06,9896,10635.515,11527.215,14761.00732
2018-10-12,4622,4943.974901,5742.7,9396,10112.585,10859.76,14100.90728
2018-10-13,4553,5199.344292,5978.285,8955,9538.765,10351.255,13185.60983
2018-10-14,4361,5421.389763,6459.21,8595,9019.275,9831.375,12568.84106
2018-10-15,4375,5505.808801,6760.69,8405,8700,9551.505,12099.77698
2018-10-16,4294,5358.051101,6665.315,8358,8451.255,9077.745,11635.47814
2018-10-17,4160,5383.325223,6448.04,8643,8417.5,9063.85,11221.75658
2018-10-18,4267,5240.936707,6436.955,9028,8609.35,9230.74,11428.12176
2018-10-19,4240,5220.194567,6332.155,9347,8927.705,9481.67,11497.13084
2018-10-20,4094,5282.676218,6244.325,9347,9202.945,9649.685,10993.63483
2018-10-21,3707,5199.307429,6173.315,9248,9306.71,10041.75,10586.16442
2018-10-22,3458,5116.473164,6080.895,9175,9283.62,9999.635,11382.17688
2018-10-23,3532,5001.719354,5994.335,9101,9260.59,9971.56,11751.10134
2018-10-24,3758,5224.267982,5924.435,8883,9053.58,9859.38,11658.57856
2018-10-25,3937,5291.055292,5913.61,8835,8893.4,9719.295,11107.54068
2018-10-26,4068,5245.387091,5935.1,8595,8745.38,9593.42,11198.88867
2018-10-27,4081,5900.620663,5924.435,8476,8609.29,9495.63,10993.63483
2018-10-28,3732,6154.039686,6124.33,8405,8462.56,9314.375,10451.25069
2018-10-29,3632,6456.573925,6162.575,8217,8485.38,9091.685,10406.38141
2018-10-30,3669,6384.713109,6206.04,8124,8316.69,8869.655,10473.70448
2018-10-31,3594,6184.923111,6119.15,8101,8160.1,8703.35,9805.695733
2018-11-01,3707,6035.573227,5972.79,8078,8082.15,8606.55,9629.543828
2018-11-02,3989,6057.452914,5870.835,8171,8048.73,8592.735,9673.502506
2018-11-03,4214,6211.436084,5716.15,8217,8193.88,8565.12,9717.514124
2018-11-04,3963,6300.088491,5785.26,8124,8193.465,8772.555,9301.552814
2018-11-05,3532,6335.681953,5951.24,7939,8160.01,8772.565,9432.387986
2018-11-06,3276,6211.959736,5994.335,7710,8004.135,8620.39,9563.705325
2018-11-07,3075,5935.188523,5871.055,7574,7705.77,8371.99,9432.387986
2018-11-08,3017,5732.012758,5594.825,7551,7508.605,8151.765,9388.722532
2018-11-09,2570,5526.944436,5385.525,7597,7486.8,8041.905,9279.794052
2018-11-10,2389,5684.737346,5199.685,7551,7508.62,8124.3,9084.574337
2018-11-11,2064,5796.594261,5026.285,7461,7519.555,8096.815,8976.595366
2018-11-12,2064,5637.841102,4895.265,7305,7421.41,8041.945,9019.745935
2018-11-13,2035,5162.263555,4597.355,6866,7280.295,7918.5,9106.211089
2018-11-14,2035,4911.309921,4450.8,6565,7043.185,7713.265,8890.458863
2018-11-15,2045,4935.761849,4349.375,6481,6786.74,7468.06,8633.375484
2018-11-16,2064,4952.122425,4172.475,6312,6638.49,7060.385,8441.880968
2018-11-17,2064,4846.28006,4115.66,6125,6354.68,7006.255,8083.297728
2018-11-18,2025,4830.2393,4101.55,5920,6146.6,6547.91,7419.68079
2018-11-19,2094,4952.199599,4012.305,5739,5991.74,6467.365,7296.943286
2018-11-20,2527,4830.057847,3909.82,5401,5797.12,6226.355,7134.140372
2018-11-21,2527,4809.840773,3900.56,5285,5523.52,6440.53,6851.593959
2018-11-22,2538,4935.78994,3900.56,5207,5333.055,5654.58,6631.730946
2018-11-23,2495,5124.704764,3989.02,5130,5183.965,5456.53,6394.0631
2018-11-24,2442,5178.551504,4148.865,5016,5134.49,5311.72,6315.353152
2018-11-25,2421,5083.565601,4286.895,4903,5006.48,5219.82,6217.329864
2018-11-26,2164,4952.087346,4148.745,4828,4859.845,5062.61,6295.716047
2018-11-27,1825,4984.815496,4110.96,4772,4791.82,4945.06,6197.773998
2018-11-28,1760,4821.971483,4021.645,4772,4753.06,4932.005,5887.116385
2018-11-29,1769,4721.169996,3928.52,4884,4772.585,4905.92,6022.508534
2018-11-30,1751,4573.318309,3744.365,4978,4801.58,4905.92,5867.841324
2018-12-01,1714,4490.069914,3385.59,4959,4840.4,4958.12,5695.122455
2018-12-02,1687,4458.540762,3159.34,4921,4850.115,5010.325,5637.854231
2018-12-03,1687,4621.044754,3060.91,4884,4811.23,5023.385,5733.386229
2018-12-04,1678,4633.140549,3107.79,4753,4801.515,4971.145,5887.116385
2018-12-05,1696,4537.544402,3150.605,4551,4685.44,4905.92,5887.116385
2018-12-06,1651,4557.488658,3099.25,4353,4503.17,4775.925,5887.116385
2018-12-07,1660,4597.278386,3124.895,4158,4351.155,4516.57,6022.508534
2018-12-08,1616,4581.23079,3077.925,4053,4144.395,4297.37,5714.245864
2018-12-09,1616,4454.572445,3065.17,4019,4023.43,4015.58,5448.073452
2018-12-10,1642,4474.307737,3107.81,4002,3958.72,3900.75,5316.257047
2018-12-11,1642,4502.003557,3026.985,4036,3931.06,3964.44,5429.190286
2018-12-12,1862,4661.002038,2993.19,3933,3968.005,3900.75,5129.441499
2018-12-13,1816,4605.111985,2984.78,3933,3866.74,3900.75,5018.206565
2018-12-14,1900,4577.248193,3073.695,3916,3820.98,3799.06,4907.620533
2018-12-15,1862,4565.398673,3142.035,3967,3784.44,3735.64,4962.832013
2018-12-16,1816,4573.260798,3142.02,3933,3830.11,3799.06,4944.410025
2018-12-17,2064,4609.080235,3206.59,3899,3848.415,3862.575,5092.291502
2018-12-18,2204,4557.373515,3180.715,3831,3820.96,3799.06,4834.260384
2018-12-19,2265,4577.334436,3137.73,3899,3793.57,3786.38,4815.966126
2018-12-20,2275,4609.080235,3133.46,3933,3775.37,3799.05,4779.432773
2018-12-21,2194,4793.672794,3241.3,4002,3802.69,3760.99,4761.193745
2018-12-22,2074,4899.078089,3434.055,4123,3848.415,3849.86,4706.58765
2018-12-23,2035,4866.80763,3617.19,4176,3958.755,3811.8,4670.276415
2018-12-24,1977,4633.107134,3572.3,4123,3995.665,3964.61,4706.58765
2018-12-25,1948,4597.211397,3429.62,4071,3977.17,4066.575,4815.966126
2018-12-26,1910,4664.996579,3341.565,4106,3931.06,3837.26,4815.966126
2018-12-27,1891,4589.167252,3219.66,4246,3958.805,3989.95,4779.432773
2018-12-28,1751,4501.938545,3044.05,4406,3995.705,4053.8,4779.432773
2018-12-29,1724,4478.222954,2917.67,4497,4163.21,4117.75,4779.432773
2018-12-30,1977,4446.701018,2859.375,4515,4238.05,4181.835,4761.193745
2018-12-31,2164,4446.759024,2781.05,4424,4256.81,4207.46,4761.193745
2019-01-01,2765.720625,4517.775388,2687.05,4404.585,4163.085,4233.12,4815.966126
2019-01-02,2642.189687,4577.262566,2723.81,4167.755,4004.98,4130.68,4834.260384
2019-01-03,2444.179583,4745.514509,2955.48,3963.585,3802.755,3875.33,4944.410025
2019-01-04,2400.400938,4874.677758,3237.38,3912.81,3567.535,3659.705,4779.432773
2019-01-05,2394.95375,4895.024273,3630.845,3933.115,3567.535,3571.32,4634.039758
2019-01-06,2704.105625,4761.41248,3671.585,3963.585,3612.25,3508.285,4615.949482
2019-01-07,2891.071354,4483.182211,3478.6,4034.845,3748.155,3685.04,4561.791277
2019-01-08,3201.798333,4765.433186,3403.07,4239.665,3757.16,3710.32,4543.776199
2019-01-09,4288.422083,5001.791634,3460.83,4706.145,3802.755,3837.415,4688.422727
2019-01-10,4812.889896,5550.969235,3935.56,5105.73,4060.76,3964.49,4761.193745
2019-01-11,4222.550313,6264.62103,5042.25,5190.51,4398.535,4387.485,4870.9039
2019-01-12,3471.441979,6424.870292,5711.01,5126.87,4570.09,4555.61,5222.628155
2019-01-13,2949.518229,6474.072427,6086.31,5105.73,4579.66,4723.78,5391.476091
2019-01-14,2619.149583,6220.87277,5946.265,5403.675,4560.58,4645.93,5676.016028
2019-01-15,2399.312396,5239.797616,5732.655,6247.91,4608.5,4671.93,5676.016028
2019-01-16,2146.778125,4993.280383,4855.555,7233.09,5115.445,5062.63,5618.798914
2019-01-17,2044.622083,4801.796916,4306.39,7796.075,6003.055,5762.465,5771.71772
2019-01-18,1852.661667,4915.377818,3966.145,7830.08,6596.255,6911.785,6197.773998
2019-01-19,1867.922083,4866.859355,3662.7,7513.46,6882.585,7372.48,6851.593959
2019-01-20,1851.193229,4597.278386,3403.22,6975.72,6723.075,7358.895,7276.539816
2019-01-21,1787.066146,4458.526272,3219.89,6356.825,6281.93,6925.22,7563.556526
2019-01-22,1762.4575,4541.512626,2993.23,5931.225,5746.95,6346.99,7440.189637
2019-01-23,1747.371563,4490.094012,2930.19,5574.97,5443.115,5880.1,7053.104853
2019-01-24,1728.893646,4344.818415,2871.885,5105.77,4996.965,5417.055,6512.61003
2019-01-25,1710.238854,4313.880173,2801.53,4821.165,4695.225,4984.26,6100.239954
2019-01-26,1694.004271,4372.314074,2715.545,4601.695,4398.6,4620.085,5771.71772
2019-01-27,1778.091354,4545.473646,2638.545,4342.62,4181.79,4297.405,5618.798914
2019-01-28,2026.570104,4502.388815,2554.35,4188.225,3995.705,3849.87,5148.043272
2019-01-29,2049.929479,4278.614475,2546.39,4116.52,3848.45,3875.33,4907.620533
2019-01-30,2056.522188,4259.380965,2538.43,4075.65,3766.215,3722.97,4670.276415
2019-01-31,2135.20875,4470.373232,2546.405,3973.785,3720.765,3684.985,4525.780009
2019-02-01,2399.935208,4525.692599,2719.71,3882.4,3639.325,3621.81,4436.083603
2019-02-02,2498.944063,4474.327037,2900.95,3831.8,3567.295,3483.12,4364.670093
2019-02-03,2255.939896,4609.080235,2930.225,3821.695,3531.435,3395.18,4275.836567
2019-02-04,1895.457292,4597.278386,3035.575,3720.86,3495.67,3382.63,4205.119355
2019-02-05,1604.254896,4383.903935,3215.315,3650.545,3477.82,3319.98,4064.627675
2019-02-06,1547.287292,4317.485519,3324.015,3831.875,3424.425,3294.965,3994.85826
2019-02-07,1536.578854,4411.428525,3228.365,4024.66,3424.45,3257.46,3942.741759
2019-02-08,1519.740313,4313.594745,2897.125,4126.765,3549.375,3370.125,3856.285309
2019-02-09,1509.261354,4399.559564,2538.79,4270.43,3657.385,3634.59,3890.806978
2019-02-10,1514.622708,4470.337037,2365.64,4487.305,3766.24,3647.05,3960.09379
2019-02-11,1515.860417,4474.327037,2346.275,4559.985,3921.895,3849.94,4029.702998
2019-02-12,1543.231458,4321.386048,2300.135,4394.17,3995.66,3989.95,4169.878124
2019-02-13,1720.176146,4263.075831,2223.715,4239.57,3958.72,4002.715,4275.836567
2019-02-14,2031.030104,4181.883918,2219.925,4034.91,3848.45,3888.035,4364.670093
2019-02-15,2420.692292,4197.422909,2254.135,3841.965,3693.625,3773.67,4471.905113
2019-02-16,2922.574167,4387.814198,2265.58,3710.835,3540.495,3596.97,4418.201483
2019-02-17,3055.694896,4537.674112,2288.645,3640.51,3415.56,3345.11,4329.078678
2019-02-18,3042.797396,4672.992814,2671.89,3600.44,3327.1,3244.975,4205.119355
2019-02-19,2993.478958,4859.149477,3095.14,3560.44,3291.9,3195.065,4047.155365
2019-02-20,3024.759167,5108.183685,3618.215,3560.44,3265.55,3107.91,3960.09379
2019-02-21,3041.996979,5124.723278,3970.27,3630.48,3239.26,3070.64,4169.878124
2019-02-22,3055.933646,5034.037184,4016.97,3710.805,3265.55,3095.49,4205.119355
2019-02-23,3028.486979,4968.445585,3998.32,4024.745,3309.495,3107.91,4064.627675
2019-02-24,3001.556667,4919.448062,3891.3,4383.985,3460.145,3270.11,4047.155365
2019-02-25,2997.601146,4935.78994,3886.675,4905.405,3657.385,3571.435,4134.715558
2019-02-26,3019.698646,4838.188977,3914.46,5296.895,4079.35,3900.955,4099.631969
2019-02-27,3027.299688,4952.094362,3882.145,5521.3,4474.655,4439.15,4364.670093
2019-02-28,2986.320417,4944.19952,3771.65,5585.7,4733.74,4840.8,4761.193745
2019-03-01,2867.524375,5009.417019,3799.14,5478.45,4869.58,5036.46,5222.628155
2019-03-02,2746.3975,5017.751067,3822.13,5542.75,4898.835,5167.34,5466.973958
2019-03-03,2711.772708,4886.876749,3863.57,5585.69,4869.595,5101.895,5429.190286
2019-03-04,2711.652708,4809.859649,3808.355,5574.97,4869.58,5141.14,5637.854231
2019-03-05,2759.608229,4677.030204,3735.1,5510.57,4889.085,5193.565,5599.760688
2019-03-06,2813.895104,4609.080235,3639.88,5457.01,4820.935,5114.97,5542.748828
2019-03-07,2911.233333,4701.066497,3549.78,5457.01,4762.735,4997.26,5542.748828
2019-03-08,2995.194063,4777.500068,3572.2,5435.62,4772.42,4984.205,5466.973958
2019-03-09,3011.711979,4826.004056,3585.675,5435.62,4772.43,5010.345,5278.752659
2019-03-10,3012.166771,4757.372839,3626.25,5382.18,4762.735,5036.46,5241.318674
2019-03-11,3002.237188,4725.292703,3716.905,5254.315,4762.735,5023.4,5391.476091
2019-03-12,3003.5675,4838.153648,3799.14,5073.93,4695.07,4945.125,5504.82688
2019-03-13,2985.851146,4826.013485,3826.74,4968.33,4522.24,4671.87,5466.973958
2019-03-14,2961.911458,4915.368443,3886.68,4978.875,4360.575,4645.93,5335.035567
2019-03-15,2978.546979,4846.343622,3868.195,4989.43,4341.66,4451.975,4999.730315
2019-03-16,2986.951979,4745.268097,3882.08,5063.375,4341.68,4413.24,4870.9039
2019-03-17,3004.534375,4713.187961,3812.915,5222.385,4351.125,4284.53,4779.432773
2019-03-18,2999.873125,4846.26829,3799.14,5328.82,4474.545,4233.245,4852.572986
2019-03-19,3007.810521,4874.743555,3794.555,5339.485,4560.5,4503.81,4907.620533
2019-03-20,2989.480104,4813.866256,3776.225,5435.62,4637.3,4827.835,4907.620533
2019-03-21,2955.707813,4741.228434,3767.075,5499.85,4656.515,4827.775,4999.730315
2019-03-22,2942.310104,4757.344429,3776.225,5499.85,4772.46,4827.77,5110.857566
2019-03-23,2950.045729,4745.268097,3739.67,5489.14,4801.535,4866.825,5166.662854
2019-03-24,2953.326771,4605.150244,3689.605,5424.92,4801.515,4814.98,5185.300216
2019-03-25,2945.422604,4533.578578,3662.385,5328.85,4733.71,5036.46,5092.291502
2019-03-26,2932.188438,4549.444268,3698.68,5179.9,4675.785,5062.6,5203.955326
2019-03-27,2963.330521,4494.016491,3703.245,5073.93,4570.09,4932.175,5148.043272
2019-03-28,3110.858854,4482.183997,3648.805,5126.87,4464.99,4645.93,5055.213109
2019-03-29,3407.582396,4621.037588,3608.21,5201.13,4474.52,4671.87,5073.74334
2019-03-30,3502.783462,4725.378111,3545.365,5179.89,4512.68,4620.05,5055.213109
2019-03-31,3454.57,4805.768096,3694.135,5179.89,4541.36,4620.02,5110.857566
2019-04-01,3406.37,4805.768096,3762.64,5179.9,4541.35,4568.235,4944.410025
2019-04-02,3358.167541,4805.768096,4120.595,5095.1,4550.92,4594.11,5036.70084
2019-04-03,3471.603854,4805.768096,4248.595,5052.79,4484.05,4645.93,5018.206565
2019-04-04,3409.839062,5075.176292,4200.94,5073.945,4465.005,4620.02,5018.206565
2019-04-05,3323.320833,5079.341958,4172.44,5148.08,4455.475,4568.235,4926.006188
2019-04-06,3255.241042,5170.264364,4210.51,5339.53,4493.59,4581.17,4815.966126
2019-04-07,3142.615938,5153.740924,4344.46,5553.49,4579.69,4555.295,4889.253093
2019-04-08,2979.672188,5186.944716,4373.385,5617.94,4743.435,4737.18,4907.620533
2019-04-09,2992.288229,5001.232057,4306.01,5542.75,4840.38,5036.46,5241.318674
2019-04-10,3138.328542,4903.153023,4267.79,5532.03,4830.665,4997.3,5297.496067
2019-04-11,2902.064167,4862.488159,3993.59,5660.99,4801.515,4918.96,5260.026852
2019-04-12,2363.202083,4890.939949,3909.84,5801.23,4889.085,5075.695,5391.476091
2019-04-13,1962.908333,4940.002952,3872.8,5855.315,4977.055,5285.48,5166.662854
2019-04-14,1884.926042,4793.672794,3849.74,5801.23,5035.935,5311.735,5185.300216
2019-04-15,1762.394479,4495.076538,3753.39,5564.22,5104.865,5141.7,5241.318674
2019-04-16,1894.421042,4036.617595,3718.3,5414.255,4947.695,4932.005,5316.257047
2019-04-17,1938.096458,3765.768939,3394.51,5233.02,4811.23,5049.57,5316.257047
2019-04-18,1836.482188,3472.539193,3061.03,5190.51,4695.07,4958.2,5222.628155
2019-04-19,2373.899792,3325.553157,2876.1,5264.91,4589.24,4814.77,5222.628155
2019-04-20,2959.640208,3205.336051,2695.22,5211.75,4579.65,4710.81,5278.752659
2019-04-21,3401.390833,2987.082355,2602.335,5084.53,4560.5,4633.125,5316.257047
2019-04-22,3482.300104,3229.377852,2638.52,4947.26,4503.14,4542.365,5241.318674
2019-04-23,3446.080104,3976.199497,2666.9,4632.98,4379.535,4542.36,5185.300216
2019-04-24,3371.563854,4472.805747,2863.86,4373.505,4209.92,4439.03,5148.043272
2019-04-25,3199.138229,5095.818954,3376.965,4147.24,3968.075,4284.505,4962.832013
2019-04-26,3107.254375,5215.946265,3850.93,4075.64,3784.465,3977.735,4761.193745
2019-04-27,3159.220208,5383.252276,4068.55,4055.24,3693.55,3672.33,4634.039758
2019-04-28,3437.043021,5325.063225,4077.97,4096.08,3603.275,3621.77,4453.984826
2019-04-29,3397.951979,4915.434072,3984.335,4270.48,3594.25,3521.21,4082.11989
2019-04-30,3267.897708,4801.754423,3923.74,4518.47,3666.505,3420.27,3960.09379
2019-05-01,3218.861563,5046.374034,3919.1,4926.255,3885.185,3395.18,3925.409918
2019-05-02,3048.683542,5108.195267,3937.705,5137.495,4172.52,3814.76,4082.11989
2019-05-03,2639.817917,4993.019119,4054.475,5275.555,4398.495,4413.24,4258.128016
2019-05-04,2468.866875,4903.153023,4012.27,5360.825,4522.24,4503.58,4169.878124
2019-05-05,2386.876771,4713.25919,3984.255,5435.61,4627.67,4646.205,4543.776199
2019-05-06,2548.794479,4513.785505,3854.735,5499.85,4733.74,4827.835,4870.9039
2019-05-07,2641.200833,4533.729947,3581.44,5499.85,4899.035,5036.63,5316.257047
2019-05-08,2898.485417,4197.422909,3451.85,5457.01,4908.605,5193.565,5316.257047
2019-05-09,2987.874583,3998.383726,3376.67,5596.45,5036.055,5351.225,5429.190286
2019-05-10,3103.010417,3922.781461,3249.975,5660.98,5075.29,5614.91,6197.773998
2019-05-11,3117.120312,3900.53451,3215.315,5617.95,5104.865,5601.73,6158.71125
2019-05-12,3113.501354,4483.500495,3363.565,5382.255,5095.015,5667.82,5752.543523
2019-05-13,3053.151771,4478.24466,3536.45,5031.76,4869.62,5562.06,5983.741975
2019-05-14,2942.644583,4581.218816,3630.735,4758.335,4704.78,5509.26,6119.713976
2019-05-15,3001.419271,4693.060733,3744.26,4580.785,4446.06,4776.1,5561.735618
2019-05-16,3141.402708,4725.292703,3785.385,4674.615,4228.64,4464.845,5297.496067
2019-05-17,3230.749688,4529.643995,3762.56,4768.69,4125.69,4439.03,5353.831601
2019-05-18,3368.972083,4609.080235,3698.68,4842.095,4191.115,4387.45,5203.955326
2019-05-19,3386.852917,4689.018619,3703.27,4968.33,4294.505,4490.66,5129.441499
2019-05-20,3382.178333,4653.175052,3753.36,4978.875,4351.21,4529.43,5129.441499
2019-05-21,3373.608333,4899.284564,3767.12,5042.23,4408,4490.66,5297.496067
2019-05-22,3377.823542,5137.125076,3900.655,5148.115,4446.06,4413.24,5092.291502
2019-05-23,3409.768021,5287.121342,4073.365,5137.47,4503.3,4490.935,5018.206565
2019-05-24,3426.595729,5174.787496,4125.105,5073.93,4531.79,4827.775,5429.190286
2019-05-25,3423.435417,4948.014742,4106.225,5031.65,4484.06,4840.785,5561.735618
2019-05-26,3417.323125,4834.128128,4144.015,5052.79,4484.095,4736.85,5391.476091
2019-05-27,3401.531146,4858.688415,4092.105,5179.92,4493.59,4749.78,5372.645119
2019-05-28,3401.507813,5001.194753,4035.685,5328.85,4589.24,4879.86,5316.257047
2019-05-29,3414.157708,5157.83482,4026.32,5574.97,4830.915,5010.345,5166.662854
2019-05-30,3442.102917,5249.25154,4144.015,5725.64,4937.965,5324.97,5260.026852
2019-05-31,3555.679688,5199.316645,4220.065,5758.01,5134.59,5509.26,5848.583008
2019-06-01,3663.536354,5083.454244,4306.01,5768.81,5164.165,5522.45,5867.841324
2019-06-02,3576.762917,5067.167682,4310.81,5812.035,5164.135,5614.91,5964.383571
2019-06-03,3532.280208,5282.648704,4412.015,6532.98,5263.4,5720.78,6453.264507
2019-06-04,3499.477604,5332.868189,4558.135,7401.465,5635.235,5813.645,6315.353152
2019-06-05,3460.8625,5240.936707,4685.895,8069.015,6261.36,7022.775,6003.116971
2019-06-06,3472.318125,5149.538446,4666.14,8573.04,7098.17,7440.63,6394.0631
2019-06-07,3435.513229,5091.667239,4695.78,8711.335,7629.6,8042.025,7256.151478
2019-06-08,3327.902708,5124.723278,4656.275,8458.035,7760.805,8537.485,7728.877175
2019-06-09,3150.823437,5240.936707,4597.22,7989.155,7596.115,8482.305,7936.85077
2019-06-10,3062.734375,5170.264364,4558.015,7479.76,7215.475,8097.205,8209.385624
2019-06-11,2887.203542,5149.861955,4489.75,7109.52,6744.29,7658.635,8230.450417
2019-06-12,2677.165729,4993.000457,4344.585,6931.135,6407,7590.39,7936.85077
2019-06-13,2325.896667,5058.722501,4129.905,6875.55,6146.6,7102.47,7749.608646
2019-06-14,2271.069167,5091.674195,3998.27,6853.33,6074.19,6601.66,7276.539816
2019-06-15,2342.555833,4793.814514,3799.24,6842.23,6032.94,6574.785,6952.156138
2019-06-16,2398.005,4613.098681,3581.325,7064.845,6063.98,6534.49,6651.639893
2019-06-17,2462.964583,4431.258186,3473.945,7176.57,6115.535,6547.91,6651.639893
2019-06-18,2404.888958,4143.454942,3416.325,7445.885,6365.155,6938.645,6671.564626
2019-06-19,2257.821563,4005.972722,3478.38,7705.49,6448.845,7087.485,7235.778294
2019-06-20,2156.460104,3975.639208,3350.415,8068.88,6659.49,7386.2,8293.730412
2019-06-21,2026.457083,4017.361211,3241.265,7977.845,6935.98,7672.295,7978.620392
2019-06-22,1884.319688,4074.497929,3112.17,7558.635,6989.545,7699.7,7874.305335
2019-06-23,1730.713646,4082.166477,2946.945,7188.205,6765.8,7754.295,7853.485994
2019-06-24,1674.697292,3968.090223,2988.985,6587.89,6459.505,7508.595,7501.805953
2019-06-25,1677.501562,3787.942733,2984.84,6127.11,6012.66,6967.35,7440.189637
2019-06-26,1679.694688,3739.647305,2675.325,5909.485,5604.355,6093.025,6932.012695
2019-06-27,1772.660208,3802.823619,2715.615,5931.195,5273.32,5787.04,6572.099047
2019-06-28,1749.290938,3629.164366,2789.59,6018.06,5164.135,5601.82,6354.675868
2019-06-29,1656.328854,3429.256095,2562.345,6094.325,5213.66,5535.67,6100.239954
2019-06-30,1629.586771,3321.944609,2506.705,6028.97,5293.165,5694.29,5695.122455
2019-07-01,1667.341563,3318.439126,2443.685,5866.455,5263.35,5654.62,6158.71125
2019-07-02,1769.752813,3301.004866,2408.52,5328.82,5085.175,5641.46,6911.884735
2019-07-03,1889.683958,3062.412472,2490.985,5758.335,4937.965,7223.93,6891.772277
2019-07-04,1719.827813,2955.90605,2400.63,6367.67,5125.595,7008.21,9127.861459
2019-07-05,1541.269167,3479.74784,2424.065,7322.43,6702.55,7414.61,10766.75931
2019-07-06,1764.751042,3620.170444,2494.85,8206.06,8015.155,8634.195,10339.17343
2019-07-07,1731.792812,3817.904644,2744.855,8412.185,8215.65,8911.33,10812.03413
2019-07-08,1444.916875,3519.711499,2934.38,7706.615,8070.88,9036.07,11130.35911
2019-07-09,1298.969688,3371.911815,2938.59,6842.755,7498.365,8897.29,11130.35911
2019-07-10,1254.592708,3166.84917,2838.76,6072.73,6671.045,8251.37,10518.6503
2019-07-11,1200.735208,2983.199654,2626.595,5607.29,5910.05,6736.92,9761.578571
2019-07-12,1183.58,2716.919072,2479.065,5392.865,5393.285,6480.78,8911.972371
2019-07-13,1183.616563,2733.5041,2335.235,5264.975,5026.265,6001.095,8125.269604
2019-07-14,1163.897917,2837.114671,2063.3,5137.47,4830.665,5311.735,6932.012695
2019-07-15,1150.608542,2881.02476,1702.235,5105.685,4704.735,5101.855,6891.772277
2019-07-16,1153.15125,3166.84917,1602.88,5126.87,4589.24,5036.515,7073.340749
2019-07-17,1265.069688,3254.629908,1613.025,4989.43,4637.3,4932.005,6952.156138
2019-07-18,1428.510938,3083.274201,1664.395,4800.305,4484.06,5049.545,6952.156138
2019-07-19,1424.008333,2918.664881,1917.265,4414.96,4379.535,4841.19,7195.077465
2019-07-20,1436.709375,2796.825928,2070.29,3842.17,4032.98,4284.79,6041.916639
2019-07-21,1517.300521,2670.487951,2118.4,3401.58,3603.91,3888.035,5353.831601
2019-07-22,1939.490521,2520.315938,2096.075,3292.395,3380.14,3622.69,5222.628155
2019-07-23,2047.3775,2513.874881,2096.065,3430.99,3082.785,3170.13,5637.854231
2019-07-24,2094.251771,2395.357528,2077.525,3781.415,3327.145,3257.46,5656.926611
2019-07-25,2237.912292,2335.28017,2025.92,4563.86,3668.085,3649.095,6119.713976
2019-07-26,2386.448437,3384.378819,2088.98,5522.81,4475.695,5261.505,6751.420975
2019-07-27,2603.360521,3884.741841,2420.595,6654.41,5655.49,6226.38,6952.156138
2019-07-28,2534.286875,4581.448736,2859.93,7210.155,6596.43,7224.945,7481.252238
2019-07-29,2575.546354,4789.689863,3298.95,7076.08,7193.94,8179.25,9214.598804
2019-07-30,2315.05125,4956.171647,3758.145,6609.9,7194.015,8358.26,11635.47814
2019-07-31,2195.795417,5178.546891,3993.885,6411.535,7455.96,8911.395,12852.5315
2019-08-01,2041.644688,5034.037184,4403.29,6554.63,8141.045,10154.16,14711.83773
2019-08-02,1982.075521,4943.937464,4597.28,6720.29,8837.88,10887.945,15205.47827
2019-08-03,1861.024063,4903.181171,4191.565,7367.41,8587.04,10535.84,15081.66437
2019-08-04,1866.143646,5965.328456,4163.42,8331.995,8126.52,9677.465,14933.44218
2019-08-05,2003.157812,6143.070144,5357.55,8722.905,8026.225,9649.345,13906.86606
2019-08-06,2136.041667,5211.824545,6599.26,8977.45,8521.155,9859.38,13472.89126
2019-08-07,2029.598438,5021.753876,5742.03,9000.685,8847.78,10294.85,13665.31922
2019-08-08,1927.939271,5157.927205,4826.645,8734.42,8745.355,10280.775,14271.27544
2019-08-09,1833.661458,5332.868189,4392.795,8861.735,8654.605,10069.985,17273.46338
2019-08-10,1835.924479,5316.286251,4607.135,9384.915,8893.48,10182.345,18882.27195
2019-08-11,1934.210208,5291.275294,4735.435,9443.325,9156.95,10916.335,21120.93776
2019-08-12,1970.833542,5062.916082,4775.17,9105.3,9007.745,10859.87,21554.78613
2019-08-13,1752.067604,5009.545189,4725.635,9035.515,8790.86,10210.515,16610.23416
2019-08-14,1644.516042,5236.764355,4528.7,9713.11,8620.695,9859.37,14564.58999
2019-08-15,1838.064062,5182.705456,4676.025,10815.425,9133.96,10169.07,14003.7977
2019-08-16,1813.863854,5249.260728,4597.455,11802.63,9971.345,11285.405,14076.61323
2019-08-17,1753.584583,5412.874141,4563.235,13296.68,11106.175,11969.675,14834.84305
2019-08-18,1695.59625,5616.389846,5398.42,15107.25,12631.345,13308.57,15180.69406
2019-08-19,1730.985833,5484.503303,5668.53,16172.1,14962.53,15833.54,16382.26463
2019-08-20,2017.071979,5215.946265,5283.36,16159.355,16539.095,17163.02,18307.07321
2019-08-21,2047.348438,5120.573914,4795.33,15891.86,17173.35,17981.61,21364.6902
2019-08-22,2007.346979,5095.818954,4775.405,15968.23,17241.205,18220.505,24346.22283
2019-08-23,2013.06375,5274.563212,4880.19,16593.87,17554.595,18175.66,25164.10238
2019-08-24,2238.097083,5467.662855,5007.625,17857.84,19412.285,20252.105,25533.04877
2019-08-25,2276.703854,5286.823352,5267.02,18872.125,22761.7,23999.975,26734.66286
2019-08-26,1944.404896,5421.153196,5138.44,18924.37,24140.45,25339.885,29505.52185
2019-08-27,1711.069167,5442.343359,5107.6,18428.34,24155.455,25448.14,30813.01406
2019-08-28,1606.214792,5316.110048,5266.46,17934.415,23240.39,24614.435,29979.23571
2019-08-29,1578.952708,5203.560428,5406.23,17429.75,22363.025,24152.35,29564.62676
2019-08-30,1565.457292,5046.406585,5174.16,18912.12,25021.095,25713.415,31352.19589
2019-08-31,1467.856667,4956.176322,4895.13,20147.275,29132.73,30351.545,35877.20515
2019-09-01,1556.840521,4814.142254,4900.165,19975.625,29741.425,30887.305,41009.41849
2019-09-02,1794.418229,4601.122218,4830.425,19475.115,30978.65,31901.125,41170.67674
2019-09-03,1804.857188,4713.116733,4602.13,19554.07,33974.925,35083.625,43053.42494
2019-09-04,1765.261979,4903.181171,4558.095,20398.71,38224.43,38377.04,48663.51574
2019-09-05,1696.52125,5038.142489,4514.065,20783.195,38810.2,39767.395,53203.38846
2019-09-06,1590.441146,4935.836759,4602.15,20332.5,37705.25,39330.145,55355.85875
2019-09-07,1584.597813,4777.500068,4602.135,19462.19,36294.65,38392.665,54867.8453
2019-09-08,1575.173646,4737.210098,4451.22,18597.89,34816.245,36556.97,53618.22873
2019-09-09,1510.858229,4717.106575,3993.885,17869.675,33693.92,35018.445,52170.03294
2019-09-10,1495.438021,4777.500068,3808.42,17158.97,32741.715,33662.055,50766.50722
2019-09-11,1701.40625,4777.594645,3685.075,17206.925,32260.405,32596.715,48663.51574
2019-09-12,2109.242917,4669.022078,3635.245,18155.06,31733.18,31899.145,46651.00819
2019-09-13,2316.286979,4765.404791,3635.24,18689.11,31733.18,31709.15,44266.03897
2019-09-14,2299.381458,4842.219211,3707.87,18025.48,31018.495,31234.79,43543.95023
2019-09-15,2060.683333,4854.561749,3979.69,16735.375,29663.96,30020.865,41784.98184
2019-09-16,1804.220312,4817.908259,4162.97,15372.15,27554.76,28936.93,39151.15788
2019-09-17,1650.899375,4866.549009,4092.08,14040.91,24977.2,26440.855,36032.86445
2019-09-18,1553.481875,5001.20408,4097.035,13073.805,22582.89,24306.515,34084.70239
2019-09-19,1509.112812,4997.194388,4224.735,12118.4,20693.73,22253.005,32256.30209
2019-09-20,1451.775521,4895.341108,3699.82,11246.88,19295.645,20869.27,30544.35412
2019-09-21,1443.766771,4490.889256,3478.375,10540.85,18433.72,20128.07,29475.98114
2019-09-22,1396.718021,3870.379331,3478.38,9889.485,17459.29,19464.885,31562.54474
2019-09-23,1520.885208,3508.686709,3398.71,9221.785,16338.16,18222.13,32135.36214
2019-09-24,1813.055,3472.500088,3107.975,8492.75,15263.21,16599.805,30097.97566
2019-09-25,1830.685417,3447.245028,3005.84,7751.035,14182.005,15405.83,27311.96517
2019-09-26,1773.257708,3555.937101,2972.17,7221.4,13121.805,14309.385,24177.90276
2019-09-27,1720.030938,3643.701912,2863.52,6931.145,12232.17,13119.43,19940.02226
2019-09-28,1731.61375,3577.802162,2884.415,6643.31,11457.05,12270.395,17995.32387
2019-09-29,1784.073229,3574.240242,3039.695,6170.69,10851.39,11627.085,17094.22647
2019-09-30,1617.452708,3643.717326,3039.835,5866.195,10207.28,10831.625,15528.64354
2019-10-01,1248.803646,3577.802162,2896.785,5532.1,9573.525,10210.515,14368.87136
2019-10-02,1201.388438,3512.315772,2859.375,5360.825,9008.02,9677.465,13713.53889
2019-10-03,1196.347083,3447.260705,2813.87,5307.51,8361.415,9022.2,12971.22894
2019-10-04,1222.718229,3371.911815,2785.05,5158.7,7937.6,8675.68,13185.60983
2019-10-05,1245.918646,3311.282767,2760.435,5052.79,7585.42,8289.38,13137.8893
2019-10-06,1252.730104,3191.657904,2715.545,4968.335,7183.185,7768.18,13114.04622
2019-10-07,1279.718958,2938.772221,2606.43,4695.5,6660.06,7263.77,13400.91737
2019-10-08,1262.585938,2867.493549,2459.51,4476.975,5608.84,6456.63,11428.12176
2019-10-09,1233.538438,2898.49269,2269.365,4389.51,5058.41,5219.9,9916.218539
2019-10-10,1206.55375,3254.677776,2070.24,4239.545,4570.13,4932.06,8783.098216
2019-10-11,1189.786042,3502.27894,1956.605,4218.99,4714.38,4971.54,8188.335129
2019-10-12,1175.249375,4105.967043,1938.51,4116.525,4686.355,5010.32,8020.447978
2019-10-13,1187.117292,4368.248327,1963.92,3963.635,4512.7,4945.085,8020.447978
2019-10-14,1255.349167,4423.224705,2070.14,3761.195,4408.05,4620.39,7895.139256
2019-10-15,1301.124479,4337.012507,2284.895,3570.515,4191.175,4361.765,7646.098576
2019-10-16,1299.354271,4333.077881,2354.01,3213.655,3922.03,4413.24,7215.420283
2019-10-17,1243.919583,4267.096342,2346.305,3066.78,3657.43,3722.97,6791.443293
2019-10-18,1203.168438,4128.073461,2459.465,3076.53,3406.745,3370.125,6413.780851
2019-10-19,1222.457708,3849.771169,2733.375,3154.79,3300.76,3108.12,5964.383571
2019-10-20,1228.045313,3226.391123,3211.055,3292.42,3335.94,3070.805,5580.73958
2019-10-21,1333.438646,3142.993199,2781.67,3361.575,3451.105,3294.965,5599.760688
2019-10-22,1621.398854,2670.487951,2220.82,3331.88,3576.32,3382.645,5618.798914
2019-10-23,1681.249479,2617.921691,2782.185,3401.2,3603.275,3508.47,5466.973958
2019-10-24,1673.337292,2723.519936,2235.56,3610.485,3666.41,3748.32,5504.82688
2019-10-25,1610.315937,2994.178374,1916.92,3660.585,3757.16,3773.71,5829.341463
2019-10-26,1601.906667,3357.58883,1877.44,3391.415,3666.69,3862.575,5867.841324
2019-10-27,1528.993125,3645.371805,1870.3,3243.12,3486.785,3472.395,5542.748828
2019-10-28,1155.981979,4105.095175,1873.87,3193.98,3300.685,3070.64,5599.760688
2019-10-29,1117.905313,4251.469598,1949.51,3086.355,3221.82,2860.56,5429.190286
2019-10-30,1153.382188,4356.502962,2257.985,2786.205,3134.73,2798.79,5110.857566
2019-10-31,1149.798854,4819.06851,2319.305,2595.155,2945.32,2725.1,5466.973958
2019-11-01,1128.433333,4112.741398,2182.16,2406.43,2784.32,2554.58,5166.662854
2019-11-02,1111.046875,4108.976473,2011.42,2397.08,2642.3,2263.465,4926.006188
2019-11-03,1111.044375,4364.330778,1824.145,2472.245,2609.29,2167.45,4999.730315
2019-11-04,1111.320833,4399.559564,1792.415,2719.095,2818.175,2215.51,5203.955326
2019-11-05,1110.819583,4379.971822,1802.96,2901.72,3065.48,2615.04,4724.77115
2019-11-06,1126.030313,4430.965416,1810,2863.14,3100.035,2959.11,5203.955326
2019-11-07,1186.424792,4427.05027,1806.48,2699.975,3022.445,2726.755,5466.973958
2019-11-08,1181.236979,4403.484388,1834.76,2481.685,2877.295,2384.115,5504.82688
2019-11-09,1173.986042,4419.193365,1856.06,2368.975,2717.325,2215.405,4471.905113
2019-11-10,1177.900833,4383.891798,1827.665,2285.05,2551.49,2024.61,4346.864743
2019-11-11,1263.179792,4446.701018,1834.745,2220.07,2485.945,1834.98,4240.438938
2019-11-12,1117.766042,4403.494085,1834.76,2220.07,2461.465,1752.775,3977.465971
2019-11-13,1112.709688,4336.975974,1866.73,2257.15,2453.345,1717.67,4240.438938
2019-11-14,1111.310833,4317.485519,1859.61,2257.15,2428.95,1764.49,4779.432773
2019-11-15,1093.059271,4360.408361,1838.295,2257.15,2420.915,1787.965,4797.690244
2019-11-16,1077.252396,4376.054272,1806.49,2257.15,2453.4,1752.81,4507.802741
2019-11-17,1069.244271,4336.975974,1767.885,2294.32,2469.63,1752.81,4311.311935
2019-11-18,1130.381146,4298.019452,1736.495,2331.59,2453.315,1694.325,4436.083603
2019-11-19,1361.319167,4278.585127,1733.025,2294.32,2477.81,1717.685,4382.494691
2019-11-20,1430.700938,4317.485519,1771.375,2275.72,2396.55,1894.215,4240.438938
2019-11-21,1397.517187,4379.981535,1729.56,2266.435,2340.115,1882.12,4117.163871
2019-11-22,1458.827604,4329.194412,1705.32,2229.36,2348.15,1765.075,4047.155365
2019-11-23,1669.992188,4403.47954,1712.25,2127.82,2308.06,1705.99,4134.715558
2019-11-24,1648.251562,4348.699468,1824.3,2127.82,2244.21,1741.08,3566.181683
2019-11-25,1499.732604,4313.594745,1913.285,2127.82,2220.39,1555.31,3856.285309
2019-11-26,1481.126354,4383.884515,1913.29,2210.895,2212.475,1485.915,3960.09379
2019-11-27,1540.854271,4333.077881,1916.995,2350.27,2268.1,1717.67,3925.409918
2019-11-28,1592.802292,4301.907783,2051.69,2331.59,2340.115,1705.99,3856.285309
2019-11-29,1598.744375,4360.415656,2081.235,2378.32,2420.86,1670.98,3599.998379
2019-11-30,1592.718542,4423.106082,2018.695,2453.42,2420.86,1717.735,3684.908104
2019-12-01,1591.379688,4376.054272,1967.51,2519.38,2437.085,1917.54,3482.011214
2019-12-02,1587.811875,4368.248327,2029.725,2528.835,2477.765,2071.875,3465.241149
2019-12-03,1584.657083,4494.023719,1960.25,2623.72,2502.26,2083.785,3736.104436
2019-12-04,1578.381042,4431.584837,2029.68,2747.755,2551.46,2131.545,3465.241149
2019-12-05,1590.680625,4438.839264,2118.405,2747.74,2634.01,2215.405,3398.375937
2019-12-06,1607.735,4399.559564,2066.48,2747.74,2675.55,2287.52,3482.011214
2019-12-07,1672.612396,4462.453535,1993.035,2671.31,2692.215,2323.68,3599.998379
2019-12-08,1742.756458,4497.970296,1996.795,2576.17,2675.55,2263.465,3667.884288
2019-12-09,1762.897708,4525.663752,2088.78,2576.17,2617.47,2275.485,3719.018223
2019-12-10,1768.309792,4462.460777,1989.345,2576.17,2584.425,2227.56,3753.211358
2019-12-11,1771.697708,4462.511478,1949.36,2604.665,2600.935,2203.425,3515.615518
2019-12-12,1780.509583,4581.218816,1931.295,2652.215,2600.905,2311.63,3684.908104
2019-12-13,1883.179583,4537.544402,1953.16,2719.05,2584.395,2287.52,3549.305064
2019-12-14,2082.083646,4482.169531,2148.915,2738.165,2625.735,2263.465,3566.181683
2019-12-15,2371.698229,4458.516612,2365.675,2757.33,2675.55,2335.74,3365.073053
2019-12-16,2314.876354,4454.611095,2443.685,2728.59,2742.355,2311.63,3415.059884
2019-12-17,2208.800937,4537.544402,2522.585,2690.36,2725.6,2323.68,3839.055057
2019-12-18,1802.523646,4561.356128,2602.335,2690.36,2683.87,2311.63,3821.845252
2019-12-19,1613.627604,4501.916874,2707.52,2814.965,2650.6,2263.465,3977.465971
2019-12-20,1563.931667,4533.578578,2776.965,2959.845,2692.215,2299.57,4543.776199
2019-12-21,1562.231354,4494.016491,2594.75,3076.545,2792.745,2311.63,3753.211358
2019-12-22,1552.759271,4458.516612,2350.145,3174.35,2894.235,2445.14,3118.103668
2019-12-23,1557.431875,4430.967836,2235.765,3272.67,2996.67,2737.39,3856.285309
2019-12-24,1649.840833,4454.572445,2077.52,3312.165,3065.48,2848.02,4152.286988
2019-12-25,1665.406771,4391.739023,2084.95,3371.45,3143.39,2823.43,4152.286988
2019-12-26,1672.764271,4368.228887,2110.945,3371.45,3256.78,2897.345,4064.627675
2019-12-27,1653.295,4344.781903,2081.255,3312.12,3195.605,3070.805,3960.09379
2019-12-28,1759.171875,4391.719613,2036.935,3164.575,3283.18,3120.34,4012.270616
2019-12-29,1793.060938,4294.348541,2040.63,2998.675,3169.455,3095.48,3839.055057
2019-12-30,1749.373438,4105.075361,2092.35,2901.73,3022.445,2897.345,3839.055057
2019-12-31,1785.706354,4066.856667,2055.515,2843.82,2928.27,2811.15,3942.741759
2020-01-01,1844.74,4028.762171,1945.785,2709.475,2826.46,2639.47,3599.998379
2020-01-02,1962.350625,4009.764727,1888.21,2557.23,2768.07,2408.275,3515.615518
2020-01-03,2079.32,4051.603945,2008.015,2472.22,2584.425,2371.975,3719.018223
2020-01-04,1935.798854,4097.421703,2292.42,2434.595,2526.88,2335.74,3448.492539
2020-01-05,1299.459583,4135.739498,2365.675,2633.16,2518.715,2311.62,3118.103668
2020-01-06,1053.415313,4154.947836,2300.065,2576.185,2543.24,2275.645,3150.743779
2020-01-07,1252.434167,4120.397533,2389.105,2538.29,2543.24,2167.45,3265.688134
2020-01-08,1259.640208,4097.421703,2534.455,2786.11,2510.44,2191.455,3249.200898
2020-01-09,1241.455417,4116.578126,2344.22,2892.185,2551.54,2167.45,3583.079471
2020-01-10,1224.580417,4036.378586,1969.4,3066.8,2658.92,2239.41,3482.011214
2020-01-11,1217.951667,3952.947204,1626.795,3144.96,2826.47,2335.79,3315.28201
2020-01-12,1168.307917,3896.417831,1529.245,3223.45,2928.275,2457.35,3249.200898
2020-01-13,1027.433229,3817.745098,1489.55,3213.62,2996.67,2798.79,3415.059884
2020-01-14,999.7557292,3937.844253,1479.7,3144.975,3039.62,2996.5,3465.241149
2020-01-15,1061.923437,4024.96268,1539.185,2959.845,3013.875,2909.81,3448.492539
2020-01-16,1238.381146,4078.312353,1552.52,2700.04,2868.845,2688.41,3719.018223
2020-01-17,1250.295625,4128.066043,1515.955,2500.545,2700.62,2614.99,3839.055057
2020-01-18,1302.324583,4162.638575,1479.67,2322.27,2510.495,2372.515,3736.104436
2020-01-19,1186.739167,4185.740377,1453.505,2257.15,2356.23,2024.375,3482.011214
2020-01-20,1154.322917,4143.417895,1427.48,2238.6,2260.12,1882.12,3167.09752
2020-01-21,1147.041563,4108.907142,1427.49,2238.6,2220.39,1847.205,2956.265043
2020-01-22,1161.470312,4066.856667,1460.03,2229.335,2236.26,1682.645,2908.161676
2020-01-23,1256.980521,4028.762171,1482.95,2312.95,2220.39,1870.31,2686.479033
2020-01-24,959.4071875,4005.965236,1476.39,2331.59,2260.12,1917.57,2686.479033
2020-01-25,973.1919792,4245.095376,1460.03,2312.95,2300.02,1858.52,2686.479033
2020-01-26,1113.746354,4376.051843,1430.72,2257.15,2268.14,1882.12,2670.823849
2020-01-27,1164.709175,4298.019452,1430.72,2210.82,2252.16,1882.24,2733.589436
2020-01-28,1161.723333,4259.185041,1450.25,2164.64,2220.39,1752.775,2749.34097
2020-01-29,1160.690833,4201.166204,1486.25,2146.22,2180.865,1811.44,2702.158402
2020-01-30,1151.389167,4158.789505,1414.57,2146.22,2188.81,1799.79,2624.004085
2020-01-31,1125.356875,4193.450829,1360,2164.64,2180.95,1764.505,2561.920435
2020-02-01,1124.409479,4255.335889,1372.76,2164.64,2196.745,1647.705,2561.920435
2020-02-02,1137.923608,4313.587426,1382.365,2210.82,2212.505,1729.365,2624.004085
2020-02-03,1143.554792,4336.983281,1369.565,2192.33,2212.475,1752.81,2561.920435
2020-02-04,1128.319167,4266.949481,1375.995,2164.64,2196.655,1787.965,2686.479033
2020-02-05,1125.75375,4197.324507,1414.55,2091.09,2172.98,1741.08,2624.004085
2020-02-06,1131.024167,4124.258994,1375.96,2118.63,2141.51,1670.98,2717.861892
2020-02-07,1133.067917,4059.235277,1369.565,2146.22,2141.53,1694.46,2860.268016
2020-02-08,1130.935208,4028.762171,1372.76,2164.64,2157.245,1647.845,2717.861892
2020-02-09,1099.689792,4070.676058,1366.37,2164.64,2157.23,1647.705,2577.404423
2020-02-10,1099.135208,4128.066043,1360,2127.82,2188.885,1741.21,2608.446317
2020-02-11,1125.035104,4162.633643,1363.195,2036.2,2165.105,1659.44,2844.350347
2020-02-12,1153.280729,4201.161285,1382.375,2008.85,2110.185,1624.43,2860.268016
2020-02-13,1133.062396,4220.473083,1363.185,2137.02,2071.17,1647.705,3004.576503
2020-02-14,1132.176354,4178.034848,1337.765,2173.865,2079.09,1601.645,2956.265043
2020-02-15,1130.808542,4120.404955,1328.27,2192.33,2165.195,1566.44,2592.913074
2020-02-16,1132.362083,4063.044729,1321.985,2173.865,2204.57,1601.225,2469.538382
2020-02-17,1121.240521,3998.396211,1309.415,2146.22,2196.655,1589.645,2515.617151
2020-02-18,1102.524271,4051.603945,1234.715,2045.335,2133.67,1578.085,2608.446317
2020-02-19,1101.701042,4097.421703,1250.135,1981.55,2071.17,1462.63,2515.617151
2020-02-20,1109.472604,4116.568227,1240.87,2017.96,2032.365,1439.64,2561.920435
2020-02-21,1105.9325,4066.856667,1243.955,2008.85,2032.365,1439.64,2546.46118
2020-02-22,1104.533229,4032.569135,1259.42,1981.55,2024.615,1462.63,2546.46118
2020-02-23,1109.032083,3990.792229,1259.43,1945.25,2001.455,1428.17,2393.244707
2020-02-24,1116.000729,3964.285696,1262.525,1927.14,1978.34,1416.725,2531.026728
2020-02-25,1119.536563,3934.099879,1253.23,1854.98,1947.65,1393.81,2828.456223
2020-02-26,1112.274479,3900.194852,1259.42,1846.025,1932.35,1314.035,2733.589436
2020-02-27,1109.450417,3907.698578,1234.795,1945.25,1924.775,1268.605,2546.46118
2020-02-28,1107.994583,3952.947204,1191.88,2008.85,1970.715,1348.22,2484.872905
2020-02-29,1109.928866,3990.792229,1191.88,2027.08,1986.03,1325.545,2378.062284
2020-03-01,1128.356667,4036.371118,1182.775,2017.96,2016.895,1439.64,2347.774361
2020-03-02,1119.713711,4074.490482,1194.925,2017.96,2040.1,1485.62,2438.944901
2020-03-03,1114.787292,4112.733971,1173.83,1999.74,2040.1,1439.64,2423.686091
2020-03-04,1097.729063,4154.947836,1113.78,2008.85,2024.615,1439.64,2393.244707
2020-03-05,1105.298125,4205.022662,1119.72,2091.145,2016.895,1439.64,2317.589517
2020-03-06,1129.552474,4255.311391,1119.72,2192.355,2071.26,1439.715,2287.508382
2020-03-07,1086.30866,4298.019452,1128.665,2312.955,2141.53,1531.74,2347.774361
2020-03-08,1078.455417,4282.47835,1158.61,2368.96,2236.32,1485.62,2408.452668
2020-03-09,1088.41375,4333.077881,1164.635,2322.295,2284.05,1671.59,2500.232519
2020-03-10,1090.806771,4352.590266,1146.595,2220.085,2268.1,1858.52,2624.004085
2020-03-11,1079.935313,4317.485519,1131.64,2146.22,2220.39,1834.98,2749.34097
2020-03-12,1101.916289,4309.764978,1128.655,2146.22,2149.37,1717.735,2956.265043
2020-03-13,1176.517604,4201.190797,1116.75,2183.21,2118,1624.43,2988.449659
2020-03-14,1200.665417,4112.741398,1104.89,2294.32,2133.67,1659.335,2796.73886
2020-03-15,1217.459896,4051.611405,1090.13,2294.32,2180.865,1682.645,2733.589436
2020-03-16,1281.0625,3994.58673,1084.25,2294.32,2220.39,1694.325,2639.586308
2020-03-17,1264.223125,3952.947204,1084.25,2247.895,2236.26,1647.705,2796.73886
2020-03-18,1210.555,3918.996928,1090.13,2192.33,2212.475,1670.98,2702.158402
2020-03-19,1250.348854,3979.428715,1069.7,2229.335,2172.98,1670.98,2639.586308
2020-03-20,1267.260938,4024.96268,1122.71,2331.61,2180.865,1670.98,2624.004085
2020-03-21,1295.459271,4074.490482,1152.595,2387.735,2236.275,1705.99,2592.913074
2020-03-22,1281.507188,4116.568227,1235.37,2434.595,2252.17,1776.22,2500.232519
2020-03-23,1254.029583,4158.789505,1375.96,2368.975,2332.09,1717.735,2500.232519
2020-03-24,1369.807959,4116.568227,1363.185,2294.335,2348.15,1788.35,2577.404423
2020-03-25,1400.318854,4066.856667,1353.63,2238.6,2284.095,1846.77,2908.161676
2020-03-26,1464.336771,4028.762171,1347.28,2257.15,2220.39,1764.49,2972.34582
2020-03-27,1508.625208,4009.764727,1334.6,2257.15,2212.475,1694.325,3069.312754
2020-03-28,1743.2175,4055.418369,1353.68,2312.955,2236.275,1776.22,3020.726291
2020-03-29,1985.692917,4108.917046,1408.095,2359.615,2252.16,1764.505,3036.898968
2020-03-30,2031.904948,4228.213025,1437.235,2387.68,2300.02,1788.095,3381.713643
2020-03-31,1917.519375,4305.808321,1496.12,2378.32,2316.03,1811.44,3315.28201
2020-04-01,1733.658229,4360.408361,1698.925,2350.275,2308.025,1811.44,3650.881362
2020-04-02,1606.789479,4411.33161,1946.32,2368.975,2276.06,1834.98,3365.073053
2020-04-03,1644.300417,4419.227267,2167.625,2434.595,2324.055,1953.04,3282.197433
2020-04-04,1764.688021,4360.408361,2288.53,2519.395,2332.09,1976.76,3232.735779
2020-04-05,1607.419375,4313.587426,2197.77,2680.835,2404.66,2000.49,3053.094474
2020-04-06,1273.6,4298.019452,1967.97,2776.575,2485.945,2071.875,3118.103668
2020-04-07,1192.160104,4352.592699,1792.68,2901.73,2576.16,2036.14,3183.473644
2020-04-08,1259.416042,4391.719613,1743.48,2988.945,2650.63,2179.99,3101.817407
2020-04-09,1361.056042,4403.494085,1813.53,3233.325,2784.345,2529.685,3381.713643
2020-04-10,1408.130104,4333.077881,1761.055,3272.67,2860.76,2602.77,3331.857186
2020-04-11,1605.742292,4290.24279,1636.825,3252.975,3013.835,2505.325,3101.817407
2020-04-12,1567.593542,4274.711469,1562.54,3135.175,3048.23,2823.43,3216.292827
2020-04-13,1598.733854,4333.077881,1555.855,2921.105,2928.315,2848.02,3348.454217
2020-04-14,1597.083333,4383.884515,1519.305,2757.395,2792.785,2652.575,3431.765435
2020-04-15,1550.113542,4411.33161,1476.43,2652.215,2650.685,2456.75,3315.28201
2020-04-16,1526.404792,4423.115765,1556.03,2595.155,2543.255,2239.62,3167.09752
2020-04-17,1443.081562,4376.054272,1677.83,2690.36,2494.08,2287.995,3053.094474
2020-04-18,1427.659375,4336.975974,1757.415,2747.74,2526.84,2167.45,3036.898968
2020-04-19,1560.796563,4298.019452,1792.405,2652.25,2584.425,2143.5,3020.726291
2020-04-20,1434.192292,4278.590018,1743.655,2547.775,2576.16,2191.4,2924.172911
2020-04-21,1350.523229,4239.841324,1636.785,2509.94,2485.945,2215.51,2940.207387
2020-04-22,1278.483125,4185.740377,1667.515,2538.335,2388.46,2191.455,2972.34582
2020-04-23,1367.290417,4170.334247,1726.08,2642.685,2372.315,2167.45,2892.173741
2020-04-24,1338.664896,4278.658496,1670.95,2766.92,2477.81,2095.77,2876.209168
2020-04-25,1370.493958,4462.472849,1684.835,2776.515,2617.525,2191.455,2655.192919
2020-04-26,1595.522708,4561.389703,1889.25,2738.165,2734,2239.46,2702.158402
2020-04-27,1521.456042,4585.215779,2159.72,2661.76,2642.31,2384.06,3036.898968
2020-04-28,1522.788333,4625.029743,2174.755,2576.17,2567.94,2311.63,3118.103668
2020-04-29,1607.067708,4569.290176,2099.955,2538.29,2494.095,2239.46,3101.817407
2020-04-30,1810.121563,4505.885122,2220.085,2528.835,2437.06,2119.72,2956.265043
2020-05-01,1927.59,4442.768931,2246.705,2699.93,2412.72,2071.99,2988.449659
2020-05-02,1672.402188,4395.642014,2197.255,2901.73,2477.81,2095.71,2844.350347
2020-05-03,1441.572708,4336.975974,2296.365,2998.63,2634.035,2215.405,3216.292827
2020-05-04,1329.621979,4282.47835,2396.775,2979.21,2750.755,2287.995,3183.473644
2020-05-05,1292.358958,4220.473083,2475.1,3057.07,2759.11,2239.885,2972.34582
2020-05-06,1290.782708,4189.589449,2538.43,3164.55,2775.91,2529.685,3167.09752
2020-05-07,1280.261771,4143.417895,2452.37,3233.29,2860.29,2627.18,3216.292827
2020-05-08,1346.341458,4105.075361,2159.72,3203.8,2911.23,2700.595,3249.200898
2020-05-09,1307.038438,4055.418369,1945.915,3272.675,2936.795,2725.1,3331.857186
2020-05-10,1268.913854,4021.158207,1824.205,3351.665,2945.32,2602.77,3465.241149
2020-05-11,1416.463854,3990.792229,1788.895,3470.71,3031.025,2627.37,3431.765435
2020-05-12,1445.876771,3952.947204,1810,3440.905,3126.01,2823.43,3482.011214
2020-05-13,1478.427292,3900.174725,1799.44,3262.87,3152.06,2983.86,3465.241149
2020-05-14,1287.094167,3877.633367,1750.415,3154.75,3056.87,3045.91,3431.765435
2020-05-15,1206.279375,3840.165295,1736.495,3125.385,2945.34,2749.735,3667.884288
2020-05-16,1174.16625,3802.823619,1729.55,3066.8,2851.85,2848.29,3599.998379
2020-05-17,1148.655625,3769.327672,1792.61,2979.21,2759.125,2700.69,3498.802687
2020-05-18,1246.375313,3791.786034,1971.155,2959.81,2801.155,2578.36,3348.454217
2020-05-19,1338.879896,3930.307831,2003.975,2882.44,2775.91,2554,3482.011214
2020-05-20,1408.671563,3990.792229,1920.575,2892.06,2742.34,2493.16,3232.735779
2020-05-21,1352.939688,4017.356224,1768.04,2892.06,2733.97,2481.01,3331.857186
2020-05-22,1327.021563,4047.796981,1691.54,2959.815,2725.6,2529.64,3515.615518
2020-05-23,1447.833646,4093.594873,1667.505,3076.53,2742.355,2481.01,3599.998379
2020-05-24,1442.71375,4112.731496,1695.13,3302.255,2818.045,2505.325,3583.079471
2020-05-25,1123.680938,4131.900298,1767.87,3282.53,3056.87,2493.16,3650.881362
2020-05-26,1058.675729,4154.942901,1753.92,3331.88,3152.05,2676.51,3960.09379
2020-05-27,1050.204167,4166.482713,1698.445,3371.49,3160.745,2934.45,4029.702998
2020-05-28,1083.397813,4128.066043,1657.24,3371.465,3169.44,2996.25,4082.11989
2020-05-29,1251.521979,4101.246054,1653.825,3312.12,3186.86,3120.34,4169.878124
2020-05-30,1508.470833,4078.307389,1657.26,3292.39,3160.77,3120.34,4082.11989
2020-05-31,1575.386146,4051.603945,1623.195,3510.58,3160.77,3058.23,3925.409918
2020-06-01,1417.00875,4047.796981,1647,3690.835,3362.455,3095.575,4117.163871
2020-06-02,1415.993333,4089.773003,1657.24,3862.165,3486.785,3332.62,4471.905113
2020-06-03,1361.838542,4124.229315,1698.605,4024.745,3675.585,3672.37,4670.276415
2020-06-04,1361.545313,4147.257094,1867.215,4260.105,3894.335,3849.94,4742.973192
2020-06-05,1453.090521,4158.789505,2073.85,4177.985,4079.145,4143.355,4561.791277
2020-06-06,1661.745625,4112.741398,2114.67,4055.23,4107.055,4207.46,4258.128016
2020-06-07,2000.547292,4085.953612,2103.51,4034.845,3967.965,4130.58,4364.670093
2020-06-08,1811.165104,4135.739498,2040.78,3902.69,3848.4,3926.24,4382.494691
2020-06-09,1434.53,4205.059542,1978.455,3791.4,3766.355,3875.29,4761.193745
2020-06-10,1418.545938,4220.473083,2144.72,3892.54,3639.325,3773.81,4688.422727
2020-06-11,1630.306771,4247.556742,2250.34,4055.23,3594.25,3495.78,4418.201483
2020-06-12,1613.265208,4266.942138,2326.975,4116.55,3693.58,3457.97,4471.905113
2020-06-13,1592.394062,4228.205661,2303.995,3953.45,3802.755,3584.29,4615.949482
2020-06-14,1753.030521,4216.611705,2185.89,3872.28,3967.965,4002.715,4471.905113
2020-06-15,2014.843438,4274.70413,2289.56,3933.11,3848.415,4053.8,4706.58765
2020-06-16,2124.780521,4313.587426,2822.275,3912.82,3775.32,3926.24,5110.857566
2020-06-17,2212.921563,4333.07301,3090.765,4096.37,3784.44,3875.29,5222.628155
2020-06-18,2119.13,4305.800998,2963.765,4749.105,3775.335,3849.87,5185.300216
2020-06-19,1909.451563,4348.684867,2708.775,5888.73,4070.54,3977.5,5110.857566
2020-06-20,1911.994583,4368.226456,3474.075,6598.89,4851.585,4594.11,5410.32449
2020-06-21,2036.183437,4376.054272,3707.785,7053.68,5716.08,5591.625,5448.073452
2020-06-22,2005.544583,4348.684867,3712.44,6842.265,6229.635,6574.83,6197.773998
2020-06-23,1939.988854,4317.485519,3491.74,6433.56,6105.245,6682.425,6932.012695
2020-06-24,2160.635833,4282.471015,3367.985,6225.225,5838.07,6574.785,6932.012695
2020-06-25,2120.345833,4263.061141,3099.435,6192.44,5584.035,6280.21,6631.730946
2020-06-26,2084.462813,4294.133564,2980.55,6192.44,5463.16,6871.11,6374.361431
2020-06-27,2038.414896,4348.684867,2959.525,6192.44,5392.985,6388.815,6236.902026
2020-06-28,1973.133021,4344.789205,2993.21,6018.085,5362.995,5826.84,6100.239954
2020-06-29,2021.238646,4329.194412,3073.66,5661.11,5303.21,5747.295,6217.329864
2020-06-30,1921.444167,4329.174917,3090.735,5360.825,5085.145,5562.22,6217.329864
2020-07-01,1800.427292,4309.691772,3137.755,5350.16,4928.215,5298.635,5906.408166
2020-07-02,1822.095729,4333.07301,3090.7,5671.85,4820.96,5482.9,6100.239954
2020-07-03,1686.028542,4352.590266,3090.7,6203.625,5085.63,5641.46,6413.780851
2020-07-04,1707.912083,4372.13915,3090.7,6864.68,5605.36,6039.625,6952.156138
2020-07-05,1872.408854,4403.47954,3116.32,7479.975,6177.995,6791.095,7134.140372
2020-07-06,1902.964063,4415.254011,3023.165,8447.065,6809.26,7223.085,7256.151478
2020-07-07,1762.230938,4379.966966,2813.905,8873.165,7421.51,7905.29,7460.713459
2020-07-08,1773.273229,4356.498098,2921.975,8653.675,8081.86,8482.305,7978.620392
2020-07-09,1961.087396,4321.378734,3039.68,8389.19,7970.72,8648.06,8654.722685
2020-07-10,2002.52625,4294.128678,3048.2,8012.135,7749.78,8399.53,9019.745935
2020-07-11,2082.527396,4266.942138,3107.79,7446.02,7410.565,8069.665,8826.001034
2020-07-12,2132.781979,4239.8168,3112.17,6897.825,6914.685,7658.875,8399.48143
2020-07-13,2142.023125,4670.356358,3043.92,6510.64,6386.215,7046.95,8104.276474
2020-07-14,2295.140313,5128.907338,3155.77,6105.25,5971.325,6628.695,7646.098576
2020-07-15,2543.604167,4984.843503,3820.165,5920.325,5553.91,6173.31,7134.140372
2020-07-16,2386.736146,4834.104569,4092.125,5963.73,5283.21,5800.3,6811.477912
2020-07-17,2199.868021,4777.495339,3919.195,5887.83,5263.31,5694.29,6492.812214
2020-07-18,2086.656458,4862.885599,3790.005,5844.49,5273.26,5720.78,6295.716047
2020-07-19,2412.971042,5108.287926,3946.985,5909.505,5333.33,5667.82,6295.716047
2020-07-20,2391.235833,4968.457265,3942.435,6105.15,5283.215,5694.29,6512.61003
2020-07-21,2340.647188,4903.145986,3822.105,6301.985,5393.045,5853.41,6100.239954
2020-07-22,2477.161042,4919.523048,3831.33,6279.92,5584.035,6146.285,6217.329864
2020-07-23,2653.290313,5009.396045,3928.445,6279.92,5776.735,6306.635,6453.264507
2020-07-24,2496.561146,5009.629083,4016.97,6312.795,5715.705,6199.64,6811.477912
2020-07-25,2252.323437,4846.258874,4068.55,6280.15,5644.67,6092.885,6891.772277
2020-07-26,2248.752813,4553.503669,4040.37,6411.53,5604.2,6119.55,7093.591981
2020-07-27,2355.736562,4494.016491,3924.345,6389.59,5594.095,6092.885,6771.424307
2020-07-28,2366.87875,4427.413308,3680.55,6400.545,5818.38,6093.025,7134.140372
2020-07-29,2490.000625,4243.881687,3500.67,6367.61,5991.755,6628.695,6791.443293
2020-07-30,2782.027188,4549.444268,3456.17,6301.83,5858.4,6521.055,7073.340749
2020-07-31,2729.539792,4621.152244,3447.335,6214.29,5827.74,6226.95,7440.189637
2020-08-01,2395.273333,4621.044754,3617.335,6268.995,5889.11,6547.91,8314.852225
2020-08-02,1950.176979,4888.5792,3785.385,6389.59,6376.525,7101.31,9916.218539
2020-08-03,1657.883958,5258.108284,4840.89,6854.82,6797.39,8234.26,11405.1432
2020-08-04,1754.728333,4976.6212,6410.58,9086.855,7205.37,8592.775,11520.15828
2020-08-05,1974.62125,5038.142489,5937.435,11476.03,8478.7,9120.305,11820.62027
2020-08-06,2212.833542,5095.795772,5072.035,13111.865,10637.625,10973.495,11797.43523
2020-08-07,2416.446771,5042.250123,4925.32,15157.94,12458.905,12399.49,12947.46636
2020-08-08,2738.976354,5071.184727,4880.105,16197.61,14480.235,15098.835,14933.44218
2020-08-09,3709.319375,5438.175338,5026.57,15942.775,15698.3,16570.185,18489.57962
2020-08-10,3241.761458,5607.734983,5385.455,14566.35,15513.23,16644.26,20287.05388
2020-08-11,2738.264271,5680.911277,5427.06,13320.975,14323.92,15656.315,21039.85172
2020-08-12,3237.782708,5983.084363,5511.105,12557.7,13172.03,14644.425,20770.16258
2020-08-13,3552.497292,5787.99809,5902.905,12386.355,12618.24,14104.955,19488.61501
2020-08-14,3364.630833,5956.737168,5956.63,12496.4,12793.725,14075.86,19594.58209
2020-08-15,3052.459792,5497.211893,6091.825,13148.005,12881.7,13930.49,19039.95875
2020-08-16,3136.303542,5599.971923,6195.615,14315.79,12919.475,13901.43,18202.99935
2020-08-17,3166.265938,6127.749922,6592.865,15968.84,14312.825,14922.42,17222.20235
2020-08-18,3217.582604,6465.124798,6851.15,17262.345,15885.845,16541.075,17273.46338
2020-08-19,3432.295104,6604.528666,7379.13,18129.115,17391.76,17892.095,18620.2342
2020-08-20,3911.681979,6809.206503,7860.19,18337.13,18558.17,19404.695,20608.79215
2020-08-21,4126.217396,7191.165641,8377.295,18285.08,18974.325,20082.65,22594.45017
2020-08-22,4086.773542,6978.335115,8825.385,18649.99,19169.58,20294.05,23479.91339
2020-08-23,3647.060729,6854.452855,8340.39,18950.54,19337.345,20460.33,23702.68064
2020-08-24,3317.784167,6836.346472,8231.405,19199.43,19659.955,20490.595,23730.56567
2020-08-25,3270.628125,7126.112879,8213.425,19553.985,19646.02,20596.455,23368.73887
2020-08-26,3414.823333,7080.265116,7778,19593.45,20238.52,20914.48,23036.05557
2020-08-27,3408.770729,6622.948879,7045.875,19212.61,20295.23,21217.89,23479.91339
2020-08-28,3012.604687,6300.14932,6426.285,18623.99,20266.885,22008.65,24065.86132
2020-08-29,2751.28875,5931.112586,6156.955,17559.185,19533.965,21445.66,25589.93573
2020-08-30,2875.442396,5740.582056,6162.405,16389.81,18419.605,19932.145,24853.03067
2020-08-31,2994.203854,5620.533887,5753.74,15031.595,16634.875,18864.095,22237.31853
2020-09-01,3014.443333,5582.161949,5395.835,13779.32,15513.975,16866.875,20608.79215
2020-09-02,2926.951354,5543.875677,5220.175,12913.57,13847.505,15303.22,19066.27361
2020-09-03,2908.268542,5603.46718,5168.89,12021.075,12806.86,14192.715,17917.60845
2020-09-04,2432.428646,5633.344043,5158.65,11259,11960.05,13206.345,17273.46338
2020-09-05,2079.022292,5663.279356,5148.43,10517.105,11201.795,12198.79,16054.45383
2020-09-06,2032.669479,5688.98052,5072.035,9995.585,10266.88,11598.45,14736.4171
2020-09-07,2039.709167,5671.841925,4795.455,9501.855,9725.005,10633.73,13906.86606
2020-09-08,2126.661563,5595.319056,4475.17,9584,9225.965,10041.75,13257.2764
2020-09-09,2601.846771,5124.815845,4582.505,10208.335,9088.015,9901.42,12568.84106
2020-09-10,2975.6675,5001.215737,4592.385,10184.625,9492.135,10041.75,12169.83492
2020-09-11,2735.474167,5178.96673,4538.57,9948.28,9643.225,10294.85,11843.81735
2020-09-12,2471.808438,5362.234939,4815.055,9971.875,9515.225,10351.19,11867.02647
2020-09-13,2506.056667,5442.24112,5051.755,9960.085,9422.395,10351.19,12123.11773
2020-09-14,2526.149688,5535.414564,5276.78,9712.925,9445.575,10323.02,11983.25214
2020-09-15,2497.455729,5774.942131,5297.43,9560.37,9457.175,10449.865,12146.47038
2020-09-16,2535.2075,5805.145911,5204.765,9525.23,9237.5,10337.105,12357.17802
2020-09-17,2611.115625,5680.40898,5112.715,9525.23,9445.59,10126.06,12099.77698
2020-09-18,2574.111146,5629.073991,5051.65,9595.545,11243.595,11922.485,12286.83561
2020-09-19,2612.168125,5582.161949,5158.785,9795.18,13528.04,17133.305,15230.27318
2020-09-20,2476.206458,5539.630429,5385.8,9995.51,14310.53,17311.515,24290.0818
2020-09-21,2517.355625,5459.147352,6000.23,10564.855,14427.095,16629.44,24627.44157
2020-09-22,2625.485729,5311.942256,6162.98,11210.695,13885.47,15508.82,21788.5693
2020-09-23,2596.3475,5149.538446,5595.105,11765.835,14168.435,15405.79,19277.68579
2020-09-24,2646.698542,5296.668804,5479.245,11972.1,14297.56,15626.17,18644.33265
2020-09-25,2928.039479,5956.929209,5770.225,12008.56,14116.915,15537.98,18615.56425
2020-09-26,3343.899583,5731.905421,6021.825,12008.56,13808.5,15259.06,18189.95992
2020-09-27,3084.697813,5723.329386,5684.39,11911.37,13616.72,15361.78,20220.082
2020-09-28,2750.668229,5887.359013,5636.855,11874.965,13463.78,14863.685,20395.03419
2020-09-29,2624.14875,5913.414637,5758.68,11656.865,12982.515,14279.645,18078.67264
2020-09-30,2534.047292,5684.894276,5897.505,11415.335,12418.715,13495.44,16130.21123
2020-10-01,2449.262604,5518.438128,5817.37,11246.71,12033.86,13061.635,15600.67769
2020-10-02,2287.673229,5408.505898,5531.68,11282.8,11873.495,13090.595,15079.45552
2020-10-03,2281.883542,5362.234939,5312.91,11282.8,12083.335,12888.545,15183.07586
2020-10-04,2295.173125,5395.869976,5287.195,11066.53,12306.565,13061.615,15209.24108
2020-10-05,2277.726667,5237.003442,5138.34,10481.335,12033.86,13047.185,15944.77055
2020-10-06,2431.454688,5066.944747,4955.64,9995.51,11652.515,12672.645,16506.19372
2020-10-07,2559.27625,4993.019119,4765.315,9783.41,11213.595,12313.425,15705.92003
2020-10-08,2420.815,4984.955529,4695.785,9806.955,11152.97,12155.765,15496.43299
2020-10-09,2317.274479,5328.672937,4725.505,10184.625,12897.995,13133.98,16000.04751
2020-10-10,2164.777813,5341.356946,4765.22,10552.605,15487.29,16927.535,20193.64444
2020-10-11,2092.700313,5120.874834,4646.86,10409.92,16592.85,17297.205,22354.38072
2020-10-12,1957.775937,4919.448062,4258.995,10243.825,17418.205,18475.755,25293.75713
2020-10-13,1927.668542,4838.188977,4045.18,10184.6,18668.585,19886.575,26054.19757
2020-10-14,1970.241354,4705.07295,4092.24,9525.395,18474.845,20218.63,27888.82165
2020-10-15,1905.16875,4644.990511,3872.945,8954.46,17923.76,19254.415,28096.2438
2020-10-16,1846.275937,4693.025072,3753.36,8240.47,17336.485,18864.095,26997.377
2020-10-17,1765.545104,4713.09299,3789.97,7750.69,16767.605,18026.445,28794.42438
2020-10-18,1738.756979,4652.984362,3744.365,7932.6,17078.62,19347.685,29497.13051
2020-10-19,1715.364583,4621.037588,3483.15,8584.66,19758.67,21582.595,32771.84306
2020-10-20,1748.288125,4577.23861,3280.475,8942.67,19603.765,21582.53,36548.55065
2020-10-21,1936.696979,4517.73931,3394.255,8977.45,19393.335,20975.125,34159.8998
2020-10-22,2071.708854,4494.016491,3420.74,8861.595,19253.4,20520.83,30824.00991
2020-10-23,1944.928229,4581.32659,3385.455,8630.65,19071.94,20158.115,27889.78456
2020-10-24,1871.645208,4741.237914,3376.67,8160.3,18738.02,19796.12,25621.55045
2020-10-25,1801.022188,4813.859179,3500.65,7762.055,17923.91,18984.435,24085.39472
2020-10-26,1603.385417,4781.766636,3558.765,7479.715,16660.455,18101.395,22625.02751
2020-10-27,1562.173437,4513.785505,3430.075,7020.39,15382.19,16453.025,20995.95592
2020-10-28,1542.345312,4613.146479,3142.085,6389.78,13950.58,15450.06,19569.10297
2020-10-29,1523.698229,4601.136569,3060.9,6105.15,13121.29,14863.615,21393.99564
2020-10-30,1516.360417,4525.692599,3203.2,6170.62,13336.675,15391.115,23928.03396
2020-10-31,1522.008229,4415.254011,3465.145,6422.525,13387.475,14805.115,24931.34971
2020-11-01,1505.811979,4376.054272,3500.67,6499.51,12957.94,14308.83,21273.23255
2020-11-02,1528.835,4376.090704,3199.075,6312.82,11714.085,13206.345,18903.0005
2020-11-03,1713.071979,4501.919283,2963.765,5996.375,10827.875,11984.5,16696.89679
2020-11-04,1985.6925,4533.576175,2892.625,5866.145,9912.735,11001.605,15055.37246
2020-11-05,1965.18125,4573.260798,2871.82,5790.43,9283.77,10266.9,13764.34563
2020-11-06,1947.07875,4533.578578,2896.795,5650.24,8847.86,9817.42,12789.75623
2020-11-07,1934.360625,4494.016491,2980.65,5371.525,8530.265,9551.52,12081.17877
2020-11-08,1819.914271,4454.57486,3176.545,5010.59,8182.335,8897.56,11619.35419
2020-11-09,1717.670625,4438.839264,3345.895,4664.165,7749.86,8648.025,11642.46038
2020-11-10,1708.446354,4505.885122,3389.855,4497.675,7497.765,8042.14,10788.01121
2020-11-11,1692.1175,4454.659407,3367.985,4445.85,7118.455,7850.515,10371.67713
2020-11-12,1762.934688,4266.949481,3211.055,4487.305,6797.48,7549.485,11619.4811
2020-11-13,2056.058646,4302.176357,2955.75,4591.2,6575.055,7236.64,13351.83559
2020-11-14,2040.413125,4561.341739,2711.43,4706.01,6786.88,7304.635,12865.89199
2020-11-15,1794.188854,4613.070002,2785.18,4800.13,7150.695,7576.75,11102.64868
2020-11-16,1654.346667,4668.986361,2938.575,4674.655,6978.815,7576.775,10502.80879
2020-11-17,1605.152083,4673.016619,3044.01,4476.975,6702.155,7331.69,10156.02053
2020-11-18,1739.909063,4589.167252,3202.275,4332.195,6250.395,6925.22,9942.582171
2020-11-19,1465.37625,4505.971781,3133.55,4157.46,6012.41,6588.23,9334.959509
2020-11-20,1395.436979,4379.966966,2884.375,4167.725,5756.42,6333.375,8986.94356
2020-11-21,1384.636979,4352.592699,2785.075,4177.96,5563.815,6132.905,8506.750882
2020-11-22,1274.287188,4321.378734,2727.74,4167.71,5443.115,5853.41,8058.754367
2020-11-23,1238.258958,4298.019452,2610.985,4157.46,5423.065,5813.57,7923.586643
2020-11-24,1288.716458,4325.279263,2467.22,4045.135,5313.11,5720.825,7564.441087
2020-11-25,1459.875833,4282.471015,2451.51,3912.81,5104.895,5482.87,7471.260449
2020-11-26,1340.021667,4239.8168,2350.21,3852.035,4889.12,5259.185,7103.842969
2020-11-27,1338.292188,4239.841324,2242.75,3791.4,4753.05,5088.77,6977.272033
2020-11-28,1504.320833,4340.905722,2219.96,3791.4,4513.845,4841.19,6727.66586
2020-11-29,1552.784583,4247.571449,2389.015,3700.85,4285.105,4490.935,6241.84942
2020-11-30,1434.105417,4166.482713,2435.875,3550.46,4474.545,4542.48,6054.132235
2020-12-01,1393.994479,4193.583709,2311.86,3490.63,4426.99,4335.975,6037.666916
2020-12-02,1376.624167,4403.494085,2189.68,3460.77,4088.42,4028.275,6088.075061
2020-12-03,1286.998229,4478.225366,2300.065,3460.77,3720.86,3622.69,6189.551488
2020-12-04,1273.148542,4399.559564,2361.785,3530.49,3585.5,3748.31,5986.818458
2020-12-05,1273.383333,4356.502962,2373.47,3490.66,3739.025,3748.53,6206.50092
2020-12-06,1316.253125,4356.527284,2250.395,3401.185,3639.325,3621.77,6138.967112
2020-12-07,1312.228021,4434.902341,2133.385,3292.395,3486.75,3672.415,6258.710884
2020-12-08,1458.186354,4482.169531,2084.93,3243.12,3486.85,3621.77,6021.421822
2020-12-09,1562.543542,4466.407354,2092.37,3312.12,3702.66,3609.145,6142.396746
2020-12-10,1503.650729,4585.201413,2170.83,3351.66,3912.785,3697.87,5820.36173
2020-12-11,1473.372396,4793.658622,2182.12,3331.88,3866.775,4079.36,5853.644329
2020-12-12,1447.942604,4817.974292,2220.085,3292.395,3477.845,4130.55,5887.764375
2020-12-13,1453.762083,4757.372839,2404.975,3272.67,3380.105,3863.725,5673.812392
2020-12-14,1689.774896,4757.344429,2554.39,3272.67,3371.275,3697.72,5510.268147
2020-12-15,1622.703229,4673.016619,2490.88,3252.96,3344.75,3760.99,5494.201104
2020-12-16,1819.315313,4641.041295,2498.795,3233.28,3300.71,3471.14,5287.412693
2020-12-17,1927.438021,4749.281697,2435.84,3233.28,3248.045,3145.235,5334.771449
2020-12-18,1936.501042,4725.140868,2424.375,3312.275,3274.335,3132.785,5037.794693
2020-12-19,1873.197396,4705.07295,2546.545,3490.63,3274.335,3083.06,4732.715078
2020-12-20,1988.243438,4745.386564,2719.575,3590.44,3274.32,3120.34,4481.386486
2020-12-21,1957.737812,4931.686914,2756.355,3570.43,3335.94,3170.13,4407.952864
2020-12-22,1992.078333,4878.738607,2740.045,3421.05,3353.595,3132.785,4643.386867
2020-12-23,2008.224896,4911.291165,2834.525,3312.12,3283.105,3107.91,4688.252012
2020-12-24,1946.917396,4948.005385,2884.29,3361.555,3265.625,3107.91,4792.71429
2020-12-25,2036.148542,4968.445585,2942.77,3550.46,3248.045,3132.805,5021.637093
2020-12-26,1989.717396,4806.004113,3082.21,3630.495,3318.36,3195.065,5145.602492
2020-12-27,1929.536354,4494.016491,3215.24,3710.8,3406.7,3170.13,5036.993717
2020-12-28,1868.951875,4466.392872,3109.125,3761.195,3451.105,3282.75,4839.096851
2020-12-29,1857.464167,4446.701018,2851.08,3892.53,3522.495,3495.705,5208.318601
2020-12-30,1758.195313,4403.47954,2900.95,3902.67,3594.26,3445.405,5255.32241
2020-12-31,1923.191146,4466.658378,2871.97,3943.265,3594.26,3558.865,5114.399899
2021-01-01,2047.483542,4621.152244,2595.735,3902.67,3666.445,3773.81,5038.239681
2021-01-02,1918.957083,4813.878051,2220.21,3821.695,3738.935,3900.75,4792.71429
2021-01-03,1387.391458,4878.738607,2159.72,3730.92,3639.325,3786.535,4838.383133
2021-01-04,1147.752604,4886.876749,2342.865,3660.575,3576.27,3735.64,5257.186564
2021-01-05,1150.71375,4685.007411,2570.465,3480.72,3513.565,3735.64,5446.088571
2021-01-06,1171.441563,4282.50769,2659.14,3351.66,3380.105,3697.65,5334.771449
2021-01-07,1181.247604,4213.295852,2444.005,3282.54,3291.94,3697.65,5302.725752
2021-01-08,1172.507813,4105.095175,2115.34,3174.365,3169.49,3672.37,4870.523332
2021-01-09,1142.114167,4120.456909,1888.34,3135.17,3074.125,3271.385,4645.354494
2021-01-10,1219.132708,4282.50769,1705.345,3154.75,2996.66,2983.86,4554.058346
2021-01-11,1415.294583,4336.975974,1647.01,3096.065,2996.71,2934.405,4408.401456
2021-01-12,1489.984583,4360.40593,1623.19,2979.22,2962.42,2909.68,4080.16747
2021-01-13,1444.218958,4336.995459,1643.61,2882.44,2911.23,2909.68,4038.263995
2021-01-14,1539.056354,4478.225366,1681.235,2747.785,2843.375,2922.03,4024.386359
2021-01-15,1557.520313,4585.215779,1712.235,2595.155,2767.51,2725.51,3982.75347
2021-01-16,1728.831458,4557.392705,1774.91,2387.735,2600.935,2651.635,3955.133595
2021-01-17,1736.176563,4525.654136,1881.185,2500.5,2469.63,2457.75,3900.164807
2021-01-18,1497.444583,4621.037588,2062.735,2509.94,2461.45,2191.4,3872.815971
2021-01-19,1399.319792,4613.070002,2055.365,2500.5,2461.465,2191.4,3737.519542
2021-01-20,1397.418021,4609.075453,2163.505,2491.07,2420.83,2239.42,3657.283803
2021-01-21,1297.272708,4625.029743,2257.95,2566.72,2380.395,2131.575,3643.994305
2021-01-22,1286.853646,4617.062157,2201.085,2652.21,2396.54,2167.45,3630.750185
2021-01-23,1277.141563,4625.039295,2011.42,2699.91,2477.765,2179.445,3591.108623
2021-01-24,1215.14875,4617.047821,1884.6,2766.92,2543.255,2227.4,3630.750185
2021-01-25,1115.837083,4617.0526,1834.76,2843.865,2559.68,2179.445,3670.573301
2021-01-26,1163.275,4629.024284,1810,2940.42,2609.225,2143.5,3818.932617
2021-01-27,1372.822917,4613.070002,1799.44,2921.06,2659.03,2311.945,3710.623212
2021-01-28,1375.482396,4553.575654,1771.395,2901.73,2667.305,2456.85,3791.312161
2021-01-29,1379.455313,4486.176368,1719.17,2814.965,2700.545,2456.85,3818.38961
2021-01-30,1383.837708,4446.720353,1681.225,2747.755,2650.6,2420.45,3818.38961
2021-01-31,1329.148542,4446.701018,1691.58,2661.76,2592.66,2444.685,3818.38961
2021-02-01,1149.884896,4462.453535,1733.02,2509.965,2494.095,2408.275,3804.828255
2021-02-02,1180.755729,4478.225366,1739.99,2425.21,2428.95,2444.615,3764.325253
2021-02-03,1065.083125,4513.785505,1788.89,2387.68,2316.095,2444.615,3670.573301
2021-02-04,1050.780104,4509.846142,1778.365,2434.595,2260.12,2432.49,3617.506065
2021-02-05,1049.087708,4509.826889,1760.885,2453.395,2252.17,2169.105,3551.694155
2021-02-06,1046.021146,4521.69552,1695.19,2462.85,2316.05,1834.98,3434.678522
2021-02-07,1055.489583,4486.270375,1602.9,2557.22,2324.055,1823.2,3396.037456
2021-02-08,1182.732604,4290.790164,1620.165,2576.185,2404.66,1929.6,3408.917818
2021-02-09,1561.928229,3721.371413,1692.655,2623.68,2380.395,2071.875,3447.558884
2021-02-10,1737.007813,3636.389396,1515.955,2680.815,2420.83,2059.95,3473.456211
2021-02-11,1557.427917,3603.417684,1572.6,2690.365,2453.315,2107.82,3525.523887
2021-02-12,1320.064792,3588.761828,1636.96,2604.665,2477.75,2239.42,3657.283803
2021-02-13,1204.1775,3714.028051,1810.18,2528.835,2453.315,2191.415,3657.283803
2021-02-14,1164.030938,3885.149672,2122.295,2453.395,2420.83,2167.45,3657.283803
2021-02-15,1143.64125,4079.066836,2159.72,2406.44,2396.54,2155.47,3617.506065
2021-02-16,1128.837917,4399.850548,1967.665,2350.27,2396.54,2083.87,3486.473135
2021-02-17,1111.138542,4143.89951,1838.29,2434.615,2364.265,1953.1,3538.63175
2021-02-18,1121.189479,4399.61776,1782.05,2566.72,2260.12,1929.38,3538.768129
2021-02-19,1179.850729,4376.090704,1657.415,2766.92,2300.035,1905.72,3434.678522
2021-02-20,1277.660938,4321.378734,1572.6,2757.33,2396.665,2012.8,3447.558884
2021-02-21,1256.355625,4097.458877,1586.18,2709.475,2518.635,2215.405,3447.558884
2021-02-22,1271.070833,4089.773003,1623.235,2623.65,2510.455,2191.4,3577.955321
2021-02-23,1416.288125,4384.078716,1565.915,2566.695,2445.18,2203.425,3644.039683
2021-02-24,1429.241146,4494.016491,1502.715,2528.835,2404.63,2263.465,3670.573301
2021-02-25,1421.274792,4549.444268,1499.44,2462.85,2340.115,2215.405,3724.003408
2021-02-26,1413.190521,4581.247555,1562.58,2406.43,2292.03,2048.27,3564.983774
2021-02-27,1404.589167,4541.563055,1671.105,2387.68,2260.12,2012.36,3512.643403
2021-02-28,1390.438958,4529.619962,1803,2350.27,2228.325,2000.48,3408.872256
2021-03-01,1358.270729,4557.373515,1845.43,2322.295,2236.26,1870.615,3383.202656
2021-03-02,1305.247292,4521.69552,1806.48,2257.15,2212.475,1706.02,3370.41344
2021-03-03,1370.377917,4541.505422,1795.92,2266.435,2196.655,1647.705,3370.41344
2021-03-04,1436.223125,4541.563055,1781.92,2397.13,2180.865,1647.69,3344.88061
2021-03-05,1425.490313,4541.505422,1722.615,2623.79,2244.235,1647.705,3357.669827
2021-03-06,1429.881458,4525.714235,1719.155,2795.74,2396.665,1776.54,3268.829663
2021-03-07,1442.978125,4557.373515,1739.97,2901.72,2477.81,1929.38,3294.088679
2021-03-08,1501.185625,4605.092856,1750.415,2882.41,2584.425,1929.38,3486.473135
2021-03-09,1460.982188,4573.344668,1767.87,2834.19,2650.63,2000.715,3657.283803
2021-03-10,1394.866354,4557.371116,1774.86,2786.11,2609.18,2191.455,3617.551464
2021-03-11,1400.703958,4625.024968,1785.38,2786.11,2584.425,2251.455,3670.573301
2021-03-12,1418.657083,4656.995585,1817.105,2805.335,2551.46,2191.415,3683.908159
2021-03-13,1417.374167,4625.158697,1902.545,2872.77,2535.035,2143.5,3697.288355
2021-03-14,1465.557187,4541.505422,1982.045,2930.74,2600.99,2155.47,3670.618661
2021-03-15,1633.04875,4573.279969,1920.68,2959.81,2617.445,2143.5,3697.424372
2021-03-16,1589.639063,4509.834109,1856.05,2930.74,2667.22,2323.755,3710.623212
2021-03-17,1434.836458,4525.675771,1856.08,2911.39,2683.87,2408.275,3764.325253
2021-03-18,1236.717708,4513.795129,1909.705,2969.51,2658.9,2432.535,3645.128775
2021-03-19,1120.314271,4561.346535,1949.39,3086.295,2650.6,2408.275,3631.65796
2021-03-20,1280.190833,4573.279969,1898.945,3184.165,2692.2,2408.275,3750.854438
2021-03-21,1534.77125,4545.603286,1852.51,3213.62,2793.065,2541.815,3724.048727
2021-03-22,1685.708854,4427.05027,1782.05,3213.62,2860.34,2590.56,3831.950964
2021-03-23,1662.219896,4387.804491,1613.025,3135.175,2860.3,2578.36,3804.828255
2021-03-24,1708.464583,4438.868282,1623.235,3115.6,2834.91,2578.36,3764.325253
2021-03-25,1737.245729,4434.92653,1705.45,3164.55,2809.595,2578.55,3791.312161
2021-03-26,1858.880208,4434.912017,1806.63,3193.985,2792.73,2505.325,3831.950964
2021-03-27,1937.414479,4474.283614,1942.225,3193.985,2826.46,2505.325,3859.209376
2021-03-28,1884.455104,4621.037588,2018.62,3135.175,2868.79,2432.535,3900.435962
2021-03-29,1848.678333,4593.245573,2122.295,3027.83,2851.825,2737.37,3927.604027
2021-03-30,1843.460417,4785.936195,2204.79,2911.39,2809.595,2700.595,3955.133595
2021-03-31,1877.174167,4705.106207,2280.945,2940.435,2717.245,2554,3955.133595
2021-04-01,1990.503854,4701.161543,2357.88,3076.57,2692.2,2554.29,3845.557559
2021-04-02,2082.253021,4709.11028,2342.425,3213.655,2683.87,2578.795,3791.312161
2021-04-03,2041.022292,4773.498265,2326.99,3312.135,2734.135,2712.865,3777.841347
2021-04-04,1893.881667,4874.677758,2357.88,3430.99,3005.96,2996.25,3886.874608
2021-04-05,1950.918958,4842.699577,2412.495,3510.55,3082.845,2996.25,3968.966105
2021-04-06,1872.127292,4809.812458,2586.835,3490.63,3178.225,2811.305,3996.58598
2021-04-07,1777.460521,4862.490511,2830.385,3520.535,3178.175,2971.525,3996.766484
2021-04-08,1968.766042,4801.726093,2740.015,3610.45,3178.225,3145.235,4192.766062
2021-04-09,2158.597083,4842.252177,2642.57,3710.8,3213.035,3182.595,4080.1224
2021-04-10,2374.541354,4729.806714,2602.335,3862.2,3309.59,3244.975,4080.1224
2021-04-11,2511.188021,4557.373515,2646.615,4004.325,3353.645,3319.98,4122.206152
2021-04-12,2445.817813,4669.100655,2723.65,4167.725,3486.93,3445.48,4178.618066
2021-04-13,2283.234583,4793.672794,2748.19,4034.865,3567.32,3596.53,4249.672942
2021-04-14,2291.897708,4781.64608,2892.855,3912.81,3558.33,3672.33,4306.894494
2021-04-15,2258.294688,4672.992814,3150.64,3892.54,3486.74,3558.68,4422.415444
2021-04-16,2249.434375,4644.988126,3236.915,3882.4,3477.82,3621.77,4422.549994
2021-04-17,2393.553438,4697.062424,3107.92,3882.42,3424.425,3621.77,4335.640055
2021-04-18,2517.955208,4821.959694,3005.855,4004.375,3397.81,3470.55,4321.312188
2021-04-19,2577.31125,4903.228086,2988.97,4219.03,3558.425,3558.735,4192.766062
2021-04-20,2648.461146,4899.078089,3048.235,4363.13,3684.505,3773.71,4263.91091
2021-04-21,2567.217917,4927.595587,3241.265,4425.215,3775.335,3875.29,4393.355698
2021-04-22,2401.724896,4993.019119,3297.76,4560.215,3885.125,3951.7,4480.66945
2021-04-23,2330.223542,5075.194861,3302.125,4643.33,4051.26,4284.79,4350.910748
2021-04-24,2292.070104,5030.05058,3289.045,4549.59,4097.73,4297.37,4423.491852
2021-04-25,2273.506458,4980.717182,3289.105,4612.045,4032.7,4310.22,4658.118389
2021-04-26,2381.399271,4972.597622,3319.615,4747.765,4041.99,4361.695,4777.580534
2021-04-27,2492.191979,4919.476183,3271.62,4810.61,4256.9,4581.17,4899.497479
2021-04-28,2470.064896,4826.013485,3275.98,4842.09,4294.47,4594.11,4990.701295
2021-04-29,2457.460104,4846.261228,3315.23,4884.115,4465.265,4762.745,5021.459066
2021-04-30,2639.139271,4886.867357,3319.605,4852.59,4627.71,4932.005,5083.375137
2021-05-01,2668.036146,4956.176322,3363.455,4821.1,4541.36,4958.09,5271.256659
2021-05-02,2613.237083,4988.948808,3456.185,4821.1,4493.59,4879.92,5543.862269
2021-05-03,2536.485833,4956.269843,3491.72,4612.045,4436.455,4736.76,5656.331345
2021-05-04,2592.880625,4997.124424,3536.495,4487.3,4303.89,4658.9,5494.555227
2021-05-05,2569.827813,5099.954434,3671.46,4508.055,4163.21,4645.96,5527.972444
2021-05-06,2569.631146,5066.993514,3721.425,4591.2,4153.91,4516.51,5255.411179
2021-05-07,2644.419896,5058.703913,3694.14,4716.38,4209.985,4464.845,5083.375137
2021-05-08,2683.8,5083.454244,3635.26,4779.16,4256.9,4542.36,5083.730928
2021-05-09,2640.655938,5137.138951,3581.2,4831.635,4266.345,4542.385,5067.929483
2021-05-10,2601.942188,5249.288296,3540.835,4926.19,4285.105,4581.17,5098.865281
2021-05-11,2674.761875,5245.111355,3603.695,4915.665,4322.83,4516.69,5098.954212
2021-05-12,2700.196979,5232.621893,3689.59,4884.11,4322.765,4607.065,5192.561858
2021-05-13,2697.34625,5199.390372,3707.77,4905.14,4322.83,4671.87,5223.853317
2021-05-14,2836.953125,5174.455234,3721.435,4905.14,4370.085,4736.76,5176.805084
2021-05-15,3034.849063,5066.944747,3808.42,4915.665,4379.515,4684.925,5271.079153
2021-05-16,3088.746979,4984.815496,3891.3,4957.79,4379.515,4723.78,5208.185375
2021-05-17,2972.659688,5034.111643,3822.275,4989.42,4398.6,4801.75,5239.61006
2021-05-18,2899.81625,5116.5843,3726.12,5010.53,4446.06,4775.805,5351.148903
2021-05-19,3092.744271,5083.500643,3979.595,5010.535,4436.585,4749.75,5429.977231
2021-05-20,3079.222604,5058.815436,4054.46,5084.515,4417.515,4827.775,5239.61006
2021-05-21,2977.962813,5025.833561,4049.79,5116.27,4493.72,4788.745,5271.123529
2021-05-22,2732.849167,5157.871774,3937.705,5116.27,4589.37,4918.96,5176.849508
2021-05-23,2395.95375,5316.137508,3785.395,5179.9,4579.69,5036.46,5192.473025
2021-05-24,2505.671875,5328.672937,3808.42,5318.205,4657.02,5023.385,5398.064615
2021-05-25,2963.039583,5216.857764,3974.915,5489.15,4782.24,5219.79,5640.396726
2021-05-26,3038.579167,4846.258874,3984.255,5414.23,4938.025,5562.11,6088.778924
2021-05-27,2854.412813,4846.788554,3863.665,5414.23,5095.295,5614.97,6326.377059
2021-05-28,2787.205104,5124.704764,3644.315,5414.23,5036.5,5535.65,6360.671346
2021-05-29,2713.803125,5207.898586,3594.72,5446.33,4937.965,5509.26,6190.078856
2021-05-30,2499.834479,5182.698538,3868.235,5564.21,4869.58,5338.03,6072.665628
2021-05-31,2172.866771,5253.426189,3933.075,5510.61,4908.605,5272.31,6138.703295
2021-06-01,2248.884688,5195.282531,3785.41,5371.555,4898.855,5285.45,6224.5487
2021-06-02,2234.370104,4972.597622,3739.66,5275.555,4869.595,5272.41,5936.63027
2021-06-03,2175.846563,4781.532617,3694.18,5254.275,4704.715,5141.14,5920.341512
2021-06-04,2145.583542,4701.066497,3505.535,5328.82,4637.26,4958.12,5672.486995
2021-06-05,2140.039271,4597.134839,3323.995,5328.82,4627.67,4958.2,5574.978812
2021-06-06,2106.212396,4573.260798,3254.27,5328.82,4724.055,5010.43,5510.799236
2021-06-07,1992.444792,4652.984362,3150.64,5307.5,4987.015,5155.9,5673.370592
2021-06-08,2162.220625,4741.249763,3107.79,5392.915,4957.49,5720.78,5853.864809
2021-06-09,2566.570833,4895.005499,3137.73,5812.4,4898.895,6420.08,6087.855103
2021-06-10,2803.452708,5001.232057,3254.73,6698.64,5145.16,6487.665,6257.612928
2021-06-11,2711.967708,5099.954434,3527.99,7120.75,5848.775,6414.195,6329.010425
2021-06-12,2764.784792,5370.760043,3845.685,7434.685,6874.43,7577.265,6927.722663
2021-06-13,3043.577292,5586.452295,4153.865,7796.155,7962.56,9273.305,7813.656911
2021-06-14,3682.496354,5671.98326,4727.63,8862.755,8998.465,10379.375,10726.46256
2021-06-15,3921.910521,5788.279016,7016.865,10399.28,9799.495,10732.44,12128.31945
2021-06-16,3772.504063,6141.046935,6526.255,11355.085,10685.76,11484.64,12268.0959
2021-06-17,3545.226146,6070.754773,6326.62,11572.265,11592.245,12428.24,12456.82595
2021-06-18,3377.538229,6044.267455,6244.695,12032.975,11189.975,12485.68,13151.1775
2021-06-19,3163.713854,6004.983975,5892.23,12191.175,11836.95,12600.63,13223.5293
2021-06-20,3059.757917,5783.669909,5552.895,11572.485,11873.52,12715.74,12982.52548
2021-06-21,3063.374062,5577.918941,5276.92,10863.045,11322.88,12270.57,13054.37275
2021-06-22,3007.537396,5484.51237,5097.535,10007.77,10575.97,11655.56,13224.99841
2021-06-23,2991.584896,5509.922745,4750.58,9408.41,9842.465,10944.795,11872.29513
2021-06-24,2900.838229,5450.904297,4587.4,9093.57,9133.96,10266.9,11166.1171
2021-06-25,2733.594063,5274.287945,4666.23,8884.77,8575.4,9565.48,10480.84714
2021-06-26,2761.569479,5232.594299,4622.06,8653.675,8372.57,9230.81,9606.337549
2021-06-27,2890.720208,5157.83482,4445.925,8400.645,8115.285,9036.07,8907.569922
2021-06-28,2931.510104,5083.454244,4339.905,8125.985,7915.335,8634.205,8946.826742
2021-06-29,2762.270521,5021.707303,4210.45,8171.605,7672.845,8468.665,8725.734401
2021-06-30,2653.004688,5066.944747,4219.97,8366.295,7552.305,8234.335,8135.622102
2021-07-01,2694.488854,5157.816343,4210.45,8780.705,7552.355,8275.57,7847.367926
2021-07-02,2758.754583,5191.00183,4172.445,9140.125,7982.21,8482.27,7790.366334
2021-07-03,2606.122396,5257.612317,4125.115,9198.265,8271.78,8772.555,7866.36846
2021-07-04,2282.821563,5366.439321,4040.38,8792.335,8372.52,8869.545,8077.192852
2021-07-05,1928.567083,5358.142416,4035.71,8160.3,7949.01,8731.04,8349.602144
2021-07-06,1774.545104,5199.344292,4129.875,7864.115,7552.4,8262.01,8526.356838
2021-07-07,1898.882396,5050.481667,4149.25,7694.105,7258.95,7850.02,8193.402898
2021-07-08,1981.905833,5005.342018,3961.15,7705.49,7053.865,7767.94,7962.020692
2021-07-09,2009.424375,4935.761849,3854.375,8023.635,7161.7,7904.815,7904.49948
2021-07-10,1871.678333,4960.279323,3970.25,8792.725,7705.935,8261.895,7904.49948
2021-07-11,1828.542396,4935.78994,4054.615,9244.9,8182.335,8814.145,8154.493351
2021-07-12,1733.4825,4968.445585,4172.58,9012.38,8598.125,9063.865,8666.399226
2021-07-13,1618.074792,5095.8885,3989.07,8504.005,8597.985,9342.195,9231.940683
2021-07-14,1625.138333,5050.509562,3799.155,8435.04,8383.75,9189.04,9355.383257
2021-07-15,1727.914896,4927.70801,3735.195,8389.11,8350.065,9202.91,9751.832699
2021-07-16,1990.899688,4773.545566,3799.155,8389.11,8316.415,9384.015,9900.791449
2021-07-17,1857.105208,4637.115965,3689.73,8354.735,8451.255,9481.74,10589.7191
2021-07-18,1791.522292,4903.481425,3434.545,8091.735,8462.56,9621.37,11054.10039
2021-07-19,1890.675417,5116.51947,3193.785,7773.355,8474.565,9901.565,11802.97693
2021-07-20,3100.628438,5017.601998,3163.865,7750.715,8836.995,10774.715,12040.53888
2021-07-21,5671.569271,5166.186589,3496.35,7909.575,8553.085,10774.715,14187.62881
2021-07-22,5979.956875,5417.251413,3950.02,8412.305,8722.825,10379.85,14062.18131
2021-07-23,4870.825729,6579.558567,4277.57,9291.965,8974.135,10083.895,13199.70585
2021-07-24,4285.517813,7453.166915,6353.95,10962.06,10040.155,11431.24,13764.34563
2021-07-25,3529.027396,7575.890141,7848.92,12387.545,14262.525,16640.185,16018.05609
2021-07-26,3334.281458,7462.881996,8171.11,13841.67,18924.495,21249.385,22185.6612
2021-07-27,3899.603333,7042.836863,8003.55,14945.225,19941.63,22039.18,26763.54219
2021-07-28,3996.7425,6704.103473,7355.915,16504.865,19814.755,21339.335,27338.86596
2021-07-29,3588.323542,6487.520815,6750.635,17184.71,19589.775,21005.445,25687.91617
2021-07-30,3291.758229,6832.063631,6531.27,17030.585,19477.615,20611.595,24439.96316
2021-07-31,3024.928125,6605.376613,6598.11,16555.825,19002.265,20188.355,25554.94272
2021-08-01,2651.097917,6255.757981,6388.775,15955.71,18308.97,19826.275,25027.89003
2021-08-02,2541.529792,6371.764724,5860.28,15409.86,17663.545,19329.535,24473.04602
2021-08-03,2615.961875,7080.808039,5921.055,14993.09,16646.94,18130.93,23001.85497
2021-08-04,2592.475833,6158.480047,6631.63,14540.585,15937.42,17430.475,21756.49405
2021-08-05,2582.029688,6000.532181,6371.155,14152.73,15091.92,16481.655,20545.01995
2021-08-06,2418.748854,5956.911529,5637.12,13828.79,14440,15817.5,19191.50384
2021-08-07,2222.606146,5956.929209,5338.77,13605.21,13911.18,15229.71,17993.23027
2021-08-08,2057.367188,5835.398669,5297.43,13246.335,13603.92,14746.57,17078.59009
2021-08-09,1872.967917,5706.170636,5184.27,12570.14,13159.3,14192.38,16722.44327
2021-08-10,1721.385938,5442.343359,4940.655,11560.59,12480.835,13611.275,16398.4624
2021-08-11,1829.26125,5577.955019,4676.105,10648.225,11628.015,12787.94,15340.06661
2021-08-12,1996.162292,5774.948824,4681.735,10066.34,10791.275,12055.71,14541.6473
2021-08-13,2332.047188,5775.082688,5117.885,10208.28,10112.47,11200.205,14288.1206
2021-08-14,2577.360313,5518.41098,5056.72,10815.17,10743.91,11513.19,13813.04288
2021-08-15,2578.583542,5663.458913,5031.36,11294.965,11825.235,12672.58,14264.33468
2021-08-16,2752.436146,6193.950033,5006.055,12130.785,12331.625,13220.47,15522.80589
2021-08-17,3470.065208,6541.473556,5318.47,13519.185,12946.08,13553.315,15944.02352
2021-08-18,3898.6075,6389.062531,6227.99,14365.19,13644.365,14119.595,15918.43919
2021-08-19,3930.816771,6559.532198,6238.85,13978.3,14194.38,15083.245,16425.83021
2021-08-20,3888.236979,6913.989171,6293.77,13147.85,13988.31,15185.72,17269.87178
2021-08-21,3934.325521,6923.209506,6659.735,12618.89,13336.675,14673.68,17379.63064
2021-08-22,3627.809583,6767.816446,6902.07,12166.84,12668.55,13959.75,17132.9526
2021-08-23,3163.522708,6595.5122,6682.145,11608.51,12182.36,13321.715,16398.4624
2021-08-24,2882.362708,6398.001522,6409.365,11960.09,11738.39,12917.38,15653.92209
2021-08-25,2853.508854,6202.741041,6277.26,12362.04,11627.915,12586.25,14847.88218
2021-08-26,2985.409792,5974.343898,6016.24,12667.86,12306.525,13003.925,14847.88218
2021-08-27,3008.491875,5922.11756,5795.935,12447.56,12630.77,13379.535,15758.66583
2021-08-28,3078.754479,5983.073328,5615.67,12300.885,12530.75,13567.75,16237.48693
2021-08-29,2940.069896,6070.543838,5605.135,11935.715,12281.65,13437.42,16559.81097
2021-08-30,2684.640208,6096.916852,5652.615,11403.4,11898.15,13090.53,16594.38273
2021-08-31,2535.160417,5965.658639,5758.745,10922.765,11591.205,12687.055,16669.07413
2021-09-01,2412.359479,5844.066136,5860.03,10481.26,11128.725,12284.725,16804.29729
2021-09-02,2372.902708,5723.318199,5589.36,10303.07,10887.39,11983.97,15496.43299
2021-09-03,2347.242604,5731.959089,5437.495,10374.335,10647.445,11769.59,16000.7944
2021-09-04,2301.025313,5620.540636,5395.865,10636.03,10803.845,11855.285,15998.30477
2021-09-05,2355.171667,5697.556544,5448.02,11066.62,11287.92,11998.305,15865.90113
2021-09-06,2431.3575,5749.106702,5313.035,11198.61,11703.175,12328.805,17022.16084
2021-09-07,2484.441042,5736.296286,5468.78,11186.605,11985.325,13104.92,17379.7545
2021-09-08,2367.194271,5518.41098,5505.38,11090.51,12169.99,13379.57,18762.20041
2021-09-09,2263.205625,5569.394594,5563.645,11645.255,12731.105,13756.28,19510.45876
2021-09-10,2240.7675,5484.584901,6097.73,12179.005,13706.33,14922.3,19539.43242
2021-09-11,2385.764167,5299.3977,6448.58,12252.085,15289.52,16097.765,21116.92405
2021-09-12,2194.588646,5224.279485,6070.41,12057.235,16123.81,19077.14,22785.14608
2021-09-13,1743.901771,5324.498268,5490.575,11911.37,16190.55,19886.625,29262.65241
2021-09-14,1680.920313,5433.800493,5209.98,12093.75,16391.64,19194.38,31038.99719
2021-09-15,1675.923854,5467.61748,5469.275,12300.88,16862.035,18849.095,29355.28473
2021-09-16,1698.962813,5291.055292,5828.045,12142.445,16686.785,18205.79,27169.78928
2021-09-17,1785.519167,5191.00183,6053.815,11911.37,15764.65,17281.995,24766.14043
2021-09-18,1975.714063,5149.677092,5732.85,11899.235,15000.455,16481.475,22535.6366
2021-09-19,2000.601875,5001.232057,5256.31,12154.61,14647.765,15950.045,21787.10319
2021-09-20,1943.72125,5099.926622,5077.18,12227.71,14530.78,15802.72,20157.91914
2021-09-21,1911.982917,5199.344292,4810.075,11996.52,14634.765,15861.615,20127.47159
2021-09-22,2126.706667,5324.498268,5021.26,11391.74,14517.805,15802.72,20157.18262
2021-09-23,2066.469583,5341.265545,5220.29,10851.115,14608.76,15920.535,19248.42501
2021-09-24,1892.187917,5274.287945,5380.255,10398.085,14857.965,17286.25,20914.66094
2021-09-25,1791.972083,5265.945536,5458.36,10208.265,16686.765,19946.865,28478.61652
2021-09-26,1709.803958,5182.705456,5599.87,10374.335,16364.46,18879.3,32915.33972
2021-09-27,1648.195625,5116.445381,5657.91,10612.16,16070.435,17996.575,31086.32822
2021-09-28,1647.719896,5042.250123,5700.295,10469.355,15804.48,17341.545,27923.55248
2021-09-29,1617.307708,4976.639881,5385.665,10231.965,15092.135,16659.005,24733.7046
2021-09-30,1511.060833,4903.153023,5016.165,9995.585,14414.165,15861.685,21330.77994
2021-10-01,1457.968021,4846.261228,4577.835,9948.395,13936.815,15215.055,20069.31825
2021-10-02,1466.431875,4878.738607,4306.065,9971.89,13667.78,14922.065,18815.83298
2021-10-03,1563.66375,4935.761849,4163.095,9595.825,13552.925,14775.815,18729.89783
2021-10-04,1726.544688,4984.815496,3942.4,9093.905,13032.96,14236.23,20544.16167
2021-10-05,1805.052188,4943.918746,3863.585,8596.15,12381.25,13538.91,19104.54231
2021-10-06,1745.955208,4968.436239,3895.95,8091.82,11750.595,12859.84,17137.16747
2021-10-07,1686.854583,5009.398376,3840.52,7547.515,11140.88,12428.24,15891.73428
2021-10-08,1603.037292,5025.833561,3868.185,7198.95,10923.54,13047.545,15470.10163
2021-10-09,1492.450833,4988.948808,3854.34,7031.51,12282.665,14338.17,18222.06346
2021-10-10,1446.92125,4907.21623,3845.12,6609.775,13400.205,15009.89,20634.27568
2021-10-11,1641.728854,4850.385624,3817.525,6920.475,12820.105,14368.3,21117.98492
2021-10-12,1914.389063,4745.386564,3873.37,8138.495,11603.975,13177.52,19277.93195
2021-10-13,1997.732396,4813.915794,4191.525,8653.65,11310.705,12399.49,19249.90215
2021-10-14,1858.776354,4899.073396,3956.415,8734.44,11493.46,12399.51,18988.40168
2021-10-15,1543.464687,4964.361284,3753.375,8873.18,11640.17,12658.16,19657.37651
2021-10-16,1405.324688,4968.445585,3849.78,9023.875,12444.2,13785.59,20336.06205
2021-10-17,1470.375521,4834.146974,4040.515,9151.72,13235.635,14864.855,22343.56422
2021-10-18,1698.600521,4705.058697,4092.24,8734.655,13846.98,15788.035,26870.59283
2021-10-19,1906.479062,4561.370517,3763.065,8069.14,14013.88,15743.85,30827.3598
2021-10-20,1895.509063,4541.505422,3540.855,7773.375,13872.72,15332.525,31988.78752
2021-10-21,1916.408854,4629.024284,3394.25,7569.895,12995.685,14498.49,31183.91737
2021-10-22,1961.635208,4685.005032,3491.87,7210.225,11935.84,13466.625,28932.78757
2021-10-23,1979.019167,4705.058697,3762.535,6786.905,11056.355,12285.06,23605.64979
2021-10-24,2116.509583,4801.796916,3826.71,6455.52,10397.27,11527.25,19659.67138
2021-10-25,2115.413646,4968.438576,3799.14,6127.05,9900.615,10888.04,17079.82999
2021-10-26,1976.134792,5001.194753,3817.525,5942.035,9422.435,10464.02,15943.94051
2021-10-27,2021.799583,5009.405366,3886.695,5844.49,9122.415,10069.84,15817.47403
2021-10-28,1934.323229,5013.499022,3965.59,5844.49,8961.93,9957.52,14541.6473
2021-10-29,1795.6175,5001.197085,3951.63,5844.49,8916.22,9789.3,15654.29603
2021-10-30,1839.646875,4988.972141,3909.83,5909.48,8927.645,9789.3,16290.85529
2021-10-31,1831.043854,4935.78994,3868.185,5822.855,8996.25,9901.42,14671.85212
2021-11-01,1749.228125,5132.982661,3854.34,5758.01,8984.82,9929.47,13443.18729
2021-11-02,1919.124167,5157.83482,3808.355,5725.65,8836.375,9789.315,13443.10343
2021-11-03,2039.795,5224.26108,3785.505,5617.95,8745.355,9649.345,12338.63792
2021-11-04,1991.121458,5274.287945,3956.31,5499.86,8643.26,9537.53,12409.26425
2021-11-05,1925.436042,5328.672937,4092.085,5403.555,8518.89,9370.065,11826.2943
2021-11-06,1827.634688,5374.843518,4144.015,5286.23,8383.765,9202.94,11688.12286
2021-11-07,1723.827708,5245.088377,4200.97,5190.51,8271.595,8952.76,11391.80383
2021-11-08,1633.05375,5124.785761,4315.61,5137.47,8137.515,8897.29,11301.32576
2021-11-09,1621.155417,5017.611315,4191.565,5116.27,8026.21,8786.4,11054.18526
2021-11-10,1670.898125,4997.352973,3910.075,5158.7,8004.01,8675.68,10677.48052
2021-11-11,1683.137813,4927.602613,3689.605,5286.23,7970.72,8675.68,10523.96178
2021-11-12,1617.733021,4895.005499,3594.79,5318.16,8004.01,8731.02,10349.97084
2021-11-13,1620.00125,4952.094362,3478.38,5371.5,8037.325,8703.35,10349.97084
2021-11-14,1547.050312,4988.906809,3420.755,5382.18,8037.325,8786.4,10199.00688
2021-11-15,1466.829375,4878.851374,3376.64,5074.045,8026.21,8731.04,10155.89257
2021-11-16,1646.380208,4621.056698,3460.615,4737.35,7926.45,8578.925,10458.54486
2021-11-17,1877.599479,4545.483249,3443.23,4539.215,7552.32,8344.41,10371.67713
2021-11-18,2010.357396,4494.016491,3297.91,4476.95,7280.295,8069.37,10220.45744
2021-11-19,1984.641667,4462.453535,3197.955,4383.795,7150.67,7822.655,9752.26025
2021-11-20,1910.966458,4509.846142,3236.88,4363.13,7021.66,7713.265,9376.107065
2021-11-21,1828.114792,4653.175052,3249.9,4352.81,6957.37,7604.04,9479.726047
2021-11-22,1505.178438,4976.6212,3142.285,4229.315,6935.98,7522.22,9479.726047
2021-11-23,1371.212708,4993.056442,3014.305,4126.75,6829.33,7494.975,9007.324261
2021-11-24,1356.649792,4886.904926,3163.54,3953.42,6648.94,7345.29,8926.231102
2021-11-25,1490.337708,4717.296468,3167.855,3933.11,6459.35,7114.56,8685.273398
2021-11-26,1596.604271,4478.24466,3039.835,3933.11,6344.185,6952.165,8546.135234
2021-11-27,1640.226771,4434.945882,2871.97,3892.53,6271.205,6844.12,8290.655067
2021-11-28,1493.467604,4685.292847,2687.365,3821.745,6136.235,6736.245,8077.149607
2021-11-29,1415.624271,4919.441033,2483,3730.92,6002.055,6574.785,8154.493351
2021-11-30,1328.310417,4862.509325,2483.14,3660.585,5889.135,6440.56,7753.362331
2021-12-01,1315.145938,4597.134839,2764.74,3570.44,5705.675,6306.59,7640.270267
2021-12-02,1290.129063,4509.846142,2871.855,3430.965,5483.24,6146.24,7962.540086
2021-12-03,1274.7175,4525.65654,2728.045,3253.05,5443.115,6012.96,8725.217876
2021-12-04,1256.651771,4506.005481,2522.56,3135.175,5203.9,5747.295,7944.015777
2021-12-05,1241.809063,4407.440717,2471.165,3076.53,4928.215,5482.975,7434.257607
2021-12-06,1241.83375,4513.785505,2389.105,3096.065,4714.38,5141.14,7545.78758
2021-12-07,1237.889896,4541.524633,2273.335,3115.64,4675.77,5036.46,7268.33226
2021-12-08,1252.243438,4565.321952,2197.21,3057.035,4608.455,4958.09,6905.531629
2021-12-09,1333.852188,4581.247555,2216.13,3115.615,4408.225,4905.92,6851.791795
2021-12-10,1587.275521,4470.344277,2235.1,3125.405,4181.79,4801.865,6692.145066
2021-12-11,1656.598958,4458.516612,2238.905,3076.53,3655.67,4311.175,6447.174873
2021-12-12,1617.803021,4494.035764,2250.33,3096.06,3344.785,3320.02,5840.090309
2021-12-13,1587.241146,4593.14985,2307.86,3096.06,3303.275,3496.46,5754.413997
2021-12-14,1586.744896,4605.111985,2381.185,2901.72,2903.275,3095.49,5510.533691
2021-12-15,1550.827083,4633.011663,2490.88,2911.39,2953.895,2996.25,5366.196326
2021-12-16,1332.847604,4668.986361,2506.695,2979.21,2877.255,2872.66,5177.515883
2021-12-17,1207.054479,4717.106575,2490.87,2979.21,2919.77,2872.66,5223.853317
2021-12-18,1144.994479,4725.200179,2486.925,3037.54,2885.76,2934.385,4990.701295
2021-12-19,1117.242188,4601.107867,2486.955,3076.53,2834.91,2872.66,4747.848835
2021-12-20,1100.391771,4609.080235,2404.685,3076.53,2902.725,2872.66,4672.626465
2021-12-21,1108.030521,4573.260798,2155.995,3037.555,2911.245,2946.755,4524.640082
2021-12-22,1099.642187,4561.346535,2026.14,3086.315,2851.825,2848.02,4808.115774
2021-12-23,1092.161354,4581.218816,2000.28,3184.185,2818.02,2798.79,4702.492088
2021-12-24,1081.366563,4621.037588,1963.89,3312.12,2894.55,2971.525,4613.252934
2021-12-25,1072.405,4633.011663,1913.285,3292.395,3117.35,3170.13,4628.029217
2021-12-26,1090.980938,4605.092856,1938.515,3115.85,3056.87,3182.615,4687.581623
2021-12-27,1128.270729,4589.167252,1960.235,2969.63,2962.465,3070.64,4539.326824
2021-12-28,1130.426042,4601.122218,1916.92,2882.4,2818.045,3021.185,4539.326824
2021-12-29,1102.3175,4541.505422,1877.44,2843.82,2675.595,2737.435,4583.566151
2021-12-30,1084.008854,4557.373515,1895.33,2843.82,2576.15,2578.36,4568.834629
2021-12-31,1077.440729,4605.092856,1909.69,2815.01,2543.255,2529.65,4437.012574
2022-01-01,1067.933646,4605.111985,1906.105,2766.92,2510.44,2432.49,4208.848475
2022-01-02,1063.1025,4517.746525,1924.1,2680.835,2494.08,2432.49,3996.766484
2022-01-03,1066.739167,4462.453535,1902.5,2538.29,2494.08,2456.75,4094.135301
2022-01-04,1066.199792,4494.016491,1888.21,2519.395,2477.75,2384.06,4066.154569
2022-01-05,1085.798229,4513.785505,1841.845,2595.155,2445.195,2263.465,4094.405661
2022-01-06,1116.471875,4505.875493,1771.375,2671.285,2396.55,2191.4,4235.47995
2022-01-07,1061.225938,4541.505422,1726.085,2728.59,2461.465,2287.73,4221.197023
2022-01-08,1056.503958,4545.483249,1705.32,2747.74,2535.035,2432.49,4136.309135
2022-01-09,1049.622813,4529.619962,1708.775,2738.165,2543.24,2481.01,3996.631106
2022-01-10,1040.356354,4541.505422,1733.025,2815.155,2543.24,2408.275,4164.515083
2022-01-11,1035.414271,4557.373515,1736.505,2671.285,2518.635,2384.06,4150.637223
2022-01-12,1042.086354,4601.107867,1726.1,2633.16,2477.75,2432.49,4250.347321
2022-01-13,1017.041771,4585.234934,1705.32,2633.16,2510.44,2444.615,4250.347321
2022-01-14,1010.299688,4478.225366,1729.65,2576.17,2485.915,2408.275,3996.58598
2022-01-15,1025.431354,4509.826889,1788.895,2538.29,2445.195,2359.9,3996.631106
2022-01-16,1114.846771,4513.809564,1753.92,2576.27,2380.395,2263.465,3927.694374
2022-01-17,1392.441875,4661.323661,1715.69,2500.685,2372.315,2167.45,3955.675446
2022-01-18,1618.26875,4677.001646,1698.42,2491.07,2332.08,2119.72,3900.255192
2022-01-19,1585.865417,4621.037588,1761.115,2462.8,2300.02,2144.89,3900.255192
2022-01-20,1582.155833,4633.054625,2004.615,2509.965,2284.04,2095.71,3886.51299
2022-01-21,1601.027083,4765.454482,2303.92,2576.17,2268.08,2143.5,3886.648597
2022-01-22,1617.756667,4817.974292,2396.775,2661.76,2276.06,2143.5,3831.996205
2022-01-23,1539.550833,4701.047489,2562.765,2747.74,2300.155,2239.41,3804.828255
2022-01-24,1274.761667,4656.986053,2826.25,2633.16,2445.235,2335.74,3900.435962
2022-01-25,1096.629688,4617.0526,2822.135,2604.645,2437.085,2384.06,3997.307995
2022-01-26,1044.096667,4601.11265,2691.735,2767.01,2428.995,2275.88,4011.005013
2022-01-27,1055.893958,4561.356128,2483.27,2988.945,2420.86,2215.51,3996.58598
2022-01-28,1066.055521,4509.826889,2240.155,3203.8,2519.895,2432.535,3968.966105
2022-01-29,1047.913958,4458.729132,2036.965,3460.785,2784.59,2651.73,4024.747215
2022-01-30,1044.236042,4274.723701,1989.37,3490.63,2936.82,2959.135,3996.766484
2022-01-31,1017.640417,4383.903935,1835.39,3430.99,3056.87,2996.5,4150.457131
2022-02-01,1009.82625,4446.701018,1670.975,3243.145,3039.62,3170.13,4264.000809
2022-02-02,994.1977083,4478.225366,1629.98,3135.175,2919.825,3170.13,4278.193837
2022-02-03,989.143125,4509.826889,1619.8,3008.42,2792.745,3021.395,4335.595151
2022-02-04,962.5454167,4533.578578,1609.64,2872.75,2683.895,2786.555,4292.521705
2022-02-05,953.9425,4509.911118,1630,2719.095,2543.255,2566.245,4192.811058
2022-02-06,988.0878125,4415.273389,1657.24,2566.72,2453.345,2432.49,4066.244727
2022-02-07,1100.111979,4509.826889,1630.105,2453.395,2388.485,2384.06,3968.966105
2022-02-08,1084.521875,4537.539598,1569.23,2192.355,2300.035,2263.57,3886.51299
2022-02-09,1043.807292,4529.619962,1572.6,2201.58,2284.17,2048.095,3764.325253
2022-02-10,993.5666667,4565.314759,1609.645,2294.335,2071.17,1858.52,3764.325253
2022-02-11,974.8126042,4605.092856,1633.38,2368.975,2094.56,1905.72,3683.998857
2022-02-12,954.2545833,4617.0526,1630,2387.68,2094.61,1929.38,3577.955321
2022-02-13,939.3345833,4577.23861,1719.155,2378.32,2172.99,1929.38,3551.694155
2022-02-14,928.3786458,4478.418304,1681.25,2368.96,2133.67,1953.04,3577.955321
2022-02-15,918.1427083,4325.279263,1636.785,2322.27,2133.67,1953.04,3617.506065
2022-02-16,912.758125,4325.303638,1602.9,2322.27,2165.105,1964.89,3630.750185
2022-02-17,914.6371875,4235.950509,1572.585,2368.96,2165.13,1976.76,3630.750185
2022-02-18,911.8879167,4266.949481,1545.845,2397.08,2149.37,1953.04,3630.750185
2022-02-19,918.9636458,4290.250121,1512.625,2387.695,2172.99,1929.36,3657.283803
2022-02-20,996.0278125,4407.489187,1549.495,2425.2,2188.81,1953.04,3644.039683
2022-02-21,1175.124896,4637.001431,1723.165,2425.2,2172.99,2000.48,3617.506065
2022-02-22,1419.157188,4685.007411,1909.855,2462.8,2212.475,2024.26,3591.108623
2022-02-23,1483.201875,4597.594195,2033.425,2500.51,2236.32,2095.71,3604.307344
2022-02-24,1499.082604,4329.21147,2265.58,2528.835,2260.15,2095.71,3644.039683
2022-02-25,1462.698646,4545.483249,2216.46,2633.21,2340.14,2191.455,3697.243016
2022-02-26,1454.494063,4656.986053,2025.91,2709.46,2437.085,2359.9,3670.573301
2022-02-27,1411.242604,4652.984362,2119.125,2709.46,2510.495,2444.615,3697.288355
2022-02-28,1221.117292,4648.989821,2254.16,2719.025,2543.295,2529.64,3804.873516
2022-03-01,1109.200417,4613.062832,2330.83,2795.74,2510.44,2432.535,3859.164154
2022-03-02,1238.534063,4589.167252,2307.86,2911.39,2518.8,2481.01,3886.467788
2022-03-03,1515.777187,4557.373515,2197.255,3027.81,2625.94,2529.64,3941.346229
2022-03-04,1725.56375,4553.407691,2004.1,3037.54,2634.01,2602.77,3941.346229
2022-03-05,1902.177083,4605.092856,1909.69,3037.54,2667.25,2554,3968.92096
2022-03-06,2028.916354,4561.346535,1938.685,3154.76,2675.54,2676.09,3982.75347
2022-03-07,2178.749271,4553.431686,2160.22,3233.29,2725.615,2725.1,3982.75347
2022-03-08,2243.32,4681.069956,2554.51,3233.28,2801.315,2774.2,4024.386359
2022-03-09,2294.838125,4870.609858,2801.53,3144.96,2809.58,2860.335,4080.1224
2022-03-10,2389.078125,4830.107334,2921.975,3115.6,2775.91,2897.345,4080.1224
2022-03-11,2431.328542,4685.007411,3107.975,3184.185,2750.755,2823.38,4080.1224
2022-03-12,2589.342604,4757.420189,3245.55,3282.54,2775.96,2848.02,4052.231826
2022-03-13,2611.335313,4968.457265,3172.265,3470.75,2885.76,2971.525,4038.263995
2022-03-14,2656.455104,5050.472369,3107.81,3660.625,3031.125,3120.34,4080.16747
2022-03-15,2831.194792,5034.065106,3228.365,3791.43,3187.17,3195.065,4178.618066
2022-03-16,2884.0225,5058.703913,3425.185,3973.785,3300.93,3395.18,4235.390015
2022-03-17,2928.073646,5075.194861,3590.315,4126.765,3406.82,3495.705,4378.893118
2022-03-18,2851.368021,5133.010418,3817.65,4229.265,3549.425,3697.65,4451.520022
2022-03-19,2819.208021,5270.115593,3914.68,4311.58,3739.34,3849.94,4598.387179
2022-03-20,2637.059375,5303.558607,3771.65,4342.62,3775.37,4104.955,4792.625024
2022-03-21,2336.802604,5261.768596,3840.54,4570.415,3875.925,4207.46,4822.847912
2022-03-22,1993.223646,5286.846273,3905.215,4664.165,3967.965,4413.24,4853.160032
2022-03-23,1840.049271,5116.667653,3822.115,4957.94,4107.225,4490.66,4868.516756
2022-03-24,2137.206771,4814.142254,3835.925,5190.52,4219.505,4646.055,5067.840518
2022-03-25,2413.811979,4589.186402,3672.015,5307.51,4426.99,4932.005,5129.978975
2022-03-26,2242.618542,4525.65654,3341.83,5424.935,4598.93,5062.63,5271.123529
2022-03-27,2099.510937,4545.569676,3180.715,5661.11,4762.795,5246.045,5445.999992
2022-03-28,2020.321667,4701.047489,3163.515,5693.4,5056.165,5364.365,5688.819395
2022-03-29,2104.933333,4668.986361,3302.18,5532.03,5134.77,5694.29,5721.572539
2022-03-30,2123.787604,4757.372839,3438.44,5424.935,5114.925,5694.29,5836.914838
2022-03-31,2031.464792,4846.261228,3332.995,5222.4,4947.695,5509.31,5919.94492
2022-04-01,2003.142917,4862.497566,3142.02,5042.22,4870.085,5324.86,6037.666916
2022-04-02,1915.430521,4809.817177,3159.195,5010.53,4773.255,5298.58,6727.403502
2022-04-03,1667.778229,4797.705344,3120.605,5073.93,4830.695,5364.365,6361.724343
2022-04-04,1632.607708,4878.738607,3022.895,4915.755,4579.82,5114.94,6240.795207
2022-04-05,1739.213437,4842.209793,2905.12,4653.745,4714.88,5167.34,6122.193675
2022-04-06,1664.620521,4813.859179,2842.815,4549.595,4637.355,4984.26,5820.36173
2022-04-07,1698.383333,4789.756016,2748.17,4622.44,4332.215,4932.005,5803.852734
2022-04-08,2238.051875,4605.092856,2687.05,4643.3,4285.17,4801.75,5689.526149
2022-04-09,2261.968542,4557.373515,2707.36,4580.785,4266.275,4749.75,5463.616874
2022-04-10,1924.589271,4549.444268,2715.505,4414.82,4238.05,4697.81,5286.969009
2022-04-11,1670.772604,4661.133069,2760.46,4249.865,4163.05,4658.9,5302.681391
2022-04-12,1619.711146,4984.815496,2842.875,4096.08,3958.805,4490.78,5239.9652
2022-04-13,1866.31,4919.628499,2972.15,4075.64,3766.29,4130.55,5068.107411
2022-04-14,1830.611563,4693.10828,3026.985,4075.64,3612.265,3977.19,4838.026276
2022-04-15,1691.445417,4561.346535,3022.895,4075.64,3702.66,4041.185,4687.581623
2022-04-16,1348.787083,4665.115666,2896.795,4136.99,3720.765,4079.36,4642.850246
2022-04-17,1037.5425,4886.867357,2822.135,4177.965,3702.625,4104.955,4687.581623
2022-04-18,1036.628125,4939.86253,2797.39,4239.54,3803.335,4156.175,4717.447245
2022-04-19,1135.513229,4454.582107,3053.695,4239.54,3775.505,4156.175,4747.491569
2022-04-20,1487.021771,4321.57379,3138.105,4280.67,3803.17,4181.8,4853.249229
2022-04-21,2129.753021,4170.334247,2813.975,4249.82,3821.185,4130.55,4975.389211
2022-04-22,2559.849479,4228.225298,2654.845,4157.46,3848.45,4181.8,4976.190784
2022-04-23,2758.182188,4427.171282,2483.02,4270.4,3839.32,4258.81,4853.249229
2022-04-24,2877.624167,4777.925669,2539.175,4363.165,3820.96,4361.695,4868.516756
2022-04-25,2879.849375,5203.592675,3014.63,4363.165,3857.565,4361.695,5006.146949
2022-04-26,2875.765,5408.496793,3368.425,4208.75,3885.08,4387.45,5098.865281
2022-04-27,2880.868438,5404.299237,3763.065,4034.845,3775.335,4233.245,5006.146949
2022-04-28,2878.260937,5286.846273,4158.435,3973.75,3657.385,4143.355,5413.998767
2022-04-29,2909.860833,5182.705456,4258.135,4055.24,3621.62,4028.24,5145.602492
2022-04-30,3026.745417,5157.83482,4224.735,4188.26,3612.68,4079.36,5208.185375
2022-05-01,3024.038958,5157.816343,4172.475,4570.875,3675.68,4130.58,5179.648294
2022-05-02,2762.0825,5245.180289,4106.225,5010.705,4062.01,4388.24,5463.12978
2022-05-03,2483.577604,5467.58118,4031.035,5371.555,4477.425,4971.185,5772.202886
2022-05-04,1996.5025,5400.110797,4003.06,5478.43,4851.135,5272.325,6055.540436
2022-05-05,1814.453854,5232.667882,4153.48,5542.75,5056.33,5562.06,6500.785995
2022-05-06,2212.873438,4944.592611,4012.46,5639.49,5225,5800.325,6887.705688
2022-05-07,2608.618854,4641.041295,3712.675,5768.825,5184.01,5826.84,6995.447094
2022-05-08,2588.070729,4557.392705,3531.96,5855.315,5464.325,6172.95,6344.730949
2022-05-09,2412.468646,4685.064497,3385.44,5887.8,5605.155,6306.59,6206.41304
2022-05-10,2382.141146,4907.230301,3411.97,5779.615,5655.66,6386.92,6291.863311
2022-05-11,2586.792396,4997.096439,3617.335,5758.01,5362.995,6333.35,6309.032407
2022-05-12,3017.58125,5034.037184,3744.26,5736.43,5565.69,6333.375,6481.820159
2022-05-13,3375.570104,5158.001113,3799.14,5617.94,5585.375,6226.35,6586.544832
2022-05-14,3335.497708,5421.185041,3854.375,5585.69,5544.805,6279.83,6551.549005
2022-05-15,3141.053333,5573.655641,4069.305,5779.67,5514.93,6253.09,6569.068814
2022-05-16,2967.182292,5633.348539,4617.005,6148.82,5789.34,6440.56,6674.406495
2022-05-17,2620.949792,5590.681788,4950.545,6301.85,6148.78,6736.245,6905.968201
2022-05-18,2422.115,5607.825032,5087.22,6488.54,6323.385,7250.18,7360.773899
2022-05-19,2313.145104,5341.521471,5036.55,6753.585,6419.285,7182.4,8077.84153
2022-05-20,2506.622708,5157.816343,4735.79,7143.375,6691.3,7331.69,8271.74009
2022-05-21,2605.760313,5199.316645,4378.865,7479.715,7151.89,7795.305,8467.495969
2022-05-22,2903.36125,5307.840867,4312.25,8012.02,7410.665,8096.855,8506.578442
2022-05-23,3723.044271,5620.972575,5087.835,8423.57,7893.33,8509.94,9273.559933
2022-05-24,4001.791771,5974.350522,5443.89,8792.395,8271.975,9091.75,9377.821339
2022-05-25,3564.966458,5861.456562,6623.775,9350.035,8825.135,9579.465,10306.77128
2022-05-26,3002.55,5840.731876,7055.74,9665.92,9422.62,10126.06,10743.62046
2022-05-27,2664.785521,6304.739402,6648.685,9677.66,9833.45,10647.55,11143.90037
2022-05-28,2486.082708,5996.250175,6233.825,9936.55,9997.24,11171.595,13001.81368
2022-05-29,2359.049167,5766.379426,5727.49,10469.425,9947.685,11370.555,14542.89932
2022-05-30,2297.800417,5501.588485,5261.825,10898.865,10121.345,11569.89,13345.29117
2022-05-31,2292.986667,5232.594299,5036.55,11114.52,10755.835,11741.04,13199.45398
2022-06-01,2807.742813,5286.91504,4865.175,11114.52,10948.535,11883.86,12933.32452
2022-06-02,3333.881771,5450.677207,4626.84,11114.52,10960.675,11912.45,12957.48379
2022-06-03,3607.333646,5535.523054,4558.24,10970.62,11021.085,11883.86,13029.70941
2022-06-04,3308.110938,5805.199372,4875.1,10767.335,11081.99,12012.565,13272.18369
2022-06-05,2800.235729,5956.911529,5118.155,10386.145,11130.17,12184.37,13418.60842
2022-06-06,2693.212917,5917.875715,5318.08,10184.6,11237.86,12184.395,13394.15535
2022-06-07,2785.298958,5684.786667,5380.27,9924.705,10875.45,11826.725,13223.5293
2022-06-08,3215.806771,5514.174784,5199.76,9912.915,10623.465,11484.425,12909.37541
2022-06-09,3874.5825,5501.479791,4905.21,9971.945,10242.685,11228.38,12598.79474
2022-06-10,4075.162708,5680.785702,4790.13,10326.83,10077.165,11143.185,12338.63792
2022-06-11,3931.973333,6088.222454,4905.21,10362.42,10767.27,11512.9,11941.65557
2022-06-12,3603.765625,6291.131964,5128.435,9830.76,10456.525,11569.92,12198.01776
2022-06-13,3119.777708,6313.35274,5589.38,9350.035,10528.125,11399.09,11895.3167
2022-06-14,2775.116354,6093.143594,5689.73,8965.86,9596.98,10704.22,11711.01756
2022-06-15,2754.787292,6013.642855,5500.18,9058.745,9110.98,9929.5,11009.96423
2022-06-16,2880.174792,6105.646422,5364.68,9315.205,8609.565,9677.32,10546.17877
2022-06-17,3128.940104,6088.117079,5385.44,9736.455,8643.295,9649.345,10350.48205
2022-06-18,3073.109688,5991.89982,5344.08,9901.13,8996.32,9873.41,9731.749998
2022-06-19,2809.599167,6018.002064,5153.58,9759.89,9283.66,10266.735,9857.505612
2022-06-20,2729.209688,5922.276964,5026.37,9572.105,9272.085,10351.205,10503.66006
2022-06-21,2363.275625,5680.426919,5087.255,9279.855,8984.82,9957.59,10655.60394
2022-06-22,2538.217188,5522.943477,4975.725,8965.86,8837.48,9593.455,10328.30714
2022-06-23,2828.813021,5299.361052,4885.11,8676.725,8305.245,9147.47,9899.723548
2022-06-24,3377.063542,5232.621893,4775.265,8366.175,7893.21,9022.425,9815.202265
2022-06-25,3561.715833,5116.51947,4543.325,8274.51,7640.245,8454.67,9942.240531
2022-06-26,3173.314896,5366.758768,4528.66,8297.41,7607.69,8427.09,9752.26025
2022-06-27,2700.074896,5826.740085,4567.93,8274.515,7530.55,8399.51,9899.723548
2022-06-28,2337.872604,5861.42769,4865.57,8297.41,7497.725,8344.39,9314.10708
2022-06-29,2139.269688,5633.546372,5179.255,8228.75,7443.185,8316.85,9172.6869
2022-06-30,2100.222604,5353.997424,4960.955,8023.32,7388.81,8289.325,9479.683218
2022-07-01,2336.507292,5157.927205,4710.64,7909.53,7421.46,8565.12,8866.765635
2022-07-02,2547.338646,5358.306781,4656.285,8046.11,7258.855,8537.595,9191.436756
2022-07-03,2410.199479,5133.056678,4617.005,8354.99,7389.08,9008.305,9563.049561
2022-07-04,2282.043646,5358.215467,4735.55,9082.325,8093.455,9314.31,10680.75465
2022-07-05,2100.397188,5637.625334,4567.805,9455.025,8417.535,9509.59,11234.03938
2022-07-06,2319.794896,5723.345046,4690.915,9513.52,8654.605,9565.48,11166.1171
2022-07-07,2929.781563,5650.446728,4975.825,9490.12,8802.21,9789.3,10876.5376
2022-07-08,3255.709479,5740.582056,5163.79,9818.73,9054.085,9901.565,11394.34514
2022-07-09,3504.645833,6000.664484,5271.63,10137.29,9656.435,10690.115,11988.37445
2022-07-10,3785.214167,6193.766597,5469.12,10672.545,10733.175,12285.215,12104.83353
2022-07-11,4004.274792,6326.784138,5838.735,11427.865,11432.75,13611.34,14356.03528
2022-07-12,4087.409583,6541.439195,6108.035,12008.575,12418.54,14483.775,17966.23267
2022-07-13,3957.121667,6618.095115,6371.155,12447.5,12806.47,14703.06,18902.13788
2022-07-14,3755.401146,6559.480701,6851.39,12545.36,13578.715,15685.065,18445.00974
2022-07-15,3704.591146,6654.250905,7303.33,12410.79,14452.95,16008.95,19336.0021
2022-07-16,3713.967292,6514.656327,7483.325,12496.39,14660.77,16067.93,19335.75598
2022-07-17,3602.925625,6362.314784,7176.55,12692.39,14738.93,16038.465,18502.54671
2022-07-18,3473.821146,6300.045043,6614.985,12802.855,14284.76,15685,18161.47917
2022-07-19,3330.256875,6140.836741,6321.14,12901.2,13834.15,15127.085,17601.99697
2022-07-20,2994.7225,6149.68904,6238.86,13122.85,13949.605,14951.33,16967.46747
2022-07-21,2954.716042,6229.227665,6316.195,13036.575,13978.73,15156.415,16941.09251
2022-07-22,3163.343854,6026.764541,6817.105,12741.47,14791.085,16363.15,18338.08335
2022-07-23,2982.791667,5939.496841,6964.46,12606.58,14491.91,16009.055,19597.87172
2022-07-24,2949.457292,6009.279243,6834.09,12508.625,14065.365,15303.22,19018.60715
2022-07-25,2791.488021,6118.836221,6559.09,12618.835,13744.555,14892.81,17741.84691
2022-07-26,2564.289479,6140.836741,6315.79,12631.095,13744.495,14688.12,17104.30425
2022-07-27,2377.664063,6061.78797,6091.765,12484.175,13578.4,14600.48,16668.03937
2022-07-28,2444.949167,5887.536449,5919.045,12166.875,13438.37,14658.9,16371.21879
2022-07-29,2660.541563,5727.673318,5652.81,11754.08,13159.26,14483.775,17132.20881
2022-07-30,2997.482188,5467.808056,5390.635,11030.77,12793.78,14017.705,16913.27034
2022-07-31,3207.14625,5320.303016,5343.95,10659.875,12207.24,13553.27,16184.2845
2022-08-01,3158.510208,5459.147352,5354.44,10398.055,11836.61,13191.635,16050.34536
2022-08-02,3001.232396,5620.756605,5240.75,10042.735,11566.765,12830.905,16023.68192
2022-08-03,3128.293125,5870.032962,5406.23,9995.51,11165.05,12342.09,15495.9341
2022-08-04,2958.325938,5974.361562,5442.695,10516.935,11395.905,12370.79,15027.83274
2022-08-05,2519.794167,6088.090736,5552.555,10731.44,12022.295,12961.765,15839.19621
2022-08-06,2127.035625,6092.594884,5663.19,10731.44,12281.635,14017.69,17298.51942
2022-08-07,2310.716146,5792.221499,5700.36,11488.94,12568.64,14192.38,18587.0014
2022-08-08,2533.893125,5740.537354,5610.4,12754.085,13861.785,15450.315,20160.04684
2022-08-09,3104.733333,5948.208607,5605.165,13382.46,16480.65,19214.12,24207.42918
2022-08-10,3076.361354,5965.702819,5806.7,13555.61,19128.16,22115.53,32938.06048
2022-08-11,3090.142604,6220.419134,6070.055,13110.575,18960.785,21948.145,36981.75853
2022-08-12,3666.339271,6923.158853,6326.955,13135.36,17746.45,20339.66,36433.60038
2022-08-13,4865.315,8117.448543,8148.84,14228.155,16606.05,18819.155,33555.8073
2022-08-14,5340.635625,7967.588266,9110.825,15157.015,16794.73,18175.66,29471.95619
2022-08-15,4752.246667,8467.266541,9054.505,15194.835,17581.61,18834.12,24537.99845
2022-08-16,4102.981667,8464.487926,9721.475,15346.58,17814.04,19284.41,25886.93289
2022-08-17,3709.008542,8132.059429,9815.36,15764.805,17910.005,19284.41,26862.55026
2022-08-18,3362.576458,7594.985113,9293.18,16057.35,18171.165,19254.36,26831.27672
2022-08-19,3106.7325,7265.622547,8402.46,16338.52,18641.12,19856.92,25191.36273
2022-08-20,3306.524063,7001.475108,7777.19,17030.415,20169.135,22469.87,26635.63717
2022-08-21,3214.378438,6859.318155,7483.22,17740.09,23416.74,24676.035,32630.25708
2022-08-22,3387.851771,7116.900902,7742.06,17921.38,23225.49,24706.905,36353.01908
2022-08-23,3857.643333,6987.540631,8027.135,17921.435,22275.955,23568.5,34885.79458
2022-08-24,3631.965521,6914.014508,7665.36,17597.66,21826.72,23384.345,31773.55464
2022-08-25,3445.349583,6886.497044,7308.825,17623.525,21610.215,23353.675,31369.90828
2022-08-26,3823.768854,7343.737903,7262.58,17533.03,21308.195,22771.9,32285.07777
2022-08-27,4629.004688,8567.808054,7631.415,17584.805,21021.485,22313.615,30532.89373
2022-08-28,5013.332708,8469.776417,9305.915,17999.265,21035.875,22130.58,29143.81601
2022-08-29,4467.396458,8112.576893,9294.99,17778.955,21064.465,22161.075,28199.31344
2022-08-30,3784.519896,8103.153366,8861.615,17378.1,20750.305,21917.27,27270.52804
2022-08-31,3434.373125,7538.933252,8824.72,17171.84,20295.23,21552.045,26829.34635
2022-09-01,3523.346979,7061.336144,8225.715,16940.275,20125.35,21400.1,27750.9414
2022-09-02,3789.413021,6955.33185,7518.375,16683.55,19730.395,21005.46,26557.44113
2022-09-03,3634.590417,6786.096579,7141.88,16031.965,19113.915,20354.585,24994.64627
2022-09-04,3298.963646,6868.166133,6907.67,15283.675,18571.745,19856.445,24863.48851
2022-09-05,3401.038021,6813.342715,6856.665,14841.965,18088.57,19374.61,25620.74389
2022-09-06,3854.22,6722.281677,7015.745,14753.935,18668.93,20612.51,26493.40866
2022-09-07,3865.730729,6785.969166,7050.015,14553.09,19941.62,22100.095,28554.43467
2022-09-08,3642.521042,6804.334193,6970.15,14140.305,19254.04,21127.435,30857.34868
2022-09-09,3431.71375,6978.354064,7124.545,13828.79,18019.93,19705.935,29853.24343
2022-09-10,3228.060208,6713.486599,7524.465,13456.515,17295.58,18744.205,25425.03532
2022-09-11,2896.311771,6433.740182,7967.41,13085.895,16794.63,18325.13,24278.06718
2022-09-12,2989.354271,6550.63598,7617.885,12839.71,16431.46,17936.86,24278.06718
2022-09-13,3242.630938,6813.325747,7594.405,12913.48,16190.55,17608.99,23635.54302
2022-09-14,3681.580104,6904.912433,7623.795,13493.71,16552.66,17907.015,23352.49389
2022-09-15,3957.491667,7079.793474,7747.51,13580.39,16916.08,18235.415,25159.2495
2022-09-16,3973.933021,7079.801859,7700.29,13493.655,17173.35,18444.735,25920.3778
2022-09-17,3928.947604,7154.334161,7576.925,13518.675,17268.355,18759.16,25655.88257
2022-09-18,3890.85375,8137.605103,7448.605,13555.59,17704.82,19314.885,27373.23576
2022-09-19,4123.231563,7566.478128,7979.275,13506.035,18696.375,20430.155,29109.16483
2022-09-20,4119.755104,7335.800799,8087.325,13283.32,18654.755,20354.515,30317.90764
2022-09-21,4157.040104,7920.316789,7902.195,13258.61,18433.295,19931.785,30676.61718
2022-09-22,4231.401667,7340.495377,8232.11,13295.675,17732.26,19494.955,30568.42557
2022-09-23,4135.357083,7200.394539,7836.79,13295.675,17814.235,19284.45,28620.5705
2022-09-24,4085.770729,7181.811579,7471.545,13394.62,18724.51,20007.43,26895.71406
2022-09-25,3946.227604,7144.812897,7694.47,13555.61,20139.415,21430.505,27269.9254
2022-09-26,3469.160729,6932.345419,7967.37,13543.225,20337.755,21673.705,31585.73519
2022-09-27,3216.469583,6868.166133,8075.055,13147.56,19915.01,21218.06,31038.99719
2022-09-28,3015.339479,6750.080731,7777.19,12987.315,20622.73,22628.345,31221.20344
2022-09-29,2704.03125,6295.574384,7419.78,13209.25,24795.565,27623.095,38043.11961
2022-09-30,2296.346667,6220.349345,6817.09,13704.615,24780.735,27451.64,44994.42635
2022-10-01,2067.949271,6009.367406,7067.99,14302.655,23726.11,25912.95,44779.82345
2022-10-02,2313.067917,5861.356619,7747.545,14003.105,23049.16,24768.5,41437.97652
2022-10-03,2445.794688,5809.449602,7777.465,13978.185,22669.1,24429.415,40360.05573
2022-10-04,2635.803854,5774.948824,7436.68,14478.045,22464.84,23998.48,38733.58438
2022-10-05,2752.708958,5852.706927,7228.06,14841.965,22464.83,23783.34,36043.32859
2022-10-06,2515.041875,6218.125481,6936.095,14942.655,22450.315,23660.5,33817.63394
2022-10-07,2289.327083,6231.320532,6822.735,14628.43,22145.2,23323.005,32394.90413
2022-10-08,2235.967188,6018.035111,6726.99,14127.88,21696.745,22894.26,31621.78627
2022-10-09,2281.217396,5844.110595,6442.78,13456.615,21035.875,22283.145,29711.39792
2022-10-10,2167.194271,5706.134808,6129.865,12790.67,20224.56,21521.78,28724.40213
2022-10-11,2228.034167,5706.143765,5892.16,12179.08,19533.725,20793.355,26659.90869
2022-10-12,2253.159271,5654.728013,5721.5,11826.485,18904.755,20188.32,26154.41129
2022-10-13,2132.020833,5646.185659,5552.765,11524.01,18779.61,19886.545,26121.08727
2022-10-14,2013.622083,5697.556544,5390.635,10946.75,18530.18,19615.365,24635.18458
2022-10-15,1949.113438,5612.106317,5292.25,10374.335,18102.305,19344.545,23763.42414
2022-10-16,1897.294271,5358.142416,5261.345,9936.745,18143.72,19735.83,23574.84498
2022-10-17,1815.6275,5257.612317,5107.63,9490.245,18654.755,19886.54,26489.78646
2022-10-18,1760.385,5265.936356,4895.265,8989.13,18502.565,19645.61,26489.86695
2022-10-19,1704.238333,5232.585101,4671.095,8642.24,17364.14,18654.84,25194.59227
2022-10-20,1652.759479,5215.937058,4538.435,8274.56,16111.01,17401.14,22377.02007
2022-10-21,1620.271354,5124.889899,4441.08,7966.45,15092.135,16511.42,20515.34984
2022-10-22,1594.885729,4927.70801,4325.21,7637.61,14388.26,15538.155,19249.4508
2022-10-23,1648.13375,4797.705344,4286.97,7311.115,13795.81,14892.99,18106.1237
2022-10-24,1841.090313,4911.291165,4059.29,6942.265,13311.29,14250.625,17159.53483
2022-10-25,1952.901563,4886.867357,3789.97,6786.785,12756.14,13872.41,16425.4988
2022-10-26,2034.442917,4862.490511,3826.7,6653.94,12381.2,13350.67,15811.66079
2022-10-27,2070.855938,4903.153023,3822.105,6543.595,12070.985,13061.635,15235.11494
2022-10-28,2097.777083,4943.918746,3868.195,6247.095,11750.595,12715.74,14668.51516
2022-10-29,2332.963854,4943.937464,3923.74,6039.87,11322.88,12342.145,14338.99312
2022-10-30,2509.963438,5009.417019,3946.97,5736.485,10923.54,11883.92,13963.15347
2022-10-31,2567.896042,4984.89018,3956.28,5564.27,10516.01,11484.465,13565.99763
2022-11-01,2507.740104,5133.010418,3965.605,5435.61,10147.945,11086.46,12957.65189
2022-11-02,2310.231771,5349.644619,3900.56,5414.23,9912.415,10718.175,12362.461
2022-11-03,1897.590521,5383.252276,3937.705,5371.5,9596.685,10492.205,11941.78227
2022-11-04,1601.9,5245.249223,4153.495,5328.85,9329.865,10266.7,11711.65182
2022-11-05,1518.42,4960.541113,4200.94,5243.64,9110.94,10041.75,11369.07841
2022-11-06,1434.94,4685.026439,4050.225,5105.73,8927.67,9775.305,11144.15483
2022-11-07,1351.465156,4545.483249,3744.79,4968.33,8654.605,9523.585,10921.69256
2022-11-08,1439.56125,4494.016491,3306.64,4968.33,8428.765,9258.59,10480.84714
2022-11-09,1670.388646,4533.578578,3116.47,5010.53,8271.595,9105.54,9964.331659
2022-11-10,1931.038125,4541.505422,2892.64,5010.535,8193.3,9008.29,9899.766265
2022-11-11,2080.352396,4501.926506,2876,4821.215,8081.83,8925.015,9878.529126
2022-11-12,2007.909479,4517.823493,3022.76,4560.08,7871.16,8744.895,9688.634087
2022-11-13,1738.055729,4637.001431,3116.36,4188.31,7596.165,8440.885,9521.344987
2022-11-14,1460.567083,4822.412383,3215.24,3862.255,7247.875,8179.485,9355.383257
2022-11-15,1580.769896,4919.448062,3276.055,3630.495,6914.615,7686.02,9150.203442
2022-11-16,1729.352708,4907.347557,3193.655,3342.81,6585.62,7345.29,8886.114401
2022-11-17,1722.506771,4660.990126,3150.75,3352.6,6323.385,7060.385,8232.269199
2022-11-18,1759.957396,4629.024284,3280.34,3600.44,6229.58,6898.12,7981.107856
2022-11-19,1770.459583,4668.986361,3185.16,3680.65,6167.305,6817.13,7885.412316
2022-11-20,1784.168542,4689.013864,3112.1,3730.92,6136.22,6790.16,7583.832589
2022-11-21,1697.732083,4511.328635,3159.19,3700.745,6094.86,6682.38,7639.923137
2022-11-22,1721.16125,4324.363364,3146.315,3650.54,6002.055,6601.66,7828.32407
2022-11-23,1781.924792,4447.242421,3193.655,3660.575,5868.635,6521.055,7696.53438
2022-11-24,1840.816354,4557.373515,3262.94,3720.86,5625.2,6173.31,7943.582884
2022-11-25,1723.635312,4557.392705,3133.595,3771.23,5513.425,5720.78,7847.497888
2022-11-26,1737.118333,4641.255992,3022.76,3831.81,5594.115,5933.11,7231.503374
2022-11-27,1810.989063,4895.005499,3099.23,4055.265,5705.53,6012.93,6996.843036
2022-11-28,1566.790104,4878.738607,3124.915,4198.47,5695.39,5986.31,6959.271463
2022-11-29,1393.143958,4935.761849,3210.925,4198.475,5554.01,5986.315,7067.580187
2022-11-30,1317.825625,4927.70801,3146.315,4136.98,5473.195,5826.895,7085.929524
2022-12-01,1291.116146,4878.738607,3124.88,4116.52,5263.32,5641.38,6816.314679
2022-12-02,1260.136875,4757.941046,3086.46,4116.52,5164.135,5509.31,6604.458617
2022-12-03,1298.805938,4423.115765,2955.48,4065.435,5035.935,5403.815,6481.820159
2022-12-04,1345.89,4501.926506,2773.355,4014.465,4996.66,5298.58,6534.773843
2022-12-05,1327.312083,4581.247555,2483.62,3912.845,4918.36,5272.325,6447.087195
2022-12-06,1276.220729,4677.030204,2346.275,3781.325,4753.06,5088.77,6499.602915
2022-12-07,1259.590937,4589.167252,2388.985,3610.455,4598.84,4828.125,6223.845775
2022-12-08,1252.24,4581.218816,2475.1,3530.5,4503.17,4775.925,6274.73812
2022-12-09,1244.594063,4557.373515,2486.935,3440.905,4285.06,4439.055,6189.771225
2022-12-10,1200.041979,4466.528038,2447.575,3391.275,4005.385,4284.5,5804.382158
2022-12-11,1293.933229,4329.182227,2486.935,3411.1,4004.935,4258.87,5559.088675
2022-12-12,1566.992188,4399.559564,2389.105,3401.185,3885.09,4041.035,5462.022754
2022-12-13,1641.156771,4466.407354,2265.745,3282.54,3820.96,3938.95,5255.588717
2022-12-14,1393.380833,4486.125749,2185.89,3213.62,3766.215,3849.87,5036.993717
2022-12-15,1222.890625,4501.926506,2223.74,3272.67,3720.76,3799.06,4944.720537
2022-12-16,1174.8675,4605.284151,2300.04,3312.12,3729.86,3849.87,4868.382986
2022-12-17,1278.247708,4757.344429,2319.26,3292.395,3757.16,3849.87,4868.382986
2022-12-18,1348.686354,4741.237914,2326.99,3194.015,3603.275,3773.71,4898.784302
2022-12-19,1589.496042,4725.292703,2269.425,3115.6,3477.965,3546.155,5021.503573
2022-12-20,1763.375,4573.260798,2242.71,2901.815,3274.32,3395.18,4975.567338
2022-12-21,1776.189375,4657.081373,2235.1,2805.33,3169.755,3370.125,5036.993717
2022-12-22,1704.975417,4709.224275,2227.51,2901.76,2970.965,3143.935,5114.399899
2022-12-23,1692.750521,4817.908259,2339.255,3096.1,2962.42,3131.74,4853.249229
2022-12-24,1544.898958,4850.319726,2546.545,3164.55,3031.025,3095.49,4642.939682
2022-12-25,1259.837813,4821.959694,2699.23,3057.07,3152.05,3170.13,4423.491852
2022-12-26,1077.736042,4842.219211,2699.235,2950.135,3134.695,3163.82,4466.341261
2022-12-27,1102.711354,4733.469194,2650.665,2766.96,3039.645,3154.1,4598.342434
2022-12-28,1253.668438,4466.407354,2546.405,2699.91,2851.85,2971.525,4539.371604
2022-12-29,1302.812188,4376.061559,2459.51,2834.255,2750.89,2811.08,4524.729659
2022-12-30,1545.828021,4344.789205,2258.5,3008.355,2784.32,2774.2,4407.952864
2022-12-31,1663.773958,4395.642014,1997.31,3057.03,2851.9,2823.38,4292.791292
