Date,Hkamti,Mawlaik,Monywa,Katha,Sagaing,Magway,Pyay
2001-01-01,242.049362,723.473633,1100.68408,1070.41882,1489.70,2985.5105,3173.46387
2001-01-02,236.780609,708.261536,1078.25549,1057.07324,1466.75,2937.67334,3120.35352
2001-01-03,231.648132,693.511169,1056.22913,1042.69739,1451.29,2901.03662,3085.70459
2001-01-04,226.81839,679.227356,1034.37756,1027.03918,1446.60,2864.71069,3047.16919
2001-01-05,222.259842,665.12561,1013.08209,1012.09302,1426.72,2817.87598,2998.27148
2001-01-06,218.928589,651.496216,992.581665,998.348022,1405.59,2772.85327,2950.02417
2001-01-07,218.638138,637.87793,972.7771,986.846741,1383.74,2729.41772,2903.37061
2001-01-08,219.511932,625.135254,954.202393,979.720459,1363.31,2687.3623,2858.46533
2001-01-09,214.466202,615.135742,935.644592,977.847656,1344.02,2644.9021,2815.24097
2001-01-10,207.60437,607.275024,916.53064,992.593262,1328.20,2602.43921,2772.71191
2001-01-11,205.409348,598.680786,899.570923,1013.60779,1317.23,2562.60132,2729.75708
2001-01-12,202.460938,586.490967,885.492371,998.921265,1313.17,2523.41821,2687.66138
2001-01-13,194.920532,571.711853,871.257751,959.231812,1327.46,2487.79565,2647.82202
2001-01-14,186.354507,559.972778,854.592346,926.099609,1335.01,2459.99292,2608.86572
2001-01-15,179.470261,550.143799,834.721741,901.374329,1304.07,2441.00122,2575.30884
2001-01-16,174.079132,536.312744,817.003906,882.754333,1259.99,2439.31958,2549.68823
2001-01-17,170.708832,520.269714,802.428894,866.358948,1223.96,2427.48511,2535.62549
2001-01-18,166.963135,505.551544,784.452576,852.905334,1195.82,2376.37695,2535.35107
2001-01-19,162.165176,492.600861,763.754883,840.861816,1172.67,2315.35229,2510.06616
2001-01-20,157.950211,481.789124,743.9245,831.599731,1151.88,2263.01123,2450.85498
2001-01-21,153.868683,471.79361,726.118164,820.329529,1134.09,2214.67114,2392.67065
2001-01-22,150.002075,460.930908,710.400269,804.466431,1117.91,2169.74854,2341.49268
2001-01-23,146.647644,450.207092,696.021545,790.603394,1104.13,2129.58154,2294.5083
2001-01-24,149.7948,439.996277,681.021179,778.76416,1086.51,2095.18652,2251.43799
2001-01-25,188.57785,430.107025,665.903259,767.777466,1066.19,2062.92944,2212.54175
2001-01-26,251.872833,421.796295,651.507629,757.578308,1048.67,2033.39099,2177.65576
2001-01-27,258.449341,421.602081,637.449951,761.314758,1032.72,1999.52063,2146.43701
2001-01-28,215.285065,446.066132,624.624146,839.253967,1017.58,1963.86707,2116.9353
2001-01-29,177.523346,499.64502,618.398682,1065.23535,1004.82,1933.27991,2082.9187
2001-01-30,149.286697,522.364014,633.428284,1204.31995,1018.28,1904.14026,2049.1311
2001-01-31,133.184647,484.026062,679.670227,1097.02881,1138.86,1875.64209,2019.14233
2001-02-01,125.677467,433.79248,709.324036,941.942078,1355.15,1844.07263,1968.07593
2001-02-02,122.110405,395.682587,676.585693,826.361877,1411.60,1881.73657,1942.17468
2001-02-03,119.420723,369.608154,621.065979,752.100952,1260.62,2049.98511,1940.06909
2001-02-04,116.954453,354.390717,577.657898,717.037476,1116.88,2284.78296,2012.14917
2001-02-05,113.733269,345.237335,545.865662,710.062683,1008.45,2295.72607,2226.71069
2001-02-06,111.831802,337.82843,525.832642,716.262573,944.16,2095.87988,2410.73608
2001-02-07,118.696144,330.547882,513.300781,723.743774,915.65,1910.57361,2328.7981
2001-02-08,130.12175,323.04184,505.000732,723.014221,910.52,1773.55737,2117.43433
2001-02-09,131.106003,316.319153,496.732758,713.641846,915.09,1690.59485,1948.93396
2001-02-10,121.470291,315.549164,485.537506,725.552124,918.40,1649.95496,1833.05457
2001-02-11,110.470284,323.030731,473.719086,762.196777,914.66,1646.98486,1773.6532
2001-02-12,101.3451,324.63913,467.058807,783.045471,912.64,1641.61707,1743.50647
2001-02-13,95.2620468,313.782043,469.924622,750.925659,929.98,1632.08997,1733.43054
2001-02-14,91.4755707,298.840118,470.124023,694.600647,963.95,1612.80334,1727.03906
2001-02-15,88.9630661,284.33963,458.438843,653.887329,966.17,1599.8158,1714.50867
2001-02-16,87.0742645,273.616821,441.031769,628.324768,917.36,1619.81506,1693.82288
2001-02-17,86.2763672,267.772919,423.655914,615.015381,861.65,1649.69958,1694.10217
2001-02-18,85.4863281,266.499878,409.775391,608.863342,823.52,1637.64368,1724.80408
2001-02-19,84.9149475,264.059875,400.491333,605.032593,800.25,1572.34766,1745.27161
2001-02-20,90.8836441,260.98111,396.619965,601.962891,788.24,1500.07104,1711.79822
2001-02-21,123.175972,256.294464,392.419037,600.430725,780.43,1448.18433,1639.07617
2001-02-22,178.64241,255.916763,386.740295,607.36731,773.73,1416.40259,1571.61426
2001-02-23,217.129517,290.770599,379.740723,659.046875,767.07,1402.02698,1525.19275
2001-02-24,268.858093,352.483887,378.422943,771.702271,763.57,1390.33679,1499.55566
2001-02-25,319.645081,416.591187,414.643066,880.053223,779.30,1377.48926,1487.26758
2001-02-26,299.698425,472.875275,487.300049,964.631287,865.95,1364.71289,1475.55493
2001-02-27,283.509796,542.817139,562.908142,1130.5365,1001.54,1367.2937,1462.72803
2001-02-28,321.542664,680.111023,618.099792,1294.73108,1104.85,1431.12891,1450.86182
2001-03-01,332.938873,858.555969,676.742126,1284.26489,1202.39,1587.94702,1483.19177
2001-03-02,274.531677,945.561768,799.219482,1309.4137,1403.37,1787.82031,1575.77356
2001-03-03,201.618362,929.547913,977.304932,1523.4519,1519.57,1944.86475,1763.50342
2001-03-04,154.753922,821.461731,1087.49536,1632.07068,1477.70,2128.375,1957.98608
2001-03-05,124.66954,633.416626,1081.1886,1457.09827,1554.14,2473.99976,2104.60156
2001-03-06,108.544617,465.300964,970.21106,1166.11694,1751.78,2757.37231,2340.2937
2001-03-07,124.826134,358.177002,780.482544,940.243103,1769.24,2788.25537,2704.35791
2001-03-08,172.446671,321.428314,595.624634,826.499084,1542.14,2818.88794,2886.2627
2001-03-09,190.296219,307.760315,469.174957,780.924866,1259.98,2874.73975,2873.38013
2001-03-10,161.328476,318.154816,419.448456,794.908875,1053.23,2692.68604,2935.00854
2001-03-11,139.995728,351.845215,401.607269,913.083679,950.00,2299.16797,2930.00562
2001-03-12,151.007828,367.056519,405.872467,1038.15479,907.95,1916.60693,2659.97388
2001-03-13,145.015228,341.693817,433.731049,1041.64783,943.60,1674.39465,2247.91992
2001-03-14,113.217491,293.741974,453.069641,1016.29266,1083.15,1558.43323,1912.10718
2001-03-15,88.9214706,280.003326,433.600616,973.694336,1176.75,1529.07373,1729.14075
2001-03-16,70.4098282,271.862671,383.885986,880.598816,1163.99,1610.94458,1670.51257
2001-03-17,62.2397919,240.516785,360.950806,798.506104,1152.04,1787.9342,1714.89111
2001-03-18,69.5386963,207.201904,352.979828,724.94696,1103.68,1876.9032,1851.297
2001-03-19,86.8747253,179.866898,324.406982,666.55542,1023.10,1850.38184,1994.83948
2001-03-20,91.1713562,163.091629,288.022308,643.054382,944.44,1852.7356,2001.55896
2001-03-21,85.9254532,160.264679,258.231323,665.246704,854.15,1784.05579,1957.27612
2001-03-22,76.1158295,173.645538,237.855469,694.756836,787.08,1643.23315,1938.63281
2001-03-23,61.5565071,181.295578,230.734985,702.379211,764.04,1504.41479,1829.76379
2001-03-24,59.4873543,176.546814,240.697998,725.729431,785.84,1357.13635,1685.41187
2001-03-25,87.3509903,176.210678,250.259201,718.537354,800.71,1251.57471,1542.14697
2001-03-26,163.812866,200.336319,249.480148,663.119263,808.86,1214.13098,1402.6416
2001-03-27,282.001038,236.230667,253.573227,640.543823,829.16,1240.71313,1316.64697
2001-03-28,362.130707,270.179504,279.510956,726.500671,803.48,1258.94397,1302.13293
2001-03-29,373.693451,320.914581,320.412445,1098.7417,751.40,1267.46655,1333.54822
2001-03-30,327.988373,401.046082,360.624451,1608.62854,747.98,1300.93652,1341.53845
2001-03-31,251.201981,482.353638,409.449493,1826.19653,903.22,1309.94348,1359.65161
2001-04-01,230.833939,514.405212,485.166412,1745.20239,1446.63,1402.36243,1527.7998
2001-04-02,240.003189,492.3974,568.063599,1514.09009,1899.49,1435.90088,1521.19202
2001-04-03,237.18895,429.925079,613.214111,1261.03491,2014.15,1643.62549,1511.62866
2001-04-04,251.223587,403.215363,618.599426,1183.24451,1885.78,2171.48389,1581.40613
2001-04-05,246.889343,419.140808,570.649292,1268.90234,1650.80,2692.89404,1896.04041
2001-04-06,191.637329,401.26825,520.502808,1372.37817,1453.90,2850.48096,2478.47876
2001-04-07,130.278,373.297272,515.756897,1526.31848,1432.59,2726.60596,2890.16064
2001-04-08,96.0968323,352.995544,488.405731,1578.75525,1516.11,2458.74609,2936.61768
2001-04-09,91.7353134,299.21524,443.501038,1364.38025,1607.92,2271.67261,2749.55103
2001-04-10,136.793411,230.588776,416.731354,1103.10242,1750.49,2244.07617,2448.64331
2001-04-11,210.072311,204.549118,367.199036,937.635437,1657.62,2206.68433,2281.24561
2001-04-12,242.83342,211.243881,299.281952,872.467529,1367.68,2191.05151,2243.11499
2001-04-13,256.307251,244.99588,272.599762,943.925659,1134.17,2279.77832,2246.73804
2001-04-14,278.779144,311.922333,280.997284,1122.58081,998.27,2175.44043,2303.52979
2001-04-15,310.957275,372.384094,309.890594,1242.21411,974.55,1857.76904,2357.93066
2001-04-16,348.033783,432.016785,375.391388,1421.31372,1094.15,1618.02905,2158.96558
2001-04-17,358.155273,479.905487,451.450531,1818.75024,1282.24,1506.31592,1841.67236
2001-04-18,341.90152,505.773865,525.208801,2075.95581,1407.96,1526.63196,1648.56018
2001-04-19,298.789734,520.903748,585.006714,1943.54883,1661.40,1723.30103,1576.6864
2001-04-20,245.542007,520.265808,609.780334,1664.25256,2061.74,1994.59998,1654.50354
2001-04-21,216.377533,490.223358,611.153198,1462.22461,2185.88,2210.25244,1896.6416
2001-04-22,203.327179,425.73172,602.153503,1307.72119,1970.54,2520.95215,2151.13745
2001-04-23,183.478271,352.968384,567.568237,1199.17395,1705.18,2922.59888,2375.67017
2001-04-24,173.410248,298.875977,497.775055,1199.18799,1510.71,3028.46582,2740.09229
2001-04-25,152.251953,274.865936,415.625275,1180.98645,1351.42,2785.39014,3081.19775
2001-04-26,117.840195,250.167389,351.196167,1096.74756,1267.44,2464.47925,3052.12378
2001-04-27,131.698685,232.026611,320.046539,1022.48712,1270.99,2182.88257,2752.18408
2001-04-28,252.676239,216.725204,294.62204,935.153992,1224.57,1939.72876,2444.31274
2001-04-29,414.378632,212.974396,273.168304,858.13385,1137.21,1798.83118,2174.33569
2001-04-30,575.862427,313.802734,264.784698,891.460938,1061.58,1772.68506,1953.50037
2001-05-01,666.667053,537.216431,278.406403,1177.74573,1058.45,1912.8479,2112.98291
2001-05-02,629.980469,775.05957,404.431091,1722.80261,1006.19,1813.42896,2088.29736
2001-05-03,577.047607,942.241638,665.160156,2468.40234,1127.44,1745.22009,1997.07178
2001-05-04,515.316895,1022.07916,957.338196,2905.55273,1520.44,1709.9812,1923.63721
2001-05-05,453.529785,998.447754,1161.08838,2700.57959,2173.80,1789.0365,1803.64978
2001-05-06,456.565277,951.295898,1264.82812,2402.62231,2957.11,2259.50317,1783.09192
2001-05-07,604.469299,981.099182,1273.02368,2329.63599,3275.51,3046.62256,2075.97583
2001-05-08,818.743164,1018.29102,1257.21655,2519.95728,3055.21,3992.05542,2784.93506
2001-05-09,1006.79718,1064.0636,1348.94556,2937.36841,2912.03,4987.4707,3699.89038
2001-05-10,1224.48743,1309.72253,1459.06213,3376.78296,3168.24,5434.86816,4720.80225
2001-05-11,1702.07922,1973.28296,1598.81665,3955.92383,3833.26,5381.57471,5585.01318
2001-05-12,2394.03564,2818.36841,1984.83545,4421.39258,4652.71,5559.68896,5834.70459
2001-05-13,2698.29419,3345.44775,2764.10352,4830.68359,5615.53,6186.86133,5865.9873
2001-05-14,2431.69849,3731.66602,3852.32471,5855.04883,6744.46,7472.02832,6210.06787
2001-05-15,1925.63416,4244.69678,4812.44531,7365.44629,7263.63,9221.44727,7096.79297
2001-05-16,1379.14197,4418.52588,5237.8999,8570.9248,7630.29,11414.1514,8530.04102
2001-05-17,979.143311,3880.12866,5407.81543,8580.60547,8744.26,14117.04,10265.6357
2001-05-18,861.864929,3006.49268,5317.37891,7579.479,10068.53,15454.2393,12640.9297
2001-05-19,871.607849,2212.08691,4621.92236,6037.09717,10775.87,15755.0791,15032.1514
2001-05-20,906.296692,1660.90576,3670.49463,4420.28857,10282.79,16985.7871,15824.8994
2001-05-21,926.044128,1464.65637,2810.08813,3304.82471,9122.33,18255.541,16443.4121
2001-05-22,832.41748,1464.30408,2185.88916,2696.11426,7603.81,18023.6934,17946.9492
2001-05-23,724.923401,1443.36096,1904.9635,2472.14453,5981.08,16185.084,18775.668
2001-05-24,695.413879,1399.86487,1832.74634,2411.85962,4710.99,13856.7988,17880.9863
2001-05-25,720.698364,1300.17126,1766.84106,2387.82593,3862.01,11536.9521,15787.6807
2001-05-26,795.269348,1188.40417,1720.35718,2345.24023,3468.38,9496.33887,13419.4424
2001-05-27,845.922485,1189.99268,1661.16858,2343.67603,3365.10,7979.13184,11137.5586
2001-05-28,866.309998,1318.10925,1581.63269,2408.15527,3463.36,7020.0376,9289.03906
2001-05-29,930.544556,1531.13025,1664.71558,2624.98804,3708.61,6790.9917,7971.28564
2001-05-30,997.713013,1823.16553,1935.36365,3136.7937,3979.03,6979.34375,7428.86084
2001-05-31,1002.4126,2166.19678,2299.1521,3892.38501,4178.11,7428.69873,7715.68604
2001-06-01,1211.73291,2380.87329,2707.06763,4682.99316,4695.18,8315.99609,8417.97852
2001-06-02,1949.98926,2608.25024,3245.68579,5673.00439,5650.45,9551.74316,9330.78906
2001-06-03,2863.81885,3202.53247,3878.57422,8198.46191,6968.13,11240.6172,11267.8848
2001-06-04,3362.57178,4241.46777,4361.80957,12023.2842,8855.77,13404.165,13536.4746
2001-06-05,3545.67236,5759.88721,4969.16406,14492.5508,11961.27,15693.7842,15329.6807
2001-06-06,3990.42383,7406.17822,6034.05176,15935.2451,16264.13,17698.3281,17007.2324
2001-06-07,4560.18701,9023.6543,7572.88428,18313.4785,20179.16,19874.6328,18608.5918
2001-06-08,4789.87744,10948.0557,9584.21484,20735.4766,22337.08,23514.7129,20260.3145
2001-06-09,4368.75439,12156.8818,11747.125,21397.6211,24811.63,28862.5762,22502.7363
2001-06-10,3592.10449,12127.6611,13832.415,21126.5391,28753.32,34638.3867,26677.5645
2001-06-11,2928.17017,11860.0195,15258.4053,20965.7988,31248.32,38965.2891,32255.1914
2001-06-12,2404.34937,11310.6318,15428.0342,18987.9727,31278.78,42918.1719,37370.6094
2001-06-13,2224.57471,10473.2393,15109.7471,14998.5508,30237.24,47921.0977,41113.6094
2001-06-14,2192.93262,9686.83887,14521.1709,11257.2168,28760.23,50726.7812,45502.2422
2001-06-15,2053.41895,8870.39551,13345.0908,8958.21875,25150.13,50042.7734,50707.6328
2001-06-16,1863.09265,8112.1123,12159.1768,7781.42383,20338.51,48831.2891,52510.7188
2001-06-17,1817.58313,7557.82617,11185.6201,7040.26758,16361.93,46867.4727,51432.0547
2001-06-18,1862.97632,7105.32275,10369.373,6522.3457,13662.16,42674.2734,50691.1562
2001-06-19,1948.18213,6423.45312,9723.36426,6246.97266,11843.22,37249.6367,48324.0156
2001-06-20,2089.28125,5732.31592,9141.8457,6220.04785,10564.77,32425.5488,43022.4922
2001-06-21,2344.87036,5223.9248,8373.04688,6073.14746,9576.97,28274.2676,37306.0859
2001-06-22,3144.63745,4870.35596,7442.42285,5851.15967,8935.78,24631.3574,32425.4844
2001-06-23,3787.93726,4815.7334,6675.8208,6272.60889,8569.82,21795.6035,28065.4277
2001-06-24,3600.79785,5135.65088,6173.76953,7083.53711,8083.30,19236.4141,24442.2637
2001-06-25,3216.20776,6086.79443,6027.54297,7928.60986,7970.60,17417.8809,21593.4922
2001-06-26,2824.75806,7230.41064,6347.05713,9132.19141,8672.72,16164.5928,19150.6523
2001-06-27,2448.6709,7410.13037,7343.18994,10391.9346,9853.29,15205.0947,17535.9609
2001-06-28,2457.50269,6770.33936,8559.23633,10345.8633,11213.88,15127.0898,16332.5234
2001-06-29,2780.41138,6121.67041,8798.33984,8744.03711,12730.36,16556.7793,15591.9004
2001-06-30,3097.88306,5735.24609,8125.44678,7190.05029,13675.70,19294.0312,16249.6191
2001-07-01,3522.57178,6068.37842,7457.72266,6586.96484,12963.58,21976.6172,18828.9688
2001-07-02,4071.24658,7453.70947,7335.47803,7331.36035,11138.61,23745.4336,22615.9121
2001-07-03,4092.68335,9717.8877,8171.04492,8844.93652,9974.91,24477.2227,25368.3359
2001-07-04,3487.40112,11527.2461,10000.8818,10279.2236,10728.47,23497.8965,26549.8496
2001-07-05,2970.30151,11514.583,12493.4678,10756.3447,13076.87,21943.2148,26012.041
2001-07-06,2742.74243,10161.9893,14401.3438,9834.80273,14829.97,22121.8945,24152.6465
2001-07-07,2976.27783,8359.8877,14356.0107,9265.81738,15469.55,25171.8086,22766.7148
2001-07-08,3401.21484,7436.17334,12906.499,9417.64355,14851.14,30023.123,23741.5996
2001-07-09,3391.77222,7746.32617,11015.6328,8981.85938,13578.66,32686.3652,27742.3828
2001-07-10,3734.68384,8150.31055,9767.82422,8523.57715,13700.59,32229.8711,32235.3945
2001-07-11,4829.8252,8496.1416,9825.67773,8513.27832,13863.27,29909.5879,33692.1094
2001-07-12,5340.80469,8814.97461,10378.6992,8428.6543,13007.97,27094.2988,32565.7031
2001-07-13,4802.31689,9311.74121,10879.4561,8441.31543,12520.06,26767.3828,29896.5273
2001-07-14,4043.29785,10166.1074,11224.9736,8485.18555,12340.76,27586.0117,27663.5
2001-07-15,3471.70166,10581.3643,11646.0088,8540.7041,11865.31,27187.8555,27987.8184
2001-07-16,3279.00586,10356.2334,12335.0078,8460.26562,11537.07,27006.2207,28383.5273
2001-07-17,3275.53564,10306.2734,12695.3438,8259.38184,11357.53,27140.9648,27833.9902
2001-07-18,3083.92505,10324.9316,12547.9512,8229.90039,11406.70,26839.3926,27929.9863
2001-07-19,2791.91797,10051.6592,12501.7461,8147.82861,11570.64,26644.9121,28123.709
2001-07-20,2719.58667,9344.40332,12472.8848,7873.92236,11610.57,26314.1348,28161.9395
2001-07-21,3008.36719,8260.77734,12134.2559,7402.19678,11365.85,26183.2363,28096.4336
2001-07-22,3385.20947,7397.90576,11418.2959,7063.79102,10872.27,26568.4414,27751.6191
2001-07-23,3671.36157,7259.65234,10451.4502,7341.29443,10502.38,26969.9609,27945.2852
2001-07-24,3624.74097,7921.10352,9682.73828,8121.86279,10280.71,26960.9316,28837.0098
2001-07-25,3523.58911,8480.27051,9530.85352,9154.375,10546.07,26064.6191,29322.3691
2001-07-26,3919.36182,8397.75684,10197.249,10647.7129,11236.10,24614.1875,29004.3965
2001-07-27,4366.52441,7948.2002,10963.71,11826.9678,12111.43,23653.0664,27307.0215
2001-07-28,4486.7417,7570.58691,10910.9795,11356.7021,13223.09,23819.2852,25562.5879
2001-07-29,4521.58008,7867.36133,10198.1074,10049.8076,14425.08,25152.6582,24621.3555
2001-07-30,4842.75586,8530.98242,9452.27246,9402.54883,14697.97,26390.6309,25084.2344
2001-07-31,5350.72705,8925.71973,9371.39551,9920.80078,13513.41,26835.6035,26460.6172
2001-08-01,5508.79785,9136.30371,9856.92383,11389.6123,12294.65,26761.0996,27323.1309
2001-08-02,5526.72559,9513.25488,10295.4189,13849.084,12185.39,26264.3398,27669.4805
2001-08-03,5544.13037,10461.5596,10657.0996,17099.4453,13509.38,25718.7129,28018.4258
2001-08-04,5092.83984,11260.3066,11052.3525,18230.6953,15822.64,26024.3789,27990.5215
2001-08-05,4493.69922,11039.3623,11943.8154,17217.375,19230.49,27563.668,27685.0059
2001-08-06,4102.82959,10343.8232,12972.5664,16041.4316,22428.79,30187.5312,28084.082
2001-08-07,3650.66064,9486.80078,13052.6279,13916.4697,22485.80,33622.6367,29734.8125
2001-08-08,3260.64233,8561.76465,12482.1777,11606.1816,21120.31,38797.7617,32790.8594
2001-08-09,2979.34912,7872.4082,11678.2832,9929.5498,19546.47,43028.2656,37418.0547
2001-08-10,2726.47168,7165.66699,10676.2949,8603.08105,16891.33,42432.6367,43012.832
2001-08-11,2700.87061,6472.40674,10005.9883,7970.62061,14421.87,39666.5938,45363.5312
2001-08-12,2763.09644,6059.08057,9407.3877,7675.80176,12562.84,36249.6484,43118.8125
2001-08-13,2751.09912,5732.23047,8584.05859,7122.31689,11311.66,31941.8086,40122.8477
2001-08-14,2642.75635,5617.17676,8106.86084,6507.87988,10708.91,28924.1797,36921.4883
2001-08-15,2484.15869,6156.38623,7996.92725,6679.76123,10324.88,26795.6914,33340.8164
2001-08-16,2426.75391,6793.96387,8471.92676,7582.24902,9836.56,25038.7266,30426.8184
2001-08-17,2468.82178,6894.41455,9747.48926,8238.99316,9801.07,23968.4062,27836.3086
2001-08-18,2616.94653,6407.4165,10517.5957,8224.82129,10734.00,23146.2441,25795.1855
2001-08-19,2743.28247,5732.97461,10193.5771,7555.7793,11483.70,23091.6973,24439.6777
2001-08-20,2653.69482,5363.77393,9133.23828,6601.27344,11416.54,24044.1934,23546.8848
2001-08-21,2444.04053,5285.00391,7855.2998,5831.86182,10694.80,25265.3945,23769.2461
2001-08-22,2315.46094,5330.82227,7036.62646,5514.77539,9506.79,25108.2617,24924.3125
2001-08-23,2543.50293,5338.12842,6714.83447,5540.89795,8422.29,23098.0215,25819.1562
2001-08-24,3395.35693,5279.49854,6658.08789,5574.8623,7727.54,20380.8027,24924.2012
2001-08-25,4284.45654,5319.66016,6676.9541,5681.07129,7514.55,18143.8809,22482.3574
2001-08-26,4246.13721,5711.21289,6638.92432,6382.11719,7559.07,16672.5215,19918.459
2001-08-27,3731.32642,6545.3916,6642.97656,8146.25342,7519.06,16023.7451,17992.3223
2001-08-28,3407.59692,7808.94922,6974.81543,10359.0322,7675.03,15936.834,16832.5918
2001-08-29,3144.8103,8787.50879,7851.76367,11295.6182,8888.14,15926.1348,16437.0039
2001-08-30,2961.05713,8996.42773,9383.92188,10555.1162,11338.75,15879.5215,16417.7715
2001-08-31,2897.46021,8673.50586,10857.3008,9444.76367,13734.24,16541.748,16355.5918
2001-09-01,2978.53345,7955.68604,11517.6318,8912.44043,14203.74,18918.2012,16441.3789
2001-09-02,3177.30615,7110.47754,11226.9658,8972.78613,13117.56,23094.9609,17545.6133
2001-09-03,3725.07983,6596.12695,10238.2461,9186.60645,12005.41,26915.1094,20601.0391
2001-09-04,4256.97217,6634.15283,9087.57617,9467.86426,11505.34,28148.4004,24952.3867
2001-09-05,4356.66895,7080.17432,8340.8252,10398.2725,11691.84,26694.9473,28021.2637
2001-09-06,4207.4375,7773.19727,8326.86523,11356.1299,12127.51,24424.3789,28500.9199
2001-09-07,3925.1394,8415.9375,8791.29883,11367.6006,12697.04,22948.3594,26646.7949
2001-09-08,3800.26318,8741.45996,9501.81836,11017.9521,13751.67,22830.8379,24550.3965
2001-09-09,3685.73438,8663.99805,10261.3555,11025.4336,14413.98,23396.4043,23469.3066
2001-09-10,3941.11523,8119.18799,10625.79,11037.1533,14112.21,24288.8262,23642.9023
2001-09-11,4792.78467,7598.15625,10515.9971,10604.5586,13741.76,26045.8418,24287.8496
2001-09-12,5196.62988,7452.8042,10078.6406,10126.5625,13655.80,27477.5117,25512.623
2001-09-13,5205.67432,7700.87109,9593.76074,10421.5293,13623.50,27482.6055,27374.1348
2001-09-14,5249.60059,8425.69727,9390.35547,11694.8604,13418.44,26813.2617,28221.5938
2001-09-15,4878.59766,8733.08008,9502.77051,12573.8848,13306.77,26019.0703,27892.9648
2001-09-16,4093.58862,8443.47266,10024.0117,11880.8203,13778.09,25597.2363,27484.0078
2001-09-17,3503.54126,8315.61914,10421.8027,10326.1885,14673.73,25781.0781,27014.8398
2001-09-18,3385.43701,8216.22949,10249.75,9163.78125,14792.37,26261.1055,26738.0508
2001-09-19,3426.21362,7932.47363,10048.7568,8894.31836,13522.40,27124.3262,26879.4805
2001-09-20,3424.65991,7778.27783,9976.01758,9258.00488,12088.44,27795.2383,27372.498
2001-09-21,3349.23389,7992.97656,9701.00684,8948.27539,11427.19,27191.041,28217.7773
2001-09-22,3129.09204,8153.22852,9388.02148,8462.9375,11676.34,25531.5879,28413.4395
2001-09-23,3056.5144,7862.44727,9487.73828,8691.43555,11990.85,23916.7832,27357.0273
2001-09-24,3582.33423,7364.97852,9742.87012,8433.26465,11294.81,23153.6328,25678.3867
2001-09-25,4059.88916,7128.69922,9719.81348,7792.80811,10844.32,23648.8145,24319.7168
2001-09-26,3906.64062,7110.59814,9407.45117,7856.18359,11005.81,24530.5098,23970.3359
2001-09-27,3561.65845,7270.6582,9093.79102,8994.13867,10547.60,24303.6484,25017.5508
2001-09-28,3473.16235,7463.01709,8945.30371,9854.54102,9985.30,23836.0801,25844.6348
2001-09-29,3464.93115,7265.31982,8969.0918,9432.80762,10357.73,23734.082,25365.5254
2001-09-30,3231.30396,6895.97119,9148.17285,8584.99805,11574.26,23158.3301,24918.998
2001-10-01,3086.89526,6712.11133,9016.84082,7940.2749,12081.81,22302.1465,24409.7871
2001-10-02,3047.55078,6608.79004,8566.96191,7341.28223,11334.46,22406.1504,23448.873
2001-10-03,3213.52905,6389.55859,8372.05078,6822.67822,10430.12,23327.2715,22689.123
2001-10-04,3848.07104,6241.39502,8649.3418,6968.63379,9755.48,23244.9707,23123.3535
2001-10-05,4541.87402,6615.63037,9009.4834,8002.33154,9407.17,22024.1973,23854.4316
2001-10-06,4639.18799,7702.37939,9015.3877,9778.10938,9856.57,21332.4727,23313.8711
2001-10-07,4096.01953,8619.28613,9074.36719,11120.585,11172.36,21569.3242,22088.4609
2001-10-08,3344.03198,8790.62109,9708.00293,11192.6924,12731.34,21749.9844,21717.1738
2001-10-09,2648.62988,8341.86816,10345.8105,10463.1602,14156.73,22167.3145,22049.2754
2001-10-10,2223.57593,7400.91309,10468.8428,9117.83984,14528.61,23952.3945,22343.9355
2001-10-11,2109.39844,6520.96875,10125.1318,7505.28955,13838.51,26697.9863,23829.8594
2001-10-12,2227.44458,5890.3125,9307.7002,6272.22998,12740.92,28845.5703,26827.5332
2001-10-13,2323.37891,5435.56396,8499.58301,5847.59912,11296.12,29169.6074,29540.4746
2001-10-14,2188.05029,5108.45312,7926.53613,5956.80078,9860.17,27822.5352,30703.25
2001-10-15,2035.76233,4951.01807,7368.76221,5852.1665,8658.54,25490.8555,29939.7148
2001-10-16,2127.15649,5004.33838,6966.16943,5402.64941,8098.39,22937.918,27776.9336
2001-10-17,2266.43042,5032.72656,6779.02539,4848.50146,7954.77,20718.209,25080.5762
2001-10-18,2193.9043,4917.03369,6760.85693,4393.67334,7690.92,18746.0332,22670.9961
2001-10-19,2055.19067,4903.48975,6794.9165,4212.00537,7226.49,17491.9023,20798.377
2001-10-20,2210.01807,5085.06982,6655.91943,4383.10547,6680.55,16961.6211,19123.9043
2001-10-21,2442.14307,5093.12256,6547.73877,4584.39551,6356.38,16651.8535,18039.7598
2001-10-22,2274.01782,4853.85059,6665.03027,4526.64209,6471.42,16149.4199,17436.4102
2001-10-23,1931.65601,4673.40674,6632.18652,4484.51709,6775.72,15369.4521,16904.9766
2001-10-24,1672.07678,4611.22607,6300.21045,4542.85547,6738.18,14942.1084,16203.2666
2001-10-25,1482.11743,4311.78223,5954.84961,4371.66748,6428.37,15183.8291,15393.1719
2001-10-26,1375.44189,3783.15088,5762.42725,3983.90527,6268.00,15349.5439,15236.6729
2001-10-27,1313.13745,3353.28979,5437.37207,3720.71069,6186.00,14828.5293,15662.3105
2001-10-28,1270.42834,3069.07568,4956.74121,3630.84302,5918.03,14149.2383,15782.4229
2001-10-29,1242.36365,2942.01611,4726.76855,3664.12671,5692.60,13806.8486,15303.5293
2001-10-30,1232.85986,2958.41431,4695.76025,3763.29785,5833.54,13627.5791,14819.0908
2001-10-31,1267.59216,3099.92896,4696.70312,3954.59521,6232.91,13636.7861,14568.5381
2001-11-01,1417.08923,3399.17529,4797.16943,4316.94824,6685.76,14229.7334,14415.1885
2001-11-02,1622.52063,3711.64526,5022.10205,4769.75635,7150.42,15165.9814,14768.0332
2001-11-03,1688.97998,3914.80347,5292.3291,5306.00684,7571.38,16026.1641,15692.5195
2001-11-04,1538.4325,4041.69653,5532.10693,5730.90527,8013.10,16887.8164,16571.3125
2001-11-05,1315.77979,3987.34106,5613.31982,5669.91016,8489.93,17415.9902,17236.7539
2001-11-06,1145.63342,3711.87061,5528.93213,5189.93066,8742.90,17673.8223,17817.9746
2001-11-07,1031.87744,3302.51123,5321.14941,4518.3623,8662.42,17881.6348,18001.9551
2001-11-08,1001.91101,2961.12207,4973.12451,3814.4917,8168.98,17718.8613,18163.4434
2001-11-09,1099.9314,2869.62891,4569.86865,3290.37427,7439.16,17060.2891,18217.4902
2001-11-10,1249.95312,3117.81567,4266.77197,3057.37207,6647.94,16097.3057,17847.5195
2001-11-11,1266.13342,3565.49243,4198.51074,3238.64185,5854.17,14801.4385,17072.0703
2001-11-12,1170.2262,3864.62964,4425.90625,3731.95459,5293.69,13449.8135,15973.04
2001-11-13,1079.82825,3920.00024,4862.78516,3960.92041,5076.46,12353.7734,14602.4775
2001-11-14,1016.62396,3705.41602,5202.89941,3730.573,5240.31,11543.0908,13297.8682
2001-11-15,953.189819,3295.67212,5282.32373,3359.13892,5563.55,11203.9561,12282.1904
2001-11-16,877.359436,2916.94312,5066.21045,3031.68872,5551.23,11282.9863,11609.8555
2001-11-17,819.121948,2628.47974,4574.06885,2758.46704,5151.80,11524.0801,11429.0117
2001-11-18,786.163025,2404.45264,4045.46729,2551.67847,4671.56,11725.6738,11581.5898
2001-11-19,770.549255,2232.41968,3635.50293,2415.94263,4252.74,11348.6914,11826.0361
2001-11-20,748.133972,2106.0376,3334.78882,2326.01685,3899.44,10323.6553,11881.7275
2001-11-21,718.831726,2016.62317,3119.28271,2272.57031,3640.24,9283.36816,11258.1113
2001-11-22,695.414917,1955.75049,2964.30493,2230.78418,3476.28,8518.91211,10194.7637
2001-11-23,681.684326,1903.24707,2856.75024,2194.32739,3366.06,7887.07861,9279.31055
2001-11-24,673.434448,1844.94617,2782.21997,2157.76904,3291.46,7402.80664,8556.68555
2001-11-25,676.524292,1797.82861,2711.33325,2112.17847,3228.88,7078.32666,7941.98535
2001-11-26,678.661438,1764.25488,2629.16211,2071.58936,3172.53,6857.29541,7495.26953
2001-11-27,654.260559,1736.7959,2556.86182,2033.29187,3113.11,6696.45898,7196.46484
2001-11-28,621.59613,1716.10779,2503.46289,1997.86414,3049.93,6542.68213,6994.17139
2001-11-29,594.260376,1697.42407,2460.91748,1969.43958,2995.03,6380.99121,6839.14746
2001-11-30,575.642822,1657.96423,2425.52515,1945.93665,2941.50,6250.15869,6677.28467
2001-12-01,563.048035,1601.97388,2394.89551,1917.74292,2893.04,6133.59229,6497.5083
2001-12-02,549.493164,1551.49792,2347.32568,1882.43994,2852.37,6034.91504,6370.3374
2001-12-03,535.416443,1509.85181,2279.89331,1847.32996,2814.30,5945.90186,6260.53613
2001-12-04,521.7052,1476.87952,2214.79443,1815.5166,2769.61,5861.84863,6163.31689
2001-12-05,508.673523,1445.31311,2158.68848,1787.46448,2720.38,5763.96582,6077.10156
2001-12-06,495.494598,1412.60596,2112.35864,1762.26282,2673.01,5655.64258,5982.51562
2001-12-07,483.366547,1380.54236,2069.01392,1737.47168,2629.45,5538.2373,5878.72266
2001-12-08,472.332703,1349.51672,2024.71533,1711.55066,2589.79,5432.5498,5768.86816
2001-12-09,461.772491,1319.26562,1980.92053,1685.51025,2552.47,5339.51123,5649.70703
2001-12-10,451.636078,1289.88623,1938.34338,1659.77979,2515.20,5251.18506,5549.75635
2001-12-11,441.96463,1262.06555,1896.8175,1634.8324,2477.14,5166.04346,5458.3833
2001-12-12,433.059174,1235.12134,1856.17834,1610.90259,2439.40,5084.13721,5370.50049
2001-12-13,423.662354,1208.89514,1817.23413,1587.83459,2402.36,5003.52246,5286.04395
2001-12-14,413.671112,1183.38745,1779.49268,1565.31519,2366.42,4923.05078,5204.26904
2001-12-15,404.118591,1158.92822,1742.61829,1543.11304,2331.70,4844.16504,5123.24902
2001-12-16,394.881439,1134.77405,1706.67163,1521.16589,2297.98,4771.0332,5042.81689
2001-12-17,386.032257,1110.23718,1671.84778,1499.50464,2264.93,4704.69385,4966.30371
2001-12-18,377.484375,1086.02979,1637.77234,1478.2168,2232.34,4634.01709,4898.47119
2001-12-19,369.161285,1062.49609,1603.5177,1457.28442,2200.21,4559.93457,4833.25928
2001-12-20,361.0159,1039.59021,1569.55078,1436.6687,2168.55,4493.92432,4760.99463
2001-12-21,353.13736,1017.30493,1536.48926,1416.43445,2137.53,4431.46191,4687.81055
2001-12-22,348.182556,995.548218,1504.24219,1396.50488,2107.02,4368.8877,4622.9624
2001-12-23,353.660553,974.434021,1472.87366,1376.85779,2076.95,4303.84082,4561.18848
2001-12-24,357.157593,955.572937,1442.35559,1358.59473,1991.85,4236.45361,4499.83252
2001-12-25,345.104218,942.42926,1413.02905,1344.63977,1961.08,4169.89844,4437.08984
2001-12-26,329.241455,934.30603,1385.35596,1332.14917,1932.14,4107.32764,4370.2085
2001-12-27,315.897369,925.284424,1362.66602,1315.20483,1905.65,3991.50513,4303.9668
2001-12-28,304.861145,904.193176,1345.24219,1294.51331,1883.49,3930.40161,4222.3042
2001-12-29,296.443298,874.390564,1329.51282,1272.43689,1860.62,3820.98193,4119.01562
2001-12-30,289.481567,847.495911,1303.09839,1250.92712,1833.00,3689.18311,4059.11743
2001-12-31,283.259705,823.862549,1265.44739,1231.20471,1773.70,3749.52661,3967.39868
2002-01-01,277.518188,803.592346,1229.96582,1212.8158,1743.51,3708.79565,3920.69263
2002-01-02,271.585663,785.549866,1198.62524,1195.54639,1716.87,3661.87939,3892.58667
2002-01-03,264.848907,768.836426,1171.25354,1179.797,1715.28,3618.12524,3870.94922
2002-01-04,258.415741,752.888489,1146.17444,1164.40405,1689.29,3551.40625,3808.30396
2002-01-05,253.331299,736.874329,1122.17078,1149.83044,1665.34,3487.81665,3738.07666
2002-01-06,248.01033,720.416809,1099,1142.13245,1643.47,3362.26245,3639.30054
2002-01-07,242.056305,704.062866,1075.69092,1139.64136,1621.51,3235.51147,3465.18628
2002-01-08,241.081665,689.37793,1052.27808,1127.97742,1600.82,3189.33862,3406.6936
2002-01-09,267.127777,681.249329,1033.32178,1111.302,1588.28,3148.302,3356.24487
2002-01-10,332.066437,691.585876,1033.57178,1121.38171,1581.47,3112.44653,3315.96533
2002-01-11,386.513611,710.336731,1058.53467,1185.9574,1577.04,3082.96436,3291.24927
2002-01-12,393.907166,735.878906,1094.60242,1313.44556,1601.41,3071.64526,3270.01465
2002-01-13,349.911896,781.709229,1115.40295,1431.59058,1669.13,3091.49927,3241.61206
2002-01-14,287.695618,814.918396,1112.23279,1457.81628,1774.21,3128.31519,3231.64966
2002-01-15,245.609955,809.747009,1113.87036,1409.75696,1904.58,3214.12622,3250.73267
2002-01-16,218.749496,757.601929,1120.13062,1314.04016,1974.89,3346.47046,3291.83936
2002-01-17,205.546539,679.103699,1102.36426,1200.4436,1948.57,3494.20337,3389.93652
2002-01-18,202.409164,616.71521,1045.68713,1105.96716,1868.12,3612.2522,3529.73926
2002-01-19,222.904373,575.723999,962.183777,1035.5083,1743.99,3605.96045,3672.6394
2002-01-20,261.935364,551.279968,889.310669,989.568298,1604.48,3488.57886,3756.02368
2002-01-21,278.991882,539.512878,839.362549,964.595581,1485.28,3299.50244,3709.36353
2002-01-22,261.460205,546.329956,805.586182,960.187317,1398.87,3069.81348,3564.98291
2002-01-23,231.359924,575.748474,785.488281,1006.32727,1343.26,2857.4585,3356.40332
2002-01-24,223.102798,602.589111,783.275696,1117.07568,1312.27,2689.32666,3127.22217
2002-01-25,276.340363,602.181091,809.856995,1245.5719,1310.53,2571.30811,2927.24463
2002-01-26,350.711853,574.498352,845.777527,1310.17603,1373.34,2496.65039,2775.86035
2002-01-27,379.971527,553.600525,854.586121,1352.90222,1493.13,2468.99805,2672.61426
2002-01-28,337.619629,587.118591,825.41687,1486.28369,1606.28,2500.02026,2614.13794
2002-01-29,265.000122,644.793457,789.079529,1642.97656,1642.54,2594.8064,2611.43359
2002-01-30,232.496567,674.530884,801.24646,1640.96362,1702.34,2713.95679,2667.95459
2002-01-31,265.852509,647.347534,848.927246,1451.45361,1851.91,2789.49268,2773.99561
2002-02-01,311.726624,596.728271,878.935181,1234.91333,1953.45,2899.44336,2975.02808
2002-02-02,295.244476,598.114197,858.531555,1102.96387,1889.59,2853.69409,2893.54199
2002-02-03,244.490433,650.976013,804.493225,1090.71619,1671.61,3043.85107,2908.32788
2002-02-04,196.731461,679.708679,791.460022,1150.13806,1478.51,3176.13013,3035.04688
2002-02-05,162.018799,633.59668,837.854248,1148.90271,1370.87,3077.05981,3228.43188
2002-02-06,141.840988,547.718994,870.133118,1070.12292,1383.36,2814.12207,3289.92188
2002-02-07,132.209259,466.100098,830.997314,980.649536,1427.25,2629.24121,3116.06128
2002-02-08,128.474976,409.073975,743.25177,906.31842,1388.28,2572.32495,2867.23608
2002-02-09,126.314629,375.300201,654.034851,855.078857,1308.71,2603.75854,2736.96582
2002-02-10,125.886047,356.986969,588.434265,828.237915,1220.92,2583.41553,2708.20923
2002-02-11,122.523254,346.89389,547.493958,815.828308,1147.48,2451.82568,2729.92676
2002-02-12,116.593735,338.808075,523.732483,805.350159,1098.14,2277.40527,2672.53784
2002-02-13,112.604996,331.617371,509.326233,793.963867,1072.07,2132.27588,2518.33228
2002-02-14,114.99939,325.516083,498.033081,781.624878,1055.85,2023.56958,2349.354
2002-02-15,131.451401,327.729004,487.701202,771.164001,1041.02,1952.43701,2212.78296
2002-02-16,136.413727,340.301422,481.936523,769.591248,1025.43,1912.03528,2116.01416
2002-02-17,124.749397,350.021942,484.564911,786.926514,1009.58,1883.09497,2056.26392
2002-02-18,116.843193,364.995148,494.782928,827.878906,998.46,1857.23682,2021.43372
2002-02-19,110.518379,361.811096,501.234039,863.43866,998.71,1837.26758,1993.1626
2002-02-20,120.369904,331.009186,509.739777,851.336121,1021.01,1828.33435,1970.09082
2002-02-21,202.942093,305.960358,505.440247,814.83905,1062.07,1826.78491,1952.49829
2002-02-22,339.578064,291.486664,473.561432,793.766907,1081.22,1831.35681,1944.81287
2002-02-23,383.905182,310.032593,442.557648,824.070129,1054.29,1858.8313,1944.22668
2002-02-24,334.294403,393.786285,423.035034,954.920532,1020.71,1884.75232,1953.70117
2002-02-25,254.860168,522.787659,430.171265,1115.31885,1006.53,1866.91016,1982.14185
2002-02-26,173.719208,577.8479,500.460541,1191.4657,1061.71,1812.58167,1996.89795
2002-02-27,130.946762,536.274353,623.521057,1126.54749,1205.83,1763.32202,1963.15955
2002-02-28,128.67543,450.986176,693.990723,978.659607,1346.48,1772.91931,1904.51514
2002-03-01,188.391113,355.041901,666.782532,847.752197,1367.56,2054.29736,2021.54065
2002-03-02,215.620804,299.074677,582.605896,778.058044,1269.99,2163.5835,1918.22888
2002-03-03,180.818588,275.759552,483.522522,973.112183,1122.59,2342.34692,2115.01538
2002-03-04,150.776016,308.843597,417.446564,1577.64026,997.13,2320.27734,2369.50269
2002-03-05,137.815598,353.29425,385.966492,1806.12903,965.76,2134.04517,2487.39038
2002-03-06,166.91507,336.669189,405.213043,1499.46851,1321.01,1893.21582,2400.21069
2002-03-07,203.128479,303.045502,453.507935,1243.32178,1878.53,1713.83179,2182.93018
2002-03-08,212.271484,286.64093,446.444885,1088.72791,1894.28,1663.28394,1949.94116
2002-03-09,194.609253,300.838745,408.897369,1214.7146,1568.92,2048.89038,1783.87415
2002-03-10,161.676559,332.834839,388.751709,1420.7406,1337.64,2632.521,1835.26367
2002-03-11,132.043915,346.68042,393.159241,1422.29578,1251.61,2631.04883,2380.00171
2002-03-12,117.570297,331.422302,422.569336,1305.02734,1442.84,2278.66553,2816.93555
2002-03-13,125.788727,295.611694,440.174072,1158.49182,1601.97,2029.99207,2616.07373
2002-03-14,146.240417,263.674072,427.181671,1000.86603,1549.47,1960.15796,2291.95386
2002-03-15,143.641479,256.189056,392.666504,884.298035,1426.75,2175.87842,2082.20947
2002-03-16,124.03933,265.970184,360.362274,849.673889,1271.64,2343.04492,2117.66187
2002-03-17,119.412895,279.680267,351.772308,846.380188,1117.96,2272.28027,2359.60596
2002-03-18,133.265427,276.871399,359.434845,848.433411,1021.55,2110.50391,2445.83154
2002-03-19,166.775543,250.080383,369.168823,847.215454,994.24,1929.24426,2325.48291
2002-03-20,164.794525,229.575699,365.84967,872.801147,987.97,1775.33582,2154.50562
2002-03-21,126.123085,228.06369,338.534637,991.289917,986.14,1690.4375,1981.14075
2002-03-22,97.8037949,252.521439,311.813019,1144.30835,983.99,1668.47021,1844.05066
2002-03-23,76.9467468,265.665741,304.500916,1154.72119,1031.71,1652.97046,1783.15588
2002-03-24,69.5884094,235.068497,322.863892,1022.30988,1172.01,1629.06165,1767.57153
2002-03-25,104.783203,205.519775,341.826263,878.339905,1293.53,1613.58496,1749.16418
2002-03-26,201.315765,214.404938,320.463531,797.58136,1249.39,1661.83679,1725.28931
2002-03-27,320.297089,247.002243,307.849701,869.713318,1107.13,1824.43018,1722.56677
2002-03-28,408.984161,303.778778,339.748993,1160.03455,1006.22,1951.74744,1810.50085
2002-03-29,421.210327,416.162445,396.970886,1460.01965,991.24,1893.48169,1984.88696
2002-03-30,409.663818,525.133911,481.002197,1626.29395,1137.01,1763.7323,2052.44946
2002-03-31,452.564545,611.60437,602.640564,1725.7572,1449.73,1708.85132,1950.43872
2002-04-01,448.690948,665.467468,720.40509,1665.41858,1795.82,2029.61121,2147.25244
2002-04-02,364.440887,670.196716,795.841736,1547.9248,1964.42,2277.08862,2115.85205
2002-04-03,297.46756,748.971191,823.101196,1571.71252,2053.82,2720.05371,2214.70459
2002-04-04,291.959808,809.456848,807.110352,1600.18628,1944.13,3059.90576,2521.16626
2002-04-05,330.415588,729.604919,865.787109,1503.79199,1847.05,3278.32227,2966.28589
2002-04-06,346.072144,633.664368,959.759888,1374.15039,1877.03,3377.06323,3268.31763
2002-04-07,287.199921,572.260498,936.211609,1302.14832,1853.26,3243.14453,3389.38745
2002-04-08,201.706375,540.726746,838.880371,1255.03259,1722.94,3126.54175,3361.46484
2002-04-09,167.739731,519.648193,737.496643,1207.29675,1595.84,3208.75586,3243.90747
2002-04-10,245.466797,447.215546,665.108154,1126.27295,1523.48,3100.20801,3258.74072
2002-04-11,385.130371,359.704132,620.743774,1005.64209,1455.22,2845.78271,3285.7168
2002-04-12,487.705353,366.856934,557.993958,962.245117,1333.28,2534.00732,3043.06543
2002-04-13,547.998108,482.377869,509.274323,1020.3988,1239.47,2400.47803,2776.02637
2002-04-14,542.425232,611.197754,550.72406,1216.99731,1145.61,2324.09229,2582.73145
2002-04-15,457.110962,721.321533,677.781006,1738.9126,1162.33,2232.54272,2484.53638
2002-04-16,341.466034,801.113708,800.096497,2161.04614,1277.17,2131.54614,2411.57373
2002-04-17,274.942108,783.434692,870.159363,2124.59155,1604.20,2142.35718,2306.58081
2002-04-18,302.499146,691.203125,909.85437,1894.46252,2163.29,2333.64648,2221.85815
2002-04-19,410.320435,604.382935,888.774841,1606.87256,2424.65,2559.26953,2294.64551
2002-04-20,595.083618,543.65271,798.612,1414.25378,2273.79,2926.85742,2503.84839
2002-04-21,903.775269,549.182617,701.93103,1454.40735,2004.87,3502.16138,2751.20361
2002-04-22,1132.15686,629.102783,634.358215,1671.75476,1717.71,3688.17334,3223.56543
2002-04-23,1040.99072,784.042603,633.8479,2135.42896,1600.71,3413.99341,3731.19702
2002-04-24,849.359558,1076.30762,703.05188,3512.53955,1732.60,3063.47754,3744.52124
2002-04-25,721.5625,1403.27698,845.831543,5286.8501,2029.32,2785.67236,3421.99438
2002-04-26,635.013489,1425.93091,1123.90759,5620.73291,2746.91,2798.46045,3079.9834
2002-04-27,570.689209,1233.10046,1491.80237,4558.12012,4466.79,3074.88306,2884.18506
2002-04-28,514.064453,1114.48035,1603.39417,3400.17749,5956.49,3581.8103,2998.69434
2002-04-29,474.54895,1060.27502,1414.20984,2650.57422,5671.61,4733.83594,3327.43579
2002-04-30,454.660797,990.422241,1239.672,2208.90625,4449.73,6829.56689,3966.46265
2002-05-01,488.714722,906.330933,1153.92285,1899.28381,3454.94,8573.02148,5844.15674
2002-05-02,607.263123,846.002441,1074.24976,1687.38818,2801.94,7961.96338,7946.00049
2002-05-03,780.345581,834.014587,995.027344,1563.95007,2401.23,6505.26758,8689.08691
2002-05-04,956.804382,922.282227,956.11084,1576.41113,2105.99,5276.30811,7615.19385
2002-05-05,1074.59863,1087.32227,956.531006,1745.6322,1927.35,4505.42773,6170.09814
2002-05-06,1103.74988,1330.91699,1058.37524,2033.19458,1839.82,4033.74243,5097.65625
2002-05-07,1203.78699,1607.69104,1257.28918,2294.90967,1908.38,3637.10767,4366.76221
2002-05-08,1382.88159,1790.78125,1515.25464,2505.22192,2125.40,3484.96533,3941.53052
2002-05-09,1364.46899,1841.92529,1797.49866,2812.99365,2480.81,3579.69287,3681.28833
2002-05-10,1098.00513,1880.33789,2007.67236,3202.20557,2831.96,3976.37915,3639.04053
2002-05-11,849.107727,1935.40979,2125.30005,3557.948,3144.50,4587.23633,3850.33813
2002-05-12,867.462036,1876.55127,2250.75293,3790.04565,3516.98,5295.8501,4339.625
2002-05-13,1279.71277,1677.66577,2331.74683,3778.50562,3905.37,5834.32178,5016.08643
2002-05-14,1786.00256,1533.19495,2250.73926,3800.42041,4303.81,6266.16748,5711.36865
2002-05-15,1727.10449,1558.64429,2046.66077,4324.06348,4628.10,6831.41064,6293.53564
2002-05-16,1386.25684,1859.17163,1894.55322,5400.09619,4683.02,7337.67627,6900.86572
2002-05-17,1203.27869,2461.33154,1934.00342,7328.74658,4902.81,7698.771,7569.7998
2002-05-18,953.165039,2679.44458,2267.25513,9037.96973,5696.86,8243.84766,8225.50879
2002-05-19,772.586121,2383.82227,2965.67456,8736.03125,7325.40,9083.88184,9320.29492
2002-05-20,765.056824,2115.51978,3391.04199,7034.47217,9651.88,10314.4326,11057.8926
2002-05-21,822.280579,1864.35144,3129.25562,5397.69824,10722.95,12169.3701,12904.6719
2002-05-22,890.901001,1705.77039,2846.03052,4325.2666,9660.11,14724.3125,14573.6621
2002-05-23,1056.12976,1796.11597,2749.41479,3801.646,7933.70,17074.0312,15994.0469
2002-05-24,1264.90015,2049.35913,2671.28931,3919.29053,6473.40,17668.6621,17781.373
2002-05-25,1289.005,2385.00635,2950.04126,4460.92871,5533.03,16486.9785,19081.2617
2002-05-26,1163.18738,2666.21655,3573.36401,4737.53711,5333.08,14486.9482,18462.4551
2002-05-27,1105.15784,2846.41699,4092.80029,4694.76953,5901.03,12626.3203,16580.7578
2002-05-28,1293.7395,2902.92188,4260.58398,4415.37158,6563.46,11728.2568,14345.8838
2002-05-29,1591.95203,2791.97461,4216.05664,4067.60059,6620.75,11851.6162,12756.0303
2002-05-30,1618.83228,2614.23804,4085.63867,4083.25171,6386.22,12693.2812,12303.8906
2002-05-31,1380.17761,2558.12231,3866.2439,4254.66064,6020.96,13217.9004,12675.0996
2002-06-01,1120.02209,2669.81445,3587.97827,4432.97705,5736.73,12880.9639,13445.8096
2002-06-02,948.479614,2654.8396,3378.83838,4446.94043,5712.88,12297.5928,13677.376
2002-06-03,867.953369,2353.15796,3376.42896,4219.19385,5712.99,11575.248,13316.4951
2002-06-04,847.394531,1947.43225,3320.2356,4009.50317,5736.48,10872.0322,12732.125
2002-06-05,963.53363,1672.09766,2981.06519,3760.30371,5594.80,10456.4316,11912.0322
2002-06-06,1113.23828,1680.83008,2558.54395,3459.47217,5368.55,10313.625,11329.2666
2002-06-07,1268.28467,1939.52979,2311.17114,3420.24976,5200.19,10461.5635,11150.7598
2002-06-08,1361.8645,2191.77173,2360.35645,3728.26245,4914.05,10438.0996,11311.6689
2002-06-09,1281.80884,2449.32227,2781.44067,4314.55615,4751.40,10236.3027,11454.4443
2002-06-10,1155.00732,2682.60425,3290.81787,5081.81445,5085.49,10050.3545,11359.6816
2002-06-11,1097.26941,2757.16211,3674.89673,5571.26562,5638.17,9986.38379,11218.8828
2002-06-12,1423.56641,2818.29932,4000.8689,5323.79688,6449.39,10286.9941,11017.4014
2002-06-13,2177.67163,3085.20947,4408.48682,4679.82812,7530.98,10968.5059,10970.5293
2002-06-14,2824.48462,3442.32324,4837.31201,4498.64697,8050.91,11916.7764,11429.9082
2002-06-15,3178.88208,4101.36426,5113.13721,5299.93115,7713.56,13499.8135,12349.084
2002-06-16,3410.52466,5358.23096,5256.52686,7028.98975,7150.52,15360,13500.2354
2002-06-17,3509.05176,6423.55176,5686.93506,8607.30957,7163.08,16270.918,15150.8906
2002-06-18,3475.69141,6765.54541,6770.2041,9859.63281,8108.38,15968.0498,16696.1816
2002-06-19,3221.50439,6936.07617,7837.78027,11491.0293,9717.16,15229.9453,17179.6719
2002-06-20,2866.64331,7246.99023,8244.71484,13285.3477,11146.67,15446.7207,16684.334
2002-06-21,2658.58887,7714.2749,8380.29199,14224.8125,12547.86,17307.5723,16239.8789
2002-06-22,2847.05713,8095.44434,8701.44531,13541.5742,14497.37,19736.6562,17067.4355
2002-06-23,4008.22681,7913.94043,9225.47754,11630.3193,16445.86,21489.8633,19275.7324
2002-06-24,5244.07959,7613.97363,9626.87109,9500.26953,17023.40,23288.4844,21696.5664
2002-06-25,5036.89551,7623.14307,9457.14648,8074.56592,15772.20,25886.0273,23914.1875
2002-06-26,4089.8479,8142.17627,9041.19336,7781.5625,13582.76,28304.8652,26269
2002-06-27,3382.35156,8879.07617,8847.1543,8812.55566,11447.45,28836.1719,28607.0938
2002-06-28,2952.22559,8517.18555,9149.4082,9684.66406,10133.41,26915.2441,30189.5684
2002-06-29,2717.86011,7307.38184,9839.29199,9450.85352,10071.12,24079.2246,29444.7559
2002-06-30,2581.44629,6357.83252,9643.61328,8899.08984,11130.91,21787.4648,26687.7852
2002-07-01,2632.21069,5835.66553,8430.12207,7961.08496,11547.34,21033.3359,23863.7754
2002-07-02,2949.71533,6028.27051,7386.08203,7472.40381,11106.72,21481.5645,21965.1211
2002-07-03,3279.05322,7186.11523,6908.57959,8598.9375,10514.55,22028.6641,21924.0879
2002-07-04,3451.67529,8127.87207,7204.08789,10000.8896,9848.85,21508.8555,23151.168
2002-07-05,3830.18848,8364.61523,8506.78613,10339.5078,10060.94,20292.4375,23544.5703
2002-07-06,4407.40723,8420.18262,9691.07129,10187.499,11504.23,19369.8281,22417.584
2002-07-07,4463.29688,8362.86621,9982.0752,10381.0186,12714.01,19192.8965,21042.3633
2002-07-08,4222.28027,8716.83301,9863.19824,11300.4727,12929.79,20609.084,20089.7324
2002-07-09,4376.95703,9487.54492,9589.44922,12021.8291,12834.61,22775.6348,20273.2871
2002-07-10,4672.48877,9907.21289,9678.59473,11607.4229,13178.22,23995.0293,22145.9629
2002-07-11,4679.03564,9859.40332,10370.875,11027.8242,14144.47,24144.5508,24285.5
2002-07-12,4400.00977,10204.5732,11004.0547,11090.2236,14493.04,23952.1191,25284.5996
2002-07-13,4270.15576,11009.4023,11203.8906,11159.542,14073.56,24676.0293,25200.791
2002-07-14,4020.72485,11423.4551,11709.2373,11283.249,14114.35,26650.2949,25259.3867
2002-07-15,3514,11306.6191,12827.8018,11596.5928,14537.10,27942.0957,26604.6211
2002-07-16,3074.56494,11085.9854,13576.5537,11016.2666,14652.07,28132.3438,28454.0586
2002-07-17,2717.10474,10510.3037,13628.0869,9602.42676,14991.41,29034.8398,29029.8711
2002-07-18,2637.9397,9603.94141,13507.8438,8334.11035,15125.27,30729.9395,29024.2559
2002-07-19,2801.23096,8698.68066,13033.3359,7456.09961,14052.34,31732.0039,30251.084
2002-07-20,3144.09497,7765.71143,12037.7705,6822.29639,12495.46,32131.6445,31899.7402
2002-07-21,3816.42554,7183.53076,10823.457,6323.70947,11159.93,31980.8008,32648.1777
2002-07-22,5261.46484,7304.92188,9637.87402,6172.01758,10047.41,30269.4492,33016.7891
2002-07-23,7464.15527,7967.23438,8829.74609,6736.31299,9178.02,27665.6895,32553.0859
2002-07-24,9490.36523,9075.34473,8758.22852,8581.21875,8546.32,25103.6836,30561.8945
2002-07-25,10348.707,10497.9375,9352.31738,11836.2529,8433.32,22670.9082,28012.916
2002-07-26,9633.18848,12303.7051,10501.3896,16016.2354,9330.54,20898.4043,25409.1484
2002-07-27,7842.1001,14215.3877,12009.6426,19987.4336,11763.15,20138.7207,22941.0723
2002-07-28,6210.59863,15649.4834,13825.916,21293.4316,15339.98,20620.1895,21281.4805
2002-07-29,5510.03564,15840.9941,15920.1992,19158.7559,19653.72,22784.8379,20887.4707
2002-07-30,5171.63135,14480.0166,17844.5391,15677.3076,23169.62,26992.6797,22006.4492
2002-07-31,4779.24805,12784.1387,18785.3281,12911.5,23665.83,32911.7969,24927.0449
2002-08-01,4734.20117,11886.1943,18120.8496,11381.5723,21455.85,39559.8828,29904.0117
2002-08-02,5284.34473,11648.0195,16678.2949,10564.5938,18479.88,44742.8281,36245.9766
2002-08-03,5706.16992,11736.1064,15966.5566,10191.6133,16486.23,45905.2578,42707.7656
2002-08-04,5245.74023,12438.376,16206.8262,10002.6836,15531.94,43518.7773,47027.3867
2002-08-05,4773.01318,13118.9512,16671.9316,9705.47852,14887.88,41271.3047,46974.9883
2002-08-06,4838.34814,12908.377,17475.7109,9462.28906,14871.09,40468.7383,44098.5547
2002-08-07,4466.23486,11616.4541,18069.4297,9190.43457,14515.57,40241.375,41969.4219
2002-08-08,3702.77905,10014.751,17475.4668,8589.97754,13887.47,39340.082,41342.7891
2002-08-09,3330.4751,9156.74121,15686.4961,7789.43213,13279.15,39447.2969,40619.2461
2002-08-10,3464.2168,8496.11816,13494.9238,6886.74609,12544.58,38552.6602,39936.4258
2002-08-11,4400.46191,7594.04395,12005.5078,6106.90527,11391.42,35587.7031,40097.625
2002-08-12,6965.99316,7396.28125,10988.5088,5794.03809,10081.69,31985.3555,38458.8359
2002-08-13,10963.1641,9117.22852,9888.60547,6332.37109,8882.31,28809.1523,35165.9219
2002-08-14,14321.9385,13248.6064,9448.36816,8699.32617,8198.82,26139.9082,31653.3223
2002-08-15,15070.832,18969.5645,10968.292,13177.499,8459.18,23424.7656,28741.0508
2002-08-16,13222.4531,24410.7988,14917.0283,18597.3496,9854.97,20991.2031,26428.6504
2002-08-17,9896.37695,27368.5586,20581.1406,22537.4121,13151.23,20458.8594,24156.1465
2002-08-18,6909.18262,26654.6094,26289.9336,22739.0684,18147.96,23320.002,22425.498
2002-08-19,5598.81055,23044.1094,29672.9688,19585.6348,23223.30,29636.7031,22716.3574
2002-08-20,5504.85303,18465.4707,29407.6777,15714.085,25984.73,39057.8477,26278.1426
2002-08-21,5581.89502,15093.4834,26226.1074,13391.3145,25054.94,49312.4414,33533.6016
2002-08-22,5061.05664,13797.2695,21830.9395,12821.5703,21800.72,56818.8477,43740.9961
2002-08-23,4132.58984,13663.0156,18400.6953,12584.9463,18819.49,58689.6211,53801.5586
2002-08-24,3308.61011,13339.5967,16991.8594,11497.2275,17418.00,54373.3906,59702.7891
2002-08-25,2867.00854,12100.6484,16871.0566,9720.00195,16974.91,47333.6797,59272.3047
2002-08-26,2782.32593,10237.8105,16552.1211,8040.19971,16422.41,42361.5898,53541.4648
2002-08-27,2773.3584,8558.88867,15217.3604,6823.73242,15012.76,40403.0312,46876.1484
2002-08-28,2722.90186,7691.8584,13226.7842,6067.14844,12831.37,39498.8594,43231.1328
2002-08-29,2811.9729,7461.78271,11464.3867,5716.58252,10904.17,38219.0547,41996.125
2002-08-30,3088.2124,7272.70557,10655.2559,5537.33643,9575.46,35453.6836,41188.1758
2002-08-31,3174.97241,6886.31592,10347.917,5414.36426,8678.10,31514.0996,39439.1367
2002-09-01,3174.27637,6582.45264,9968.96582,5565.34033,8200.47,27993.2891,35801.957
2002-09-02,2962.2959,6711.97168,9368.0332,5909.44971,7832.71,25759.3164,31579.9492
2002-09-03,2516.18774,6989.18164,8701.50195,6023.69727,7713.96,24095.7676,28509.6719
2002-09-04,2237.17041,6962.13525,8456.73535,5782.12744,7913.34,22611.668,26448.6719
2002-09-05,2050.7876,6551.55615,8568.24512,5290.86084,7946.57,21037.4805,25010.6113
2002-09-06,1972.81421,5952.96533,8556.40332,4729.2207,7717.40,19999.9805,23862.9141
2002-09-07,1926.87598,5448.05176,8317.61914,4295.83301,7383.45,20069.0391,22832.8027
2002-09-08,1822.45288,5096.65527,8094.53809,4048.51514,7093.23,20320.8789,22535.918
2002-09-09,1708.75037,4938.0791,8019.63184,3844.85449,6798.14,20403.8418,22606.4629
2002-09-10,1642.9408,4936.95557,8060.15576,3783.17261,6489.13,20343.1055,22394.2148
2002-09-11,1667.57019,5042.0459,8301.83105,4037.52686,6353.80,20351.6641,21939.2949
2002-09-12,1650.1875,5374.4292,8778.08594,4546.45215,6401.02,20330.0566,21439.1094
2002-09-13,1563.22571,5518.29248,9179.79102,4977.08594,6810.84,19795.2266,21183.1914
2002-09-14,1509.40222,5204.37744,9232.02734,4985.00977,7474.18,19619.5566,20835.9219
2002-09-15,1476.50745,4759.36377,8828.91016,4633.04736,7881.42,20129.4941,20294.8281
2002-09-16,1449.80823,4483.23584,8052.7124,4108.82861,7728.64,20786.916,20539.1406
2002-09-17,1440.51562,4505.40381,7196.61768,3768.02368,7242.45,21190.7363,21194.7148
2002-09-18,1421.84326,4653.93506,6628.07764,3822.23389,6621.57,20632.6816,21868.2695
2002-09-19,1352.68164,4722.03955,6570.89795,4102.80762,5970.72,19136.6484,22337.1875
2002-09-20,1262.21582,4602.0542,6851.04297,4488.84473,5683.88,17849.793,21789.4863
2002-09-21,1224.09851,4342.25537,7280.04346,4730.93652,5757.06,17520.1133,20377.4453
2002-09-22,1289.6438,4052.96362,7616.68164,4551.86133,5999.73,17888.0605,19384.6738
2002-09-23,1487.22998,3946.3689,7940.35645,4168.02734,6484.83,19135.4375,19216.1816
2002-09-24,2057.88843,4393.77051,8333.48633,3932.39233,6761.94,20094.043,19836.4297
2002-09-25,3041.70972,5321.56104,8475.13477,4022.21436,6550.57,20102.5547,20840.3477
2002-09-26,3896.29077,6387.9209,8781.22754,4434.17334,6192.97,20337.4355,21182.1914
2002-09-27,4026.53662,7389.20215,9293.40234,4952.74463,6076.06,20196.7461,21010.8027
2002-09-28,3533.52295,8157.19238,9716.67773,5717.88965,6296.63,19532.6211,21090.7383
2002-09-29,3161.9585,8891.76074,10264.6875,7032.50537,6625.59,19187.6367,20586.5117
2002-09-30,3192.80981,8923.72168,10989.4814,8002.45215,7032.41,19121.0898,19828.4043
2002-10-01,3345.9707,8099.49707,11654.7881,8151.29102,7963.69,19199.1523,19525.3281
2002-10-02,3216.6665,7588.31006,11540.1973,8416.36621,9345.29,19552.8398,19551.9551
2002-10-03,2739.41284,7170.93994,10573.1006,8746.11426,10002.99,20316.3691,19868.1855
2002-10-04,2229.25732,6729.17041,9771.82324,8791.33984,9966.86,21726.252,20374.2148
2002-10-05,1834.77441,6448.89502,9251.41406,8406.81348,10176.34,22666.2871,21346.7598
2002-10-06,1600.58667,5891.92627,8757.16602,7369.77051,10391.00,22145.834,22748.5957
2002-10-07,1459.10486,5179.72217,8427.44531,6205.55176,10432.29,21506.1836,23265.8184
2002-10-08,1341.70227,4583.99707,7867.18066,5312.771,9927.33,21484.3086,22639.1191
2002-10-09,1242.44812,4087.08472,7068.58105,4631.47949,8708.48,21428.4414,22228.9766
2002-10-10,1149.28516,3630.99902,6360.90527,4046.05908,7434.47,21133.0566,22135.1895
2002-10-11,1075.63953,3296.07886,5708.39307,3577.91968,6413.46,19867.375,21927.1973
2002-10-12,1029.83472,3043.25903,5100.38477,3240.97217,5633.11,17547.6328,21260.3398
2002-10-13,1002.52539,2835.29443,4642.72803,2952.97949,4975.00,15126.8086,19463.7246
2002-10-14,969.547302,2701.83765,4322.00049,2737.43115,4523.63,13104.6543,17007.3418
2002-10-15,940.587585,2715.69678,4158.29199,2642.2168,4218.32,11694.8867,14776.3271
2002-10-16,978.456116,3003.39185,4288.96729,2784.65674,4014.98,10909.21,13060.042
2002-10-17,1092.48877,3269.65503,4780.53027,3176.11133,4017.33,10835.0752,11985.7871
2002-10-18,1156.43359,3246.7876,5509.94043,3540.49658,4338.80,11212.0967,11439.6143
2002-10-19,1093.84497,3120.75586,6052.5127,3719.6604,4966.75,11770.541,11451.8584
2002-10-20,1036.70471,3044.02295,6016.73975,3755.88599,5546.59,12089.0488,11836.9814
2002-10-21,1060.41931,3103.47852,5437.1167,3786.76636,5674.11,12429.5156,12295.2139
2002-10-22,1067.07263,3266.31836,4831.4668,3910.36719,5538.20,12999.458,12507.9424
2002-10-23,1019.43561,3328.87622,4581.13037,4047.26099,5565.43,13377.5635,12926.3037
2002-10-24,921.614014,3271.18628,4609.85205,4228.94482,5769.91,12550.0322,13541.1064
2002-10-25,816.117188,3062.10474,4675.41895,4157.45068,5924.92,11689.9697,13511.0322
2002-10-26,746.860352,2739.82056,4609.42188,3663.92505,5944.08,11576.6816,12588.4844
2002-10-27,700.339111,2457.62012,4363.0293,3139.41138,5890.32,11918.8887,11952.4863
2002-10-28,669.912231,2232.11792,4006.26147,2742.91553,5495.44,12139.4844,12028.7275
2002-10-29,648.915222,2074.85669,3694.0188,2500.21094,4797.77,12062.707,12375.2441
2002-10-30,635.352966,1961.30103,3436.03223,2406.90454,4206.73,11621.5186,12468.4531
2002-10-31,622.720398,1886.39648,3216.79004,2370.49146,3805.86,10699.0605,12244.9551
2002-11-01,608.081665,1827.23669,3023.03418,2321.19214,3630.24,9549.72363,11591.29
2002-11-02,591.097534,1778.32983,2872.07129,2247.45288,3577.35,8681.73535,10550.8691
2002-11-03,574.628662,1738.63989,2762.39429,2164.83228,3512.09,8118.95459,9564.24414
2002-11-04,565.50946,1707.77795,2718.91699,2103.76758,3443.78,7860.40283,9019.88574
2002-11-05,561.97467,1692.85962,2746.30298,2115.06909,3412.59,7830.2749,8817.11816
2002-11-06,560.918762,1675.71375,2743.95557,2161.8999,3350.84,7890.89502,8780.27832
2002-11-07,548.671997,1652.05334,2705.62622,2161.24341,3306.79,8067.03809,8692.3291
2002-11-08,529.797302,1623.59509,2651.84546,2125.35327,3387.23,8180.84766,8584.96777
2002-11-09,521.518188,1615.04309,2560.37524,2069.7605,3432.12,8070.13428,8602.00684
2002-11-10,513.836182,1617.27722,2468.20654,1997.46875,3331.42,8048.35156,8516.38672
2002-11-11,497.784851,1583.52441,2417.4707,1936.93115,3202.50,8097.62549,8327.17773
2002-11-12,500.664124,1546.88684,2407.74072,1907.67981,3075.75,7830.2832,8320.23145
2002-11-13,591.221497,1609.19446,2405.71387,1885.9729,2947.23,7263.26514,8309.58203
2002-11-14,766.77594,1865.89844,2457.30591,1860.5177,2862.47,6853.94873,7930.54248
2002-11-15,896.318542,2166.51636,2658.91626,1873.16394,2835.51,6739.76514,7503.32959
2002-11-16,846.814514,2301.21143,2992.22681,1951.53516,2834.97,6730.73145,7393.44629
2002-11-17,692.98175,2309.47217,3321.60059,2074.25586,2829.18,6793.60889,7383.11328
2002-11-18,564.338867,2210.40698,3457.18652,2225.83081,2849.90,6968.47266,7297.07422
2002-11-19,475.848877,1976.22278,3338.15015,2354.86743,2901.16,7184.04688,7260.97412
2002-11-20,429.90509,1693.3009,3090.72412,2334.78564,2973.84,7376.8667,7344.66406
2002-11-21,409.713501,1466.11877,2777.22046,2139.03174,3081.14,7376.38135,7506.26514
2002-11-22,400.120209,1323.20728,2434.2146,1914.23438,3151.53,7184.16309,7621.54248
2002-11-23,391.840424,1243.45398,2160.22412,1757.52222,3046.43,6886.61426,7546.33936
2002-11-24,380.576904,1197.55627,1987.68372,1660.84229,2809.28,6551.65967,7301.28613
2002-11-25,366.482666,1160.76111,1884.34265,1612.88708,2592.24,6211.56201,6989.62109
2002-11-26,353.316589,1127.01343,1818.42749,1586.86658,2448.41,5828.19141,6661.52393
2002-11-27,344.859985,1096.34851,1783.81519,1567.20264,2397.19,5485.69727,6355.33301
2002-11-28,337.94635,1066.9292,1765.03125,1569.19397,2420.51,5298.37305,6102.37939
2002-11-29,331.044006,1039.8158,1724.25842,1558.45105,2421.35,5317.6499,5917.64453
2002-11-30,323.959503,1016.51733,1677.58215,1516.1012,2413.39,5503.72705,5815.22754
2002-12-01,317.038086,996.27478,1643.43201,1483.05859,2489.32,5639.02148,5791.69922
2002-12-02,310.27124,976.843933,1598.86719,1463.12097,2478.52,5749.604,5890.95117
2002-12-03,303.962616,957.801025,1552.02454,1443.64453,2345.40,5981.91797,5919.31641
2002-12-04,298.458893,938.822144,1514.16431,1419.73669,2242.78,6159.11719,6012.97559
2002-12-05,292.760773,919.82312,1480.31055,1398.33289,2163.24,5881.62256,6256.12451
2002-12-06,287.475586,902.09137,1450.59766,1379.5946,2102.43,5272.95361,6298.85303
2002-12-07,282.194855,887.080994,1423.29834,1364.01367,2058.75,4784.44434,5867.72559
2002-12-08,275.595367,872.134033,1398.67981,1350.75269,2027.52,4456.85645,5262.00244
2002-12-09,268.765961,855.287903,1379.37219,1330.48059,2006.44,4260.83789,4830.12305
2002-12-10,263.455688,837.137207,1361.81201,1304.37207,1995.68,4149.84131,4542.45166
2002-12-11,263.350281,818.207825,1337.31445,1278.99573,1980.86,4085.35083,4378.46533
2002-12-12,264.249664,802.034424,1305.71252,1256.05762,1946.54,4060.94604,4284.07617
2002-12-13,257.488464,790.730286,1272.54993,1238.59802,1902.89,3932.13916,4233.81201
2002-12-14,247.107941,780.977661,1243.00049,1225.3241,1859.77,3850.48682,4204.32422
2002-12-15,238.338226,769.412598,1220.13562,1209.98059,1822.44,3774.19043,4050.08447
2002-12-16,230.706207,751.723083,1201.22864,1191.37952,1794.47,3692.25854,3985.70557
2002-12-17,224.577545,729.149536,1181.89795,1172.40918,1771.09,3600.65063,3906.02222
2002-12-18,220.00676,708.265686,1157.57153,1158.72351,1745.74,3520.4873,3819.39917
2002-12-19,221.758179,690.559265,1127.70154,1149.40247,1719.37,3461.70239,3727.84888
2002-12-20,234.882416,676.721497,1098.43506,1140.06079,1694.42,3405.30273,3655.23267
2002-12-21,248.375275,665.932617,1072.66138,1143.54175,1677.27,3342.59351,3591.55737
2002-12-22,248.963638,657.883057,1050.99878,1170.07715,1610.44,3279.47046,3532.44971
2002-12-23,240.276123,658.525574,1033.02881,1192.08337,1601.88,3221.62134,3468.50732
2002-12-24,223.60791,663.727783,1017.11365,1184.51343,1608.47,3177.625,3405.78906
2002-12-25,205.005066,657.43988,1008.94275,1145.48132,1629.45,3090.30884,3351.26074
2002-12-26,192.490479,641.716309,1007.43628,1094.18481,1633.63,3061.30762,3297.52612
2002-12-27,183.851364,618.648804,996.822327,1054.35168,1606.68,3050.48291,3228.9563
2002-12-28,178.346695,591.348694,975.863708,1027.44043,1552.89,3063.78955,3204.29956
2002-12-29,174.969467,569.14679,947.42395,1010.07343,1493.42,3063.26514,3203.03125
2002-12-30,172.686768,550.936157,914.088135,994.296509,1447.67,3020.53247,3214.82373
2002-12-31,169.586182,536.350464,884.809631,975.598938,1389.83,3052.92236,3312.22632
2003-01-01,164.951401,524.316833,860.027283,956.338928,1367.73,2966.66138,3253.80591
2003-01-02,164.075867,514.245483,838.761902,938.881409,1346.53,2896.63989,3179.56885
2003-01-03,176.775391,504.48941,820.365417,923.08551,1344.55,2870.10718,3143.81104
2003-01-04,181.869583,493.611359,804.249695,909.174133,1325.17,2825.17017,3094.01685
2003-01-05,172.88884,486.417999,788.936523,898.138123,1302.20,2784.69336,3045.3916
2003-01-06,182.742401,493.93988,772.680481,896.6203,1281.52,2646.98291,2894.698
2003-01-07,201.695923,498.686584,758.732849,910.82782,1262.85,2584.77051,2816.51001
2003-01-08,195.881912,487.039276,758.441772,937.062561,1247.92,2562.10278,2780.30786
2003-01-09,173.60495,484.691101,760.202515,967.347961,1248.05,2546.71631,2741.60449
2003-01-10,155.868622,497.152374,745.642273,988.645752,1270.18,2529.16577,2710.62915
2003-01-11,143.516464,491.816162,734.874146,987.832764,1299.01,2535.22485,2689.0188
2003-01-12,134.904099,463.503937,741.445496,946.281189,1321.57,2574.73291,2669.11865
2003-01-13,129.306931,435.380188,736.042236,884.336792,1329.49,2571.09741,2690.2417
2003-01-14,126.124168,414.044403,706.053955,838.422302,1309.58,2537.78345,2720.56421
2003-01-15,125.114388,398.388947,673.084656,808.323914,1250.25,2523.99316,2698.3457
2003-01-16,124.905983,386.026947,648.55835,790.866028,1180.75,2488.12939,2674.65625
2003-01-17,121.381973,376.677887,630.355103,782.482422,1132.90,2418.47754,2659.93457
2003-01-18,115.498947,369.790466,614.551392,782.367432,1101.17,2325.47485,2617.1123
2003-01-19,110.605423,364.796295,599.781555,780.013794,1082.40,2233.98096,2539.39038
2003-01-20,106.705345,357.515594,585.941833,764.292664,1071.11,2167.7644,2438.93115
2003-01-21,103.56263,346.95639,574.595947,741.958679,1064.09,2126.20801,2351.25562
2003-01-22,100.966576,336.722443,562.666382,720.949585,1050.48,2100.56934,2290.34058
2003-01-23,98.7666473,327.70752,547.943176,704.508545,1025.29,2072.823,2254.44116
2003-01-24,97.9644165,319.738434,533.424744,692.093689,997.95,2044.61572,2228.22095
2003-01-25,104.815765,312.527802,520.388794,683.567505,973.60,2010.35315,2199.35498
2003-01-26,116.828964,305.951965,508.519379,677.519958,953.84,1965.67432,2169.48193
2003-01-27,119.631989,300.487915,497.462738,683.784363,938.21,1919.14478,2130.96313
2003-01-28,113.433632,300.269623,487.121521,713.598022,926.05,1877.25806,2083.82227
2003-01-29,105.590363,307.599152,477.733063,745.197937,917.85,1842.31458,2037.59497
2003-01-30,100.875534,310.850708,472.747955,747.172913,927.67,1812.97974,1997.52734
2003-01-31,123.216553,303.087158,475.769196,716.313477,957.10,1788.39905,1963.90637
2003-02-01,179.216995,292.899994,477.365295,682.482422,962.90,1874.04346,2030.08337
2003-02-02,203.15007,289.599518,468.172699,697.869507,950.95,1751.09521,1880.67383
2003-02-03,174.020416,307.922882,454.958832,880.909851,915.09,1782.80383,1870.22742
2003-02-04,137.00882,353.728943,446.797516,1283.09131,890.25,1800.96387,1886.30481
2003-02-05,107.993263,387.302032,458.110687,1533.85925,938.33,1776.63342,1918.09497
2003-02-06,100.15062,380.221069,500.358063,1389.72485,1199.76,1730.36438,1922.80042
2003-02-07,132.797318,358.21579,549.671692,1130.4209,1615.38,1710.40833,1891.12854
2003-02-08,194.083832,343.112213,563.372314,988.953369,1767.49,1795.5481,1863.83997
2003-02-09,220.059784,346.827759,541.779724,1045.90417,1605.92,2140.61914,1896.87085
2003-02-10,198.459045,379.423889,515.756653,1370.72388,1463.47,2646.09961,2056.92407
2003-02-11,187.615341,414.496765,502.101318,1746.15564,1418.89,2869.4729,2479.28394
2003-02-12,226.189148,420.698395,518.655701,1743.75037,1530.56,2760.95361,2917.95923
2003-02-13,273.127106,390.374481,546.616272,1450.8009,1864.51,2699.88623,2986.76123
2003-02-14,289.875244,378.11084,554.993774,1207.98218,2109.93,2733.81567,2851.09009
2003-02-15,319.641479,439.103149,530.559204,1102.92139,1961.81,2791.32495,2836.30273
2003-02-16,387.243835,511.969208,518.912537,1163.66199,1643.24,2999.0498,2872.25293
2003-02-17,457.361542,528.064087,578.816162,1354.84863,1429.02,3138.86523,2966.19727
2003-02-18,396.623901,539.011841,655.753418,1685.12317,1359.79,2908.36597,3203.66553
2003-02-19,260.664703,580.047913,674.77832,2047.16663,1449.01,2581.45239,3222.09912
2003-02-20,175.033905,634.365723,670.325989,2085.90234,1671.04,2440.84692,2909.59839
2003-02-21,124.216026,597.660156,695.601868,1728.35291,2033.99,2437.37476,2637.29614
2003-02-22,129.645996,456.534546,743.972168,1300.40308,2331.12,2523.89502,2547.86401
2003-02-23,187.037003,341.868042,724.125,1024.19031,2226.55,2734.21899,2578.57056
2003-02-24,242.480011,275.125458,592.69519,891.406982,1819.80,3107.83838,2697.46729
2003-02-25,219.293777,254.705536,463.638519,923.245972,1426.64,3428.54004,2963.54614
2003-02-26,172.259186,285.02063,388.735443,1130.30762,1178.44,3264.59888,3363.22803
2003-02-27,204.974823,345.026184,356.370575,1268.12402,1074.89,2713.18774,3553.52881
2003-02-28,246.519592,349.233002,375.238586,1174.76929,1152.49,2211.2876,3216.198
2003-03-01,235.715256,296.39032,432.741791,996.286621,1349.55,2039.64905,2798.98193
2003-03-02,214.711594,295.779449,449.137878,862.111755,1416.38,1766.65112,2213.54126
2003-03-03,173.732254,341.546509,399.484741,841.5495,1281.36,1873.17322,1964.01941
2003-03-04,133.657349,346.821655,381.70929,913.182922,1106.58,2125.87305,1916.13428
2003-03-05,122.251396,325.150909,424.411926,943.943481,992.07,2182.38525,2097.71802
2003-03-06,117.556564,291.384186,438.026184,891.431274,1000.04,1996.40845,2316.22705
2003-03-07,108.797234,243.698776,415.643066,820.479797,1065.50,1829.82935,2273.05566
2003-03-08,94.1738358,218.544235,383.751068,773.90863,1063.43,1755.30334,2060.88281
2003-03-09,79.8378296,210.122971,334.607269,772.199951,993.76,1757.56213,1910.01575
2003-03-10,67.3728256,200.810028,302.644501,816.17334,927.46,1796.40039,1863.41174
2003-03-11,60.6067123,184.979187,291.558289,834.683777,889.89,1755.46179,1885.38806
2003-03-12,63.9330215,168.709518,281.358612,797.967407,903.96,1638.30396,1907.69775
2003-03-13,97.4202118,155.482285,265.209839,752.317139,946.66,1547.48596,1832.3136
2003-03-14,177.736862,170.528717,250.264175,715.069885,943.91,1499.35217,1717.43481
2003-03-15,246.863388,239.090317,243.601578,700.00769,898.90,1502.29504,1646.89062
2003-03-16,260.754028,324.511932,267.323364,758.079041,854.41,1536.74744,1614.95105
2003-03-17,241.263016,403.495605,362.796082,906.285522,820.33,1541.67896,1631.67969
2003-03-18,228.048431,450.486603,501.060791,1075.22034,820.43,1506.7915,1661.54761
2003-03-19,246.162872,438.796051,607.748779,1213.34497,911.97,1496.80676,1643.47327
2003-03-20,270.951202,401.078888,643.907043,1221.1665,1072.23,1579.54297,1605.0011
2003-03-21,292.457947,367.623444,606.723083,1138.56921,1240.98,1722.13843,1622.42737
2003-03-22,289.373779,375.796875,540.062744,1098.23364,1351.52,1907.47522,1729.81653
2003-03-23,251.612808,406.670044,479.364899,1106.73328,1315.79,2079.25415,1887.68665
2003-03-24,195.137787,429.458923,460.564148,1126.8855,1239.71,2184.96045,2078.15552
2003-03-25,136.569839,428.785187,479.22998,1101.38354,1218.15,2225.93652,2226.8208
2003-03-26,103.415833,387.427094,497.979065,1035.43188,1231.23,2145.74414,2313.24072
2003-03-27,103.336517,344.847137,499.269135,942.38446,1238.99,2059.72119,2315.46021
2003-03-28,115.609985,310.138489,461.707825,842.445618,1194.49,2043.18298,2215.35034
2003-03-29,124.238266,283.632507,418.421692,791.847839,1117.94,2059.14624,2151.73511
2003-03-30,140.88623,280.562378,391.629333,794.159241,1017.65,2049.39575,2151.02612
2003-03-31,183.780045,274.31311,373.576233,808.434265,927.92,1958.76892,2166.67407
2003-04-01,251.407715,257.150909,371.522095,822.280396,998.48,2131.521,2447.70728
2003-04-02,270.299408,257.721436,362.761688,852.653748,1018.43,2018.01917,2343.23145
2003-04-03,279.588745,285.208313,337.73877,907.427673,1035.23,1916.57263,2222.02783
2003-04-04,355.634918,351.963562,326.378174,986.224304,1052.63,1875.23914,2085.58057
2003-04-05,403.120056,393.31778,342.698303,1089.49707,1087.77,1884.87354,2009.84558
2003-04-06,354.446442,379.359924,399.949921,1212.60022,1144.57,1871.59009,1974.24768
2003-04-07,256.094818,413.320496,447.491486,1370.13379,1220.39,1741.08472,1875.05029
2003-04-08,170.332108,467.261047,436.49411,1468.20703,1322.29,1796.36426,1862.64172
2003-04-09,118.428131,442.924683,455.607391,1365.36548,1449.78,1907.62036,1882.64661
2003-04-10,99.8659897,351.875824,510.22525,1131.85791,1601.28,1994.6283,1935.4751
2003-04-11,104.930771,254.516312,500.557007,925.806641,1587.60,2031.84729,2006.48853
2003-04-12,125.431931,187.887466,416.29892,796.880493,1387.51,2146.16309,2028.69531
2003-04-13,203.03154,163.802734,315.79718,738.372009,1148.15,2337.10205,2128.76147
2003-04-14,398.640015,205.501358,243.475662,748.653931,964.65,2338.24097,2316.47119
2003-04-15,645.09668,311.011475,213.869064,805.028076,858.31,2081.75635,2466.70508
2003-04-16,678.423401,442.530212,250.695831,934.870239,823.95,1759.29309,2374.24072
2003-04-17,550.601624,612.074402,368.851349,1350.81812,864.89,1525.33423,2069.90356
2003-04-18,549.565063,895.712769,534.022095,1928.97559,947.99,1424.55005,1769.19312
2003-04-19,717.456238,1196.11768,725.344177,2149.77856,1162.76,1474.85437,1578.1936
2003-04-20,853.527649,1285.21216,1018.82703,1954.24011,1745.60,1659.97278,1528.40747
2003-04-21,788.403503,1228.7019,1361.41992,1751.35144,2422.80,1925.90613,1627.36499
2003-04-22,639.086609,1304.03137,1539.04871,1703.25562,2596.34,2395.98413,1845.26978
2003-04-23,523.655518,1399.61621,1546.77295,1651.64819,2371.14,3371.2229,2151.42236
2003-04-24,502.818512,1259.32019,1608.34375,1521.57898,2190.32,4542.10693,2772.50171
2003-04-25,511.805176,1024.54858,1706.13293,1366.56958,2100.89,5025.43311,3893.4707
2003-04-26,434.854523,850.294739,1570.50366,1331.16553,1969.20,4787.3623,4915.33057
2003-04-27,348.371704,768.878906,1279.05444,1409.11584,1757.97,4576.89697,5094.03027
2003-04-28,346.055603,733.892395,1053.43091,1469.75452,1565.25,4405.17529,4794.6084
2003-04-29,352.738586,639.688843,938.927307,1500.60999,1555.43,3949.35327,4642.74316
2003-04-30,367.411285,533.274719,890.501892,1463.04797,1666.48,3401.05127,4381.58496
2003-05-01,433.810883,545.299561,828.228088,1380.90039,1851.91,3394.15845,4237.10352
2003-05-02,620.807861,641.375366,763.469604,1435.98877,1961.25,3367.54297,3780.05688
2003-05-03,1133.35718,838.161499,806.784424,1716.44958,1994.90,3540.00244,3565.34277
2003-05-04,1531.78906,1146.57251,992.328125,2193.11597,2093.20,3768.1062,3668.37256
2003-05-05,1521.27771,1505.33789,1266.86206,2966.65698,2395.78,4024.11255,3869.52222
2003-05-06,1351.10986,2389.33228,1650.12695,3897.94336,2841.41,4238.1748,4098.1748
2003-05-07,1085.99841,3173.79688,2227.00659,4528.37891,3545.60,4546.37207,4306.07471
2003-05-08,878.875916,3060.94629,3237.68408,4443.50732,4581.29,5157.30469,4484.57373
2003-05-09,862.963928,2596.26196,4179.35547,3751.01318,5544.32,6074.30762,4842.23584
2003-05-10,1111.42676,2052.6792,4172.31689,3019.14917,5814.71,7389.07471,5502.45752
2003-05-11,1600.23804,1694.50439,3499.82178,2600.82275,5241.33,9565.55859,6551.08594
2003-05-12,2177.83032,1689.18347,2768.57227,2486.18457,4286.66,11366.7402,8245.3125
2003-05-13,2197.04346,2022.93188,2240.48682,2526.39209,3500.47,11313.5635,10586.0381
2003-05-14,1664.82031,2654.82275,2094.46143,2811.84155,3166.06,9927.97266,12057.2451
2003-05-15,1200.24829,3320.02466,2374.26538,3277.52173,3182.02,8288.80957,11575.7412
2003-05-16,949.962891,3385.63257,3049.86938,3565.72266,3404.37,7250.30469,9967.5332
2003-05-17,992.499695,2844.30225,3910.32446,3714.3147,3922.12,7325.22119,8381.84766
2003-05-18,1087.33228,2341.80713,4290.71289,4121.98096,4672.07,8169.18799,7663.78125
2003-05-19,1130.17908,2076.50732,3977.34644,4737.28516,5602.16,9362.57031,8033.11084
2003-05-20,1244.25745,2034.89929,3541.34424,5059.15674,6585.70,10955.0195,9040.91992
2003-05-21,1391.43616,2162.95532,3466.83325,5088.46729,7465.51,12386.4072,10451.0029
2003-05-22,1539.19202,2419.75952,3602.16724,5358.22949,8163.62,13180.1025,12080.5098
2003-05-23,1620.13818,2806.22681,3722.76562,5873.2749,8593.50,13918.875,13164.5479
2003-05-24,1580.77625,3099.25879,3896.1604,6220.57324,9010.44,14674.3955,13775.0332
2003-05-25,1508.79736,3160.45605,4059.55933,6219.41064,9182.18,15083.1924,14519.1309
2003-05-26,1547.35608,3133.58887,4142.12354,5714.52441,9050.44,15276.1426,15132.6211
2003-05-27,1566.07751,2983.6438,4066.11011,5036.98291,8786.44,15470.4639,15369.4609
2003-05-28,1423.10596,2834.08862,3910.81787,4578.84912,8255.30,15406.458,15609.4639
2003-05-29,1280.21863,2788.2937,3661.02393,4062.61133,7454.59,14984.2422,15797.5947
2003-05-30,1159.4519,2708.0481,3388.00854,3471.29028,6658.86,14319.4668,15578.2148
2003-05-31,986.991089,2443.40308,3262.69849,3019.75439,5995.60,13363.2295,15044.1201
2003-06-01,828.403015,2102.05762,3147.93774,2677.42358,5188.63,12217.3203,14419.3633
2003-06-02,767.419983,1847.50317,2873.41675,2415.41553,4476.30,11081.0928,13557.4473
2003-06-03,826.907715,1608.93457,2540.30347,2202.99854,3999.00,10302.6309,12681.3887
2003-06-04,970.345581,1541.54224,2447.40723,2172.83008,3667.82,9515.11621,11831.7559
2003-06-05,1297.83374,2271.91772,2765.71216,2604.62671,3506.48,8991.17578,11151.8848
2003-06-06,1908.95544,3964.06006,3573.53857,3553.45801,3681.84,8910.36816,10392.6631
2003-06-07,2986.29297,5937.17627,5179.44336,4886.74414,4727.52,9506.79102,10027.3701
2003-06-08,3971.08643,7660.93506,7260.96729,6750.02734,6641.40,10543.5225,10424.9951
2003-06-09,3964.50952,8833.31152,9078.48828,8619.60156,8276.58,12248,11328.2471
2003-06-10,3291.89429,9330.12793,10512.0889,9879.79492,9445.30,15297.0791,12904.7734
2003-06-11,2610.33032,9301.44727,11344.8652,10926.6777,10841.53,19177.3984,15581.7539
2003-06-12,2162.25854,8725.48926,11627.8984,11474.5898,12052.25,22453.2285,19247.248
2003-06-13,1997.90808,7695.54443,11777.8252,10604.377,12877.26,24939.498,22964.9004
2003-06-14,2000.42383,6677.94971,11772.5479,8830.06934,13773.71,27034.7344,25411.9922
2003-06-15,1968.67932,5963.41016,11210.8359,7288.69385,13897.27,28223.5527,27213.4473
2003-06-16,1856.15723,5516.06738,9947.41309,6301.04248,12401.00,28588.4277,28744.2031
2003-06-17,1731.20874,5227.09326,8605.64355,5986.51025,10355.58,28801.9414,29272.8086
2003-06-18,1628.03955,5137.521,7680.33643,5870.01514,8777.28,27534.0742,29427.4727
2003-06-19,1677.10522,5380.81982,7139.60938,5733.53027,7915.27,24089.4727,29316.0312
2003-06-20,1914.44421,5887.65576,7056.36572,5875.71924,7752.10,20499.1992,27289.6035
2003-06-21,2051.23608,6565.97314,7421.65967,6039.229,7801.88,18274.5195,23732.3613
2003-06-22,2093.94971,6993.46484,8042.65527,6066.65186,8061.84,17769.1133,20853.3984
2003-06-23,2059.8623,6994.93896,8717.44531,6081.85791,8636.35,18469.8301,19310.5723
2003-06-24,1838.9436,6866.78174,9112.61523,5828.23145,8855.40,19386.293,19131.1758
2003-06-25,1887.91479,6607.79541,9134.48828,5250.53857,8686.61,20179.334,19840.4395
2003-06-26,2472.53711,6280.41943,8871.7168,4668.20947,8369.97,20785.043,20523.8848
2003-06-27,3360.98853,5909.17432,8400.64941,4276.74707,7700.82,20693.377,21164.1895
2003-06-28,4687.43652,5856.87354,7936.7666,4437.81982,6921.40,19953.9707,21644.5781
2003-06-29,6185.1333,6339.20703,7466.96924,5459.95898,6284.42,19011.6719,21428.8633
2003-06-30,6968.0874,7001.28125,7250.62939,6750.28809,5930.89,17903.252,20779.293
2003-07-01,7185.31006,8095.09375,7628.02002,8112.03174,6310.35,17084.1211,19988.0684
2003-07-02,7213.61426,9613.76562,8255.5625,9355.9834,7471.12,16135.7803,18857.0996
2003-07-03,6636.47754,10851.3193,9226.06836,10333.4795,8741.52,15552.2979,17713.5684
2003-07-04,5988.646,11666.334,10738.7168,11261.1406,10054.28,16192.6494,16718.1016
2003-07-05,6021.17871,12223.8096,12114.2441,11145.7607,11156.67,17821.3652,16410.6172
2003-07-06,6349.16748,12152.0938,13094.1025,10212.3984,12224.49,20380.3574,17334.5488
2003-07-07,6340.95264,11755.3369,13897.2578,9091.80664,13039.37,23214.957,19243.1113
2003-07-08,5890.47461,12324.666,14035.3037,7990.74121,12606.96,25412.1875,21898.9414
2003-07-09,6064.27051,13310.9307,13791.4766,7705.2334,11640.00,27506.3008,24476.0664
2003-07-10,7301.88379,13403.6338,14354.2637,8334.77637,10767.24,29084.873,26499.8613
2003-07-11,8072.18213,12749.1797,15259.6865,8949.14941,10310.69,28581.6094,28622.2578
2003-07-12,7400.36768,12358.8037,15397.5879,9981.84961,10566.78,27542.5078,29628.2793
2003-07-13,6294.4707,12858.0244,14697.7861,13473.8164,11155.15,27469.2363,28787.2344
2003-07-14,5628.60596,13691.6816,14083.7656,17125.0664,11621.80,27703.3711,28133.0059
2003-07-15,5212.18848,13780.0898,14326.916,17098.7988,13255.98,27712.7051,28227.1484
2003-07-16,4689.89014,13384.627,15122.79,14245.0752,17183.69,27356.541,28349.7734
2003-07-17,4079.88672,12904.1328,15356.9941,10991.4883,19883.43,27634.7012,28112.1504
2003-07-18,3702.69775,11918.5361,14927.5967,8479.87988,18834.31,29709.7852,27649.4453
2003-07-19,3787.17554,10425.2148,14371.7666,7044.32568,15698.45,34312.1133,28283.0176
2003-07-20,4121.10498,8818.84082,13391.9365,6374.77832,12339.48,37154.9766,31467.1758
2003-07-21,4150.73584,7790.47314,11856.8037,6030.52832,9832.46,35803.1367,35996.6484
2003-07-22,4047.16406,7846.59717,10171.4463,6446.65479,8464.51,31978.3125,37425.0938
2003-07-23,4075.9668,8591.63281,9056.4043,7498.02881,7805.87,27160.8633,34958.5898
2003-07-24,3726.44556,8867.80078,9311.29004,8083.31201,7890.08,22794.8359,30669.2773
2003-07-25,3243.45874,8614.43066,10522.668,8105.70605,9210.64,19906.7324,25916.7852
2003-07-26,3383.75684,8501.08984,11273.3281,8025.74512,10653.85,19227.6992,22105.0547
2003-07-27,3820.2981,8459.51465,11231.5605,8012.03174,11215.41,21172,20108.6113
2003-07-28,3871.87109,8206.32227,10885.0283,7933.71582,11250.69,24493.8945,20401.459
2003-07-29,3663.9585,8081.19336,10488.873,7657.71094,11068.97,26429.2344,22874.7383
2003-07-30,3879.66162,8238.40918,9918.10645,8125.59082,10745.44,26521.875,25990.3438
2003-07-31,5137.84668,8788.02734,9547.69238,9052.50195,10238.64,25858.543,27179.1582
2003-08-01,6393.8623,10046.3418,9682.96387,10543.3838,10103.49,24764.9805,26947.7617
2003-08-02,6092.90576,11556.9287,10361.0078,13199.1562,11501.02,23375.5371,26304.209
2003-08-03,5084.45703,12555.1934,11755.3506,14499.4473,13286.78,22272.0371,25022.3555
2003-08-04,4206.98242,12882.9648,13418.6436,13296.1445,15110.83,22349.2793,23586.7109
2003-08-05,3430.7478,11957.1924,14501.1357,10906.958,17218.44,25241.4258,22718.1875
2003-08-06,3025.81201,10254.9209,14816.7305,8425.04199,17253.47,29339.4375,23715.5566
2003-08-07,2955.06006,8650.72168,13955.3008,6807.10498,15279.66,32540.7031,27263.1035
2003-08-08,3128.45264,7170.48926,12137.4521,6134.70215,12719.71,34752.0195,31010.4473
2003-08-09,3568.18359,6298.44238,10295.8848,5928.39355,10252.05,34185.7305,33837.9883
2003-08-10,3918.44775,6211.46436,8647.11914,6273.91504,8690.90,30632.1719,35424.7031
2003-08-11,3888.4187,6541.75537,7585.67236,7043.15967,7971.20,26211.9512,33869.7891
2003-08-12,3719.7998,7188.58105,7380.3252,7458.96289,7841.12,22191.3711,29897.0703
2003-08-13,3613.87671,8023.00342,7690.14355,7674.33691,8328.41,19032.0918,25530.7246
2003-08-14,3566.92529,8348.02832,8291.11035,8169.53369,9066.25,17395.873,21735.6074
2003-08-15,3721.28296,8126.69043,9071.60156,8384.11523,9427.65,17170.8438,18982.8262
2003-08-16,4226.56934,7744.78027,9428.06445,8230.31445,9773.42,17948.1016,17722.4492
2003-08-17,4783.51953,7515.70166,9217.87402,8453.15332,10345.60,19193.1465,17823.5449
2003-08-18,5220.60986,7617.61914,8869.91309,8658.45898,10482.13,20218.0371,18797.6719
2003-08-19,5595.60059,8448.01758,8849.34375,8636.58008,10392.27,20937.8613,20160.2617
2003-08-20,5650.92822,10085.8652,9268.56836,8652.39844,10757.51,21546.3926,21248.3945
2003-08-21,5303.90283,11568.4326,10402.4355,9077.81543,11249.01,21772.9277,21905.4941
2003-08-22,4649.81689,12290.7549,12373.3076,10683.7373,11863.12,22195.1328,22315.4473
2003-08-23,4090.09546,12116.7383,13994.6299,12031.0869,12341.01,23687.3945,22502.2383
2003-08-24,4040.63599,11220.3018,14741.8145,11982.0283,12832.50,26144.2559,23228.8906
2003-08-25,3969.66675,10128.2451,14709.1094,11181.2676,14124.87,28814.1445,25194.25
2003-08-26,3615.20459,9125.98926,13697.5107,9915.53516,14934.37,30683.3262,28194.3242
2003-08-27,3473.58984,8640.14551,12259.6475,8797.64258,14435.98,31350.3496,30694.2871
2003-08-28,3966.771,8191.80518,10933.5469,8374.2627,13373.56,31780.8066,32003.957
2003-08-29,4692.93896,7339.15527,10145.1748,8185.67041,11918.29,30914.0645,32368.7266
2003-08-30,4886.81982,6771.8457,9549.98242,7985.28857,10817.52,28626.7988,32369.9473
2003-08-31,4821.12695,6902.84229,8607.96973,7681.46777,10438.03,26310.3359,30758.5664
2003-09-01,5200.70654,7623.33545,7860.37598,7091.36035,10063.44,24055.957,28227.3867
2003-09-02,5697.37061,8230.23633,7817.64844,6704.37158,9713.62,21936.2578,25905.8828
2003-09-03,5687.91943,8424.96191,8462.94922,7171.83691,9202.24,20318.9551,23730.3574
2003-09-04,5259.33691,8551.28711,9143.06934,8158.61133,8575.12,19270.4609,21770.3223
2003-09-05,4611.63379,8823.77148,9404.95508,8759.28516,8461.85,19029.7656,20315.1562
2003-09-06,3943.55054,9040.60547,9523.0293,8787.99609,9294.23,19214.0879,19437.707
2003-09-07,3560.44751,9074.47266,9819.86035,8402.52246,10449.36,19140.9785,19388.2168
2003-09-08,3726.65381,8982.74219,10150.4521,7921.40088,11418.72,19269.2188,19552.6289
2003-09-09,4212.0376,8603.56641,10355.2764,7681.02393,11978.24,20452.9043,19515.498
2003-09-10,4593.53467,8159.03516,10517.4219,7325.59277,11916.50,22246.6113,20099.8438
2003-09-11,4702.33154,8319.06641,10776.4648,7090.01074,11438.79,24101.3691,21971.0098
2003-09-12,4563.8833,9099.46973,11337.2285,7467.10986,10898.94,25821.9414,24196.623
2003-09-13,4178.521,9610.83203,12397.749,7622.16406,10267.74,27030.8906,26010.998
2003-09-14,3657.47339,9560.11133,13617.5293,7548.46143,10019.07,27762.9277,27298.6621
2003-09-15,3527.65723,9019.98633,14073.2666,7463.9624,10198.54,28390.5391,28041.6016
2003-09-16,3926.31104,8302.41211,13480.9805,7250.29004,10017.57,28662.1309,28624.5039
2003-09-17,4139.23047,7688.91113,12219.9395,7113.42822,10039.97,28965.3145,29148.6543
2003-09-18,3931.45874,7468.06787,10915.4717,7256.01611,10127.35,28473.3008,29354.1699
2003-09-19,3655.91504,8085.70557,9851.4707,7591.32031,9882.14,26788.7148,29430.5879
2003-09-20,3323.6792,8955.5752,9265.875,7345.16943,9771.35,24956.5059,28433.5254
2003-09-21,3024.48413,9288.00293,9721.10059,6617.41357,10151.75,23461.4219,26460.4492
2003-09-22,2839.28442,9045.39746,10781.7197,5825.68945,10361.05,21970.4844,24731.2852
2003-09-23,2751.81958,8597.53809,11439.1943,5272.96484,9738.80,21499.9219,23244.6035
2003-09-24,2705.84497,8359.63867,11617.8027,5378.41992,8936.96,22953.3789,22106.3438
2003-09-25,2526.73413,8020.57764,11528.8838,6007.52588,8473.75,24926.4492,22728.0996
2003-09-26,2331.54956,7267.99707,11308.9209,6837.41406,8457.81,25642.2891,24984.625
2003-09-27,2301.64307,6546.99854,10791.8145,7385.74902,8849.15,25345.9395,26510.4941
2003-09-28,2348.18604,6115.96582,9789.05664,6953.23438,9330.07,24836.7246,26530.0996
2003-09-29,2344.22485,5891.55908,8759.69434,6091.72412,9795.10,24411.2188,25895.2168
2003-09-30,2268.73413,5893.01416,8109.09131,5890.28467,9868.84,23779.0039,25191.5352
2003-10-01,2225.23438,6037.91113,7818.2959,6025.72363,9193.31,22465.1309,24532.1641
2003-10-02,2291.00952,6027.76758,7857.63721,5977.98096,8667.37,21516.748,23684.8926
2003-10-03,2396.69482,5828.70117,8211.03223,5757.91162,8783.77,20954.3379,22669.1758
2003-10-04,2371.95557,5826.95166,8417.18359,5594.81592,8928.86,20248.9883,22226.707
2003-10-05,2293.26001,5997.84668,8177.29688,5710.04541,8749.52,20255.8613,21755.3691
2003-10-06,2319.83716,5915.50293,7975.90918,5736.22168,8227.33,21002.2539,21080.0762
2003-10-07,2439.39185,5673.01514,8008.25684,5425.50537,7805.30,21437.4902,21260.1777
2003-10-08,2521.13281,5518.69971,7874.94482,5263.69873,7723.57,21192.1406,21927.3125
2003-10-09,2478.55688,5479.64844,7602.42773,5281.13037,7485.25,20307.0898,22099.3066
2003-10-10,2372.31348,5561.96094,7397.83105,5210.68359,7099.51,19329.6504,21548.252
2003-10-11,2254.11548,5752.80664,7328.65918,5216.62061,6986.22,18440.0625,20507.1309
2003-10-12,2361.25024,5813.83643,7386.83984,5197.47119,6973.33,17366.209,19459.9902
2003-10-13,2615.71021,5764.23535,7512.52588,5600.11328,7004.20,16374.1387,18447.627
2003-10-14,2481.47607,5628.94873,7542.61768,7135.77588,7083.33,15977.1055,17298.0918
2003-10-15,2080.24902,5502.26221,7556.72705,8383.73242,7041.29,16151.7373,16527.3867
2003-10-16,1799.15735,5427.3999,7638.8833,8292.69336,7793.71,16876.6445,16591.8125
2003-10-17,1686.58569,5167.28223,7634.72559,7424.41699,9408.13,17697.7109,17207.0312
2003-10-18,1622.37451,4771.3418,7596.9458,6037.53613,10210.09,18251.3672,18034.7109
2003-10-19,1504.0166,4421.05957,7320.32324,4769.8667,9882.12,19042.9941,18639.2148
2003-10-20,1400.1239,4125.07031,6686.64014,3973.21753,8837.07,20116.4844,19021.3262
2003-10-21,1314.69873,3838.02466,6123.24219,3500.73682,7333.32,20505.5645,19833.2422
2003-10-22,1256.97021,3578.99927,5693.13184,3274.00513,6124.25,19648.8457,20764.1719
2003-10-23,1218.03943,3349.33911,5300.57617,3176.28613,5380.00,17848.7988,20789.3516
2003-10-24,1174.93274,3193.73267,4994.40723,3148.01562,4973.52,15727.9863,19688.0781
2003-10-25,1163.82068,3108.9043,4729.4541,3044.23804,4799.24,14061.5596,17721.2754
2003-10-26,1208.66272,3135.92407,4583.78271,2831.8606,4711.36,12879.0723,15626.8418
2003-10-27,1277.69604,3201.73779,4542.74414,2665.31421,4602.74,12107.6006,14044.4395
2003-10-28,1314.21118,3184.75,4583.18311,2595.18799,4370.18,11697.7842,12896.3213
2003-10-29,1327.03833,3115.43555,4596.04346,2603.87207,4071.20,11475.5996,12164.2207
2003-10-30,1307.90002,3025.72607,4455.23389,2649.41748,3834.87,11152.2539,11816.3203
2003-10-31,1200.86804,2930.38574,4267.30127,2770.49243,3721.00,10661.002,11559.0234
2003-11-01,1084.38452,2823.36084,4084.44775,2954.48755,3703.07,10029.4082,11083.6729
2003-11-02,1080.76843,2725.48657,3920.46606,3086.23608,3733.18,9436.87012,10582.209
2003-11-03,1104.51282,2594.21924,3774.44775,3012.21436,3847.42,8987.39648,9997.36133
2003-11-04,1044.0509,2467.34741,3648.9375,2781.54492,4000.52,8679.2793,9440.91406
2003-11-05,950.414246,2427.72974,3506.67114,2672.88257,4073.68,8464.46777,9064.28906
2003-11-06,870.291992,2402.74219,3352.43506,2695.62769,3924.17,8393.71777,8769.79102
2003-11-07,807.15802,2299.84912,3271.98706,2695.37695,3680.64,8381.70312,8585.72656
2003-11-08,766.402466,2150.77637,3224.88257,2576.15918,3589.92,8248.49219,8543.69629
2003-11-09,745.366638,2017.09375,3113.51733,2385.45264,3589.78,7924.08301,8509.56445
2003-11-10,724.213379,1915.29041,2950.48999,2222.48682,3533.53,7596.23877,8304.27734
2003-11-11,699.821411,1839.69568,2795.60181,2104.82153,3361.29,7410.03076,7943.94092
2003-11-12,679.27063,1787.09583,2674.64795,2030.81067,3157.57,7260.53125,7660.52393
2003-11-13,656.94989,1743.21313,2582.51636,1982.47156,2993.24,7010.78662,7501.78516
2003-11-14,637.494995,1696.24487,2517.07153,1942.74268,2875.15,6692.15869,7323.55078
2003-11-15,622.217773,1652.84729,2468.21338,1906.15601,2799.03,6374.29395,7046.42334
2003-11-16,607.795898,1611.7677,2410.2981,1868.92786,2741.47,6123.76709,6714.73486
2003-11-17,593.675232,1570.53735,2345.30029,1831.7688,2690.74,5944.72998,6416.10742
2003-11-18,580.205017,1532.64917,2284.90332,1798.41614,2643.17,5816.04541,6190.2124
2003-11-19,567.139832,1497.48596,2226.09399,1769.74402,2594.72,5694.81152,6034.44678
2003-11-20,554.115295,1462.93457,2172.53198,1743.33728,2547.57,5578.93506,5912.47803
2003-11-21,541.563599,1430.45154,2123.94629,1717.27637,2505.13,5470.30811,5791.59521
2003-11-22,529.387268,1399.95081,2076.98779,1692.0498,2467.00,5363.20264,5678.74561
2003-11-23,517.39563,1369.59009,2032.22095,1667.86438,2430.50,5263.33301,5570.0752
2003-11-24,505.630402,1339.41895,1989.7406,1644.44751,2394.48,5171.83496,5464.40723
2003-11-25,494.12323,1310.24939,1947.76221,1621.11023,2359.66,5086.26514,5359.92139
2003-11-26,482.876831,1281.46069,1905.80737,1597.85205,2325.94,5004.7085,5270.29492
2003-11-27,471.914215,1253.35107,1865.33667,1575.06323,2292.99,4926.16943,5185.98584
2003-11-28,461.229431,1226.00708,1825.63953,1552.43372,2260.12,4849.5332,5104.99805
2003-11-29,450.841888,1199.51929,1786.7146,1530.22473,2227.65,4773.22461,5025.96533
2003-11-30,440.973022,1174.50415,1748.81018,1508.5625,2195.75,4699.16113,4948.0083
2003-12-01,431.275665,1149.49756,1711.89539,1487.57922,2164.18,4636.6626,4872.36621
2003-12-02,421.49234,1124.0896,1676.6394,1467.49609,2133.26,4564.15381,4799.0542
2003-12-03,411.965668,1099.48865,1641.80774,1449.00659,2103.03,4484.9248,4722.79102
2003-12-04,402.695618,1075.5304,1606.68372,1430.93091,2073.79,4412.08984,4647.15674
2003-12-05,393.692322,1052.01843,1572.38574,1410.05225,2045.50,4345.1001,4576.61719
2003-12-06,384.990112,1029.01233,1539.15039,1388.4364,2019.29,4278.84521,4507.93604
2003-12-07,376.592346,1006.73352,1506.80188,1368.18298,1992.39,4213.66064,4440.94873
2003-12-08,368.348877,984.997742,1475.40088,1349.82129,1962.68,4150.47852,4374.54834
2003-12-09,360.475861,964.040466,1444.76746,1336.7002,1894.24,4009.90503,4309.66846
2003-12-10,354.565033,943.595642,1414.36145,1324.00903,1848.33,3884.24268,4247.11963
2003-12-11,362.471344,923.360291,1384.3927,1305.85608,1823.23,3822.64526,4061.4624
2003-12-12,378.02597,903.98822,1355.302,1286.07397,1803.07,3724.8562,3980.12378
2003-12-13,369.917175,887.311035,1327.66589,1271.67737,1781.02,3649.54077,3918.54224
2003-12-14,347.230896,882.158203,1302.12256,1276.79175,1754.74,3594.02271,3803.59009
2003-12-15,329.215576,890.192932,1281.2312,1300.57849,1732.02,3542.37964,3746.19702
2003-12-16,314.111969,879.408569,1269.28528,1297.20361,1717.59,3491.39087,3691.50513
2003-12-17,304.241608,846.712036,1268.81335,1258.18848,1726.25,3441.24512,3640.30469
2003-12-18,297.526245,820.739624,1254.7124,1217.55469,1739.99,3400.12695,3588.52075
2003-12-19,297.176056,815.222656,1220.04321,1181.953,1713.75,3375.2959,3540.47168
2003-12-20,314.96521,837.822327,1190.69348,1153.72205,1664.10,3379.87305,3502.58203
2003-12-21,373.28299,904.354126,1182.59314,1144.73853,1619.60,3370.28491,3488.07471
2003-12-22,426.560211,990.983521,1218.41064,1181.77551,1582.74,3316.47559,3494.48389
2003-12-23,402.440704,1024.20422,1312.12622,1255.94604,1569.47,3270.70337,3468.07788
2003-12-24,345.382233,1024.01465,1432.8313,1349.68726,1604.50,3260.69165,3409.41431
2003-12-25,301.684784,1011.78601,1491.77881,1403.55603,1677.23,3280.69116,3376.34839
2003-12-26,269.098022,934.324951,1460.33154,1346.35864,1757.56,3365.75903,3375.32568
2003-12-27,251.601532,823.16333,1395.73767,1237.755,1830.20,3521.07861,3411.82031
2003-12-28,242.818985,738.038696,1290.82581,1146.62537,1831.62,3628.85181,3524.73218
2003-12-29,244.757675,686.861267,1153.35181,1079.99695,1729.85,3652.78247,3677.19287
2003-12-30,279.339691,668.756653,1045.90979,1038.06165,1600.51,3632.48511,3752.54492
2003-12-31,322.733795,684.2854,981.267883,1037.19995,1473.52,3603.43677,3867.53296
2004-01-01,311.632843,709.372742,952.78009,1121.61743,1399.10,3353.75952,3822.36499
2004-01-02,270.608276,727.821594,960.584534,1291.19556,1359.84,3123.96899,3634.13721
2004-01-03,241.045303,742.037537,980.698364,1447.36621,1375.21,2969.12061,3393.77197
2004-01-04,219.028198,713.543518,990.721252,1445.18982,1503.17,2887.73535,3192.63257
2004-01-05,206.175568,646.119812,996.905945,1291.22583,1677.72,2860.97485,3048.12622
2004-01-06,198.715179,588.291077,971.905762,1128.58203,1795.35,2762.57422,2872.53931
2004-01-07,193.157776,549.20459,902.705505,1017.06415,1740.91,2851.79712,2819.31372
2004-01-08,188.559006,523.252258,835.231323,957.251526,1573.97,3024.32251,2869.54224
2004-01-09,189.907013,506.567505,789.49585,933.968811,1419.52,3097.34912,3012.42896
2004-01-10,213.208923,494.888855,759.36145,934.11731,1307.22,2969.91797,3172.34961
2004-01-11,247.829071,494.948151,740.081177,959.195923,1251.14,2745.73438,3176.26221
2004-01-12,244.68924,509.572662,725.390259,1037.82605,1232.83,2551.60815,2999.56177
2004-01-13,214.173279,532.939087,718.807129,1172.87146,1242.39,2413.1875,2777.46436
2004-01-14,191.796158,553.902527,723.98584,1271.23425,1280.04,2337.32495,2600.36426
2004-01-15,179.819031,542.403931,740.015442,1238.29626,1381.41,2306.0437,2483.38159
2004-01-16,207.562851,500.1763,755.90155,1106.20667,1512.52,2316.23364,2423.51953
2004-01-17,269.002136,460.119507,746.32019,986.645447,1567.44,2368.4585,2406.19751
2004-01-18,269.705048,434.085388,704.137512,975.962158,1494.20,2484.18994,2428.8606
2004-01-19,222.546219,436.400238,657.388428,1187.28198,1353.17,2618.49365,2500.08447
2004-01-20,190.556686,489.079926,625.177673,1406.98938,1247.52,2645.44946,2631.62695
2004-01-21,168.470123,513.611511,616.534729,1348.95569,1284.55,2520.30127,2744.49976
2004-01-22,168.869659,471.322021,658.332275,1158.03345,1520.00,2335.76123,2716.77417
2004-01-23,166.670319,427.050812,690.478271,997.545349,1658.48,2202.14648,2558.16626
2004-01-24,153.618179,394.930206,654.03595,911.50177,1531.29,2242.73218,2380.96338
2004-01-25,149.50119,385.432526,603.082397,930.68927,1339.13,2522.18799,2285.41943
2004-01-26,168.591385,387.448395,566.104492,945.933411,1191.21,2669.76709,2421.48267
2004-01-27,213.361557,379.090546,549.123108,901.369995,1133.73,2496.54199,2703.29468
2004-01-28,232.145508,367.183502,548.90686,876.200134,1160.79,2258.88965,2732.42212
2004-01-29,205.22966,370.241089,541.315613,943.943848,1150.89,2077.63257,2510.81226
2004-01-30,170.433258,401.605103,527.844849,1162.67456,1099.93,2010.68726,2286.96484
2004-01-31,143.744598,426.536835,524.343262,1311.9248,1094.69,2034.72803,2136.45312
2004-02-01,125.066727,408.029816,545.967346,1224.74744,1197.72,2122.3728,2215.57349
2004-02-02,115.191193,367.556641,571.217224,1063.74438,1427.31,1932.91577,2108.35645
2004-02-03,111.626114,332.572144,557.084717,928.078308,1500.75,1929.98486,2067.81616
2004-02-04,111.961975,306.779114,514.339172,829.527283,1364.33,2069.95215,2013.56091
2004-02-05,111.995651,290.272919,474.74353,772.481262,1206.07,2308.52539,2049.71899
2004-02-06,108.801659,281.359589,444.898529,750.914368,1074.25,2353.7749,2243.12109
2004-02-07,103.828857,277.693451,424.745422,753.822083,983.62,2175.95215,2444.3457
2004-02-08,106.363091,274.816681,413.576141,768.365845,933.94,1979.96277,2398.8396
2004-02-09,115.200058,269.042145,407.482544,782.318176,919.84,1820.58655,2196.72681
2004-02-10,113.201149,260.591858,401.740723,770.005798,925.62,1713.29114,2012.17834
2004-02-11,103.504036,255.49884,393.347229,744.421814,938.11,1662.36719,1877.87048
2004-02-12,97.1078873,260.450348,382.050262,739.038696,951.48,1650.32605,1790.21326
2004-02-13,92.9554214,260.674683,372.788452,729.068176,929.47,1655.38367,1751.1449
2004-02-14,89.1889801,249.798874,373.918274,700.667969,906.36,1658.26648,1743.66895
2004-02-15,86.1277771,239.879379,373.782257,675.582581,901.40,1644.68152,1746.89465
2004-02-16,84.429184,232.264633,362.116608,660.28064,882.65,1610.6156,1744.55042
2004-02-17,84.7097015,225.411758,349.399078,654.893066,850.49,1586.48181,1722.72791
2004-02-18,86.6055222,219.248032,339.378815,655.282837,824.72,1574.91174,1688.11621
2004-02-19,87.2072983,214.212631,330.371948,654.845581,809.50,1541.52356,1671.07629
2004-02-20,87.0757599,211.066696,322.007599,654.297119,803.99,1496.93896,1654.03479
2004-02-21,109.645409,210.754059,314.794403,659.906067,802.03,1460.52185,1613.99622
2004-02-22,154.990631,210.888016,309.274689,674.598083,798.56,1435.24353,1574.12366
2004-02-23,167.804291,213.686295,306.681824,686.527039,796.91,1421.07556,1541.14551
2004-02-24,165.239166,227.946671,304.873383,712.68689,803.66,1411.50769,1519.46973
2004-02-25,173.823715,267.210846,305.362244,772.538025,816.21,1403.05762,1508.60388
2004-02-26,153.27504,290.258392,314.391724,799.357178,827.14,1398.85083,1499.57776
2004-02-27,117.510849,282.542206,348.541595,790.140747,862.53,1402.97449,1490.92676
2004-02-28,93.1255035,285.933075,376.027863,865.490601,918.22,1415.98682,1488.07532
2004-02-29,86.4646149,273.16217,369.424927,917.531799,917.39,1583.84705,1652.9292
2004-03-01,115.844582,235.699463,368.719604,832.94458,924.98,1502.26941,1516.84521
2004-03-02,177.125153,203.161194,359.864899,736.935425,1012.65,1572.2616,1558.27405
2004-03-03,194.665268,185.839401,323.484497,693.618713,1019.68,1570.32849,1640.3114
2004-03-04,154.844833,196.253403,287.058014,794.188904,914.48,1579.54272,1686.72961
2004-03-05,115.199303,248.646225,265.048279,1152.50525,833.20,1645.19263,1674.2063
2004-03-06,85.6031265,287.015656,267.796021,1461.4425,815.04,1612.68347,1711.73755
2004-03-07,69.0738525,263.637146,312.300354,1408.12512,991.39,1476.8324,1751.28003
2004-03-08,68.4388275,220.963852,357.125519,1172.72925,1383.75,1378.52173,1658.09607
2004-03-09,96.7116852,198.885193,343.47171,955.480713,1590.59,1375.0918,1523.44983
2004-03-10,127.407494,207.227921,300.873077,802.926758,1444.16,1602.11194,1449.94568
2004-03-11,133.756363,223.1987,279.294922,732.958984,1202.90,2016.77087,1508.17603
2004-03-12,187.185654,261.086334,295.810028,760.627991,1003.20,2194.4668,1824.51257
2004-03-13,244.446411,329.544403,325.905548,832.507751,873.63,2017.71472,2203.97729
2004-03-14,209.938202,368.729065,360.117279,870.987488,838.74,1771.48657,2248.45703
2004-03-15,147.035095,396.718811,416.632599,847.556335,892.78,1600.27527,2017.48853
2004-03-16,101.523254,421.996704,453.249786,816.688721,955.66,1501.92139,1790.90906
2004-03-17,71.7524643,372.554901,468.68335,829.092346,969.32,1510.66418,1644.79224
2004-03-18,61.847065,281.251678,488.886261,809.551941,930.56,1620.2843,1576.55542
2004-03-19,67.1549911,211.847076,450.790955,765.991333,911.22,1698.75171,1627.62415
2004-03-20,84.7867508,167.725845,358.786072,751.509338,919.40,1729.02917,1743.65222
2004-03-21,168.552414,147.119247,283.813599,747.77417,885.75,1698.16541,1801.45581
2004-03-22,354.997803,147.623672,236.859421,756.086304,851.29,1613.15027,1810.34204
2004-03-23,480.998077,175.650208,210.486328,818.399414,840.74,1528.09094,1756.61304
2004-03-24,448.179749,256.390381,203.389252,1078.16565,837.35,1431.25366,1669.71228
2004-03-25,401.75058,423.628448,223.472931,1575.73206,853.89,1357.23657,1580.76904
2004-03-26,355.059021,572.049133,290.054169,1966.41174,960.35,1324.77466,1485.39563
2004-03-27,256.834991,566.708618,441.925049,2054.79053,1302.13,1319.9834,1427.40051
2004-03-28,171.320587,496.586365,603.55365,2113.1582,1810.68,1365.87598,1403.29102
2004-03-29,123.79599,444.794128,626.823792,2018.49072,2099.48,1561.87231,1411.90845
2004-03-30,173.027618,361.601593,556.299561,1677.12622,2162.96,2070.65186,1489.99121
2004-03-31,413.359741,271.483826,502.34079,1371.34546,2298.36,2991.05688,2107.17383
2004-04-01,633.193909,224.235489,431.570465,1175.87927,2107.35,3258.91919,2701.3916
2004-04-02,761.641968,269.34671,358.310547,1365.69971,1759.00,3254.26758,3238.71313
2004-04-03,865.887451,540.735168,366.534119,2551.25269,1504.32,3233.58057,3350.56714
2004-04-04,789.55719,868.308167,472.703247,3869.61621,1386.79,3005.15308,3352.15063
2004-04-05,652.786621,1038.2533,768.862793,4322.87354,1898.70,2590.677,3203.27002
2004-04-06,608.69696,1142.30212,1138.52051,3931.49438,3285.91,2367.92505,2837.13916
2004-04-07,588.660461,1124.32776,1324.34973,2993.52563,4383.57,2452.59351,2570.68774
2004-04-08,587.135193,1036.79944,1409.63342,2266.51074,4529.09,3414.33057,2479.64404
2004-04-09,629.850403,1106.44995,1396.65967,1995.8667,3916.23,5228.01855,2777.82764
2004-04-10,648.469666,1234.6283,1293.16125,2010.9823,2944.57,6422.20996,4104.771
2004-04-11,599.787354,1340.5321,1327.31042,2137.9873,2442.08,6590.80029,5872.13916
2004-04-12,582.743774,1435.14111,1451.47241,2360.24292,2392.45,5897.82861,6744.9248
2004-04-13,733.839172,1497.40991,1576.54187,2636.7937,2566.08,4918.01221,6582.96631
2004-04-14,972.242798,1468.2616,1729.99158,2748.51294,2792.37,4516.18896,5660.57275
2004-04-15,1321.3407,1496.89868,1908.89099,2728.29932,3047.22,4684.03125,4805.45068
2004-04-16,1870.63635,2165.31543,2004.10925,2944.01855,3259.68,5077.81836,4616.97266
2004-04-17,2322.88037,3632.06934,2044.875,3949.05908,3396.45,5464.81445,4896.83252
2004-04-18,2521.06934,5581.7832,2567.17603,5700.54297,3742.42,5799.99072,5299.63818
2004-04-19,2779.04321,6759.83691,3962.48291,7423.06787,4794.47,5984.82959,5674.84082
2004-04-20,2865.39258,6792.59277,6273.17578,8714.15137,6714.29,6306.56836,5977.45996
2004-04-21,2391.63965,6362.49512,8257.31543,9233.57715,8756.46,7697.6665,6134.45654
2004-04-22,1743.52185,5720.43262,8934.68066,8836.37207,10373.34,10865.6484,6736.93506
2004-04-23,1230.81409,5126.14258,8653.19824,7590.05908,11428.94,15469.2627,8627.10254
2004-04-24,910.785828,4238.51953,7776.84521,5760.02197,11385.15,19219.1758,12460.9053
2004-04-25,787.719482,3217.36743,6719.44922,4184.53613,10339.16,21254.9121,16997.7441
2004-04-26,770.012878,2478.16064,5419.85791,3254.33716,8502.79,21826.1465,20128.7656
2004-04-27,745.129395,2002.11975,4076.86719,2756.61157,6405.35,20472.4688,21714.6855
2004-04-28,713.178284,1738.7981,3094.3186,2523.84106,4900.65,17851.2012,21639.2715
2004-04-29,730.285034,1639.35132,2495.33423,2401.41211,3968.26,14355.8213,19779.8633
2004-04-30,723.056763,1658.46448,2162.01831,2326.80591,3495.53,11058.7949,17090.6328
2004-05-01,697.35437,1638.11401,1995.29309,2286.57324,3247.40,8690.94922,13454.1777
2004-05-02,650.352478,1589.03284,1961.55371,2177.00122,3158.53,7283.41504,10248.6816
2004-05-03,608.811829,1494.21582,1923.43164,2033.20129,3095.46,6446.28223,8268.05859
2004-05-04,620.533997,1371.53406,1852.99963,1949.63782,2981.42,6064.62012,7076.24463
2004-05-05,616.228943,1301.25049,1745.84375,1847.17639,2775.36,5980.32178,6394.67188
2004-05-06,585.658142,1222.0824,1608.32129,1792.90759,2575.79,5828.34082,6095.28857
2004-05-07,573.556641,1192.12219,1524.87866,1828.69128,2435.38,5552.63379,5999.15527
2004-05-08,589.974121,1197.09216,1445.50732,1890.5448,2307.37,5158.18457,5858.39404
2004-05-09,576.503357,1178.37183,1403.97705,1994.66113,2311.77,4792.70605,5593.48682
2004-05-10,539.779175,1162.08044,1412.72791,2141.38599,2409.82,4559.60693,5179.21289
2004-05-11,617.165466,1152.12195,1406.65173,2265.96167,2520.71,4405.47266,4837.625
2004-05-12,901.020386,1151.3175,1404.44446,2232.23755,2658.50,4444.52734,4633.64453
2004-05-13,1380.3551,1218.48865,1444.68665,2217.51807,2840.62,4586.9458,4586.26221
2004-05-14,1834.09802,1489.51794,1553.94226,2540.50244,2980.35,4703.01562,4738.56592
2004-05-15,1952.61365,2139.45093,1732.04858,3434.35107,3101.83,4846.0459,4874.78516
2004-05-16,1938.46802,3268.20288,2081.79443,6182.2959,3569.77,5117.30566,4946.05371
2004-05-17,2113.45508,4403.42236,2809.00537,10375.9961,4766.47,5577.23682,5100.41846
2004-05-18,2257.57227,4752.59814,3968.26367,11989.2783,7638.69,6432.97363,5426.83154
2004-05-19,2505.98999,4633.7168,5324.56592,10548.8252,12270.78,7848.7417,6021.61963
2004-05-20,4384.3457,5021.67871,6208.59619,9365.63477,15833.51,10223.4336,7272.40234
2004-05-21,7156.42334,6178.22412,6573.28613,10890.4814,15736.95,14894.375,9489.46582
2004-05-22,7597.29346,8139.28516,7267.68066,16562.5938,13936.53,21354.5586,12844.5156
2004-05-23,5966.09619,11025.5283,8718.08008,22946.1035,13858.21,26025.5801,18334.7207
2004-05-24,4331.81201,13739.6934,10729.2871,24014.6973,17202.82,26451.6113,24631.7598
2004-05-25,3227.46899,13644.457,13106.9717,19374.207,23512.06,25404.7266,27645.4316
2004-05-26,2575.62817,10846.9521,15410.4395,13386.833,28095.33,26730.5762,26914.9062
2004-05-27,2197.4458,7931.41162,15390.5859,8894.99609,26584.47,31943.7148,26154.5156
2004-05-28,1923.42017,5898.12451,12572.7793,6203.17871,20901.08,40258.6172,28594.1152
2004-05-29,1700.39929,4742.24072,9414.35645,4939.39355,15151.96,46100.7617,35072.1367
2004-05-30,1620.44165,4174.80078,7178.6543,4499.34375,10926.15,43473.8125,43324.6328
2004-05-31,1564.24512,3905.46216,5913.49658,4379.99805,8417.96,34869.8984,46796.3906
2004-06-01,1440.78174,3799.39893,5297.31104,4388.68896,7276.42,26504.7227,41458.918
2004-06-02,1311.19055,3657.42285,4963.56689,4343.45703,6739.60,20574.0762,32347.416
2004-06-03,1244.18445,3418.32935,4781.37598,4104.01855,6391.52,16993.873,24708.2148
2004-06-04,1421.08484,3244.05298,4689.34863,4040.65161,6249.64,15234.8223,19506.4941
2004-06-05,1951.99841,3249.48218,4541.03174,4419.94824,6217.84,14211.1328,16591.4531
2004-06-06,2536.43506,3515.39453,4379.76172,5091.26074,6295.51,13392.9824,15119.6875
2004-06-07,2659.82593,4015.63721,4397.72461,6070.63232,6708.59,12874.54,14126.8877
2004-06-08,2361.75537,4603.2417,4717.29541,7243.46094,7498.07,12558.7354,13396.8379
2004-06-09,2046.70508,5101.17383,5215.71191,7676.61523,8562.00,12624.6709,12988.2568
2004-06-10,1887.56958,5219.15039,5850.27979,7129.60596,9794.27,13434.1348,12836.8906
2004-06-11,1792.95178,4938.29785,6612.05957,6406.86279,10677.60,15070.8926,13498.1074
2004-06-12,1680.77991,4695.84619,7289.0332,5853.76709,10482.90,17339.959,15388.4072
2004-06-13,1738.12769,5013.03711,7969.4375,5657.16406,9723.75,20151.4062,17775.127
2004-06-14,2049.24878,5787.4458,8798.74805,5884.63818,9215.61,22862.2793,20114.6504
2004-06-15,2400.03857,6288.72217,9912.15723,6177.271,9064.21,24111.2305,22675.1953
2004-06-16,2639.22192,6407.93896,10744.166,6218.01758,9319.36,24034.5762,24614.7656
2004-06-17,2600.03418,6541.54834,10603.585,6118.93066,9641.68,23835.4414,24975.2969
2004-06-18,2406.39478,6649.31201,10004.7441,6226.15039,9576.71,23918.168,24661.4961
2004-06-19,2639.32056,6588.39697,9551.46387,6474.24121,9252.27,23952.3262,24696.5137
2004-06-20,3008.07422,6387.16748,9287.83301,6609.86035,9050.09,23905.6777,24984.0391
2004-06-21,3408.22119,6258.43018,9093.33789,7083.89355,9585.06,23396.8613,25048.7656
2004-06-22,4279.40186,6607.86865,8833.54688,8006.125,10099.37,22375.9844,25209.2227
2004-06-23,5085.63525,7154.20264,8569.74805,8425.26953,9937.12,21866.3828,24321.457
2004-06-24,5396.25732,7528.0083,8660.75098,8445.10254,10109.11,22321.5586,23462.1738
2004-06-25,4793.07568,7901.94287,9113.99707,8928.65527,10616.09,22497.8789,23275.166
2004-06-26,3658.91309,8104.33643,9583.1377,9775.32812,10595.59,21626.4492,23538.1602
2004-06-27,2820.2854,8029.14307,9950.29199,10984.3838,10530.03,21421.377,23024.7285
2004-06-28,2238.22949,7407.11328,10072.1299,11343.1514,10974.58,21871.2051,22015.8223
2004-06-29,1992.94714,6279.12598,9898.0957,10029.2959,11812.63,21939.5547,22018.3848
2004-06-30,2077.93384,5370.17285,9267.65137,8584.18066,12928.41,22090.9062,22446.7246
2004-07-01,2185.75537,4970.49561,8147.07666,7624.77246,12976.14,22453.0664,22388.3008
2004-07-02,2143.47388,5101.39404,7131.53174,6915.47705,12126.61,23000.0547,22550.8184
2004-07-03,2073.32764,5382.13281,6640.91455,6451.36963,11625.34,23447.4492,22990.707
2004-07-04,2097.51929,5498.31836,6737.10352,5996.94873,11094.45,22559.2812,23687.6348
2004-07-05,2163.12671,5664.95264,7015.51318,5754.80225,10573.72,21240.4004,23946.1758
2004-07-06,2129.15454,5731.14209,7155.72998,6197.17627,10081.89,20935.5371,22786.6348
2004-07-07,2151.89771,5582.8877,7428.81738,6827.06201,9288.91,21068.4219,21888.9316
2004-07-08,2726.95166,5638.89502,7660.28955,6920.95703,9076.18,21194.8027,22002.0762
2004-07-09,3966.32666,5892.80908,7601.03711,6814.0293,9858.84,21225.6016,22095.4219
2004-07-10,5114.11914,6330.10059,7719.41113,7657.89453,10555.28,20775.8301,22214.0098
2004-07-11,6001.42188,7447.30615,8061.98389,10019.9912,10732.66,20538.2344,22227.0078
2004-07-12,6816.98877,9149.8457,8532.60938,13055.9033,11062.39,21245.9004,21781.6211
2004-07-13,6704.84277,10649.2871,9623.4082,15364.2139,12562.41,22451.1309,21784.6973
2004-07-14,5707.25293,11559.5049,11651.7656,16153.3115,15388.57,23172.5078,22675.8262
2004-07-15,4656.08594,12143.0996,13826.4287,15930.2207,18348.89,24096.373,23692.8477
2004-07-16,3810.51636,12074.0127,15170.4121,15147.124,20220.03,27412.0645,24214.7168
2004-07-17,3522.45532,11353.8174,15936.8789,13465.0684,20715.55,33117.418,25677.998
2004-07-18,3794.74585,10547.8945,15905.1436,11368.0879,20290.23,38355.8203,29881.0098
2004-07-19,4344.24854,9512.38379,14879.0469,9816.62305,18916.59,41101.2422,35642.3516
2004-07-20,5573.44678,8629.21777,13547.2354,9138.71387,16453.29,41827.5977,39989.7422
2004-07-21,6836.08447,8349.95801,12138.0137,10070.4053,13877.21,40846.8125,41943.8789
2004-07-22,6740.93652,8506.12012,11058.8604,14368.6328,12205.26,37808.1406,42283.0352
2004-07-23,5611.22803,9331.53906,10675.8574,20053.2988,11779.33,33301.5703,40727.5938
2004-07-24,4450.67334,10731.3613,10870.6104,21835.834,13692.27,28718.4688,37102.4336
2004-07-25,3750.02637,11339.5059,11778.9854,19435.1719,19091.37,25716.582,32376.9629
2004-07-26,3360.43701,10467.9707,13273.582,15576.3379,24431.71,25020.9629,28203.6934
2004-07-27,3046.14746,8873.25293,14061.2393,11967.8281,25126.74,27460.3535,25932.584
2004-07-28,2748.70654,7453.46875,13284.1836,9852.70703,22116.99,34227.5352,26151.7988
2004-07-29,2479.94116,6638.16699,11547.8486,8991.5957,18094.39,41317.7695,30043.5234
2004-07-30,2416.77686,6359.84033,9849.86523,8481.78906,14786.63,42629.2891,37589.0469
2004-07-31,2435.13062,6205.56396,8915.46875,7907.27344,13056.65,38351.293,43032.6484
2004-08-01,2361.14575,5875.36621,8760.69531,7220.11279,12197.23,32192.8574,42070.2461
2004-08-02,2391.35547,5606.14062,8726.79102,6522.12158,11481.00,27082.6211,36819.2148
2004-08-03,2482.34521,5672.08838,8363.90527,6054.41309,10615.51,24637.5723,30710.3086
2004-08-04,2506.16113,5896.60205,7994.39648,5972.17773,9676.20,23880.75,26495.7969
2004-08-05,2626.88428,6106.10791,8007.23291,6509.35742,9194.12,23117.2871,24788.0566
2004-08-06,3197.4873,6461.69238,8183.65576,7443.28076,9140.34,21695.5176,24170.6426
2004-08-07,3635.80347,6919.86914,8347.64453,8235.02734,9598.49,20319.9121,23246.916
2004-08-08,3479.41772,7457.42578,8661.80664,8860.37891,10707.26,20068.4688,21693.627
2004-08-09,3149.75586,8318.13477,9056.48926,9154.76562,11749.27,20372.918,20618.2246
2004-08-10,2767.90967,8814.13477,9551.44434,9182.76953,12273.89,20977.9609,20731.1367
2004-08-11,2622.80273,8357.86133,10388.4932,9341.36133,12486.13,22348.8262,21212.4531
2004-08-12,2760.37939,7554.57959,11121.4297,9262.9248,12543.75,23833.0098,22178.8164
2004-08-13,3083.22852,6739.35352,10956.8125,8846.29102,12951.57,24997.0195,24101.6895
2004-08-14,3198.2002,6096.51221,10104.7881,8411.30273,13564.82,26530.1016,25793.3848
2004-08-15,3055.94336,5691.74023,9077.60645,8187.29053,13340.72,27932.1621,26935.5527
2004-08-16,3107.71338,5650.00391,8234.93652,7910.50684,12446.34,28661.1367,28224.5605
2004-08-17,3257.58081,6037.04541,7768.52686,7179.18115,11573.02,28309.8926,29153.6504
2004-08-18,3130.64746,6436.68457,7612.19775,6621.55273,11021.90,26225.7617,29326.4082
2004-08-19,2894.24512,6810.28955,8062.35205,6607.87207,10484.14,23706.0605,28237.4648
2004-08-20,2846.51392,7197.55225,8865.28613,6908.79346,9766.37,21713.6836,25900.5234
2004-08-21,2734.08716,7297.69922,9492.79492,7945.52734,9666.92,20813.0273,23553.5781
2004-08-22,2525.03394,6824.13574,9893.18945,9171.52734,10139.23,21060.5332,21833.5215
2004-08-23,2286.7478,6154.71387,9827.9873,9264.16504,10765.02,21493.209,21293.8398
2004-08-24,2100.36499,5624.14258,9019.39746,8372.78613,11838.81,22378.1582,21597.1035
2004-08-25,2095.11865,5083.93604,7955.99072,7130.146,12374.09,23416.7266,22103.9629
2004-08-26,2131.30884,4701.38281,7156.4458,5975.04004,11607.10,23558.5391,23176.0508
2004-08-27,2146.65942,4648.40674,6517.84961,5422.17773,10254.00,23204.2285,24032.5312
2004-08-28,2284.31714,4836.79248,6160.146,5570.16895,8824.98,22261.543,23987.8711
2004-08-29,2498.96802,4990.92383,6149.2627,6233.45801,7786.05,20350.4727,23485.0352
2004-08-30,2509.83813,5136.62939,6315.90967,7143.79883,7443.45,18170.2188,22190.207
2004-08-31,2630.71606,5318.54199,6407.64453,7361.5918,7674.91,16436.1211,20147.3711
2004-09-01,3128.36353,5503.51807,6470.39307,6842.03223,8361.84,15521.0537,18083.8301
2004-09-02,3508.61279,5638.79492,6652.93457,6583.49561,9132.91,15445.6621,16552.252
2004-09-03,3749.28076,6036.54346,6900.69873,7009.76172,9123.23,15790.3398,15925.667
2004-09-04,4062.18921,6873.93262,7139.33008,7750.51465,8794.47,16650.6289,16015.7061
2004-09-05,4036.78882,7651.88672,7547.97461,8212.25098,9006.06,17770.2891,16427.4883
2004-09-06,3631.948,8016.71924,8279.21289,8462.75684,9853.93,17950.1621,17416.6934
2004-09-07,3250.39136,8190.48438,8980.8291,8578.34863,10629.05,17776.3926,18244.3691
2004-09-08,2938.57642,8250.99219,9284.59766,8342.68945,10768.16,18545.6992,18094.0156
2004-09-09,2849.82031,7802.8916,9530.45801,8122.17578,10764.29,20252.375,18155.2246
2004-09-10,3331.60132,7091.79248,10160.0293,8287.12695,10642.89,21658.8086,19356.8008
2004-09-11,3801.4895,6651.4707,10628.6094,8660.58496,10434.39,22481.9922,21326.7949
2004-09-12,3590.41577,6667.67334,10527.9004,9266.03418,10684.82,24137.6738,22838.3887
2004-09-13,3528.90869,7163.28418,10251.5361,10616.5098,11403.04,26099.5293,24129.8613
2004-09-14,4277.78809,8297.6748,10338.6826,12665.5811,12396.37,27114.0547,26148.7949
2004-09-15,4886.47266,9830.51562,11020.9355,14365.7236,14244.14,27782.1953,27785.4727
2004-09-16,4374.42627,11194.4355,12282.625,15473.5312,17300.10,29232.6582,28455.7637
2004-09-17,3410.56812,11928.7354,13778.9258,15665.4697,20466.46,31706.4531,29248.3203
2004-09-18,2714.9895,11562.4912,15003.792,14406.7783,22315.95,35163.4609,31143.6523
2004-09-19,2345.24316,10012.0508,15504.2832,12082.0332,22694.48,39783.9883,33869.3398
2004-09-20,2234.56836,8086.67334,14937.1152,9446.5,21511.53,44029.0469,37806.6836
2004-09-21,2180.9458,6659.5166,13302.1689,7442.79395,18997.33,45996.8789,42442.7148
2004-09-22,2135.30835,5863.16504,11200.5947,6371.72754,15913.64,45367.8945,45993.8594
2004-09-23,2067.48291,5451.03223,9529.48535,5924.45459,12879.85,42348.4766,47112.7617
2004-09-24,2094.05127,5179.07275,8498.09961,5670.99902,10590.11,37413.4297,45634.0273
2004-09-25,2162.27148,5046.21045,7879.20996,5522.04688,9312.71,32007.8047,41689.668
2004-09-26,2127.50488,5132.39893,7483.3877,5382.56201,8685.29,26954.543,36227.2383
2004-09-27,2013.01575,5388.72021,7286.90576,5176.6582,8254.29,22844.2539,30724.1211
2004-09-28,1886.1947,5567.40088,7338.25,4966.38135,8084.28,20265.6562,25815.8105
2004-09-29,1843.42822,5509.8501,7572.65723,4677.72119,7956.54,18923.7148,22161.4863
2004-09-30,1928.18164,5237.58643,7772.92139,4507.50293,7637.11,18300.9531,19943.2637
2004-10-01,1988.55029,4881.45654,7704.88477,4494.49854,7192.08,18376.9609,18978.3926
2004-10-02,1905.02478,4619.97705,7347.23975,4435.78027,6734.00,18644.3984,18854.7715
2004-10-03,1772.63062,4501.93457,6852.67188,4316.32031,6522.29,18577.293,19329.7461
2004-10-04,1782.4928,4382.47461,6489.83838,4189.41846,6393.79,17893.3828,19786.7949
2004-10-05,1862.37097,4258.58789,6307.28516,4058.99365,6196.80,16754.6719,19518.8828
2004-10-06,1924.44128,4257.03809,6095.98633,4119.37939,6018.54,15761.0342,18415.7188
2004-10-07,2420.30469,4628.28906,5925.48242,4742.84033,5840.38,14961.8057,17069.3398
2004-10-08,3415.62378,5382.1377,5974.62451,5695.8335,5716.99,14333.8262,15945.3408
2004-10-09,4226.10791,6172.72461,6434.84668,7027.44336,6331.62,13918.5693,15055.8682
2004-10-10,4354.38965,7077.44629,7284.51514,9670.5625,7726.37,13614.9541,14472.6885
2004-10-11,3902.27075,8045.78076,8087.9165,13177.4434,9177.51,13533.8047,14102.7949
2004-10-12,3073.42822,8551.7959,8864.24023,14586.0986,10965.89,14600.8857,13984.0938
2004-10-13,2271.35596,8131.84326,9674.96387,12836.4932,13754.18,16864.2324,14658.5645
2004-10-14,1796.49902,7087.63965,10100.0967,10064.9131,16516.20,19534.498,16580.7461
2004-10-15,1580.95374,5922.20752,9781.89941,7461.84326,16580.82,22401.4375,19099.7656
2004-10-16,1677.91187,4981.69824,8968.03613,5511.87305,14111.49,26095.3828,21938.5898
2004-10-17,1971.67786,4607.3833,8080.5127,4520.81543,11269.36,29413.4199,25199.8789
2004-10-18,2100.90601,4558.79688,7235.03223,4211.87256,8857.73,29553.0352,28905.7461
2004-10-19,1894.89636,4544.86523,6812.93848,4361.13379,7280.38,26817.4219,31004.5156
2004-10-20,1585.78796,4505.57959,6834.625,4816.69971,6393.94,23049.0156,29650.6738
2004-10-21,1358.18604,4317.39844,6680.7832,5336.77148,5977.48,19314.8672,26156.9023
2004-10-22,1210.85425,3884.25928,6266.9668,5244.98291,5997.36,16867.7852,22088.7441
2004-10-23,1136.30017,3377.90454,5797.12402,4440.90723,6337.37,15293.2744,18626.6543
2004-10-24,1092.17371,3003.05713,5198.24268,3620.97485,6638.44,14054.9658,16541.7832
2004-10-25,1059.54541,2767.24268,4574.06055,3057.8645,6227.64,13261.5195,15068.6055
2004-10-26,1029.21851,2623.5293,4113.49512,2730.99048,5309.85,12921.7803,13946.0352
2004-10-27,1004.24402,2521.40747,3823.71704,2578.00854,4531.31,12486.5723,13315.4502
2004-10-28,1000.77521,2439.68579,3636.88989,2512.90796,3996.85,11433.7871,12985.1553
2004-10-29,1007.19318,2386.0686,3507.1792,2480.5835,3695.02,10084.7959,12353.6396
2004-10-30,998.861511,2361.81909,3395.77075,2463.74072,3548.87,9014.45898,11124.6611
2004-10-31,974.403076,2369.5564,3303.76367,2451.6438,3484.08,8284.57715,9816.9873
2004-11-01,931.062195,2358.50586,3247.75146,2417.0957,3443.84,7837.56836,8869.41016
2004-11-02,884.882141,2308.66406,3232.97241,2416.93481,3413.09,7565.93213,8246.22266
2004-11-03,839.9198,2248.87231,3211.28052,2471.88574,3386.51,7411.94824,7867.90283
2004-11-04,795.210693,2154.81274,3152.43506,2462.96094,3347.12,7323.87842,7639.36768
2004-11-05,763.140076,2047.33264,3075.33105,2364.2749,3351.71,7275.90723,7512.75977
2004-11-06,736.459473,1953.62195,2963.34277,2243.96045,3375.85,7214.77197,7441.51123
2004-11-07,713.448914,1870.99316,2832.91333,2134.24878,3314.57,7105.18799,7392.35059
2004-11-08,692.480103,1806.54675,2716.06616,2056.55981,3192.19,7020.70508,7315.10889
2004-11-09,673.331299,1755.15002,2614.02637,2004.49255,3066.23,6920.01074,7207.49365
2004-11-10,655.04834,1708.30029,2529.94312,1967.08521,2950.50,6700.2915,7126.13525
2004-11-11,637.8526,1664.64734,2465.86719,1935.98035,2860.63,6462.54443,6993.25391
2004-11-12,622.045776,1627.66846,2417.10815,1908.32458,2795.01,6238.61572,6751.39062
2004-11-13,606.67926,1588.74731,2374.54565,1880.07898,2743.51,6053.02539,6517.78174
2004-11-14,593.372742,1547.77625,2337.26855,1851.03333,2699.65,5915.55566,6298.29248
2004-11-15,580.709106,1511.22046,2292.84277,1822.87476,2660.90,5801.59131,6127.30469
2004-11-16,566.905457,1476.57593,2226.88892,1793.39514,2621.15,5699.65283,6000.31299
2004-11-17,552.562317,1445.30383,2159.47095,1764.84155,2580.49,5616.06738,5890.01318
2004-11-18,538.820984,1416.20312,2101.07788,1737.7583,2540.21,5524.52197,5793.45996
2004-11-19,525.694214,1384.83093,2050.0647,1712.14661,2499.10,5412.22363,5711.0376
2004-11-20,513.55072,1352.1167,2006.41907,1687.54907,2459.76,5302.31006,5611.54443
2004-11-21,505.834625,1320.64343,1963.31506,1663.34558,2422.63,5201.82568,5496.79639
2004-11-22,501.424591,1290.32544,1919.28491,1639.52234,2387.29,5109.57373,5391.32324
2004-11-23,492.363281,1262.01709,1876.15625,1618.00085,2352.95,5025.35107,5296.29883
2004-11-24,479.097748,1240.29004,1834.80371,1600.82336,2319.18,4944.50244,5207.03711
2004-11-25,471.555725,1231.84131,1795.88904,1592.35034,2286.54,4869.49902,5123.6665
2004-11-26,470.92038,1223.24915,1763.0835,1599.23706,2258.32,4797.82715,5044.50342
2004-11-27,469.627625,1202.80444,1745.29968,1612.20837,2241.36,4726.14844,4970.29541
2004-11-28,455.641602,1176.38306,1734.46069,1603.87012,2237.93,4661.61475,4904.0708
2004-11-29,437.574097,1154.27136,1727.50647,1596.48535,2223.04,4664.54834,4886.48535
2004-11-30,435.209869,1166.29309,1741.40161,1663.48486,2191.51,4824.5708,4995.91992
2004-12-01,434.496002,1200.10693,1733.68567,1748.76086,2241.47,5023.25586,5180.23877
2004-12-02,420.442078,1201.42029,1723.18933,1744.31812,2331.28,5157.64209,5301.04053
2004-12-03,400.933319,1161.0155,1758.2771,1675.31836,2500.12,5187.78467,5419.61719
2004-12-04,383.476257,1105.52441,1743.50427,1587.47778,2534.66,5087.57617,5434.37158
2004-12-05,369.233582,1047.64771,1659.66907,1499.81628,2426.33,5233.88184,5308.11865
2004-12-06,358.016235,993.659485,1572.5553,1430.7749,2282.46,5481.43115,5256.15918
2004-12-07,348.580658,952.099182,1490.86597,1380.80273,2144.12,5419.47119,5461.0542
2004-12-08,340.145874,921.019226,1419.86707,1345.33435,2025.83,4994.54443,5648.21729
2004-12-09,332.896393,896.576721,1365.37183,1320.12048,1937.27,4557.07031,5431.59961
2004-12-10,326.723694,875.208557,1323.82422,1298.41223,1869.91,4197.14111,4979.43555
2004-12-11,321.120392,854.319397,1288.81079,1275.7688,1818.89,3928.07178,4551.56543
2004-12-12,313.928284,834.451843,1258.62988,1255.15857,1779.03,3751.72583,4215.23193
2004-12-13,305.352509,816.862244,1229.54517,1238.50183,1743.18,3628.37427,3978.69165
2004-12-14,297.378693,800.229187,1200.59973,1222.05884,1709.29,3535.38501,3822.70898
2004-12-15,289.891632,782.883545,1175.32654,1204.96545,1681.23,3458.58789,3710.87183
2004-12-16,283.125549,764.498718,1151.73596,1187.55627,1657.74,3383.07886,3624.7356
2004-12-17,277.103607,747.062744,1129.67493,1170.61487,1635.26,3310.53296,3549.40576
2004-12-18,271.067413,734.891357,1110.42773,1156.33411,1616.78,3252.13623,3473.10205
2004-12-19,264.846161,733.313416,1091.84631,1144.23975,1604.32,3204.01733,3404.65869
2004-12-20,258.876251,730.236267,1072.72607,1133.13403,1597.96,3164.7063,3350.17627
2004-12-21,255.016815,710.987366,1059.27478,1119.90979,1588.43,3131.74463,3304.05322
2004-12-22,267.124695,685.870056,1047.52942,1101.33423,1563.78,3100.86011,3267.96436
2004-12-23,318.911499,664.098083,1022.05029,1082.45642,1534.68,3095.19653,3234.73535
2004-12-24,364.191254,647.385925,989.387939,1067.53223,1505.10,3102.97241,3208.01978
2004-12-25,348.092346,644.762085,961.002869,1064.94641,1471.98,3065.34204,3213.11426
2004-12-26,303.808014,678.188599,937.789307,1120.77246,1442.93,2987.2063,3210.17944
2004-12-27,267.396515,722.958801,926.099487,1224.18933,1420.90,2904.42358,3153.35327
2004-12-28,246.090439,719.851013,946.260254,1235.61133,1423.27,2827.89062,3071.70776
2004-12-29,236.918961,672.738464,987.412781,1149.69287,1496.41,2768.36304,2989.71436
2004-12-30,227.461182,623.766418,991.637085,1071.8208,1560.65,2857.25732,3039.83838
2004-12-31,215.9534,588.357361,944.578674,1021.62073,1527.42,2889.47754,2984.70508
2005-01-01,207.379089,566.874939,888.072327,1007.47827,1431.18,2998.41748,2968.60449
2005-01-02,199.465576,550.514282,844.3349,1003.52112,1356.79,3065.77637,3030.84546
2005-01-03,191.978027,531.459351,815.187439,977.556702,1312.39,2985.94897,3154.354
2005-01-04,187.941544,515.095154,793.726257,945.882996,1316.40,2845.52222,3179.11865
2005-01-05,195.164688,500.846222,770.206482,921.554199,1301.42,2617.84937,2946.30957
2005-01-06,213.414368,489.024475,748.515686,902.378052,1266.03,2509.01465,2763.58765
2005-01-07,220.999161,481.580688,729.748596,893.118713,1234.42,2474.50366,2660.86475
2005-01-08,207.399063,482.536102,713.885437,905.631836,1206.47,2434.55371,2601.71899
2005-01-09,188.64653,491.941895,701.612366,938.387085,1183.26,2378.91943,2569.43018
2005-01-10,176.30481,495.789124,696.3479,964.260437,1174.12,2330.39478,2522.57617
2005-01-11,176.388596,480.812622,699.958496,957.133545,1189.58,2286.76611,2466.64185
2005-01-12,200.6707,456.941742,701.912415,915.527649,1218.00,2249.77856,2420.56909
2005-01-13,233.660721,447.810394,689.41095,883.46991,1232.00,2235.2063,2377.78101
2005-01-14,229.363663,450.245483,669.068176,899.59845,1211.35,2252.86646,2346.00317
2005-01-15,198.14183,460.278046,658.594604,957.82959,1178.33,2277.58325,2341.55103
2005-01-16,172.20787,482.829895,654.648926,1040.91089,1170.47,2275.16626,2365.7981
2005-01-17,152.360809,480.306122,655.914734,1050.72253,1194.83,2239.25977,2383.90698
2005-01-18,141.350922,443.704681,669.567749,962.388611,1253.44,2208.40967,2368.49731
2005-01-19,138.016052,406.203522,666.282776,871.224548,1318.59,2201.4248,2329.02954
2005-01-20,144.530731,377.535675,628.632812,808.571594,1288.02,2222.51929,2305.20312
2005-01-21,168.365158,358.601837,585.017029,772.220215,1182.29,2286.44214,2306.80591
2005-01-22,190.663086,349.464813,551.300415,762.614807,1093.65,2330.01123,2341.23364
2005-01-23,184.310989,349.905914,527.17334,799.044128,1029.13,2254.64111,2412.56006
2005-01-24,177.901428,364.695068,513.064941,922.424561,993.52,2107.85425,2419.39844
2005-01-25,204.556519,386.662018,508.319183,1038.87769,989.06,1986.36096,2307.77832
2005-01-26,232.793716,388.522186,516.985107,1030.5929,1045.60,1899.73584,2163.51782
2005-01-27,217.18634,378.594391,536.206055,956.152222,1178.51,1851.6554,2053.30518
2005-01-28,177.8927,393.265869,539.797729,907.814331,1258.12,1845.4281,1979.24121
2005-01-29,147.03894,419.568878,526.683228,951.9198,1214.65,1915.57617,1943.43042
2005-01-30,128.213165,412.112732,533.453369,984.625488,1139.04,2063.34009,1957.31238
2005-01-31,123.535492,371.066193,558.018555,908.072754,1100.83,2248.84521,2164.77319
2005-02-01,118.871384,329.985992,557.158875,820.474487,1158.89,2067.41772,2178.2417
2005-02-02,114.426651,301.874359,518.124878,768.106628,1154.73,2007.1366,2207.19238
2005-02-03,139.068344,289.431732,472.479095,739.046814,1055.52,2000.51355,2138.6377
2005-02-04,194.240616,286.989075,439.531067,718.497986,979.60,2040.526,2093.08569
2005-02-05,201.592789,286.194824,421.157013,708.924622,931.36,1991.36108,2109.07153
2005-02-06,162.006378,298.820343,414.581604,784.155701,905.03,1852.67529,2132.00952
2005-02-07,131.399826,342.782593,410.606354,1027.34167,881.62,1749.39575,2043.16113
2005-02-08,108.303291,363.319153,416.775543,1210.65979,885.44,1689.25061,1905.67029
2005-02-09,97.8026657,327.665771,453.199982,1111.47888,1004.69,1657.91663,1819.26562
2005-02-10,93.4763184,285.316681,480.41626,927.708374,1269.76,1629.61304,1771.59338
2005-02-11,91.122757,254.34433,451,807.9151,1365.15,1643.42139,1744.86462
2005-02-12,91.5213776,235.757996,403.844269,744.035339,1202.30,1804.85791,1728.72205
2005-02-13,115.520363,227.355209,369.16095,714.851074,1038.01,2077.09644,1789.73022
2005-02-14,256.231354,222.605255,345.946014,692.557983,937.87,2133.29175,2001.33984
2005-02-15,437.547516,224.847733,334.313263,685.303345,888.79,1930.64758,2229.71606
2005-02-16,513.054321,256.849823,328.313385,737.953003,859.34,1731.66772,2180.03906
2005-02-17,518.167786,370.976593,329.303253,961.420715,839.40,1604.45093,1952.33313
2005-02-18,603.987427,557.772888,354.608856,1480.54443,844.25,1541.37476,1777.7616
2005-02-19,767.320312,684.199524,447.157776,2438.16016,937.06,1506.31006,1670.99243
2005-02-20,771.537903,708.655579,626.514465,3476.33032,1242.26,1491.71765,1621.51953
2005-02-21,698.160278,758.354187,767.422913,4292.6123,1883.18,1536.15063,1590.82007
2005-02-22,670.094482,898.830017,805.677551,5042.69727,2938.13,1756.771,1590.52722
2005-02-23,705.421692,967.120544,851.508911,5064.57764,3927.28,2240.0271,1676.177
2005-02-24,744.838257,907.123718,984.96582,4314.98486,4716.21,2988.31006,1983.44348
2005-02-25,762.892029,845.198242,1078.97949,3640.46582,5340.35,4063.46875,2553.63672
2005-02-26,794.730652,846.843994,1022.73163,3226.00269,5039.44,5131.92822,3417.32056
2005-02-27,660.53833,895.732727,946.307678,2971.35327,4221.16,6076.33398,4526.14697
2005-02-28,466.680481,915.90863,930.347351,2795.77905,3636.51,6857.4043,5694.06689
2005-03-01,344.0495,940.64917,970.908752,2583.64307,3269.85,6359.39795,6471.46924
2005-03-02,266.60611,854.990845,996.302246,2193.97827,3045.82,5475.01465,6808.93262
2005-03-03,248.076111,646.548889,1018.50018,1808.19385,2871.52,4891.78906,6172.78076
2005-03-04,273.978027,488.22876,963.814453,1584.93274,2608.87,4564.59521,5345.84863
2005-03-05,381.099091,387.045685,765.868225,1431.70703,2183.78,4353.84033,4872.28711
2005-03-06,487.387604,351.289215,589.678467,1371.92212,1846.51,4197.38428,4598.42529
2005-03-07,595.279053,392.205414,477.981506,1499.85754,1649.86,3828.9939,4407.9292
2005-03-08,924.867981,555.661743,431.085754,1936.34521,1521.20,3198.72266,4200.75586
2005-03-09,1281.6449,745.511108,463.94812,2382.50049,1524.26,2706.76196,3718.57446
2005-03-10,1242.95386,809.436279,613.730103,2948.07129,1785.19,2416.69678,3096.0376
2005-03-11,973.393311,979.324829,828.581543,4319.78955,2312.26,2274.25269,2682.91968
2005-03-12,722.546387,1320.39758,931.542236,5395.26367,2746.65,2356.91943,2440.8374
2005-03-13,538.962891,1412.07434,1060.06116,4970.10449,3512.75,2843.3269,2361.23193
2005-03-14,479.853485,1198.89783,1373.56079,3783.43408,4959.81,3594.19897,2560.73218
2005-03-15,473.442413,955.859436,1529.61426,2719.61841,5593.54,4110.28809,3186.82471
2005-03-16,469.319489,838.342041,1353.81812,2077.57495,4803.55,5048.64453,3882.56152
2005-03-17,458.943451,848.038452,1131.99902,1851.53625,3629.59,6778.6333,4421.78467
2005-03-18,451.647949,838.025208,1036.9989,1843.69165,2704.20,7471.98291,5713.16162
2005-03-19,440.403839,773.73175,1040.46729,1818.36719,2208.15,6557.58838,7308.81152
2005-03-20,433.505951,706.236023,1035.88403,1711.39819,2089.86,5298.20508,7390.53613
2005-03-21,523.158508,685.911682,953.56012,1593.60083,2080.33,4366.96973,6219.9165
2005-03-22,868.055115,719.450256,840.29657,1552.74731,2005.19,3907.52686,5030.42871
2005-03-23,1450.72034,773.236206,779.380737,1592.03699,1868.18,3720.7334,4251.06787
2005-03-24,1899.00232,919.096497,796.696167,1820.90308,1754.98,3530.97046,3920.1084
2005-03-25,1954.67908,1345.11707,870.324402,2546.88501,1736.65,3253.44141,3760.71216
2005-03-26,1765.36182,2068.97266,1071.67297,3728.74731,1832.88,3026.48877,3530.88965
2005-03-27,1633.19556,2771.80469,1565.03394,4844.87793,2266.89,2957.3208,3255.59766
2005-03-28,1515.50757,2995.06812,2340.44849,5499.27197,3304.27,3095.58008,3072.73926
2005-03-29,1312.96155,2695.45166,3114.82275,5639.93799,4602.36,3548.29053,3071.60986
2005-03-30,1236.10791,2291.26978,3414.57007,5607.37549,5612.35,4619.13184,3296.99365
2005-03-31,1295.88733,1994.77173,3090.46704,5307.92334,6149.83,6643.06592,4199.64893
2005-04-01,1227.71667,1729.78577,2572.22461,4388.73047,6130.48,8573.2168,5505.53662
2005-04-02,1016.66315,1557.29102,2194.04785,3500.33765,6039.48,9687.43848,7441.12451
2005-04-03,834.355164,1564.74841,1889.30469,3168.9978,5545.04,9684.18359,9157.63086
2005-04-04,688.316284,1511.9541,1669.18164,2946.99048,4480.69,9144.67871,9901.97949
2005-04-05,610.685364,1282.92212,1648.6239,2592.70142,3697.11,8665.72754,9700.91797
2005-04-06,657.907898,1036.83765,1619.74072,2321.6333,3403.79,7853.16943,9193.27539
2005-04-07,714.009216,845.009888,1406.05566,2134.87061,3107.68,6634.98828,8661.57422
2005-04-08,702.796814,721.451904,1140.82263,1958.03772,2741.58,5808.61572,7609.64697
2005-04-09,751.412354,722.740295,931.98761,1842.27563,2526.39,5322.63916,6291.37842
2005-04-10,830.701477,799.381348,788.020142,1774.13147,2355.32,4771.55566,5675.25098
2005-04-11,866.617981,824.797791,772.995605,1668.96875,2114.49,4160.61572,5235.8418
2005-04-12,893.375549,896.32251,897.933228,1622.72693,2002.50,3775.87598,4571.3252
2005-04-13,867.314453,1055.48315,1031.0824,1701.79297,1914.95,3549.13892,4074.73877
2005-04-14,799.40863,1136.83179,1177.90796,1926.89722,1812.98,3432.5293,3804.67798
2005-04-15,714.112549,1135.86243,1355.69092,2309.04272,1809.43,3474.74634,3593.55127
2005-04-16,601.435669,1077.54797,1404.43323,2581.92651,1921.20,3489.73706,3536.11304
2005-04-17,510.963715,965.299072,1333.03711,2503.36255,2177.25,3542.6604,3576.5166
2005-04-18,473.349976,854.354187,1219.04944,2270.4397,2556.89,3657.354,3577.58203
2005-04-19,492.88797,733.793579,1071.12061,1993.28955,2707.12,3718.20093,3666.6145
2005-04-20,529.674988,625.277161,939.611877,1686.74976,2545.45,3865.74194,3765.66528
2005-04-21,536.374451,576.091797,822.43103,1495.4906,2302.78,4163.10938,3840.77197
2005-04-22,527.667053,592.027405,736.251343,1417.08533,2000.56,4220.03613,4075.20288
2005-04-23,512.37854,628.787781,716.018616,1429.78821,1727.70,3940.02979,4363.38232
2005-04-24,502.903412,633.204895,744.472656,1508.32568,1585.98,3583.39502,4322.38379
2005-04-25,501.497498,625.299255,769.452332,1584.04211,1536.32,3208.48755,3989.76099
2005-04-26,570.333496,649.077087,746.254639,1595.2572,1571.32,2923.29199,3605.05151
2005-04-27,753.394592,736.90094,711.019043,1571.10767,1659.12,2806.06714,3219.43921
2005-04-28,985.672485,855.877014,740.104675,1618.85144,1741.62,2757.96753,2980.7981
2005-04-29,1239.4187,1052.95776,901.714111,1826.12268,1794.53,2755.24902,2908.16504
2005-04-30,1407.39368,1430.31006,1152.53772,2331.08374,1979.19,3272.04077,3290.6897
2005-05-01,1308.2467,1796.90393,1487.85498,3202.15015,2181.90,3611.31616,3353.31445
2005-05-02,1071.97681,1983.54565,1981.58557,3803.65234,2505.52,4085.19092,3565.71387
2005-05-03,922.260193,2053.23389,2400.87524,3548.42139,3123.45,4651.02393,3946.89771
2005-05-04,831.023315,1914.72913,2551.02979,2979.51489,3956.19,5380.66797,4431.521
2005-05-05,795.126892,1615.41199,2554.26807,2564.90674,4263.86,6188.57861,5021.39844
2005-05-06,858.126709,1376.27844,2409.87842,2334.72461,3854.24,6959.2915,5754.21436
2005-05-07,1042.86584,1272.26489,2124.39502,2430.38647,3446.95,7638.81982,6520.03906
2005-05-08,1324.68909,1258.89246,1866.21912,2711.03491,3198.78,7873.09131,7332.79004
2005-05-09,1568.40515,1302.68127,1726.07556,3104.68359,3083.90,7346.20654,7996.94727
2005-05-10,1509.63013,1467.34229,1653.84729,3651.50732,3243.59,6848.8335,7909.94141
2005-05-11,1256.09924,1719.29712,1621.82349,4012.86011,3640.92,6483.96436,7328.54395
2005-05-12,1084.30078,1932.36475,1690.33679,3908.24585,4177.85,6142.9541,6882.59814
2005-05-13,939.994263,1927.14307,1884.80774,3431.55615,4641.79,6099.39893,6493.42334
2005-05-14,842.592224,1660.03198,2090.22388,2891.68286,4754.52,6388.81494,6231.93994
2005-05-15,837.113464,1383.51514,2118.5083,2492.09082,4389.06,6911.5625,6306.92432
2005-05-16,885.85498,1203.57068,1875.14844,2232.53809,3748.83,7429.98389,6678.00244
2005-05-17,971.503235,1109.34985,1568.12488,2042.27209,3150.57,7574.89893,7219.77295
2005-05-18,1273.73853,1172.20935,1356.33228,1849.14648,2725.74,7057.65918,7638.43994
2005-05-19,1641.27124,1280.78589,1236.80005,1709.05237,2451.76,6078.91162,7572.92773
2005-05-20,1814.25525,1363.84912,1291.35291,1721.96924,2236.40,5160.46582,6828.64844
2005-05-21,1837.13037,1683.61572,1432.74658,2071.67847,1968.41,4458.65332,5772.83887
2005-05-22,1695.87561,2269.25439,1592.12708,2687.85132,1889.46,4104.40234,4982.52588
2005-05-23,1586.41345,2757.89355,1929.34619,3090.39136,2057.52,3992.91138,4474.42969
2005-05-24,1447.50793,2906.4856,2518.7771,3060.35938,2591.02,4004.53149,4264.06201
2005-05-25,1194.92566,2839.87817,3074.53174,2939.03101,3237.90,4216.08545,4213.80615
2005-05-26,1067.54236,2795.69849,3302.74854,2791.27783,3498.51,4942.40039,4237.27051
2005-05-27,1156.71631,2587.81665,3313.37939,2514.72266,3344.39,6180.95508,4496.0293
2005-05-28,1202.53955,2213.51782,3330.42725,2275.8562,3198.63,7314.77441,5485.24268
2005-05-29,1063.71619,1901.21545,3194.50977,2088.35498,3011.68,7649.71143,6933.58057
2005-05-30,942.450928,1794.40271,2795.10571,1939.51599,2730.92,7384.69287,7876.65088
2005-05-31,890.991699,1802.90076,2356.0791,1803.57458,2513.81,7292.89551,8154.0791
2005-06-01,821.821106,1625.89417,2107.38965,1703.67908,2318.53,6940.77051,8192.01953
2005-06-02,776.535217,1385.02466,2061.71118,1704.43152,2155.12,6272.7876,8144.20801
2005-06-03,837.081726,1240.77454,1960.27405,1749.56006,1997.43,5719.19287,7696.32178
2005-06-04,925.304077,1132.57996,1787.17322,1783.51074,1890.75,5678.14404,7009.604
2005-06-05,926.618835,1040.61792,1667.59741,1895.88574,1902.33,5713.20264,6549.65088
2005-06-06,830.41864,1049.32263,1581.4176,2094.23486,1980.08,5604.95117,6487.85645
2005-06-07,730.354431,1149.99536,1456.15649,2139.74316,2069.53,5489.03662,6333.66699
2005-06-08,673.480103,1214.51538,1386.8385,2063.01929,2240.93,5313.85645,6059.72461
2005-06-09,671.883423,1187.6311,1465.56653,1965.10388,2409.21,5229.65137,5821.51855
2005-06-10,682.364258,1114.91223,1562.12476,1832.93542,2436.57,5312.26123,5714.23145
2005-06-11,705.2724,1081.04492,1641.12366,1832.89526,2426.05,5512.15186,5884.72803
2005-06-12,825.221008,1213.13513,1869.77698,2134.0437,2378.46,5785.00488,6108
2005-06-13,1165.34119,1599.47546,2242.87378,2572.99463,2327.61,5922.57031,6373.11523
2005-06-14,1503.15771,2107.84766,2618.56055,2894.51099,2625.57,6096.36865,6504.81543
2005-06-15,1771.54504,2555.77856,3015.802,3381.34937,3401.04,6418.05762,6524.24561
2005-06-16,2182.07642,2967.30371,3337.00171,3993.5708,4020.19,6690.70557,6684.18311
2005-06-17,2383.08569,3399.83691,3583.3667,4429.64795,4320.30,7310.93262,6929.93311
2005-06-18,2456.427,4096.18018,4062.49463,4695.99951,4807.65,8359.33301,7236.97607
2005-06-19,3023.94092,5128.56836,4778.77295,5008.26514,5390.43,9111.73145,8053.41455
2005-06-20,4138.84424,5995.69287,5640.6123,5934.625,6123.76,9640.59473,9143.51465
2005-06-21,4734.89062,6335.50439,6664.94287,7547.9458,6933.15,10670.668,9781.23828
2005-06-22,4320.09131,6570.51953,7472.28076,9165.08594,7669.51,12067.0049,10386.2764
2005-06-23,3655.46143,7447.95801,7680.00879,11196.3486,8824.96,13799.4473,11530.2695
2005-06-24,3100.53369,8278.28711,7747.75977,13362.6494,10338.72,15710.001,13017.2539
2005-06-25,2874.94946,8112.91504,8575.10547,13645.3623,12191.77,17094.1113,14921.1816
2005-06-26,3310.38916,7566.17236,9630.97363,12085.2402,15129.94,18294.4258,16915.5293
2005-06-27,4012.29834,7386.52588,9667.88867,11025.4404,17606.11,20231.0801,18798.1582
2005-06-28,4114.78223,7741.81201,9069.35938,12501,17598.64,23652.2148,20961.6602
2005-06-29,3496.30566,8268.60742,8735.83887,15090.7441,16516.27,27934.3359,23860.8828
2005-06-30,2811.70825,8475.56055,8918.58594,15959.7891,16580.90,30511.0684,27932.6758
2005-07-01,2489.7168,7992.13086,9375.41113,14369.8633,18107.22,29920.4219,31634.2422
2005-07-02,2533.88428,6821.87158,9584.88965,11229.0889,19373.37,28316.5684,32486.416
2005-07-03,2634.87402,5646.59619,9138.7041,8223.37695,18553.87,28230.916,30786.2539
2005-07-04,2498.94751,4951.66113,8018.23926,6633.375,15791.24,29787.4824,29235.4648
2005-07-05,2260.33423,4738.27637,6776.92578,6496.96777,12365.26,30748.625,29720.0938
2005-07-06,2053.22217,4700.70117,5953.29297,6518.84277,9555.43,29055.2852,31207.1582
2005-07-07,1817.4364,4556.87988,5650.92529,6083.67188,8259.73,24911.8789,31242.0312
2005-07-08,1710.87402,4295.33545,5593.03613,5606.23926,8145.37,20181.5078,28400.3164
2005-07-09,1986.49133,4012.83496,5457.15967,5289.61523,7949.18,16583.0527,23691.1582
2005-07-10,2395.02979,3712.19995,5142.16309,4976.88672,7449.56,14984.3984,19129.0195
2005-07-11,3280.93213,3701.51685,4797.07178,4588.84131,7009.39,14793.8057,16176.7656
2005-07-12,4972.43945,4293.26807,4495.92236,4543.35449,6620.10,14464.9385,15193.6631
2005-07-13,6941.16699,5111.46777,4461.57031,5689.54688,6189.74,13705.8242,15146.9092
2005-07-14,7999.47412,6295.57178,5059.97168,8467.33594,5965.18,13036.5947,14678.8906
2005-07-15,7399.12793,8327.94531,6012.55469,12307.5908,6803.58,12596.9854,14006.2383
2005-07-16,6048.71777,10651.1582,7333.13037,15844.7109,9098.46,12783.1982,13569.0859
2005-07-17,4814.8623,12216.8301,9459.37988,17951.9883,12689.18,13938.5781,13282.5293
2005-07-18,3820.08862,12474.124,11833.3242,18002.3945,16897.86,16309.1025,13691.168
2005-07-19,3094.0835,11332.2012,13501.375,16050.7979,20242.78,20454.1309,15080.3145
2005-07-20,2692.63428,9376.26465,13961.8848,13014.0967,21625.54,26367.6035,17897.2891
2005-07-21,2519.68677,7521.26758,12944.1816,10268.415,20959.27,32603.543,22671.7871
2005-07-22,2594.80103,6289.76953,10946.3809,8559.33008,18627.02,37024.1953,28889.7148
2005-07-23,3024.72656,6160.60938,8992.60742,7460.75928,15640.95,38406.1445,34713.6328
2005-07-24,3404.23462,6632.33984,7731.10889,7224.54932,13436.12,36554.2227,38253.543
2005-07-25,3343.87549,6994.57129,7618.98828,7912.03027,12188.41,32273.0527,38552.1875
2005-07-26,3145.44409,7368.24561,8261.4248,8929.4707,11303.17,27422.3125,35769.6289
2005-07-27,3008.13184,7692.02979,8782.09668,9519.64258,11194.69,24174.2422,31234.873
2005-07-28,2788.71997,7947.39648,9045.69531,9438.20801,11850.98,23216.707,26897.8965
2005-07-29,2507.08789,8062.66113,9157.13965,9012.50781,12788.56,23189.4707,24509.7188
2005-07-30,2230.80908,7672.3667,9205.68164,8312.72949,13180.49,23571.4902,23925.2754
2005-07-31,2021.29163,6833.71826,9237.375,7688.97656,12701.45,24193.1309,23914.3945
2005-08-01,1904.2804,5956.17529,8915.90625,6984.95264,11807.10,25015.375,24414.3906
2005-08-02,1892.16528,5149.01221,8112.05713,6128.20605,10760.38,25303.584,25262.3906
2005-08-03,2035.67029,4558.34814,7176.97949,5852.18262,9931.22,24385.5195,25959.25
2005-08-04,2276.78613,4403.73389,6275.90381,5941.80762,9029.49,22638.207,25809.9062
2005-08-05,2425.46802,4667.1001,5569.63721,5950.81201,8580.94,20512.877,24493.1543
2005-08-06,2768.19629,4947.41992,5297.22217,5842.10352,9074.48,18693.4238,22459.9922
2005-08-07,3562.24731,5180.5459,5465.15625,5759.75928,9053.96,17062.9785,20381.6328
2005-08-08,4582.32129,5490.6167,5726.3291,6029.43896,8538.60,16403.8242,18545.1465
2005-08-09,5235.38281,6150.06445,5958.87939,6824.40625,8001.24,17090.3184,17078.8945
2005-08-10,4968.43604,7361.30908,6302.55127,8445.38086,7763.56,17145.0312,17023.9941
2005-08-11,4280.38867,8642.6748,6965.48535,9780.5918,8117.84,16357.1494,17692.3398
2005-08-12,3705.05029,9422.59863,8156.63184,9951.87305,9284.09,15643.0742,17414.4121
2005-08-13,3421.78101,9151.7041,9577.24316,9689.60742,11308.31,15615.2324,16603.1445
2005-08-14,3413.97949,8283.19141,10824.3701,9240.67969,12635.83,16955.7812,16214.5469
2005-08-15,3361.1416,7826.78418,11431.7588,8741.48145,12868.34,20180.0898,17043.2402
2005-08-16,3220.56592,7972.51611,11306.1377,8807.60156,12845.81,24502.6875,19313.7402
2005-08-17,2922.12646,8566.63477,11415.8857,9830.29199,12633.06,27772.8105,23003.1094
2005-08-18,2600.36743,8809.18164,12071.9229,10510.7949,12308.57,28663.877,27154.3203
2005-08-19,2477.63452,8322.08398,12464.2607,9826.50391,12312.08,28298.3477,29445.0703
2005-08-20,2496.93262,7591.84912,12227.3252,8440.04492,13141.96,28244.2207,29535.4492
2005-08-21,2723.39917,6768.24951,11384.9951,7011.52881,13414.49,28187.8594,29248.0488
2005-08-22,3132.71753,6092.55859,10201.0791,6124.1123,12481.05,28135.3555,29406.0762
2005-08-23,3694.21045,5647.74219,8949.625,6096.68311,10981.96,28313.5957,29342.8164
2005-08-24,4381.87256,5527.80615,7901.51416,6587.22021,9322.22,27480.6309,29377.707
2005-08-25,4922.26953,5982.06055,7208.04004,7606.99072,8404.40,25379.0098,29299.1973
2005-08-26,5185.72363,7213.26172,6928.15332,9295.53027,8439.15,22434.7383,27872.6914
2005-08-27,5262.83838,9034.10645,7280.58838,10137.2344,9145.50,19335.2168,25285.3359
2005-08-28,4919.41748,10352.8535,8438.73535,9356.20605,10593.22,17399.582,22132.3535
2005-08-29,4165.43262,10994.1748,10389.7314,8507.52637,12324.64,17132.2148,19359.8184
2005-08-30,3377.86572,11085.4277,12174.667,8617.80371,12706.50,18593.2695,17981.0156
2005-08-31,2790.03516,10231.0781,13295.582,8658.61035,11739.50,22172.2305,18245.4316
2005-09-01,2486.92993,8899.08691,13803.5127,8017.25586,11181.71,26899.8066,20473.6855
2005-09-02,2331.80762,7769.61572,13157.8799,7224.35156,11409.34,29604.1934,24994.918
2005-09-03,2210.27075,6833.58545,11685.582,6522.87549,11213.87,30058.7754,29570.8164
2005-09-04,2221.37402,6149.97656,10307.7646,5973.19873,10419.99,29696.291,31327.2168
2005-09-05,2305.41895,6267.02051,9090.01074,5740.77588,9587.59,28616.3438,31070.2812
2005-09-06,2243.77319,6720.23242,8113.29297,5848.73096,9039.35,26767.2363,30216.2422
2005-09-07,2130.99146,6647.11279,7919.93311,5904.66602,8986.03,24273.5781,28687.8848
2005-09-08,2167.35815,6223.87012,8292.42383,5674.83643,8995.16,21678.293,26503.916
2005-09-09,2257.50903,5888.54004,8408.85254,5416.45557,8787.74,20090.3496,24016.3203
2005-09-10,2127.19238,5802.98633,8272.62891,5456.16553,8433.06,20374.2539,21969.2031
2005-09-11,1860.30115,5777.40967,8324.6748,5494.96289,8177.84,21096.791,21506.0078
2005-09-12,1667.03625,5539.69971,8559.18457,5125.34326,8257.03,21341.3594,22405.3984
2005-09-13,1523.76611,5094.68701,8712.9502,4520.7666,8420.19,21619.7754,22884.4082
2005-09-14,1421.52283,4567.46436,8636.88574,3971.28467,8070.83,22096.5449,22881.1191
2005-09-15,1344.1228,4076.92163,8217.45117,3560.25586,7171.21,22742.8652,23108.3574
2005-09-16,1301.47754,3677.23193,7423.83936,3327.2876,6198.24,23128.0938,23581.4688
2005-09-17,1418.57935,3661.17896,6716.96387,3348.26587,5486.30,22292.8223,24245.1582
2005-09-18,1745.65588,4249.84619,6363.42383,3473.37671,5078.87,20109.0801,24241.2539
2005-09-19,1865.11401,4997.71973,6415.62646,3666.0481,5016.86,17711.0781,22705.2129
2005-09-20,1755.78918,5513.76807,7055.38574,4144.62988,5354.61,15979.4561,20140.6621
2005-09-21,1906.93091,6004.87549,7991.60889,4498.42773,5764.01,15089.7207,17979.9629
2005-09-22,2527.0625,6649.82715,8612.80371,4508.90186,6194.60,15317.4619,16584.6855
2005-09-23,2943.91675,7415.61475,9035.28027,4587.66113,6893.13,16713.5312,15868.8008
2005-09-24,2778.07495,7897.89307,9430.22363,5032.26025,7300.78,17968.4961,16366.835
2005-09-25,2521.48877,8144.68164,9868.43164,5628.41895,7200.31,18745.2988,17720.3008
2005-09-26,2247.97266,8042.03125,10199.1426,6005.10742,7236.73,19823.3867,18643.2539
2005-09-27,1929.8855,7359.82666,10279.5244,6193.23975,7802.95,20415.2871,19452.6172
2005-09-28,1635.19849,6602.52979,10065.2178,6140.21484,8294.10,20442.3105,20508.0176
2005-09-29,1450.84412,5972.19092,9372.67188,5920.73193,8420.14,20741.2188,20922.6582
2005-09-30,1492.51489,5374.44189,8675.77441,5716.62646,8457.18,21476.582,21017.9648
2005-10-01,2036.52234,5081.32031,8317.48145,5695.96826,8352.71,21754.4941,21790.4102
2005-10-02,3056.31616,5593.10303,8070.57031,5751.61035,8376.15,21302.7637,22670.2598
2005-10-03,3817.37305,6591.33105,8038.15918,5917.02148,8803.70,20950.3203,22532.6934
2005-10-04,3732.97437,7445.89355,8557.90332,6576.64795,9535.61,20663.7441,21846.0996
2005-10-05,3098.9165,7972.95508,9222.11133,7700.59961,9662.96,20486.6387,21385.6211
2005-10-06,2357.34155,7953.08789,9647.11621,8349.72754,9328.09,21300.7129,20919.6523
2005-10-07,1755.67151,7283.45264,9866.17676,7549.93896,9539.67,22854.875,21001.375
2005-10-08,1423.27588,6266.58203,9775.66406,6049.60547,10180.32,23153.3418,22212.7559
2005-10-09,1285.32837,5263.39746,9225.45801,4768.53223,10120.82,22323.5742,23564.9004
2005-10-10,1323.32019,4461.9458,8257.46387,3852.10034,8803.98,22030.5156,23453.1992
2005-10-11,1409.87451,3921.38159,7207.04785,3368.04346,7189.87,22095.8008,22842.3691
2005-10-12,1354.8324,3617.8667,6297.89404,3174.39185,5931.04,21166.6875,22734.0703
2005-10-13,1210.88513,3473.37866,5578.56348,3190.41675,5104.34,18732.752,22480.4336
2005-10-14,1087.26379,3425.95996,5079.77246,3200.52002,4660.88,16024.3496,20909.4473
2005-10-15,1001.21478,3364.53467,4837.33447,3020.43726,4488.35,13922.9258,18276.8242
2005-10-16,957.141968,3224.60669,4874.15723,2798.73657,4517.60,12543.46,15874.7988
2005-10-17,931.474792,3077.83228,5006.57178,2776.45361,4447.18,11885.0928,14078.1592
2005-10-18,921.577026,2990.80762,5058.23438,2834.66113,4249.34,11849.4385,12843.8887
2005-10-19,931.881165,2987.39966,5041.53564,2858.18945,4327.89,12066.1367,12337.999
2005-10-20,960.425659,2977.1875,4874.92041,2900.54102,4752.72,12065.1895,12363.3174
2005-10-21,944.077209,2948.8335,4684.29541,2878.10449,4989.49,11913.1348,12454.9512
2005-10-22,907.029236,2896.95337,4568.28906,2844.74365,4911.13,11987.0059,12333.8369
2005-10-23,1015.51251,2874.40894,4445.78271,2777.95483,4711.65,12387.7109,12193.4805
2005-10-24,1430.38635,3077.86304,4391.84766,2811.50684,4513.08,12397.6396,12375.6094
2005-10-25,2151.44897,3704.31519,4522.50635,3446.31641,4537.09,11874.8525,12684.1211
2005-10-26,2666.43604,4729.7749,4868.79736,4910.08252,4828.61,11111.3633,12483.1504
2005-10-27,2385.10376,5476.87744,5428.52832,6997.67969,5596.28,10678.4229,11845.001
2005-10-28,1761.76953,5699.10254,6290.24756,8883.7334,6902.55,10928.6787,11171.3965
2005-10-29,1333.23938,5609.9873,7000.19238,9492.00098,8486.21,11789.9902,11178.4258
2005-10-30,1047.68445,5020.49023,7207.12646,8369.05957,10258.51,13755.4707,11899.5234
2005-10-31,914.604431,4136.47656,7151.31348,6488.15625,11589.32,16536.5,13166.2627
2005-11-01,866.784851,3419.89404,6727.54004,5032.1626,11571.21,18903.5078,15562.2676
2005-11-02,867.729614,2949.66235,5836.88623,4096.10107,10062.82,20737.4375,18489.752
2005-11-03,893.990479,2659.26685,4980.09668,3539.65503,8058.02,21815.6953,20707.2266
2005-11-04,869.228394,2485.5686,4428.13574,3189.06128,6532.70,21156.9453,22115.1934
2005-11-05,789.619202,2359.31421,3994.54272,2938.26172,5553.19,18657.3691,22435.5723
2005-11-06,721.585449,2271.22974,3670.19165,2758.62964,4988.58,15620.8223,20938.166
2005-11-07,683.091431,2188.65967,3431.02954,2575.19263,4598.55,13251.8574,17952.8594
2005-11-08,660.100525,2078.93921,3262.6687,2367.16772,4284.88,11513.9062,15212.4912
2005-11-09,676.393188,2007.85278,3210.54224,2228.21899,4054.08,10320.0479,13317.5732
2005-11-10,784.804199,2005.39575,3238.81372,2243.55396,3839.55,9533.62988,11919.8594
2005-11-11,857.168091,2025.60901,3318.17358,2301.06177,3685.82,9153.02539,10863.9375
2005-11-12,795.606995,2054.26001,3367.26123,2309.75977,3759.47,9076.46191,10038.6777
2005-11-13,707.462891,2109.23462,3315.23486,2285.80225,4004.95,9051.65332,9586.59473
2005-11-14,637.515137,2114.56592,3197.85938,2195.07568,3998.62,8986.0918,9399.18457
2005-11-15,590.228821,1996.63586,3100.62402,2078.4248,3787.51,9032.49707,9251.5791
2005-11-16,564.592163,1835.62439,3018.2937,1979.52002,3558.22,9079.23047,9158.98242
2005-11-17,550.150513,1708.67297,2863.32739,1904.51453,3311.19,8680.94238,9258.83691
2005-11-18,539.540894,1621.65869,2672.60962,1855.51184,3106.77,8054.24414,9163.79004
2005-11-19,529.393188,1566.29346,2522.97266,1822.58374,2960.95,7477.44629,8638.12598
2005-11-20,518.331421,1527.71313,2414.1189,1797.25256,2857.78,6906.2251,8009.93359
2005-11-21,505.948151,1494.83594,2334.69116,1770.30701,2788.28,6444.28418,7433.0498
2005-11-22,493.634918,1463.76562,2273.66553,1743.69897,2736.55,6127.20557,6876.50879
2005-11-23,481.101105,1433.46851,2221.83838,1718.32629,2688.75,5885.79639,6468.16553
2005-11-24,471.12323,1402.44067,2175.58789,1696.24487,2639.29,5723.30518,6182.22998
2005-11-25,466.776245,1371.10864,2132.88477,1675.88306,2597.28,5604.06592,5963.2168
2005-11-26,465.655945,1340.32446,2090.51587,1650.36475,2559.37,5487.60059,5822.01709
2005-11-27,455.875671,1312.26086,2047.55505,1623.29797,2526.05,5386.56689,5706.44482
2005-11-28,440.011749,1288.55725,2004.92383,1601.29199,2492.51,5299.60938,5592.3042
2005-11-29,425.984222,1270.14978,1964.8313,1584.11206,2454.13,5214.71338,5496.57764
2005-11-30,413.365601,1247.22144,1928.11975,1565.52771,2417.38,5142.22412,5415.90137
2005-12-01,402.810455,1215.63696,1896.26624,1541.17456,2385.11,5061.68408,5330.45898
2005-12-02,393.484985,1184.39307,1862.36279,1516.72681,2356.64,4972.58057,5239.90723
2005-12-03,384.90799,1155.19946,1819.80066,1495.21326,2324.41,4895.8291,5156.2959
2005-12-04,376.582764,1128.39929,1776.4541,1472.75781,2287.90,4830.3291,5077.45605
2005-12-05,368.339478,1103.56519,1735.68103,1448.9906,2253.47,4763.57715,5003.11523
2005-12-06,360.036774,1080.01306,1697.39307,1426.38843,2221.05,4686.2583,4934.96436
2005-12-07,351.822601,1057.16821,1661.44739,1405.21399,2187.46,4605.98877,4865.21289
2005-12-08,344.049225,1034.69202,1627.02258,1385.04749,2153.32,4531.78369,4786.48486
2005-12-09,336.477386,1012.52069,1593.85657,1365.92236,2122.52,4468.29932,4710.59277
2005-12-10,329.065765,990.576172,1561.26685,1346.93481,2094.29,4411.17188,4656.94824
2005-12-11,321.806885,969.304443,1528.81494,1328.10767,2064.31,4353.20752,4609.11621
2005-12-12,314.698944,948.572632,1496.67737,1310.77881,2033.76,4298.76025,4545.83301
2005-12-13,307.738281,928.282104,1465.38232,1293.06018,2005.08,4240.5376,4478.54053
2005-12-14,300.922974,908.408386,1434.86157,1274.54712,1977.54,4181.30566,4414.88623
2005-12-15,294.249603,888.944641,1404.98218,1256.8197,1950.43,4149.3667,4348.57422
2005-12-16,287.719269,869.882446,1375.74731,1238.86255,1922.42,4125.63086,4292.15186
2005-12-17,281.326263,851.216309,1347.10303,1220.47815,1894.22,4057.36694,4268.87939
2005-12-18,275.069214,832.940308,1319.03638,1202.59863,1866.82,3960.60718,4232.94238
2005-12-19,268.950287,815.042053,1291.55786,1185.72034,1839.51,3871.95215,4149.54248
2005-12-20,263.003326,797.543091,1265.02197,1169.30371,1812.38,3762.36499,4053.81323
2005-12-21,257.306183,780.505859,1239.62878,1152.77417,1786.69,3580.47974,3967.20288
2005-12-22,252.287857,766.209106,1214.62769,1137.03906,1762.58,3521.6936,3809.00439
2005-12-23,257.56189,765.292908,1195.23169,1128.40405,1740.96,3474.85742,3682.30591
2005-12-24,296.373199,798.945801,1201.1062,1161.38965,1737.85,3476.54004,3636.93018
2005-12-25,336.680847,881.134888,1238.02625,1315.64429,1712.24,3552.00977,3643.40063
2005-12-26,327.080475,968.503235,1296.18225,1541.51843,1779.77,3644.61157,3711.87549
2005-12-27,302.239075,1002.05475,1381.46814,1671.3783,1948.64,3748.90039,3794.92725
2005-12-28,282.309265,980.930847,1460.41943,1647.50378,2209.26,3817.7915,3867.79858
2005-12-29,259.159241,915.875427,1465.42065,1535.60852,2421.11,3978.65234,3942.53809
2005-12-30,239.391357,834.995544,1403.26794,1418.53125,2405.76,4289.89062,4072.10913
2005-12-31,222.482742,764.760132,1308.94775,1307.40845,2273.20,4674.21826,4238.04834
2006-01-01,211.343613,706.026367,1205.25476,1210.81726,2112.34,4826.42139,4612.5752
2006-01-02,203.310638,662.150574,1118.17212,1136.6936,1961.32,4626.76172,4907.56055
2006-01-03,197.227081,628.312439,1048.49121,1075.40808,1812.97,4273.64355,4906.74463
2006-01-04,190.910629,602.233521,994.123352,1031.44617,1691.15,3915.93506,4640.2207
2006-01-05,185.154221,580.905151,950.927002,997.620361,1593.73,3627.97534,4266.15674
2006-01-06,180.68251,562.506653,915.536011,970.089661,1509.84,3395.6958,3927.53882
2006-01-07,176.134369,546.681763,886.141479,948.820068,1448.95,3160.30176,3661.47339
2006-01-08,171.882858,532.350647,860.240784,931.822571,1401.11,2924.17725,3299.354
2006-01-09,167.843246,519.625122,839.528503,916.234436,1364.08,2800.46216,3133.00708
2006-01-10,164.078003,507.602142,822.65686,901.251831,1336.05,2702.18506,2995.31079
2006-01-11,160.422394,496.237976,808.006592,887.5401,1312.02,2625.82446,2880.43433
2006-01-12,156.926239,485.398651,793.672791,874.505188,1289.21,2574.66553,2790.41602
2006-01-13,153.601669,474.943817,778.890686,862.237793,1267.55,2532.8252,2724.16357
2006-01-14,150.208786,464.785522,763.343384,850.998047,1247.52,2493.85303,2675.33301
2006-01-15,146.768112,454.875214,746.886475,840.653442,1228.28,2453.99316,2633.29858
2006-01-16,143.623703,445.291412,728.150757,829.688354,1210.35,2410.46924,2593.70752
2006-01-17,141.15361,435.859711,708.726685,817.560913,1193.80,2370.64868,2550.95312
2006-01-18,138.256622,426.473083,691.693726,805.41394,1177.82,2330.77808,2508.10815
2006-01-19,134.738586,417.340729,675.968323,794.373352,1160.71,2289.78101,2469.21167
2006-01-20,131.75647,408.987244,661.286133,784.375977,1142.85,2251.23169,2428.8584
2006-01-21,128.817154,400.759552,647.259705,773.493652,1125.41,2216.61108,2387.63477
2006-01-22,125.712921,391.960449,634.125244,761.9505,1109.48,2183.10742,2350.19604
2006-01-23,122.718346,383.404297,621.41925,750.850464,1094.08,2148.83032,2315.04443
2006-01-24,119.858414,375.261475,608.274353,740.045532,1077.63,2115.99072,2280.06934
2006-01-25,117.114212,367.114716,595.242249,729.663025,1061.13,2085.53931,2245.79224
2006-01-26,114.507019,359.042633,582.833191,719.391785,1045.10,2055.89941,2213.2168
2006-01-27,112.179077,351.244385,570.653076,709.39093,1029.51,2024.7572,2183.04785
2006-01-28,109.815926,343.666077,558.576782,699.899292,1014.34,1994.02954,2152.57275
2006-01-29,107.259811,336.317474,546.857727,690.450867,999.32,1964.30798,2120.83789
2006-01-30,104.756439,329.290131,535.437988,680.704163,984.80,1935.16113,2090.13208
2006-01-31,102.320457,322.469696,524.323303,670.914368,953.74,2011.77234,2156.68335
2006-02-01,99.9801941,315.574341,513.575378,661.274536,939.99,1855.73523,2002.0896
2006-02-02,97.7324905,308.71048,503.16803,651.845337,926.04,1828.83008,1976.74841
2006-02-03,95.5564728,302.033264,492.781921,642.610901,912.20,1802.73523,1948.93372
2006-02-04,93.9484177,295.524109,482.457184,633.487671,898.61,1777.08899,1921.99268
2006-02-05,104.183754,289.241272,472.385925,624.57428,885.30,1751.48547,1895.70691
2006-02-06,163.194427,283.687622,462.536896,616.190857,872.22,1726.02893,1869.78064
2006-02-07,228.371323,281.578583,453.001556,612.433777,860.64,1709.245,1856.17419
2006-02-08,216.782715,290.483246,444.193756,627.733704,863.97,1692.11731,1834.20471
2006-02-09,167.937302,333.812073,438.196869,676.389526,856.44,1667.84314,1811.41614
2006-02-10,132.094223,402.075195,441.195068,750.289062,854.31,1644.48181,1787.84619
2006-02-11,112.767723,425.476959,473.813446,776.992188,873.81,1625.44336,1764.38611
2006-02-12,104.345222,398.785553,539.562866,731.438721,931.32,1614.11145,1742.87378
2006-02-13,98.5099335,362.435913,577.375366,672.498718,998.85,1620.2627,1725.91382
2006-02-14,97.3929749,326.895142,560.363342,625.814148,1003.48,1683.94946,1717.99866
2006-02-15,108.452095,296.91394,524.348267,592.492188,944.43,1807.67639,1741.50525
2006-02-16,150.756989,273.272766,483.744598,572.201233,881.08,1895.45508,1828.32397
2006-02-17,248.906128,265.0159,444.593597,564.280945,831.61,1881.25867,1950.96716
2006-02-18,441.764526,338.723816,413.286011,593.378113,797.71,1787.28455,2005.48755
2006-02-19,657.792236,599.654053,397.841766,823.107361,779.93,1678.44031,1957.49182
2006-02-20,686.908691,859.937805,450.758087,1542.56116,801.75,1586.77747,1853.33789
2006-02-21,535.156311,1012.73596,689.605591,2760.2771,918.49,1520.26672,1747.51147
2006-02-22,380.66925,1109.48462,974.309265,3848.75879,1269.73,1500.66577,1663.78894
2006-02-23,349.863831,1057.79431,1144.51746,4198.34668,2166.60,1633.78833,1608.54089
2006-02-24,445.087646,858.624756,1234.60791,3536.05225,3378.25,2049.89331,1621.05188
2006-02-25,559.502014,629.975708,1205.38965,2479.38037,4285.13,2661.36157,1846.10535
2006-02-26,578.959351,522.089844,1020.07629,1871.64697,4342.16,3670.24658,2331.38574
2006-02-27,505.222961,568.043213,777.473022,1874.33716,3462.62,4933.49561,3040.96362
2006-02-28,387.999664,677.308044,640.29126,2497.47534,2488.03,5883.29297,4337.17969
2006-03-01,268.545319,726.627869,659.598389,2883.74194,2023.16,5567.55029,5397.64307
2006-03-02,212.316971,674.95813,761.744812,2637.12549,2217.13,4483.49072,5902.60254
2006-03-03,188.130295,556.042969,828.745361,2223.90918,2858.17,3431.69116,5386.30566
2006-03-04,182.341339,424.516235,791.58374,1830.53967,3020.68,3019.6062,4190.59717
2006-03-05,171.605667,340.118652,676.269043,1624.04907,2667.51,3311.34033,3338.01685
2006-03-06,150.915329,304.728912,543.336975,1564.56775,2255.53,3970.28955,3160.91968
2006-03-07,139.520615,296.451538,444.536804,1497.29443,1900.99,4070.71704,3651.23486
2006-03-08,145.810745,289.578125,401.778778,1351.36011,1751.45,3601.81104,4181.27539
2006-03-09,151.024582,268.291473,387.887238,1178.08704,1696.01,3059.40503,4040.2561
2006-03-10,131.217499,252.433273,380.746033,1050.04858,1602.89,2628.09644,3513.53784
2006-03-11,113.713501,254.266418,360.011139,996.832214,1438.00,2440.91528,2985.18188
2006-03-12,115.512459,258.316193,339.850281,980.157898,1275.79,2374.60034,2635.78589
2006-03-13,197.56189,240.936386,337.142609,930.837158,1170.36,2270.93994,2508.82178
2006-03-14,362.592194,217.817032,340.687744,878.18573,1134.15,2082.9707,2442.22266
2006-03-15,453.494659,214.345551,326.453064,882.49884,1108.49,1904.1283,2307.6189
2006-03-16,400.390839,267.501404,300.375519,1021.77985,1048.29,1798.68433,2110.37549
2006-03-17,292.070892,414.354492,290.526459,1424.82373,1004.49,1761.09949,1952.4707
2006-03-18,201.03952,538.724609,328.161011,1839.91565,1034.39,1713.84583,1874.10034
2006-03-19,158.637146,525.969482,459.80072,1884.63696,1247.95,1631.67395,1842.66956
2006-03-20,164.725143,425.24176,597.078918,1638.78406,1695.23,1586.71399,1779.9458
2006-03-21,170.665237,318.126648,609.732117,1338.16382,2023.86,1680.0387,1700.39209
2006-03-22,151.999207,255.1315,516.588562,1130.7821,1958.68,2040.86096,1688.93726
2006-03-23,134.35968,242.48938,404.076294,1050.74219,1674.91,2589.35278,1859.75183
2006-03-24,142.912796,250.218781,331.063873,1020.87701,1387.37,2887.88794,2317.05762
2006-03-25,191.421066,237.056976,308.375244,973.80542,1216.32,2722.34839,2830.81274
2006-03-26,212.110916,213.817032,314.961792,921.705566,1156.29,2337.63354,2965.3147
2006-03-27,178.022873,207.247574,305.127625,916.025513,1120.15,1992.58899,2692.66357
2006-03-28,144.202576,241.188553,280.283997,1001.72461,1065.15,1811.12952,2300.32007
2006-03-29,138.98819,278.333588,268.183044,1069.17493,1018.76,1753.12585,2002.7876
2006-03-30,142.372131,260.847321,293.699463,1014.97284,1041.32,1701.71216,1877.06494
2006-03-31,128.251511,222.002975,335.272247,965.873657,1230.86,1928.46558,2162.69312
2006-04-01,117.739708,204.678223,327.111359,1112.00073,1261.45,1906.63965,2128.96411
2006-04-02,110.566704,206.181778,286.651276,1304.38464,1186.96,1982.31689,2085.25366
2006-04-03,130.792801,199.217957,262.71701,1288.19958,1189.15,2107.48828,2070.75439
2006-04-04,225.397354,191.470612,262.320374,1180.51245,1382.15,2141.70068,2172.17505
2006-04-05,449.385315,209.062057,259.844452,1130.64893,1535.36,1968.00232,2191.4292
2006-04-06,705.625366,267.456238,252.073761,1095.66711,1499.87,1895.24927,2091.17993
2006-04-07,880.986389,405.542969,269.950317,1081.53699,1435.85,2086.56079,1996.88477
2006-04-08,1032.14282,649.600281,326.505402,1202.29285,1403.61,2203.89746,2066.11353
2006-04-09,1167.7948,949.8078,455.338684,1505.79468,1377.67,2143.49365,2251.38086
2006-04-10,1262.59741,1236.66272,676.424438,2137.76562,1369.42,2079.82397,2278.28735
2006-04-11,1148.83008,1603.80884,969.717041,3116.14551,1489.33,2012.9198,2127.13208
2006-04-12,900.954834,1904.4176,1257.46667,3596.19385,1973.83,2124.90967,2085.74634
2006-04-13,806.318359,1953.08826,1617.92505,3204.8396,2857.70,2377.86328,2133.04639
2006-04-14,715.319458,1779.49683,1971.01501,2569.31274,3743.28,2860.10205,2278.67212
2006-04-15,564.280029,1402.67847,2064.46289,2212.0979,3828.19,3662.9375,2602.24243
2006-04-16,474.528564,1122.7301,1919.9281,2376.11279,3235.71,4958.36572,3176.93555
2006-04-17,441.556946,971.19873,1567.21716,2688.05371,2601.93,6121.04102,4144.64746
2006-04-18,409.713715,820.541809,1253.66357,2819.10742,2409.18,6222.93311,5510.30518
2006-04-19,387.721466,745.5401,1099.8844,2720.99292,2669.18,5435.50049,6378.09863
2006-04-20,455.952301,730.78125,954.447815,2547.59692,2997.60,4459.1001,6124.84814
2006-04-21,629.865967,728.826782,879.030823,2497.64209,3112.98,4093.4541,5198.61621
2006-04-22,731.11792,761.145813,876.053101,2478.51147,3001.71,4298.83008,4355.87207
2006-04-23,627.916321,839.309814,858.936401,2568.88989,2956.67,4615.45996,4243.87402
2006-04-24,495.475342,918.704895,855.203552,2725.14355,2984.94,4808.49316,4510.78613
2006-04-25,437.050018,960.524231,904.557129,2666.0022,2951.30,4677.51172,4800.80518
2006-04-26,493.454041,846.312744,965.679993,2333.17944,2987.26,4516.47949,4896.2002
2006-04-27,556.167297,658.554321,1012.32172,1951.86328,3026.80,4468.69385,4696.03564
2006-04-28,562.69928,567.475647,941.203186,1696.17065,2844.26,4399.05566,4615.9082
2006-04-29,589.443176,614.186401,781.142395,1587.49036,2530.62,4446.80371,4614.41211
2006-04-30,568.386658,715.489014,699.798096,1620.97119,2339.87,4971.55225,5092.11035
2006-05-01,483.522156,764.636108,762.185974,1859.19214,2226.27,4897.81396,5381.10107
2006-05-02,413.741547,779.51886,904.626892,2123.46436,2244.37,4618.45312,5484.75537
2006-05-03,391.234039,753.271423,975.091736,2189.93286,2463.32,4426.21826,5232.0835
2006-05-04,420.88028,686.54364,974.359192,2099.53247,2822.89,4514.88281,4851.91504
2006-05-05,483.277924,615.74353,954.743042,1895.2677,2972.74,4717.56299,4664.61719
2006-05-06,517.039246,574.408752,896.257629,1732.79773,2884.45,5019.35059,4762.14746
2006-05-07,557.910889,601.129883,831.611633,1672.54907,2826.63,5387.21631,4955.83887
2006-05-08,613.654602,716.286194,833.769897,1632.19812,2819.90,5352.52197,5320.43066
2006-05-09,617.884338,827.979248,881.409302,1635.80811,2828.38,5034.36719,5578.25293
2006-05-10,547.800293,892.224121,984.921448,1660.75342,2786.19,4839.5874,5338.2417
2006-05-11,477.961151,955.202087,1123.78027,1641.57947,2727.90,4954.37549,5097.47998
2006-05-12,499.114746,1068.29395,1220.44897,1654.58936,2662.90,5217.65039,5126.60498
2006-05-13,603.484253,1224.37024,1322.36987,1869.37439,2620.32,5561.04736,5298.7334
2006-05-14,779.322449,1347.38574,1529.97583,2359.4397,2883.76,5753.01807,5595.43164
2006-05-15,1029.66333,1564.81555,1844.54749,3100.47827,3613.75,5740.19092,5960.43408
2006-05-16,1336.52844,1877.73035,2126.4436,3963.14673,4598.37,5872.24561,6105.41162
2006-05-17,1483.59229,2153.2334,2339.78125,4667.9502,5483.48,6633.88818,6086.55225
2006-05-18,1219.87329,2385.53979,2531.70483,5258.00586,6387.38,8021.4624,6350.1167
2006-05-19,826.785583,2423.96094,2696.85156,5553.55859,7088.35,9431.82617,7288.24854
2006-05-20,589.182678,2262.76172,2817.35693,5136.10547,7197.45,10541.1934,8762.01367
2006-05-21,549.142212,1850.5625,2755.84106,4210.51514,7204.41,11594.7744,10044.6768
2006-05-22,644.345032,1332.20898,2547.8396,3228.04272,6961.78,12166.0518,11087.2979
2006-05-23,673.797546,1084.38831,2206.22217,2570.6626,6112.19,11828.1094,12045.0137
2006-05-24,671.802673,1131.92432,1761.84045,2313.28491,5035.65,11261.4121,12326.9922
2006-05-25,665.116821,1300.73682,1543.5083,2294.50146,4141.43,10614.6592,12047.999
2006-05-26,605.635315,1412.03113,1680.20679,2340.37769,3640.61,9505.13965,11785.3828
2006-05-27,698.152771,1528.30054,2009.9967,2540.49072,3483.42,8325.71582,11158.7227
2006-05-28,1354.68689,1838.776,2299.87231,3136.7915,3544.33,7673.06445,9884.16797
2006-05-29,2127.78467,2673.95288,2609.65454,4148.04297,3706.57,7657.66504,8735.30664
2006-05-30,2412.22705,3928.71899,3240.98999,5787.51807,4409.51,7925.16162,8280.60645
2006-05-31,2668.14697,5197.62646,4389.19727,7556.7832,5995.00,8448.73145,8528.49414
2006-06-01,3221.63208,6086.85303,5912.19775,9215.86719,8124.21,9862.75195,8970.99023
2006-06-02,3665.0603,6129.71777,7511.7876,11325.3135,10341.26,12777.7969,9821.40625
2006-06-03,3768.00854,5613.32373,8863.82031,13323.6113,11873.99,16261.0303,11756.5449
2006-06-04,3378.38892,5385.05273,9229.0918,14116.9219,13093.74,19453.6543,14889.9209
2006-06-05,2823.11206,5622.65723,8331.73926,13545.6797,14793.76,22498.5723,18145.0195
2006-06-06,2577.86279,5923.45459,7387.93408,11888.418,16124.52,24351.3887,21259.1855
2006-06-07,2723.40405,5719.74121,7129.30664,9536.69531,16332.87,24704.0898,24018.7168
2006-06-08,3267.52002,5060.41016,7141.15283,7319.88574,15461.56,24754.9941,25282.834
2006-06-09,3920.98291,4594.86133,6838.16797,5791.10059,13418.36,25059.3125,25337.6152
2006-06-10,4358.70166,4589.74658,6073.65723,5180.92773,10701.75,25180.5977,25488.8203
2006-06-11,4487.25146,5160.82812,5437.37305,5561.01709,8347.57,24499.8164,25839.2793
2006-06-12,4667.31592,6167.07861,5276.69775,7185.43652,6867.70,22014.2227,25817.9824
2006-06-13,4795.15137,7278.77295,5785.75781,9850.84766,6500.77,18292.3535,24631.9863
2006-06-14,4575.40137,7975.82959,6924.37549,11480.5635,7392.15,15152.4258,21498.3867
2006-06-15,4074.88818,8152.93164,8290.76562,11343.4121,9751.20,13542.0234,17688.2832
2006-06-16,3374.37866,7992.96533,9325.45605,10724.4209,12551.98,14208.9287,14899.5273
2006-06-17,2655.99048,7380.47412,9718.14551,9756.125,13519.03,16921.8301,13923.8301
2006-06-18,2132.98901,6452.35156,9618.1748,8342.68945,12978.92,20942.2051,15294.7998
2006-06-19,1812.91064,5434.03809,8980.5957,6813.07129,12261.19,24495.082,18587.4551
2006-06-20,1613.23059,4489.56055,7943.4043,5456.2998,11115.19,25496.7422,22933.1309
2006-06-21,1597.81738,4013.99585,6901.22021,4588.55615,9592.61,24821.6641,26145.7793
2006-06-22,1801.57812,4080.08618,6037.75049,4299.61816,8116.55,23528.2988,26600.4414
2006-06-23,2200.10376,4284.31689,5661.4126,4313.6001,7190.52,21600.9492,25555.2285
2006-06-24,2540.63647,4570.00586,5740.46533,4617.23633,7115.47,19407.5039,23936.1465
2006-06-25,2673.74097,5396.48535,5859.6875,5248.53076,7315.90,17318.6328,21663.0312
2006-06-26,2870.95239,6480.45459,6231.73877,5553.56152,7370.81,15923.5195,19290.9961
2006-06-27,2987.19336,7570.78516,7278.92676,5489.375,7626.04,15612.4404,17318.6426
2006-06-28,2992.71924,8524.5459,8639.24902,5551.77881,8205.10,15850.5137,16243.5381
2006-06-29,3164.55518,8974.62793,10182.5635,5740.96777,8363.63,16494.9551,16179.4189
2006-06-30,3243.24365,9058.74219,11511.8115,6174.84229,8291.22,18146.0859,16509.1133
2006-07-01,3037.2561,9028.03418,11926.9824,6773.98682,8530.22,20118.6973,17371.793
2006-07-02,2691.3313,9034.03906,11591.4629,7051.45752,8725.57,21845.4668,19233.793
2006-07-03,2367.91455,8691.39746,11052.2256,6846.85938,8838.64,22811.9043,21276.6113
2006-07-04,2093.54419,7854.56299,10645.9941,6302.56445,9006.49,22860.6523,22807.9258
2006-07-05,1914.87146,6745.69531,10143.7998,5633.56348,8869.75,22192.1387,23542.2207
2006-07-06,1997.44592,5781.97754,9276.2041,5671.0874,8394.97,21368.6699,23261.7695
2006-07-07,2590.78564,5449.64941,8125.0376,6650.95752,7704.89,21152.9238,22460.3789
2006-07-08,3351.45435,5695.6626,7122.08057,7840.50684,7272.43,20208.7422,21835.6504
2006-07-09,3561.48975,6176.0376,6677.42188,9572.00488,8073.93,18627.6738,21490.2227
2006-07-10,3485.87817,7102.86621,6853.81641,11393.2705,9493.63,16967.5176,20460.5898
2006-07-11,3435.45898,8475.68652,7358.66748,11923.9531,10839.91,15933.7031,18806.6543
2006-07-12,3308.60205,9010.22461,8223.69238,11359.9346,12893.41,16829.7598,17312.8906
2006-07-13,3430.15771,8480.63965,9593.97266,10459.8018,14464.49,18876.3633,16867.3223
2006-07-14,4201.1792,7773.88281,10386.6621,9678.89746,14500.19,20853.6719,18269.6309
2006-07-15,5088.32422,7349.69775,9996.72852,9129.41406,13624.96,23915.2051,20201.7383
2006-07-16,5489.28271,7608.51855,9176.21484,9229.70703,12509.07,26716.5547,22356.0078
2006-07-17,5358.08691,8568.69531,8578.18066,9304.75586,11713.35,26942.7324,25586.5059
2006-07-18,4601.26074,9437.61133,8658.49023,8673.19727,11392.10,25214.7773,27636.7422
2006-07-19,4115.57666,9577.78418,9537.82227,8212.6875,11630.37,23145.123,27122.6543
2006-07-20,4144.68652,9366.39551,10617.7607,8521.16309,11518.73,22152.4473,25301.9277
2006-07-21,3980.12769,9187.96582,11154.7754,9017.24707,11094.03,22729.5078,23700.4023
2006-07-22,3521.86743,9343.25586,11135.5928,9050.60742,11496.19,24457.6504,23357.9902
2006-07-23,3097.31128,9306.22852,10907.8281,8686.01172,12657.12,25575.1094,24271.2773
2006-07-24,2944.85205,8550.40332,10893.6992,7795.57568,13157.19,25419.9102,25712.4648
2006-07-25,2851.93091,7675.26221,10807.3213,6852.63574,12600.64,25707.7988,26097.4473
2006-07-26,2768.39673,7283.45703,10243.0146,6561.69482,11676.08,26973.2441,25745.9004
2006-07-27,2875.80176,7502.32617,9864.33301,6750.42627,10537.71,27935.8809,26452.2031
2006-07-28,2937.46436,7923.2168,10198.9287,6966.54395,10001.16,27868.8887,28064.1777
2006-07-29,2722.17383,8133.96729,11063.7666,7196.37354,10701.92,27542.0938,29174.5488
2006-07-30,2483.2146,7936.66455,11998.5586,7109.25439,11792.72,27220.2363,29348.7031
2006-07-31,2215.42139,7338.32568,12357.4541,6374.68066,12079.56,27407.3086,28982.7539
2006-08-01,1973.27161,6480.4458,11947.2607,5700.5332,11575.83,29105.7812,28460.2793
2006-08-02,2124.36206,5748.88428,11243.7061,5600.02246,10548.19,30937.3555,28810.084
2006-08-03,2751.21606,5504.35156,10264.1631,5833.86914,9423.00,30967.5391,30529.3613
2006-08-04,3147.31079,5659.31641,9328.48535,6725.72754,9098.10,29281.3633,31702.4277
2006-08-05,2966.71973,6198.12646,9029.28418,8001.64062,9622.13,26758.2227,30996.2109
2006-08-06,2711.32153,7030.04102,9042.02344,8593.31641,10445.25,24247.457,28894.877
2006-08-07,2444.44385,7218.03369,9258.55273,8344.45508,11465.88,23443.5781,26217.9395
2006-08-08,2143.43921,6470.63232,9764.61621,7630.43457,12080.21,24113.207,24054.6289
2006-08-09,1944.74927,5718.4834,9737.45312,6910.61279,11758.72,24601.168,23887.0234
2006-08-10,1822.51306,5410.26562,8904.24902,6565.00293,10944.38,25376.0625,24569.8887
2006-08-11,1778.03857,5524.4458,8224.22559,6327.89062,10092.66,26183.1309,25146.4297
2006-08-12,1860.49634,5825.37402,8033.65381,6041.83105,9585.14,25807.0059,26140.7031
2006-08-13,2244.95264,5922.83203,8146.24854,5980.00977,9461.22,24600.293,26611.4824
2006-08-14,2702.56323,5840.8252,8465.78418,6215.16943,9322.00,23256.5352,25917.4512
2006-08-15,3143.68872,5728.19141,8548.77148,6859.22119,9285.54,22392.6074,24640.6406
2006-08-16,3612.87622,5640.10059,8414.8291,7151.83887,9322.23,22355.6387,23346.998
2006-08-17,3341.14502,5685.7998,8301.51953,6621.50244,9605.36,22152.0449,22833.207
2006-08-18,2646.83057,5883.5376,8096.26611,6212.85791,10419.49,21606.2441,22830.7246
2006-08-19,2298.7522,6282.90723,7887.97803,6114.34619,10307.22,21368.7285,22502.1777
2006-08-20,2187.82324,6238.64258,7842.33789,6353.29297,9365.38,21802.6055,22095.9844
2006-08-21,2327.24194,5556.95068,8161.15723,6535.604,8872.45,22525.6484,22244.25
2006-08-22,2961.24292,5041.74365,8244.8877,6148.26562,8857.91,21940.3203,23195.7949
2006-08-23,3901.47437,4833.99219,7641.78516,5642.69531,9234.73,20945.166,23759.9238
2006-08-24,4094.62231,4893.30322,7021.35449,5520.89014,9239.19,20847.1504,22806.3828
2006-08-25,3602.36523,5314.69727,6663.39307,6269.15381,8544.18,20604.5273,22079.4688
2006-08-26,3207.43286,6183.51416,6508.85547,7150.26709,7736.09,20171.0566,21978.9648
2006-08-27,3082.74146,7061.74414,6746.22021,7563.91211,7655.99,19721.0312,21464.3457
2006-08-28,2977.99121,7210.19922,7544.25244,7869.08984,8502.68,18647.4688,20920.3789
2006-08-29,2838.31494,6893.65381,8554.14453,8083.38623,9401.88,17385.6445,20179.1133
2006-08-30,2796.03027,6794.42334,8933.52246,8162.58057,10137.81,17336.6465,18844.1348
2006-08-31,2569.45581,7047.96973,8666.06055,8392.27637,11051.92,19000.7441,17726.041
2006-09-01,2223.25977,7015.99023,8408.46387,8472.74121,11824.40,21083.8066,18491.916
2006-09-02,1967.1969,6529.77783,8603.40527,7952.64111,12044.46,22505.3672,21036.8555
2006-09-03,1965.54492,5848.90186,8824.85547,7000.78467,12237.25,23730.1602,23595.5117
2006-09-04,2156.02637,5070.51221,8518.54883,5918.7915,12073.33,24714.3906,25009.7637
2006-09-05,2075.06592,4460.55273,7812.26562,5160.06689,11168.79,25222.123,25679.4082
2006-09-06,1865.92212,4099.85059,6895.41553,4810.16357,9755.88,25216.4844,25988.9863
2006-09-07,1748.31592,4022.14526,6074.30225,4746.5752,8176.22,24116.9023,25928.9434
2006-09-08,1597.94592,3967.19629,5553.22021,4767.26807,7115.82,22190.7031,25370.5664
2006-09-09,1522.71655,3922.37329,5368.89453,4708.19238,6604.55,19638.6289,23855.0332
2006-09-10,1581.55078,4080.89136,5342.67578,4680.61914,6588.08,16874.5215,21697.5801
2006-09-11,1964.27466,4394.75244,5479.21875,4796.34277,6698.77,14916.167,18977.7363
2006-09-12,2920.05737,4903.32617,5943.36816,5019.67139,6957.25,13993.4473,16420.2715
2006-09-13,4228.18506,5808.95703,6558.13916,5615.41113,7573.72,14088.1172,14789.2979
2006-09-14,5091.63379,7358.90527,7223.52393,7383.99268,8327.41,14892.2676,14216.3477
2006-09-15,5276.354,8810.32227,8201.94141,9377.49316,9053.64,16236.666,14595.4268
2006-09-16,4721.82861,9506.52148,9735.40234,10216.4658,9937.71,18356.5645,15612.9316
2006-09-17,3644.19116,9530.25684,11135.1611,10298.1719,11585.88,20785.1855,17262.6758
2006-09-18,2838.93384,8990.32031,11775.2578,9959.85254,12933.79,23515.2617,19705.6309
2006-09-19,2412.64209,8105.09033,11874.0459,9126.15039,13266.68,26437.1035,22646.2734
2006-09-20,2109.36133,6919.39111,11434.7051,8099.54443,13171.88,29032.6035,25821.0254
2006-09-21,1864.35876,6023.95215,10685.8887,7389.80225,12840.75,30416.0938,28995.1484
2006-09-22,1721.04102,5807.15332,9807.69531,6875.53076,12409.09,30557.1973,31419.2363
2006-09-23,1727.51233,5809.47412,9102.25977,6315.14648,12142.13,29992.7676,32298.9375
2006-09-24,1948.68506,5775.63672,8832.27246,5646.92432,11869.04,28925.3008,31817.6934
2006-09-25,2103.81641,5732.85107,8718.40723,5072.98486,11008.08,27588.4629,30734.4453
2006-09-26,1927.67981,5610.48975,8483.71582,4797.28125,9820.49,27006.5586,29184.4473
2006-09-27,1639.32129,5359.92188,8096.76709,4575.06055,8559.87,26925.2773,27907.4121
2006-09-28,1466.20947,5011.51123,7729.13721,4269.40674,7551.96,25612.4414,27891.0566
2006-09-29,1393.65808,4552.39209,7450.64502,3924.15552,6955.25,23580.4004,27737.332
2006-09-30,1466.61853,4116.21582,7348.45703,3721.93848,6569.51,21747.2871,26002.5449
2006-10-01,1604.08899,3928.94092,7222.86426,3782.89209,6288.73,20588.9043,23932.5898
2006-10-02,1629.46204,3928.46729,7073.30566,4098.14111,6015.22,20252.625,22162.6895
2006-10-03,1630.2063,3921.07202,6858.61426,4383.14893,5823.68,19691.2871,21138.7891
2006-10-04,1590.55322,3910.99146,6449.19629,4591.45801,5802.24,18576.7969,20832.4844
2006-10-05,1558.91528,3917.99438,6030.83643,4597.85938,6053.75,17616.957,20229.3613
2006-10-06,1705.85156,4022.91821,5785.52246,4288.68506,6353.03,16749.3555,19281.668
2006-10-07,1840.74133,4055.07251,5855.5,4203.00342,6641.33,16083.5352,18542.1992
2006-10-08,1817.19995,3917.19653,6132.40186,4718.03613,6744.09,16101.0996,17756.5723
2006-10-09,1629.25769,3824.9397,6411.4707,5577.52344,6920.60,17001.6309,17197.4336
2006-10-10,1402.50549,3712.85791,6488.17432,6176.83301,7794.94,18614.6562,17547.916
2006-10-11,1303.16174,3532.7583,6232.39014,6170.18994,9163.43,20150.5039,18877.7109
2006-10-12,1468.03259,3263.19775,5911.02246,5525.896,10435.38,21299.8281,20510.8164
2006-10-13,1645.19812,2979.65259,5658.41309,4934.80518,10953.08,22335.7441,21757.5918
2006-10-14,1505.20984,2830.53052,5310.61084,5007.82178,10406.67,23905.0977,22641.9844
2006-10-15,1284.46716,2940.83545,4947.13379,5611.4375,9235.57,25567.293,23459.3398
2006-10-16,1117.78784,3136.51929,4726.86621,6063.43018,8441.27,25453.709,24982.9219
2006-10-17,983.549561,3012.97583,4780.08447,5568.66064,8242.44,23008.0098,26152.5977
2006-10-18,901.753174,2686.65747,4895.62598,4515.41016,8350.17,19711.4785,25112.2285
2006-10-19,879.151855,2418.54932,4680.14355,3650.97754,8158.82,17417.4199,22235.5
2006-10-20,897.244202,2248.75635,4263.03125,3087.29175,7189.76,16445.502,19210.9629
2006-10-21,959.860413,2267.70142,3940.59668,2830.92261,6082.09,16097.8789,17491.4609
2006-10-22,1034.11462,2464.78149,3771.97583,2849.72998,5317.08,15316.9492,16842.6523
2006-10-23,1068.28967,2694.38525,3779.82397,3066.09766,4892.14,13903.4121,16379.3291
2006-10-24,1067.91858,2826.5459,3931.52295,3301.67163,4755.54,12560.2793,15254.3086
2006-10-25,990.004089,2836.4397,4114.39893,3466.81787,4756.01,11600.1836,13733.5908
2006-10-26,876.509399,2722.69189,4170.9375,3483.09595,4836.42,11124.8809,12480.3955
2006-10-27,791.685425,2545.49487,4102.07422,3238.21973,4897.40,11239.458,11620.6172
2006-10-28,728.504028,2373.38574,3938.63232,2952.82153,4941.73,11139.127,11400.9355
2006-10-29,693.286194,2172.55029,3708.64404,2725.17944,4838.02,10893.9414,11557.708
2006-10-30,678.301086,1992.53992,3517.45288,2523.41602,4537.67,10665.0488,11308.4922
2006-10-31,664.159302,1861.56641,3324.0127,2383.28345,4256.51,10314.1943,10991.5703
2006-11-01,642.725403,1764.67517,3112.03247,2286.12305,3994.31,9789.29688,10731.9531
2006-11-02,624.95752,1715.24768,2917.42798,2220.29175,3740.34,9180.59863,10311.3555
2006-11-03,612.63501,1698.64917,2751.96582,2160.47559,3545.99,8611.21191,9736.72363
2006-11-04,595.519287,1682.52417,2640.13501,2103.99683,3392.68,8071.9126,9132.02246
2006-11-05,578.549744,1643.94116,2578.03174,2051.57373,3273.91,7556.74902,8574.98438
2006-11-06,581.463013,1586.37109,2538.70117,2004.33484,3173.11,7138.45459,8036.40918
2006-11-07,595.53186,1524.94812,2489.28027,1961.32568,3085.96,6840.14258,7552.53516
2006-11-08,595.3172,1507.60229,2445.94287,1936.27551,3052.47,6679.08057,7179.31201
2006-11-09,610.260986,1578.24695,2436.55518,1994.69458,3071.06,6614.36133,6971.53369
2006-11-10,637.088257,1718.23083,2444.14771,2157.9939,3037.53,6621.6665,6899.60156
2006-11-11,629.308289,1807.10681,2490.51929,2343.37402,3046.78,6746.73145,6851.38916
2006-11-12,640.061462,1790.67688,2614.70215,2429.62891,3227.66,6834.91699,6865.30908
2006-11-13,707.663269,1725.63794,2708.38257,2361.01929,3422.98,6819.0459,6981.46777
2006-11-14,725.907593,1636.44202,2670.79224,2210.89038,3516.51,7016.47119,7023.13525
2006-11-15,661.906982,1603.70056,2562.90601,2080.34546,3491.61,7414.42285,7030.93848
2006-11-16,583.266418,1644.53735,2439.18945,2025.88098,3337.63,7543.12939,7368.26514
2006-11-17,513.937988,1623.91882,2358.46387,2040.42664,3141.10,7323.73047,7690.08203
2006-11-18,468.219238,1508.48096,2356.34106,2039.45776,2988.23,7038.29199,7644.31348
2006-11-19,443.414398,1373.81042,2323.62598,1971.44104,2915.32,6673.68359,7389.23682
2006-11-20,435.668457,1256.14478,2193.59302,1870.87891,2899.73,6379.14746,7066.80322
2006-11-21,480.768707,1171.5614,2033.87842,1778.22534,2857.80,6204.67236,6702.08057
2006-11-22,575.789062,1121.00317,1894.13977,1706.16418,2757.88,6021.99805,6455.3335
2006-11-23,611.314575,1104.38684,1787.40198,1688.64282,2640.04,5813.04199,6287.40137
2006-11-24,553.293579,1137.62,1717.78027,1771.81592,2537.52,5578.06982,6094.22852
2006-11-25,483.230652,1216.89197,1682.20728,1929.21533,2464.45,5319.85742,5875.98633
2006-11-26,443.457153,1255.90515,1693.89099,2028.25,2466.92,5083.91406,5629.42432
2006-11-27,452.193604,1198.5249,1756.94702,1970.55957,2577.65,4910.02344,5365.56445
2006-11-28,516.657288,1103.83667,1797.86987,1851.59167,2717.77,4809.83789,5148.7915
2006-11-29,519.137817,1031.78528,1746.9054,1807.25256,2754.41,4845.77393,4996.62891
2006-11-30,452.915039,1003.76062,1642.86841,1894.06299,2647.43,5049.26074,4930.43555
2006-12-01,404.593445,1044.3031,1554.12378,2019.37781,2526.61,5209.31641,5027.75732
2006-12-02,363.871124,1067.26465,1507.78845,1963.38708,2508.64,5145.9292,5233.22314
2006-12-03,338.599396,1008.01941,1526.99548,1787.85803,2619.24,4918.55176,5329.04541
2006-12-04,325.635406,939.234497,1551.66931,1651.28064,2689.77,4711.4292,5199.61621
2006-12-05,318.875458,884.181274,1496.46509,1552.18347,2567.05,4656.25537,4962.1626
2006-12-06,312.709076,841.913818,1414.35767,1489.88831,2388.81,4795.08594,4795.69238
2006-12-07,306.240662,814.676636,1349.15247,1460.91919,2254.78,4865.8667,4809.00293
2006-12-08,298.668396,796.254761,1294.99854,1444.98364,2158.58,4670.68604,4966.29688
2006-12-09,289.538635,780.39325,1256.77722,1417.401,2097.94,4417.02539,4947.03076
2006-12-10,283.255005,764.524414,1228.59851,1383.59229,2067.02,4217.97363,4700.7915
2006-12-11,277.575928,748.25531,1204.14624,1348.99792,2040.10,4070.53784,4466.98047
2006-12-12,272.09964,730.285706,1179.98291,1319.73352,2001.53,3973.50781,4283.46143
2006-12-13,270.044556,713.991394,1155.66187,1300.96204,1958.46,3789.43994,4153.72949
2006-12-14,289.907104,699.356812,1130.00757,1287.71887,1916.34,3720.17993,4035.16479
2006-12-15,319.066284,685.748596,1105.36694,1271.42273,1882.52,3656.12524,3876.40186
2006-12-16,312.11618,673.829041,1082.9364,1252.92078,1858.17,3587.22681,3819.14502
2006-12-17,283.962341,677.641541,1061.53857,1255.32861,1836.86,3517.85059,3752.78711
2006-12-18,262.226593,699.582397,1041.53711,1296.78699,1810.75,3458.83984,3682.89209
2006-12-19,247.240005,700.335449,1034.01819,1318.9032,1730.93,3410.81299,3615.26343
2006-12-20,246.058624,680.681152,1047.19043,1278.35645,1736.96,3367.03613,3560.34937
2006-12-21,257.376312,681.342957,1048.28845,1228.06653,1774.77,3322.229,3514.41162
2006-12-22,265.106232,691.575989,1026.31921,1192.86145,1769.08,3241.71533,3469.77808
2006-12-23,253.876648,688.184448,1019.73083,1178.25623,1711.59,3261.55396,3408.36621
2006-12-24,235.178833,672.048401,1027.67493,1181.66724,1661.91,3289.7644,3360.88062
2006-12-25,220.017288,647.727539,1021.32849,1177.67737,1625.34,3262.08521,3390.61694
2006-12-26,208.139679,613.199585,996.898926,1152.95471,1611.24,3206.59351,3403.56689
2006-12-27,201.142105,575.054993,963.685913,1114.89734,1607.00,3162.05542,3359.32715
2006-12-28,197.244476,545.623901,922.129883,1080.71204,1589.43,3110.90381,3306.25098
2006-12-29,196.041107,523.784546,876.349121,1053.74243,1552.78,3065.28589,3260.08862
2006-12-30,194.757736,508.240051,838.588623,1034.63513,1481.15,3114.18457,3301.75244
2006-12-31,193.441025,497.663971,809.838013,1019.82959,1441.48,3051.44214,3257.51489
2007-01-01,195.950592,488.931854,787.515259,1006.396,1409.59,2970.25415,3206.8833
2007-01-02,191.998779,481.319183,770.672485,996.837463,1404.47,2917.65747,3166.28638
2007-01-03,181.391891,472.600433,756.079163,992.182983,1391.13,2851.4729,3081.44849
2007-01-04,173.301971,466.864471,743.087524,985.000183,1373.26,2798.19507,3003.9541
2007-01-05,166.368759,459.921234,729.197571,970.114197,1361.83,2658.30103,2843.68091
2007-01-06,161.260284,444.877533,717.529968,950.460083,1354.34,2582.20679,2746.11108
2007-01-07,157.290955,429.91687,706.71814,932.102417,1340.09,2553.59473,2712.49268
2007-01-08,153.810928,417.19281,688.059509,919.404907,1316.29,2534.1665,2681.14136
2007-01-09,150.372696,406.182922,667.727112,910.251709,1288.23,2514.97998,2655.08984
2007-01-10,147.026169,396.779724,650.145142,904.074768,1263.73,2480.07031,2636.83716
2007-01-11,143.680878,388.168121,634.357117,902.642212,1245.23,2428.69482,2613.55005
2007-01-12,140.213654,379.871918,620.337524,900.744263,1230.64,2376.01562,2571.47949
2007-01-13,137.110672,371.672241,607.141296,888.589783,1220.43,2330.86597,2517.62598
2007-01-14,134.143082,363.722931,594.451233,867.639099,1213.80,2295.24536,2466.94995
2007-01-15,131.346451,355.739288,581.950439,845.808289,1204.30,2265.85791,2424.94531
2007-01-16,129.384537,348.072021,569.821289,826.952576,1184.22,2241.45679,2391.42822
2007-01-17,127.575294,340.736542,557.797729,812.838074,1156.68,2220.32666,2363.01831
2007-01-18,126.028,333.730011,546.155273,804.98407,1130.66,2195.87378,2339.77832
2007-01-19,123.518608,327.627228,535.501343,805.080322,1108.67,2161.54175,2317.96143
2007-01-20,119.648048,321.839844,526.026001,806.483398,1092.85,2120.37305,2289.56177
2007-01-21,116.328629,316.064758,516.670349,810.295593,1084.82,2081.71411,2252.25806
2007-01-22,113.147461,310.070984,506.592163,803.865784,1082.92,2051.54053,2212.28955
2007-01-23,110.376198,303.165894,496.364349,778.224304,1088.14,2028.46948,2175.05542
2007-01-24,108.185028,296.006714,486.333344,752.664185,1090.41,2014.2229,2145.8313
2007-01-25,106.017441,288.813721,475.829315,733.286194,1072.52,2002.70166,2125.70459
2007-01-26,103.530083,281.902679,465.116516,719.445068,1038.90,1994.25427,2112.58179
2007-01-27,101.003197,275.792908,454.638641,708.530884,1005.76,1981.3241,2101.51196
2007-01-28,98.5733414,270.051544,444.402496,697.866577,980.16,1949.07178,2092.43457
2007-01-29,96.2310715,264.241333,435.011505,687.058655,961.23,1902.4165,2074.25293
2007-01-30,94.0771561,258.479187,426.126099,676.535645,945.56,1855.36377,2035.18176
2007-01-31,92.3430862,254.661758,417.309509,667.144043,915.79,1924.20117,2085.06714
2007-02-01,95.8898621,262.688232,409.151764,662.78833,901.79,1766.42078,1914.93726
2007-02-02,120.83831,338.908905,406.785889,679.562317,893.32,1741.18945,1883.06775
2007-02-03,182.554443,501.013702,422.655365,741.404236,892.82,1719.4375,1855.88843
2007-02-04,247.595901,610.653076,504.828796,876.989319,918.59,1707.43555,1833.5437
2007-02-05,257.499451,605.680054,669.872253,1004.68958,993.86,1713.18054,1817.38232
2007-02-06,270.534271,575.522888,796.314697,1041.79199,1111.97,1751.98486,1809.95898
2007-02-07,351.248383,615.017639,805.115784,1063.54639,1272.61,1926.93909,1820.92517
2007-02-08,412.358734,686.270142,772.420654,1116.25598,1391.35,2266.53418,1896.18982
2007-02-09,400.089355,718.760498,805.615967,1197.40771,1441.70,2568.51147,2137.9248
2007-02-10,378.342651,834.238525,884.091248,1271.03723,1505.75,2716.33521,2478.70654
2007-02-11,342.62146,992.856873,910.496033,1303.34827,1574.02,2740.25488,2725.56592
2007-02-12,260.38324,1005.60034,986.405396,1276.36804,1657.12,2800.67969,2825.24438
2007-02-13,197.106628,894.922363,1133.92334,1162.1748,1704.87,2904.31396,2845.78833
2007-02-14,243.374802,751.316345,1177.41699,1042.61035,1677.83,2975.54199,2934.99609
2007-02-15,376.406677,717.415833,1122.06262,1015.81268,1603.95,3156.3374,3022.14209
2007-02-16,511.359009,1070.41455,1107.9093,1211.95056,1510.60,3360.23267,3111.17017
2007-02-17,601.22937,1619.59546,1213.21533,1709.30212,1487.54,3400.83936,3332.75415
2007-02-18,568.508789,1900.19556,1591.0896,2464.48877,1678.73,3416.53052,3489.92627
2007-02-19,439.933319,1816.06543,2136.95752,3037.17969,2098.44,3444.40234,3498.2832
2007-02-20,307.492493,1513.92383,2405.57422,2912.83521,2643.45,3635.57397,3528.44751
2007-02-21,204.422882,1163.31873,2234.91357,2407.05127,3281.83,4412.42822,3570.88257
2007-02-22,145.242111,842.14801,1827.31323,1872.22864,3547.91,5421.15381,3922.64404
2007-02-23,116.904625,600.768982,1404.30042,1393.88977,3180.57,6023.896,4855.56836
2007-02-24,104.072456,446.328369,1038.51587,1099.90442,2639.48,6185.28467,5777.04199
2007-02-25,95.4711533,362.831451,764.741699,947.226257,2076.65,5811.69678,6209.46191
2007-02-26,88.1058731,316.800751,589.474731,872.175354,1584.54,4936.49365,6221.74365
2007-02-27,89.6197281,279.457825,488.19577,829.277649,1296.28,4001.37793,5650.75
2007-02-28,138.057007,248.597641,429.229767,796.764221,1130.36,3316.10254,4841.45898
2007-03-01,194.264603,227.505356,384.168793,764.107056,1046.92,2518.21387,3820.81982
2007-03-02,187.128525,222.818939,345.936737,744.74762,996.25,2133.49731,3031.76831
2007-03-03,157.07048,260.250305,319.019684,761.705383,958.65,1918.67041,2471.57104
2007-03-04,153.26828,330.70578,308.679199,802.696045,923.30,1780.4137,2158.97632
2007-03-05,173.012314,357.593658,335.787048,847.667236,911.19,1685.0946,1978.79883
2007-03-06,162.959915,338.015686,404.169891,878.43042,934.74,1622.19373,1857.22668
2007-03-07,128.978592,319.056824,443.135376,904.301392,976.97,1583.88428,1766.99487
2007-03-08,104.679253,316.827148,430.15744,944.873413,1015.47,1613.53662,1696.88953
2007-03-09,84.9689102,304.795959,407.328796,944.223145,1039.70,1702.63428,1674.8573
2007-03-10,74.8200531,265.666931,397.967346,874.109497,1065.44,1764.01575,1732.25903
2007-03-11,68.0457153,229.966858,387.758087,796.384644,1100.69,1780.72913,1818.67786
2007-03-12,64.3367233,204.46402,349.861786,743.61499,1076.09,1783.67517,1863.02039
2007-03-13,63.31633,188.484497,309.381531,715.650024,993.12,1803.63904,1871.64429
2007-03-14,64.114624,178.532257,281.347839,701.907166,921.87,1817.72534,1877.53284
2007-03-15,70.4401398,171.289474,262.166809,688.299988,873.41,1750.07751,1902.65662
2007-03-16,100.633736,167.687943,250.408981,670.833984,849.26,1632.26636,1893.43762
2007-03-17,133.11264,166.851334,241.357254,653.235229,833.74,1534.25879,1801.47009
2007-03-18,145.581268,170.573929,235.76712,642.787292,816.69,1469.29187,1684.63318
2007-03-19,143.329514,192.819397,233.073273,646.347473,796.53,1433.68066,1597.49109
2007-03-20,117.576645,225.301926,234.108658,679.120361,778.62,1409.35681,1543.51611
2007-03-21,88.3795242,240.69928,251.007385,743.628662,769.70,1386.4679,1513.70129
2007-03-22,70.0484314,240.265533,282.75415,807.393127,778.30,1366.84973,1493.67371
2007-03-23,62.6617851,220.88002,300.967194,807.991882,821.33,1352.55371,1470.31433
2007-03-24,73.7377777,192.809433,303.219574,735.767456,887.48,1366.9364,1448.04932
2007-03-25,93.740593,173.20192,292.36261,661.387939,937.15,1404.25781,1441.29919
2007-03-26,97.6113358,162.651901,274.122162,628.616516,910.25,1458.06213,1465.56201
2007-03-27,84.5183411,168.242874,257.32431,656.032532,826.37,1522.66162,1507.31152
2007-03-28,69.8974533,184.87674,239.710754,716.922119,763.44,1557.21594,1566.95508
2007-03-29,57.8894157,190.80574,233.907303,744.208984,745.63,1515.26672,1627.31982
2007-03-30,49.8950768,176.746384,242.576736,727.875732,788.12,1417.59863,1638.25549
2007-03-31,46.1121521,156.359253,247.220001,702.560242,937.07,1618.12549,1887.41028
2007-04-01,44.2602081,139.504822,233.621262,689.076843,953.35,1597.97742,1788.26086
2007-04-02,43.8521652,127.371635,211.840973,677.724426,931.25,1641.63098,1715.00708
2007-04-03,43.7476807,120.298767,193.508438,659.89093,903.93,1677.54333,1699.84766
2007-04-04,46.1911316,116.407936,180.041519,632.388611,888.50,1674.948,1758.71387
2007-04-05,86.5003891,115.349442,171.257446,606.194458,872.37,1574.75696,1746.94775
2007-04-06,187.943695,114.682617,165.687622,588.633789,847.99,1437.13013,1620.38123
2007-04-07,254.563507,118.408699,163.369904,590.360107,817.31,1417.40442,1574.37
2007-04-08,350.896088,157.25798,162.227005,696.024231,792.13,1397.5343,1542.24207
2007-04-09,606.890259,312.996338,167.280075,1027.8938,779.50,1360.33215,1493.39893
2007-04-10,863.57489,570.152954,215.525909,1413.98523,754.97,1279.2218,1426.82178
2007-04-11,1246.40588,940.483459,393.993835,1717.23572,976.80,1220.41968,1346.26379
2007-04-12,1600.70703,1561.02026,745.746155,2179.46973,1496.65,1269.12244,1316.46423
2007-04-13,1578.8717,2196.71533,1268.10376,3035.19385,2021.53,1515.56116,1309.62659
2007-04-14,1381.9751,2595.99805,1992.36316,4110.7793,2483.10,2196.2854,1405.26453
2007-04-15,1088.96643,2813.65356,2781.53491,4443.70605,3056.85,3308.85156,1779.53882
2007-04-16,745.729187,2632.85303,3288.22241,3900.99902,3942.28,4471.54395,2632.0835
2007-04-17,497.357697,2150.16309,3430.31714,3328.78882,4778.58,5681.26074,3804.10034
2007-04-18,424.954285,1662.1355,3149.83496,2909.78345,4688.13,6929.24121,4962.61523
2007-04-19,417.745697,1186.41418,2574.27539,2503.29639,4062.86,8122.78174,6206.57666
2007-04-20,370.651031,841.255066,2023.2821,2116.39062,3590.97,8874.29785,7436.2998
2007-04-21,375.44458,707.02771,1506.32556,1809.31384,3215.43,8297.81836,8566.50098
2007-04-22,486.749573,720.074158,1096.98877,1609.22217,2808.40,7053.78027,8927.89258
2007-04-23,567.423401,741.224365,892.987183,1671.55261,2418.85,6050.82178,7970.27783
2007-04-24,581.64447,820.725769,891.382019,1908.72986,2112.59,5245.61377,6777.55176
2007-04-25,627.425354,1061.44617,986.418823,1988.92395,1977.90,4659.89062,5851.44531
2007-04-26,733.694641,1236.04785,1169.78552,1946.85083,2177.80,4280.96973,5103.62695
2007-04-27,807.357788,1210.56897,1503.82458,2112.29517,2452.72,4000.43652,4611.72754
2007-04-28,805.434082,1155.05493,1760.45178,2433.17407,2499.30,3877.56494,4292.49707
2007-04-29,804.980835,1195.25183,1742.53711,2594.49756,2492.42,4224.49805,4079.88159
2007-04-30,730.913452,1286.76733,1593.63611,2704.96216,2803.20,5170.20166,4485.86426
2007-05-01,571.41394,1292.74243,1534.75159,2828.64404,3105.59,5560.35352,4938.53711
2007-05-02,423.803009,1237.09009,1568.7981,2874.2085,3271.59,5511.90381,5508.07129
2007-05-03,330.321625,1107.66138,1528.58044,2721.19507,3368.71,5487.41406,5739.07373
2007-05-04,285.130096,892.004883,1444.51624,2294.48633,3401.33,5713.98145,5674.86426
2007-05-05,289.701141,719.04303,1324.6554,1857.83997,3360.33,5980.56396,5770.85303
2007-05-06,310.98764,605.333008,1122.2262,1712.72644,3063.70,6101.19385,6070.85693
2007-05-07,296.548096,563.980774,955.157837,1770.21997,2580.72,6018.25879,6219.2959
2007-05-08,268.306915,577.487671,850.005371,1726.1001,2275.56,5828.34229,6312.27588
2007-05-09,271.262573,630.332336,833.655151,1592.69922,2274.81,5354.80615,6338.98145
2007-05-10,316.089569,680.334534,942.680725,1485.24231,2362.54,4834.29395,6103.74707
2007-05-11,431.576935,721.623901,1175.12646,1439.15405,2325.70,4604.58057,5549.0542
2007-05-12,664.336548,965.143982,1554.43384,1561.72791,2271.12,4837.479,5049.36719
2007-05-13,977.305115,1388.9364,2313.16162,1952.23633,2313.67,5274.59814,4972.11963
2007-05-14,1363.75,1990.52002,3496.07007,2604.11694,2581.00,5765.27002,5413.93701
2007-05-15,2115.22583,2965.39087,4573.34375,3488.0603,3267.08,6710.70117,5971.73877
2007-05-16,3112.11841,4293.69189,5507.1709,4904.36475,4363.58,8500.49707,6589.38184
2007-05-17,3748.34644,5651.00049,6508.3208,7226.47021,5730.54,10586.4287,7796.50439
2007-05-18,3729.39404,6937.26758,7509.25977,10172.877,7258.66,12377.876,9710.79785
2007-05-19,3083.18994,8018.00781,8556.08398,12696.9053,9075.00,14198.9893,11686.9707
2007-05-20,2207.27686,8307.71191,9731.80957,14012.6758,11743.93,16272.0566,13521.4688
2007-05-21,1534.30664,7650.17822,10822.0615,14639.9658,15172.71,18573.2988,15520.3672
2007-05-22,1202.5542,6477.25488,11184.2627,14876.251,17745.84,21437.4922,17723.0352
2007-05-23,1196.67175,5280.63818,10505.7168,13064.083,18706.89,25707.7227,20168.7363
2007-05-24,1385.26001,4365.55859,9086.41699,9831.5791,19115.17,30281.3105,23435.918
2007-05-25,1450.91174,3870.86572,7503.14795,7431.69043,18487.43,32786.0312,27990.0762
2007-05-26,1256.41382,3652.6438,6266.85938,5989.79883,15528.99,32743.4609,32025.7012
2007-05-27,1036.71045,3518.94751,5552.15576,5051.15381,11885.67,31314.5684,33484.375
2007-05-28,916.277771,3309.31616,5171.86963,4263.95508,9295.53,28725.5898,32692.043
2007-05-29,867.680725,2897.30933,4891.95459,3700.17529,7602.22,24208.4688,30907.1289
2007-05-30,814.92749,2443.97046,4557.875,3269.20239,6419.00,19418.6426,27632.1504
2007-05-31,739.528015,2139.60181,4045.53467,2876.54907,5568.59,16092.5312,22918.6133
2007-06-01,679.28302,1998.46753,3477.4165,2537.48315,4975.96,13811.5029,18639.8984
2007-06-02,626.821106,1880.32507,3076.10376,2239.43262,4401.14,12099.6113,15688.7129
2007-06-03,594.381531,1744.64978,2877.73315,2072.38037,3892.95,10524.8555,13586.5537
2007-06-04,612.533813,1656.89954,2780.91992,1999.73975,3486.33,9372.93359,11857.3672
2007-06-05,680.887329,1645.73999,2757.0979,2003.34619,3197.18,8525.6084,10456.498
2007-06-06,718.211182,1720.71057,2801.89111,2029.61572,3053.73,8077.71289,9479.8623
2007-06-07,766.284485,1832.2821,2822.86377,2074.48926,3039.70,7826.89062,8827.11328
2007-06-08,906.012817,1973.50879,2829.27173,2227.80347,3101.16,7604.31787,8511.05176
2007-06-09,1069.58643,2160.79321,2879.51855,2520.55444,3119.62,7459.42627,8330.68555
2007-06-10,1308.49255,2408.87573,2997.60962,3150.59229,3309.91,7339.6958,8148.50391
2007-06-11,1676.34253,2912.06421,3194.28613,4461.26758,3949.23,7305.63037,8048.56787
2007-06-12,2337.01904,3624.32861,3551.22656,5748.09375,4779.49,7455.0459,8120.64307
2007-06-13,3243.15845,4334.96045,4350.41455,6556.56787,5923.98,8357.6709,8463.49805
2007-06-14,3444.49487,5169.74023,5489.39014,8092.9917,7690.65,10075.3965,9473.75
2007-06-15,3040.45068,6064.14404,6546.66699,10573.2061,9050.09,11700.1699,11012.002
2007-06-16,3037.82666,6786.27051,7784.52246,12416.9268,9981.37,13707.6777,12409.5498
2007-06-17,3421.99487,6939.15576,8932.45215,12828.7676,11877.32,16391.5762,13690.6992
2007-06-18,3687.09473,6476.04883,9302.48828,11867.4521,14321.74,18440.8594,15636.4209
2007-06-19,3582.50488,6194.54297,9038.11133,10371.2871,15682.06,20496.2324,17890.5
2007-06-20,3182.73853,6626.9707,8399.62793,9761.00488,15568.41,23448.1562,19616.9512
2007-06-21,2682.354,7029.86084,8035.75342,9887.12891,14424.98,25956.6211,21981.2617
2007-06-22,2305.88086,7030.24756,8682.00879,9665.81445,13228.99,26845.6035,24982.0059
2007-06-23,2311.44946,6966.03809,9554.27637,8652.30762,13059.96,26117.791,26922.1426
2007-06-24,2697.95874,6599.41846,9819.81934,7350.5,13239.75,25126.2734,27139.625
2007-06-25,2934.85449,6452.18506,9634.56055,6297.19434,12634.36,25080.9629,26186.8945
2007-06-26,3160.19238,6697.42822,9079.53125,5699.30518,11216.87,25801.8652,25385.9062
2007-06-27,3362.22241,6997.43262,8857.98633,5562.37207,9682.05,26037.543,25720.0332
2007-06-28,3066.95435,7123.37354,9043.52344,5627.63818,8594.37,24952.0234,26474.6523
2007-06-29,2814.25317,6939.79688,9199.83496,6088.85986,8083.51,22899.4336,26516.459
2007-06-30,3084.42822,7178.21875,9227.83203,6799.59033,7904.46,21324.4727,25126.8281
2007-07-01,3542.29077,7844.15137,9026.35449,7607.19336,7952.04,20359.7871,23152.7832
2007-07-02,3682.49438,8347.06738,9263.50781,8865.90234,8648.09,19917.9688,21761.9258
2007-07-03,3398.18115,8448.76367,9992.80176,10117.4834,9755.63,19503.125,20920.4395
2007-07-04,2933.35254,8201.78613,10538.9043,9767.5498,10768.94,19373.9707,20569.4961
2007-07-05,2495.72339,7657.39746,10586.207,7901.21484,11860.76,20417.5312,20246.3184
2007-07-06,2113.2771,6777.35352,10122.9219,6248.76221,12388.80,22177.5195,20640.9395
2007-07-07,1795.33374,5793.5708,9331.03125,5370.1123,11093.54,23484.5176,22450.3164
2007-07-08,1683.70471,4962.47949,8319.16406,5132.30811,8944.27,24110.3555,24169.1875
2007-07-09,1874.32129,4350.04248,7273.9458,5199.70703,7430.06,23717.3906,24880.9453
2007-07-10,2214.61206,3898.65234,6409.78662,5315.59717,6702.83,21423.0859,24885.6758
2007-07-11,2588.62085,3708.23755,5779.08496,5439.10547,6603.86,18142.8652,23631.1055
2007-07-12,3085.76855,3857.51831,5262.09766,5506.15625,6669.66,15522.0488,20675.8242
2007-07-13,3536.08691,4248.0166,4940.625,5610.92725,6705.05,13929.4775,17448.2109
2007-07-14,3569.76318,4840.98828,4961.58252,5644.57129,6764.35,13185.7588,15151.791
2007-07-15,3215.56909,5720.4375,5252.3667,5601.11523,6832.51,12627.4004,13899.4961
2007-07-16,2851.50757,6640.13623,5759.36523,5826.53662,6918.02,12416.2871,13308.3857
2007-07-17,2716.23486,7085.68652,6552.9043,5904.41113,6905.81,12652.0791,12856.5537
2007-07-18,2865.43408,7025.51758,7520.11768,5846.48975,6988.99,13156.9541,12799.249
2007-07-19,3341.55396,6675.7998,8175.4209,6497.77783,7295.10,13848.2744,13137.7402
2007-07-20,4082.32568,6492.16797,8332.58789,7771.45068,7363.54,14759.2217,13782.2754
2007-07-21,4909.0957,6795.35449,8116.19238,9064.63477,7565.38,16062.2793,14786.1787
2007-07-22,5301.57812,7345.72168,8009.23926,10581.9531,8646.39,17727.0137,16472.8926
2007-07-23,5242.80762,8197.14844,8494.76465,12267.8311,10201.65,18785.4199,18681.9434
2007-07-24,5166.03711,9164.82715,9337.89844,13148.6191,12211.61,19264.8789,20271.2598
2007-07-25,5325.26855,9906.71875,10511.4404,12986.6016,15171.50,20701.5312,20527.1133
2007-07-26,5562.65234,10238.5342,11835.418,12365.6768,17785.65,23198.7637,20768.2676
2007-07-27,5776.01807,10588.6035,12669.332,11714.7422,18665.27,26718.5078,22341.5879
2007-07-28,5695.20068,11412.4697,12983.8252,11692.0078,18786.74,31744.3262,24828.248
2007-07-29,5178.20508,12234.625,13426.7744,12291.8291,18248.69,35399.6953,28873.6406
2007-07-30,4955.14502,12666.4092,14175.749,12623.7119,17232.94,36052.7305,33811.5742
2007-07-31,4932.29834,12634.6211,14894.7627,12800.3154,16798.08,36385.5625,36197.8672
2007-08-01,4557.77051,11795.9561,15212.8457,12825.6484,16729.98,36268.2188,36257.2148
2007-08-02,3951.12988,10689.7598,15106.6348,12696.0625,16567.87,35735.6367,37008.1914
2007-08-03,3446.65454,10050.1592,14408.1221,12677.5381,16738.05,35874.0586,36525.5469
2007-08-04,3190.37085,9609.62695,13321.6387,12213.9854,17007.45,35783.4531,36258.9258
2007-08-05,3004.29224,9113.82715,12410.5742,11202.8633,17476.34,35134.2617,36450.6602
2007-08-06,2739.604,8157.4165,11656.3232,9814.94141,17749.70,34474.7344,36055.3867
2007-08-07,2503.75781,7102.54492,10971.29,8257.54785,16828.44,33834.4258,35393.5977
2007-08-08,2405.73779,6279.37793,9879.44727,6787.61377,14913.12,33544.9609,34751.9766
2007-08-09,2477.88696,5592.25879,8632.92871,5708.6582,12599.25,33133.1016,34196.9258
2007-08-10,2449.79639,5107.50439,7678.92725,5448.84814,10434.04,31288.8652,34079.7852
2007-08-11,2238.65381,4803.5127,6944.95264,5749.48633,8625.64,27844.5781,33642.125
2007-08-12,2159.85181,4843.44434,6406.48096,6081.51416,7554.02,23897.2812,31419.7949
2007-08-13,2341.09717,5018.73877,6061.9751,6126.37354,7401.60,20342.8555,27620.3203
2007-08-14,2900.93726,5361.50732,6060.31055,5952.43018,7847.41,17493.291,23603.8164
2007-08-15,3865.48779,6252.05908,6197.44336,6284.23584,8360.03,15756.749,20054.0918
2007-08-16,4498.08643,7338.77832,6500.61816,7805.69287,8710.35,15333.5986,17352.4531
2007-08-17,4550.53027,8390.24316,7384.03369,10596.0312,9409.17,15912.9727,16108.0947
2007-08-18,4531.95605,9605.3877,8637.41797,13775.8027,10737.26,16781.7598,16359.9785
2007-08-19,4332.60938,10574.3271,10004.0186,14456.4434,12699.75,17868.8438,17414.5508
2007-08-20,3795.16553,10538.459,11522.9023,12941.4473,15582.11,20057.9023,18298.3066
2007-08-21,3112.22485,9786.79199,12634.876,11567.3691,17982.39,23077.168,19430.3965
2007-08-22,2576.89966,8771.88965,12561.7285,9946.80273,17428.62,26494.4551,21849.0879
2007-08-23,2384.89453,7586.40186,11687.2939,8329.76172,15426.18,30745.2461,24805.0859
2007-08-24,2516.92334,6624.9082,10689.1406,7325.31348,13735.43,34013.2656,28416.3652
2007-08-25,2677.54712,6067.42969,9604.46777,6953.31982,11954.60,33136.9609,32860.957
2007-08-26,2922.26001,5876.25049,8634.22363,7126.21631,10740.19,30069.373,35108.9961
2007-08-27,3573.5437,6129.11719,8079.29883,8105.57715,10110.16,27159.0586,33238.3203
2007-08-28,4153.83447,6772.7583,7935.22461,9416.53613,10035.53,24089.0723,30163.4258
2007-08-29,4150.80908,7422.80029,8214.22852,9642.23438,10970.87,22096.2539,26998.8125
2007-08-30,3785.80103,8040.81836,8954.32227,8944.39355,12896.35,21234.5371,23926.1035
2007-08-31,3455.24023,8445.22559,9696.72168,8204.64844,14291.05,21028.7988,22148.6504
2007-09-01,3130.41211,8247.36719,10174.085,7413.0542,13739.36,22908.6055,21650.5059
2007-09-02,2872.10669,7653.5957,10366.1514,6765.78711,12336.64,26362.2324,22103.2949
2007-09-03,2811.47876,7032.146,10017.9912,6297.63525,10954.02,28586.5762,24539.7988
2007-09-04,3053.21484,6605.58789,9262.8252,5854.94775,9628.08,27933.5547,27833.5723
2007-09-05,4066.60547,6877.95264,8554.31055,5722.44629,8775.99,25912.4355,29104.4395
2007-09-06,5877.61182,8475.84473,8302.07031,6311.8208,8214.69,23414.6328,27809.5156
2007-09-07,7146.94336,11105.7119,8892.12012,7830.68555,8027.03,20940.9238,25664.0898
2007-09-08,7278.23779,13860.2402,10749.9229,10255.9395,8598.60,19431.959,23119.5098
2007-09-09,6962.04688,15685.4717,13442.3711,12203.7227,9927.52,18903.2031,20848.2129
2007-09-10,6422.68701,16179.9258,16148.7715,13124.0703,11739.97,19874.8008,19598.2227
2007-09-11,6121.11377,15164.5938,18055.4785,13624.6377,13791.87,23273.1914,19400.9805
2007-09-12,5748.14014,13224.2793,18644.3105,13380.21,14913.12,27875.7148,21172.8574
2007-09-13,4887.08398,11613.4863,17671.9355,12777.6865,15412.00,31959.9961,25181.1367
2007-09-14,4093.51221,10758.5283,15689.0576,12117.7793,15710.49,34853.1367,29729.9355
2007-09-15,3571.58936,10293.0898,14098.1787,11012.9209,15331.84,35409.8086,33418.7852
2007-09-16,3487.39429,9357.00781,13345.3564,9707.45117,15093.20,34103.8672,35633.207
2007-09-17,3826.37915,8278.24902,13013.1865,8817.95117,14731.65,32524.4316,35378.5078
2007-09-18,3962.05103,7557.43262,12109.4629,8316.2207,13663.21,31393.5293,33856.1484
2007-09-19,3656.8833,7404.39307,10865.5996,8186.5332,12303.96,31491.9531,32712.0254
2007-09-20,3315.67188,7829.93164,10054.7451,8301.0625,11546.27,31896.2793,32672.166
2007-09-21,2944.24268,7926.60547,9752.62305,8201.45117,11273.89,30610.7266,33826.3984
2007-09-22,2483.93066,7363.28271,9936.40137,7793.45166,11153.66,28136.4746,34005.0664
2007-09-23,2135.61157,6592.646,9982.00977,6914.01367,10938.28,26396.9316,32040.3574
2007-09-24,1930.82629,5840.875,9562.02246,5657.7168,10444.90,25751.2598,29380.1914
2007-09-25,1808.80762,5121.59277,8950.6084,4565.49951,9779.92,25558.377,27571.209
2007-09-26,1733.33557,4520.14941,8340.52051,3850.75146,8705.80,24780.6738,26751.3359
2007-09-27,1664.91077,4115.10449,7714.07422,3472.63525,7445.15,23257.1719,26105.0078
2007-09-28,1612.02026,3843.35034,6933.50049,3338.92529,6396.07,21229.3223,24904.3301
2007-09-29,1619.20581,3673.05029,6130.53809,3381.63574,5599.42,19053.9531,23042.4863
2007-09-30,1654.22742,3582.521,5566.63574,3472.19849,5164.19,17032.2715,20877.498
2007-10-01,1710.42627,3550.58325,5301.83691,3578.56372,5095.38,15385.1377,18745.0527
2007-10-02,1751.85657,3633.70117,5212.82031,3885.87427,5340.55,13990.1543,16909.582
2007-10-03,1694.95496,3885.84473,5141.64258,4075.98608,5608.27,13103.1328,15346.1396
2007-10-04,1572.45044,4160.20703,5148.96436,3927.73804,5909.90,13019.5967,14104.0869
2007-10-05,1439.59656,4199.87207,5347.93115,3682.00049,6289.32,13498.5811,13720.7207
2007-10-06,1328.73743,3975.27881,5645.60498,3425.08984,6193.78,14276.332,14610.6084
2007-10-07,1257.28052,3629.01172,5808.04688,3220.44824,5782.26,15436.8652,16293.2363
2007-10-08,1308.495,3343.39355,5721.26807,3070.21265,5436.85,16938.7988,17880.4609
2007-10-09,1614.59912,3336.09644,5505.56494,3068.91968,5118.87,17846.0742,19238.0898
2007-10-10,1922.37793,3672.20117,5325.66455,3337.57495,4941.85,17446.2617,20042.375
2007-10-11,1999.35278,4011.83594,5247.17041,3669.00977,4951.91,16013.6475,19579.3516
2007-10-12,1923.09521,4278.06152,5480.79785,3886.92554,5081.68,14586.835,18199.6875
2007-10-13,1705.5929,4517.41602,5933.52441,4066.20654,5378.50,13378.4414,16538.9707
2007-10-14,1491.16357,4537.90674,6480.12061,4226.67285,5775.56,13074.9473,15218.5791
2007-10-15,1470.95837,4483.13916,7125.34424,4259.65332,6126.12,13937.8818,14263.0908
2007-10-16,1675.53589,4436.33398,7531.56934,4245.28271,6542.62,15593.8682,14346.373
2007-10-17,2284.13379,4763.36475,7751.44678,4592.7168,7060.21,17905.3691,15496.3203
2007-10-18,3322.32715,5602.71289,7901.93018,5084.94043,7384.28,19778.3242,17304.3184
2007-10-19,3914.22974,6508.53223,8320.43164,5853.12451,7597.98,20631.7383,19481.0078
2007-10-20,3484.4978,7352.03125,9209.28027,7951.50342,8099.46,20859.2773,20839.4531
2007-10-21,2761.69702,7938.52246,10075.0098,10839.3301,8597.31,20445.207,21240.3086
2007-10-22,2268.13403,8036.82178,10588.7305,12199.7939,9592.07,20450.8867,21117.7812
2007-10-23,1936.18237,7390.02588,10679.0771,11628.2764,12164.33,21593.3203,20610.7148
2007-10-24,1669.64844,6218.6001,10403.1689,10465.0752,14787.26,22719.4297,20973.8848
2007-10-25,1443.09619,5132.28223,9562.19141,9088.91309,15418.69,23819.6445,22219.416
2007-10-26,1305.03223,4326.35205,8193.87305,7391.66553,14387.86,26166.5781,23241
2007-10-27,1203.98743,3751.8186,6859.32666,5695.25781,12776.82,28262.0332,24656.8184
2007-10-28,1124.01172,3303.49072,5857.39746,4445.80908,10888.53,27532.002,27238.8223
2007-10-29,1046.61621,2993.8728,5145.36377,3655.50757,8892.57,24531.2715,28530.4688
2007-10-30,987.861694,2779.65454,4598.36475,3216.62915,7213.45,21022.248,26853.2344
2007-10-31,952.167969,2611.37329,4200.35547,2935.43115,5971.11,17719.5879,23412.123
2007-11-01,918.622742,2475.55176,3927.29663,2714.49731,5118.45,14849.8359,20027.9531
2007-11-02,885.443909,2378.37256,3720.08691,2570.00195,4540.29,12544.7451,16904.1914
2007-11-03,856.856934,2383.89917,3586.66309,2532.5498,4161.57,10898.6807,14185.8018
2007-11-04,840.499512,2422.00024,3559.84253,2738.92334,3928.52,9913.5498,12191.084
2007-11-05,823.987671,2378.92944,3663.29272,3096.91309,3866.46,9584.46387,10933.5439
2007-11-06,800.217712,2288.00342,3762.00659,3275.29883,4095.14,9597.14844,10236.2666
2007-11-07,777.728455,2182.7688,3724.49146,3146.07007,4514.96,9610.87207,10044.6143
2007-11-08,787.33606,2076.50513,3548.38013,2850.93481,4866.71,9691.05469,10017.0078
2007-11-09,830.613159,1996.39136,3304.00024,2585.92822,4860.99,10085.4248,9970.30762
2007-11-10,820.112793,1957.86047,3096.35425,2444.97168,4537.06,10467.792,10132.8496
2007-11-11,771.982544,2023.97974,2968.94507,2451.70947,4154.70,10456.0479,10456.1572
2007-11-12,786.057312,2221.33618,2950.22974,2587.35303,3839.15,9815.86914,10732.749
2007-11-13,849.080383,2398.9895,3063.06079,2749.51685,3672.91,8934.4209,10463.4688
2007-11-14,838.234314,2477.85986,3300.5896,3121.42017,3698.22,8222.2334,9724.93262
2007-11-15,798.738525,2495.02124,3519.25903,3640.7832,3858.09,7830.94482,8903.14844
2007-11-16,967.274963,2697.0813,3685.81909,3839.94141,4037.89,7895.75244,8333.31543
2007-11-17,1344.46228,3112.21289,3865.44116,3878.02905,4543.88,8320.99609,8097.46143
2007-11-18,1622.81934,3434.34692,4222.74072,3944.93262,5179.84,8805.46191,8264.71875
2007-11-19,1631.32788,3598.04614,4732.729,3952.32129,5432.19,9254.27344,8703.54004
2007-11-20,1374.06165,3702.45215,5027.48486,4176.77051,5511.04,10004.2559,9130.54102
2007-11-21,1038.97668,3640.48975,5011.56348,4691.56885,5508.19,10978.376,9622.30469
2007-11-22,824.014832,3319.31006,4881.5752,5073.43408,5401.44,11566.5547,10490.1621
2007-11-23,699.887207,2852.47534,4664.05225,4827.71484,5586.20,11726.3994,11412.3291
2007-11-24,649.098816,2359.02319,4267.6499,4011.50195,6026.33,11568.5547,11916.2578
2007-11-25,630.788696,2014.46411,3762.43896,3220.74316,6189.91,11211.0664,12055.457
2007-11-26,618.688049,1826.65784,3243.57471,2704.51782,5669.72,11060.9785,11830.4053
2007-11-27,600.542786,1725.28845,2865.42017,2414.49048,4746.06,10999.2207,11479.1719
2007-11-28,575.391602,1662.10852,2651.37329,2278.146,3999.61,10599.9033,11323.4814
2007-11-29,552.919373,1610.09253,2514.74805,2202.57715,3514.28,9578.74121,11138.625
2007-11-30,534.841064,1563.63208,2414.97607,2137.45044,3252.13,8543.1748,10604.167
2007-12-01,524.509949,1515.28601,2329.68042,2066.6394,3116.87,7591.22754,9327.87012
2007-12-02,518.066772,1473.24121,2262.03223,1998.81763,3027.21,6925.19043,8260.34473
2007-12-03,512.214905,1437.73828,2198.58765,1945.68005,2945.27,6446.14893,7493.25684
2007-12-04,501.952759,1410.19226,2141.7522,1908.68835,2858.90,6143.29102,6883.41357
2007-12-05,492.541595,1386.58118,2093.13696,1876.21924,2782.22,5926.63184,6475.47412
2007-12-06,495.556396,1364.16406,2053.60449,1844.55066,2721.31,5753.20996,6203.29102
2007-12-07,502.184937,1339.14221,2019.93652,1818.29443,2675.73,5602.46045,6002.92432
2007-12-08,489.789093,1314.65381,1986.32385,1803.99243,2632.06,5475.47412,5830.13574
2007-12-09,467.745972,1299.59412,1949.52991,1810.50952,2590.63,5375.17188,5686.01807
2007-12-10,449.624512,1290.98914,1911.58948,1820.04883,2556.32,5293.54785,5567.71973
2007-12-11,433.739136,1269.51282,1882.89136,1794.39453,2537.85,5211.03467,5475.03857
2007-12-12,421.745239,1232.66248,1863.0387,1741.32141,2538.48,5127.46924,5394.46631
2007-12-13,411.901581,1196.72351,1834.2334,1690.61487,2530.12,5054.80225,5310.50342
2007-12-14,403.05246,1164.34473,1788.80859,1649.55371,2482.75,5008.43408,5228.8457
2007-12-15,394.632202,1136.00671,1741.77234,1617.74939,2417.57,4986.13037,5162.60205
2007-12-16,387.60025,1111.10144,1698.87561,1592.39966,2360.08,4941.24072,5126.78857
2007-12-17,383.092529,1088.24756,1660.18872,1570.11633,2311.86,4845.39258,5102.48828
2007-12-18,379.075867,1068.16467,1628.69641,1550.71265,2273.38,4734.07666,5039.35352
2007-12-19,372.219696,1053.83215,1603.17859,1536.52271,2242.06,4635.02734,4933.62891
2007-12-20,362.954681,1040.63159,1577.91638,1521.10205,2188.55,4553.80176,4824.52881
2007-12-21,352.479126,1021.73865,1555.71838,1497.57117,2133.14,4490.10889,4730.8457
2007-12-22,341.906494,998.446594,1533.73254,1471.11829,2109.81,4433.26172,4655.79199
2007-12-23,332.826599,973.361572,1501.49585,1448.36572,2081.37,4351.00977,4595.28711
2007-12-24,324.746124,948.245422,1463.90796,1429.19165,2044.63,4269.34766,4538.34033
2007-12-25,317.392822,924.041382,1426.83008,1408.13074,2008.14,4089.58008,4438.08545
2007-12-26,310.423553,902.043884,1391.0271,1386.03198,1977.08,4015.37427,4331.48438
2007-12-27,303.631531,881.802612,1357.42468,1365.10242,1947.46,3937.73682,4184.75488
2007-12-28,296.966553,862.672729,1326.52832,1344.79407,1915.84,3861.823,4112.01318
2007-12-29,290.369812,844.267517,1297.77405,1325.36938,1884.95,3793.56543,4034.052
2007-12-30,283.939392,826.222412,1270.22632,1306.07349,1823.29,3810.78638,4046.81299
2007-12-31,277.811096,808.51532,1243.6897,1287.66602,1795.28,3765.12866,3995.64868
2008-01-01,271.738861,791.132385,1217.66919,1270.69189,1768.22,3708.38623,3933.18408
2008-01-02,265.679077,774.1427,1192.18469,1255.07117,1762.21,3680.77246,3899.76587
2008-01-03,259.789246,757.655212,1167.34375,1239.79712,1741.23,3625.01611,3839.8606
2008-01-04,254.004929,741.555298,1143.06799,1223.00952,1717.28,3570.31812,3781.97241
2008-01-05,248.390274,725.679749,1119.44031,1204.49524,1694.52,3443.36646,3656.5105
2008-01-06,242.914734,710.129211,1096.35962,1186.04541,1671.46,3322.90112,3529.20483
2008-01-07,237.699631,694.905884,1073.57153,1170.46753,1646.68,3274.52148,3475.53491
2008-01-08,232.574341,680.011108,1051.14465,1165.86182,1620.60,3229.12671,3424.47412
2008-01-09,227.327591,665.474915,1029.1936,1162.52405,1595.50,3183.20337,3376.92456
2008-01-10,222.169052,651.315186,1007.70917,1145.97668,1575.63,3133.51196,3331.40527
2008-01-11,217.165451,637.537842,986.737305,1124.09595,1566.63,3081.87207,3282.03418
2008-01-12,212.565247,623.880981,966.260986,1103.11267,1553.15,3031.80737,3230.8125
2008-01-13,208.788727,610.371155,946.323547,1083.35876,1526.80,2988.07544,3178.95337
2008-01-14,206.190125,597.201782,926.677368,1067.41809,1499.05,2955.98242,3129.74048
2008-01-15,205.975067,584.457214,907.270813,1051.98462,1471.79,2920.57446,3089.81982
2008-01-16,204.323334,572.586304,888.301819,1035.448,1447.07,2873.30444,3058.11621
2008-01-17,200.321625,561.729431,869.792786,1024.59351,1425.61,2824.99512,3018.07056
2008-01-18,195.137985,553.411682,852.17804,1017.68567,1403.42,2778.02002,2968.79199
2008-01-19,188.035675,545.225891,835.670959,1005.86591,1382.11,2733.46729,2920.72046
2008-01-20,181.975952,534.963318,821.503296,990.756165,1367.30,2692.12061,2873.81396
2008-01-21,178.637909,523.492371,808.3573,976.59729,1353.84,2650.94922,2830.69092
2008-01-22,188.273056,510.349609,793.464417,962.444397,1334.72,2612.33105,2790.37573
2008-01-23,208.333344,497.509369,777.437927,952.895691,1314.51,2581.8667,2748.05298
2008-01-24,232.673233,486.658386,760.395203,987.142578,1295.65,2552.97974,2710.56128
2008-01-25,294.594513,486.534119,743.667236,1178.84753,1277.88,2517.28027,2681.68433
2008-01-26,461.11615,535.135437,729.161499,1485.02258,1271.82,2481.01904,2650.27539
2008-01-27,689.887207,722.785645,738.945251,1772.92053,1359.94,2448.87476,2613.74854
2008-01-28,880.93512,1085.38684,863.676514,2314.59497,1680.69,2440.00024,2597.83667
2008-01-29,1046.32971,1507.55139,1224.71936,3837.19409,2211.17,2505.27148,2634.36401
2008-01-30,1023.0058,1812.32654,1753.24292,6327.67627,2864.70,2785.55811,2692.74854
2008-01-31,818.635376,1899.28638,2234.85303,7758.1167,3818.34,3674.72754,2960.70532
2008-02-01,689.864563,1844.28406,2497.82446,7286.01465,5875.10,4584.96436,3133.00195
2008-02-02,617.603088,1674.13025,2459.552,5919.25781,8129.71,5788.04102,3974.32886
2008-02-03,526.162354,1389.09314,2259.98267,4424.78223,8698.16,7366.43652,5114.24365
2008-02-04,417.01825,1163.31055,2015.08032,3539.96094,7708.88,9588.25488,6387.27393
2008-02-05,323.551025,1032.08618,1694.87085,3184.61255,6206.27,11574.7002,8163.3833
2008-02-06,261.796692,903.188171,1425.55603,2839.1853,4772.48,11748.2881,10495.3467
2008-02-07,224.172623,761.435303,1273.6571,2385.50342,4005.15,10304.1855,11963.2529
2008-02-08,204.647812,628.005615,1138.89624,1992.28613,3588.96,8323.60156,11515.1699
2008-02-09,194.224808,530.349426,987.832336,1687.15674,3126.30,6612.18848,9752.4502
2008-02-10,211.66568,473.207001,840.778137,1459.81836,2626.84,5673.39014,7792.13184
2008-02-11,259.923767,452.769714,732.023804,1355.77466,2239.74,5103.87744,6331.29395
2008-02-12,300.747803,459.606354,674.504822,1345.71936,1952.43,4495.03564,5587.83838
2008-02-13,287.208099,482.045441,658.019592,1409.21716,1776.86,3868.79077,5040.3999
2008-02-14,241.698608,515.090942,669.740479,1507.61426,1715.39,3400.05884,4404.95166
2008-02-15,206.343658,540.701111,689.398743,1564.51794,1716.26,3073.75415,3816.19678
2008-02-16,182.938705,522.97406,705.876282,1536.03821,1773.77,2893.44092,3394.78491
2008-02-17,175.921112,467.315338,715.913208,1453.81689,1841.58,2850.40356,3107.64575
2008-02-18,178.598328,415.238068,694.907227,1359.57446,1858.61,2866.45508,2977.79199
2008-02-19,177.6716,381.528595,635.386475,1274.02075,1800.78,2917.63477,2959.50415
2008-02-20,175.49295,367.022369,575.22406,1208.72119,1701.50,2961.32739,2986.73438
2008-02-21,192.234604,375.057678,539.507263,1163.14819,1598.32,2922.50732,3042.9165
2008-02-22,219.586884,408.579559,533.994019,1141.94861,1514.25,2795.06763,3064.65503
2008-02-23,217.151108,445.257538,558.092529,1160.88428,1460.46,2656.83374,2990.02246
2008-02-24,191.948456,460.564484,604.396545,1207.49805,1449.97,2556.02905,2850.78955
2008-02-25,170.576553,465.717438,646.717224,1243.94373,1494.16,2505.21069,2722.13257
2008-02-26,157.914215,442.877563,652.054932,1233.0321,1547.93,2501.18677,2636.7981
2008-02-27,155.775864,392.499817,636.880493,1172.46033,1571.44,2551.1499,2602.63477
2008-02-28,173.874268,350.896759,600.681335,1107.38159,1546.63,2699.07593,2737.32861
2008-02-29,222.263184,324.510925,539.525818,1064.33984,1484.91,2741.96143,2682.46924
2008-03-01,282.737274,314.317902,487.324219,1049.29065,1396.79,2655.30005,2771.70776
2008-03-02,277.597931,324.058319,453.726013,1069.46265,1322.16,2537.14893,2799.73071
2008-03-03,219.697922,357.589935,437.715851,1177.86145,1277.81,2379.69702,2736.57886
2008-03-04,179.304092,413.039093,440.632507,1424.87158,1265.55,2224.85547,2612.1394
2008-03-05,168.841019,430.625671,466.744171,1521.47632,1296.77,2109.87109,2448.0835
2008-03-06,250.258148,385.999603,517.805725,1359.68445,1452.67,2048.44116,2292.92334
2008-03-07,351.637512,361.304565,545.909851,1200.49219,1685.66,2048.19824,2190.93701
2008-03-08,358.977356,438.40976,507.716187,1159.15039,1697.23,2122.08765,2151.43994
2008-03-09,296.425995,597.895569,469.237823,1247.53455,1520.64,2329.89941,2165.73218
2008-03-10,231.67868,694.979248,525.01886,1368.86438,1389.58,2563.24219,2269.30029
2008-03-11,195.05928,671.589539,674.545898,1409.16357,1383.82,2526.3252,2518.23169
2008-03-12,165.893219,570.26709,788.466797,1336.03979,1492.71,2339.70898,2679.1394
2008-03-13,157.413605,456.560547,781.943176,1229.28528,1593.04,2295.18384,2556.40747
2008-03-14,166.999573,386.484985,690.190308,1159.58459,1590.70,2439.41943,2399.41064
2008-03-15,178.189026,347.5336,573.804443,1118.32458,1496.02,2623.49902,2421.96558
2008-03-16,199.533508,344.757019,494.772919,1087.77148,1395.22,2687.88794,2600.31372
2008-03-17,253.026245,365.400696,455.073669,1086.52502,1335.44,2581.82227,2755.64648
2008-03-18,404.923889,382.645081,447.120239,1151.40625,1312.92,2381.94824,2763.4856
2008-03-19,540.04071,388.729034,464.03183,1280.82446,1293.54,2222.10718,2613.78613
2008-03-20,546.277283,398.885651,481.579346,1643.2887,1299.91,2138.03906,2417.58008
2008-03-21,586.389954,502.455017,486.398438,2190.04858,1370.87,2125.10254,2281.94727
2008-03-22,874.726318,663.285522,493.364655,2283.19604,1535.69,2128.77197,2219.48242
2008-03-23,1303.91223,751.675171,588.068909,1968.55566,1994.41,2141.71509,2219.90015
2008-03-24,1417.52466,855.218689,758.90863,1926.48438,2453.27,2207.99023,2222.47046
2008-03-25,1202.56921,1155.50879,861.263733,2386.92554,2382.76,2394.84351,2250.0271
2008-03-26,929.660828,1645.41187,950.096436,2957.00635,2122.26,2975.96411,2338.91333
2008-03-27,692.314331,1878.45154,1214.39624,3107.48633,2249.88,3594.73071,2634.37915
2008-03-28,543.013672,1667.97412,1686.78979,2808.31763,2816.52,3619.76294,3314.51538
2008-03-29,503.88385,1306.78271,1991.24426,2287.23291,3303.53,3496.13208,3758.01953
2008-03-30,510.277893,985.569519,1841.95923,1815.64709,3377.78,4382.69043,4099.31152
2008-03-31,498.26004,770.286499,1472.10754,1536.91919,2964.08,5340.29102,4055.47363
2008-04-01,540.987305,685.06958,1129.94727,1457.70386,2428.51,5907.29932,4678.96094
2008-04-02,663.946899,699.093323,892.709473,1515.07361,2003.22,5643.62549,5684.56738
2008-04-03,790.738037,720.169617,796.885559,1557.46387,1778.56,4921.34424,6035.76367
2008-04-04,967.454712,739.977905,813.296387,1604.66821,1746.02,4135.13965,5581.82812
2008-04-05,1116.62488,814.693542,843.12793,1765.08936,1814.38,3478.48169,4740.80176
2008-04-06,1041.19629,957.212952,858.395874,1967.90259,1864.74,3218.79541,3913.31909
2008-04-07,852.737793,1143.78931,910.022583,2143.87695,1970.07,3285.48267,3460.34814
2008-04-08,685.883362,1308.17041,1030.51807,2280.09277,2149.71,3427.35938,3349.70215
2008-04-09,536.288696,1276.92859,1199.53235,2190.50879,2312.97,3539.9248,3428.58496
2008-04-10,427.731049,1076.79675,1365.60657,1883.18982,2385.99,3588.45312,3502.18555
2008-04-11,374.679962,875.350464,1370.75366,1575.6322,2448.73,3786.6167,3605.98389
2008-04-12,360.48056,697.266907,1184.92871,1342.30981,2269.81,4029.56689,3744.66846
2008-04-13,381.713287,557.351929,974.876221,1219.47266,1935.17,4231.32959,3965.85913
2008-04-14,483.445068,481.183502,796.120239,1201.23083,1643.95,4176.03857,4195.89111
2008-04-15,761.903992,468.637207,658.276672,1310.41858,1455.33,3764.89038,4342.70996
2008-04-16,1029.95825,537.80658,584.917664,1425.45117,1399.65,3228.68506,4159.92188
2008-04-17,1149.46899,671.417114,559.918152,1537.73608,1486.11,2776.78149,3676.38379
2008-04-18,1090.14038,920.630859,606.641174,1970.88159,1672.34,2517.94702,3158.40894
2008-04-19,896.657349,1179.96838,726.828918,2681.41309,1790.21,2439.87305,2762.63232
2008-04-20,776.238525,1313.83472,951.421692,3131.95654,1940.25,2541.70264,2569.09351
2008-04-21,728.200195,1296.69141,1213.09656,2988.95703,2454.88,2826.86963,2544.73291
2008-04-22,644.007263,1109.44165,1364.41187,2460.6521,3089.86,3094.32056,2717.42822
2008-04-23,529.185791,924.703674,1367.6333,2027.69885,3339.53,3468.12524,3010.02686
2008-04-24,453.887115,839.97406,1200.81165,1877.77917,3026.82,4148.49805,3282.22583
2008-04-25,398.776184,762.079224,999.33783,1817.30078,2486.93,4832.38379,3755.47437
2008-04-26,382.067017,644.184204,898.079895,1663.36096,2158.64,5003.11035,4498.17969
2008-04-27,417.400299,545.404358,825.514954,1482.33032,2055.60,4487.94287,5055.00977
2008-04-28,457.879456,478.577637,712.0755,1373.82568,1953.78,3796.48193,4975.31836
2008-04-29,555.828979,440.298523,603.931458,1374.35767,1837.00,3956.07788,4927.7334
2008-04-30,797.683716,473.577545,540.016418,1634.4248,1694.57,3832.89307,4312.46582
2008-05-01,1033.06519,582.55835,515.283386,2298.33374,1681.26,3578.91382,3912.0271
2008-05-02,1027.64087,742.70282,560.982361,3355.41406,1911.00,3261.94092,3783.40527
2008-05-03,940.606628,972.654785,686.535828,4528.1875,2463.92,3086.43066,3631.05054
2008-05-04,955.918335,1241.54443,859.356079,5188.98877,3334.26,3210.40869,3420.40845
2008-05-05,984.561584,1370.12109,1095.09131,4852.44678,4487.74,3684.90015,3381.96948
2008-05-06,1010.95776,1361.18372,1386.35681,4001.68066,5557.59,4429.57666,3602.04468
2008-05-07,1000.03278,1371.47339,1552.81042,3297.77539,5850.49,5500.66895,4064.03589
2008-05-08,940.681885,1376.09045,1542.28381,2875.5874,5274.07,7000.53564,4907.56006
2008-05-09,833.036804,1417.07202,1521.28235,2650.77979,4502.29,8312.75879,6151.51758
2008-05-10,694.529358,1455.27747,1517.8623,2498.6582,3929.64,8583.44922,7664.38721
2008-05-11,609.082642,1356.66016,1557.64514,2338.17163,3557.47,7907.10791,8765.04004
2008-05-12,580.481506,1172.97412,1614.87451,2109.59155,3269.03,7084.35498,8773.87402
2008-05-13,576.146851,1001.14722,1546.1947,1893.00317,3005.63,6502.52783,8071.76709
2008-05-14,615.664673,950.196594,1385.48486,1770.56592,2748.37,6230.21338,7342.01318
2008-05-15,786.658875,1014.80609,1246.42737,1841.47278,2498.13,6026.55908,6912.47021
2008-05-16,1088.85815,1096.94714,1284.37659,2105.60938,2389.57,5853.21582,6851.22119
2008-05-17,1420.15063,1365.2052,1568.67224,2554.69019,2601.73,5830.09131,6894.71289
2008-05-18,1637.06091,1874.40747,1900.94421,3239.95435,3264.78,6039.69434,7066.22461
2008-05-19,1729.51831,2418.77051,2272.2998,4077.83838,4194.30,6530.21533,7147.32275
2008-05-20,1934.39758,2876.67871,2782.66553,4991.99707,5288.85,7211.54492,7057.08105
2008-05-21,2399.58252,3125.80566,3295.8479,5734.50928,6388.44,8031.31396,7244.17725
2008-05-22,2647.31055,3229.39429,3636.77319,6034.02588,7323.20,8953.9668,7902.63574
2008-05-23,2330.84009,3427.13501,3722.59424,5968.1333,8166.83,10273.917,8678.39258
2008-05-24,1954.37646,3748.49854,3690.18384,5810.53369,8457.88,11608.875,9634.53711
2008-05-25,1668.08032,3936.6311,3777.56055,5547.10303,8211.52,12600.1436,10968.875
2008-05-26,1414.47827,3629.78906,4060.57959,4988.55273,7899.82,13361.2324,12146.5479
2008-05-27,1276.85999,3072.51953,4318.82227,4314.19971,7501.43,13521.6094,13056.1709
2008-05-28,1178.72571,2786.15259,4114.60596,3956.38086,6975.44,13363.9512,13658.0869
2008-05-29,1143.50562,2696.63965,3561.02075,3984.84229,6347.12,13376.6934,13684.4922
2008-05-30,1221.56604,2587.21338,3224.8501,4154.74561,5983.22,13259.584,13823.7646
2008-05-31,1241.11316,2410.56738,3129.67749,4182.31885,6156.52,12228.8066,13732.5605
2008-06-01,1114.55286,2260.84717,3048.79932,3929.63062,6359.28,11063.8164,13188.5889
2008-06-02,1021.76556,2292.01514,2921.26367,3636.46851,6259.32,10323.8418,11988.1016
2008-06-03,1066.21118,2343.88599,2793.03003,3412.55249,5970.99,10398.9287,10884.3984
2008-06-04,1286.03088,2233.74805,2899.07227,3242.78735,5701.85,10692.9307,10520.2305
2008-06-05,1498.8385,2097.65625,3176.89136,3350.03394,5652.33,10718.2256,10937.5469
2008-06-06,1531.38013,2126.53516,3187.09839,3565.96924,5532.08,10738.3672,11431.1602
2008-06-07,1498.81287,2423.3479,3004.57642,3800.95972,5485.64,11071.5508,11584.4004
2008-06-08,1713.04248,2972.37988,2983.33984,4247.69678,5843.60,11411.4834,11824.4746
2008-06-09,1996.10828,3539.31763,3231.21143,4605.85303,6159.99,11152.5703,12225.6602
2008-06-10,2015.93359,4040.36035,3783.1521,5000.33545,6600.77,10892.0137,12246.9561
2008-06-11,2089.73633,4709.56592,4441.92285,5978.36475,7391.27,11212.7422,11754.9746
2008-06-12,2272.69385,5633.04004,5142.86865,7160.54346,8161.43,11770.4219,11526.2969
2008-06-13,2690.20532,6204.88477,6149.42725,7451.72363,9341.45,12736.0732,11841.9004
2008-06-14,3069.31299,6271.98193,7271.31641,7444.33936,10929.64,14150.6084,12467.8379
2008-06-15,3315.29614,6255.21875,7786.38428,7918.30029,11961.17,15686.752,13651.8311
2008-06-16,3710.94873,6556.84131,7708.05566,7885.56885,12114.08,18040.8535,15080.8271
2008-06-17,3810.72607,7255.02881,7515.01709,7386.86523,12361.20,20636.0039,16858.2637
2008-06-18,3714.05493,7731.75537,7627.05664,7359.18994,12695.51,22010.2109,19619.6094
2008-06-19,3922.96704,8066.18604,8217.58301,7889.57324,11975.28,22504.4688,22125.043
2008-06-20,4211.12354,8614.35059,8681.55957,9039.96777,10962.99,23333.3633,23299.9043
2008-06-21,4140.60059,9080.52246,8969.93652,10655.873,10648.51,24075.2559,23718.8613
2008-06-22,3782.21899,9127.89648,9565.83984,11970.124,10916.34,23482.2539,24643.4434
2008-06-23,3354.70508,8736.33594,10207.7793,12647.4336,12021.21,22269.5449,24896.1406
2008-06-24,2931.43457,8104.23096,10389.4297,12196.5049,13648.38,21876.5176,23689.9844
2008-06-25,2568.91675,7514.86963,10020.9531,10334.3145,14801.92,22592.3828,22431.0586
2008-06-26,2339.23706,7155.7002,9319.4668,8053.8999,15123.18,24116.6562,22330.7461
2008-06-27,2545.65259,6742.73682,8564.70898,6355.26758,14071.77,25740.1016,23342.4141
2008-06-28,3350.56763,6333.43994,8116.29639,5516.65771,11766.99,26425.4199,24997.9141
2008-06-29,3800.47729,6395.01562,8003.71875,5890.84131,9588.86,26100.582,26591.6328
2008-06-30,3384.27734,7180.05566,8199.28223,7573.38965,8462.89,24336.584,27033.1875
2008-07-01,2939.17993,8407.1416,8847.10645,9268.2373,8983.96,22046.3379,26463.4277
2008-07-02,3128.16235,9043.31543,9843.56348,9233.67871,10823.91,20352.957,24880.6113
2008-07-03,3766.40747,8545.20215,10920.4385,7907.04395,12816.57,19911.1641,22685.498
2008-07-04,4533.22217,7539.53711,11342.3994,6717.57129,13465.67,21508.4453,21231.6934
2008-07-05,5666.45801,7096.18164,10563.5566,6183.10352,12200.15,24648.3965,21377.5703
2008-07-06,7360.06445,7596.56641,9204.21973,6442.30322,10239.32,27515.9863,23510.8379
2008-07-07,8725.30371,9360.14844,8473.2041,7722.65479,8717.62,27754.1855,26777.3926
2008-07-08,8251.71777,12614.5127,9190.53711,11269.1592,8307.35,25081.2441,29083.8887
2008-07-09,6208.13086,16261.9561,11697.6904,16132.3486,9461.81,21732.2988,28466.4707
2008-07-10,4282.32959,17947.3203,15528.5195,18743.7305,12562.88,19913.3613,25249.9883
2008-07-11,3253.25244,16403.4062,19529.8594,17066.4141,17439.13,21105.5547,22104.7656
2008-07-12,3265.97827,12843.5625,21520.0234,12738.0479,21855.56,25779.1465,20974.6855
2008-07-13,3793.90991,9581.8584,19971.5781,8879.5752,22536.72,33158.3555,23277.6934
2008-07-14,4065.89429,8029.11768,16002.3555,6762.35352,18982.59,41983.25,28706.6348
2008-07-15,4054.62134,7982.19238,12065.6787,6154.375,14093.61,47425.1914,37000.207
2008-07-16,4042.54053,8466.64062,9908.2041,6080.62891,10373.20,45098.7031,45338.1367
2008-07-17,3874.28052,8574.74805,9491.625,6172.56592,8467.00,36489.2969,48336.6328
2008-07-18,3526.92529,8307.9707,9856.60254,6622.57227,7922.37,27421.1055,43306.4258
2008-07-19,3512.32715,8219.55762,10021.5684,7104.19385,7782.46,21706.6562,33797.9453
2008-07-20,3740.39429,8208.49414,9808.00195,7106.62061,7982.05,19582.252,25710.0957
2008-07-21,3910.40283,8139.40479,9743.03223,6742.08252,8611.70,19494.7832,21304.1699
2008-07-22,4091.61328,8342.6748,9949.94629,6499.30225,9233.62,19492.1562,20076.5938
2008-07-23,4266.16309,8666.3252,10215.5762,6789.76074,9512.04,19585.8887,20158.5781
2008-07-24,4334.19189,8989.80371,10373.6592,8256.43164,9431.90,20484.4023,20100.6074
2008-07-25,3924.93726,9362.16895,10414.8047,10727.749,9503.02,21729.6543,20435.625
2008-07-26,3399.8252,9553.43262,10473.6797,12393.0361,10576.98,22775.25,21435.9199
2008-07-27,3401.77075,9542.43945,10746.1504,11995.8242,12769.59,23095.2148,22601.4062
2008-07-28,3575.70337,9247.44824,11113.1562,10822.2168,15268.93,22962.4062,23414.3398
2008-07-29,3386.14282,8967.32422,11438.1602,10240.6533,16348.40,23994.7031,23420.7148
2008-07-30,3103.35669,8631.85938,11589.5977,10306.8906,15707.57,26445.1094,23522.6211
2008-07-31,3161.3457,8051.83447,11441.7598,10477.8516,14747.47,29219.0098,25112.7715
2008-08-01,3171.46802,7429.00488,10958.459,9635.40625,14298.29,30560.0762,27838.1348
2008-08-02,2982.60034,6780.53662,10201.2568,8020.08398,14351.08,30089.8613,30238.1133
2008-08-03,2785.83984,6548.16162,9436.52734,6734.91162,13977.88,28949.0215,30893.7324
2008-08-04,2813.22607,6643.36377,8728.13086,5994.66211,12467.01,27967.0137,30109.625
2008-08-05,3095.53223,6633.91357,8522.07812,5742.1582,10605.41,27362.8516,28999.457
2008-08-06,3268.49829,6675.77051,8734.7959,6189.77979,9441.51,26169.0352,28155.6211
2008-08-07,3223.31299,7136.74219,8827.17871,6772.22754,8911.65,24043.0859,27546.3613
2008-08-08,3040.67407,7838.25977,9056.03516,6788.89062,8920.29,22307.0566,26043.0742
2008-08-09,2706.14038,8135.0083,9677.24805,6905.69482,9754.47,21485.6562,23937.9551
2008-08-10,2526.3269,7860.44336,10449.543,7130.13135,10482.04,21137.4434,22640.8223
2008-08-11,3098.6958,7829.91016,10931.4512,6962.09619,10654.39,21761.1309,22192.4883
2008-08-12,4025.99316,8275.21875,11018.7969,6840.67285,11106.27,23702.4395,22333.9844
2008-08-13,4478.32324,8960.06738,11362.002,7436.44385,11401.51,25415.2559,23731.1152
2008-08-14,4423.69824,9991.95215,12115.8037,8743.7334,11325.00,26016.9883,26093.7617
2008-08-15,3998.05542,11204.6992,12892.8936,10245.7402,11542.57,26931,27456.9512
2008-08-16,3627.44971,12094.002,13682.7676,11061.0771,12370.38,28315.2324,27777.3887
2008-08-17,3732.63672,12179.1855,14497.2275,10476.6416,13540.42,29323.9219,28638.6797
2008-08-18,4161.51172,11461.5332,15024.1504,9236.47656,14627.89,30451.0137,29750.752
2008-08-19,4597.34277,10693.1582,14888.1738,8377.31152,14676.92,31755.4453,30678.0078
2008-08-20,5143.37842,10546.1895,14146.7012,8322.4873,13390.99,32918.8242,31872.3438
2008-08-21,5399.18701,10721.2334,13306.749,8393.38281,11992.82,33542.8359,33067.7734
2008-08-22,4763.94971,10695.2578,12943.457,7866.14551,11314.82,32602.6641,33955.1758
2008-08-23,3789.29297,10475.1504,12970.7578,7407.29492,11387.86,30092.0137,33995.2383
2008-08-24,3002.20386,10092.7559,12838.6455,7451.90771,11234.16,27837.6973,32320.3105
2008-08-25,2594.12305,9106.44922,12457.3818,7231.98779,10536.46,27078.1426,29640.7754
2008-08-26,2623.42383,7750.84375,11969.9678,6251.39014,10037.19,27267.0176,27819.0684
2008-08-27,2813.82617,6859.4082,11008.8125,5238.36279,9850.15,26889.1406,27530.4531
2008-08-28,2980.29248,6734.63086,9599.01953,4978.44434,9151.01,25648.2852,27698.4082
2008-08-29,2997.75928,6952.09375,8563.61426,5582.32324,7921.04,24401.7715,26968.5195
2008-08-30,3017.19165,7005.0625,8334.12988,6441.49805,7290.38,22646.9336,25568.5664
2008-08-31,3432.7478,6871.07617,8496.82617,7081.59912,7524.41,20336.0684,24319.6289
2008-09-01,3770.59521,6682.5332,8540.89941,7718.8291,8193.85,18207.9238,22356.3535
2008-09-02,3678.42944,6636.58203,8441.12012,8201.875,8876.73,17719.1543,19877.3008
2008-09-03,3349.76294,7056.32031,8277.1123,8291.59668,9551.37,18712.9883,18237.4941
2008-09-04,2952.41699,7487.28809,8210.65137,8334.00488,10334.37,19878.3379,18499.2832
2008-09-05,2784.35693,7560.03613,8625.9209,8398.92676,10885.91,20549.6152,19724.3086
2008-09-06,2882.5625,7707.68701,9110.89844,8692.08594,11135.67,20919.1816,20738.6172
2008-09-07,2989.05005,7882.36768,9264.9082,9113.67969,11304.53,21682.4629,21172.9219
2008-09-08,2800.44556,7753.1499,9540.35254,8998.39355,11562.42,22837.0391,21549.9941
2008-09-09,2509.7876,7473.33545,9855.03418,8921.05078,12271.73,23694.3984,22566.8379
2008-09-10,2367.39868,7212.88867,9883.91699,9376.9502,12700.65,24258.2695,23749.6016
2008-09-11,2324.39453,6798.0835,9743.41113,9440.25391,12408.60,25144.4395,24513.5762
2008-09-12,2314.66602,6183.88818,9481.29883,8684.05078,12810.00,26452.8496,25389.1406
2008-09-13,2286.86768,5607.36035,9060.21289,7616.05322,13616.25,27201.4941,27025.6543
2008-09-14,2210.97974,5274.82861,8561.75293,6488.87939,13210.37,27461.1191,28855.1465
2008-09-15,2036.15857,5243.03955,8046.20557,5599.45947,11908.03,29110.082,29731.6055
2008-09-16,1877.50732,5330.31738,7643.38135,5169.51367,10353.96,30603.8789,30441.2734
2008-09-17,1811.97656,5327.45264,7591.58105,5093.73682,8820.07,29214.6504,31920.2441
2008-09-18,1829.71472,5308.9873,7664.6709,5475.16113,7797.98,25948.0508,32023.2344
2008-09-19,1966.68176,5292.68701,7548.94043,6008.09619,7388.88,22532.5527,29377.4883
2008-09-20,1978.44958,5167.93359,7432.08447,6123.76318,7485.98,19964.7188,25622.7598
2008-09-21,1869.31372,5005.8125,7478.28076,5766.38184,7968.15,18522.9766,22364.291
2008-09-22,2025.8219,4941.27002,7402.50146,5169.96533,8373.18,17859.6309,20289.8008
2008-09-23,2307.35571,4860.54395,7062.46338,4851.99365,8135.63,18060.9141,19166.373
2008-09-24,2338.89795,4860.25195,6785.11377,4863.27637,7486.85,18886.1074,18646.0898
2008-09-25,2185.26978,5042.03271,6588.06641,4705.10107,7000.43,18990.5312,18967.8066
2008-09-26,2064.40845,5181.82129,6445.67627,4522.39307,6938.05,17907.2285,19514.2949
2008-09-27,2287.09155,5019.43652,6460.38037,4696.49805,6860.82,16564.2637,19072.3418
2008-09-28,2586.12476,4662.16602,6527.73584,5053.79395,6424.52,15574.3447,17738.4785
2008-09-29,2733.38403,4443.20215,6368.24902,5327.31689,6108.89,15032.5654,16364.4717
2008-09-30,2899.21948,4569.58105,6011.92432,5521.4751,6267.54,14942.5293,15500.8232
2008-10-01,2807.42456,4823.58984,5770.51709,5730.0332,6616.38,14363.2412,15293.1182
2008-10-02,2417.94971,4898.30078,5881.96338,6011.14795,7017.72,13658.7109,15193.3359
2008-10-03,2286.10889,5138.77246,6251.80371,6291.70605,7458.94,13497.1914,14847.7461
2008-10-04,2866.03223,5405.59766,6441.45752,6384.75342,7764.13,14001.8525,14507.7461
2008-10-05,3493.38794,5325.63281,6677.16846,6078.70801,8107.42,15286.7158,14473.0586
2008-10-06,3476.12939,5252.89502,6965.57373,6079.8501,8507.90,16384.2422,15068.2197
2008-10-07,3031.46045,5756.50879,6922.42529,7444.65479,8526.39,16633.8398,16263.9766
2008-10-08,2504.95557,6586.40479,6745.66992,9410.12109,8325.07,17292.2109,16892.1445
2008-10-09,2112.69702,6760.31934,7073.66943,10399.0176,9089.13,18131.0879,17073.1543
2008-10-10,1902.45447,6127.92383,7942.39844,9699.79004,11049.51,18118.2617,17852.4941
2008-10-11,1757.53064,5291.92871,8240.97168,8078.88672,13000.73,17997.5996,18503.6914
2008-10-12,1623.56677,4547.44971,7628.84131,6520.28662,13604.39,19866.7715,18307.1934
2008-10-13,1497.87231,3977.6604,6740.34033,5324.14111,12577.89,22810.6992,18764.9238
2008-10-14,1374.1637,3582.80981,5914.84912,4618.79346,10791.94,24725.0234,21437.9062
2008-10-15,1285.33716,3316.18848,5278.94189,4168.7207,9020.07,24461.6836,24349.2715
2008-10-16,1318.79578,3153.65869,4866.60352,3931.68311,7651.71,22409.7461,25550.748
2008-10-17,1357.14563,3007.271,4556.66992,3749.46704,6784.61,19623.7422,24489.75
2008-10-18,1266.53125,2880.56079,4303.0542,3520.1145,6268.07,17026.5547,21877.6328
2008-10-19,1153.43347,2796.15015,4073.6814,3277.27002,5948.49,15168.6953,18988.8672
2008-10-20,1063.00562,2742.2478,3852.66577,2993.70215,5543.91,13784.7949,16578.668
2008-10-21,998.929626,2619.4458,3688.4021,2771.65869,5075.48,12680.542,15089.207
2008-10-22,959.637817,2444.56445,3615.12793,2614.18994,4674.02,11877.8193,14256.6709
2008-10-23,927.417175,2310.0022,3537.44702,2498.09229,4306.86,11098.2031,13594.501
2008-10-24,898.380005,2223.46899,3458.49292,2414.82275,4101.81,10519.5176,12736.9717
2008-10-25,896.228394,2224.28271,3479.95532,2403.32935,3992.00,10401.8301,11918.4102
2008-10-26,1024.23901,2356.2583,3540.979,2470.37402,3893.31,10513.3799,11654.8057
2008-10-27,1371.90405,2774.94995,3683.44238,2686.32715,3885.89,10707.3633,11782.7637
2008-10-28,1852.02637,3427.96069,3997.37695,3187.87695,4029.29,10924.4014,11887.2754
2008-10-29,2191.01099,3969.02856,4571.4541,4090.06226,4350.18,11027.7871,11955.1104
2008-10-30,2282.59668,4316.89014,5282.26318,5579.62695,4983.62,10985.5498,11798.751
2008-10-31,2077.15894,4603.53369,5703.28857,7403.38623,6031.12,11763.0879,11808.2021
2008-11-01,1637.67688,4628.50732,5792.30127,8834.12012,7565.94,12965.1582,11992.7881
2008-11-02,1260.08142,4307.82422,5823.66943,9413.1084,9463.98,14285.2705,12678.457
2008-11-03,1029.4104,3819.44116,5697.14795,8769.05469,11057.21,15262.1318,13866.375
2008-11-04,908.228333,3203.24976,5298.94629,7011.36816,11833.39,16372.377,14990.5801
2008-11-05,857.491211,2663.34375,4772.9873,5159.7876,11635.74,18064.4707,15898.2119
2008-11-06,841.244873,2383.06396,4177.8374,3995.29517,10326.03,19329.9336,17319.2598
2008-11-07,851.446899,2347.50757,3764.06787,3771.25122,8396.05,19388.418,19082.4531
2008-11-08,856.841919,2388.03613,3663.08936,4170.3584,6876.20,18511.5918,19920.5273
2008-11-09,816.440796,2356.72754,3656.0061,4478.51318,6342.17,16758.9863,19581.6387
2008-11-10,754.690674,2244.19604,3610.87256,4331.0127,6547.33,14556.9678,18290.1152
2008-11-11,709.898376,2095.97607,3452.9021,3758.36475,6836.76,12658.4814,16229.9482
2008-11-12,678.137024,1951.92737,3191.854,3123.30835,6686.14,11830.3516,14012.4893
2008-11-13,656.452026,1818.96594,2935.95142,2672.77051,6057.89,12053.6475,12412.8691
2008-11-14,640.415161,1727.4873,2729.8186,2407.47314,5208.06,12257.7402,11989.3838
2008-11-15,628.776367,1672.11731,2567.50806,2290.15503,4490.18,11565.0049,12342.9932
2008-11-16,635.142517,1636.48914,2466.06348,2242.05469,3977.52,10261.9658,12270.0527
2008-11-17,661.351379,1604.31873,2411.82935,2209.82959,3629.90,8910.86719,11320.3643
2008-11-18,655.869507,1568.71851,2363.65161,2164.62012,3462.11,7859.08594,9937.7998
2008-11-19,618.440552,1540.2489,2311.97729,2113.23486,3361.66,7180.01221,8655.66309
2008-11-20,586.847473,1536.99988,2254.52979,2066.89453,3273.39,6743.63525,7753.30078
2008-11-21,560.413574,1525.58618,2197.40308,2029.16406,3185.98,6520.8584,7184.10303
2008-11-22,545.214966,1477.18384,2169.84375,1998.09277,3108.39,6374.35107,6856.12988
2008-11-23,542.213013,1424.32397,2149.38672,1964.93958,3039.92,6233.83398,6690.74219
2008-11-24,546.828247,1379.3949,2094.18042,1931.76648,2978.37,6103.4502,6539.30469
2008-11-25,544.240295,1346.16077,2027.45825,1904.13611,2923.98,6001.63867,6374.83447
2008-11-26,525.279724,1326.12036,1970.48706,1886.88074,2869.22,5887.51465,6237.31787
2008-11-27,500.741669,1313.30603,1923.97485,1886.31506,2821.27,5732.46484,6124.8623
2008-11-28,479.321533,1296.44788,1890.99988,1889.38525,2782.18,5583.49805,5986.06494
2008-11-29,463.01712,1265.76562,1866.03027,1863.49158,2755.65,5572.41016,5937.69531
2008-11-30,450.838806,1225.94775,1839.62708,1814.2959,2745.66,5352.80078,5679.84668
2008-12-01,440.626831,1187.08386,1801.53894,1768.60803,2729.35,5263.89697,5549.09961
2008-12-02,430.791901,1154.26367,1752.49878,1730.65247,2680.42,5202.93799,5448.97754
2008-12-03,420.992523,1126.46765,1703.46667,1700.34253,2617.86,5159.56787,5369.02881
2008-12-04,411.261627,1101.81042,1660.75488,1674.9292,2562.51,5097.0459,5315.94824
2008-12-05,401.58252,1078.19958,1622.81079,1650.78918,2514.94,4995.50146,5270.25391
2008-12-06,392.718292,1054.84106,1587.91235,1627.11572,2474.83,4883.33691,5193.67773
2008-12-07,384.337036,1031.83691,1554.68445,1604.57324,2438.44,4785.05225,5083.88135
2008-12-08,375.783295,1009.17065,1521.9519,1581.46814,2403.10,4699.22754,4975.4165
2008-12-09,367.397644,987.354004,1489.87524,1557.19202,2368.49,4623.62549,4881.17139
2008-12-10,359.206543,966.495239,1458.40015,1534.01184,2334.98,4553.38232,4798.77881
2008-12-11,351.228027,945.930725,1427.89136,1511.69519,2300.56,4484.5918,4725.31836
2008-12-12,343.468292,925.567749,1398.51843,1490.07715,2265.76,4416.91943,4655.49219
2008-12-13,335.907227,905.678101,1369.61279,1468.97595,2232.45,4351.00195,4586.71729
2008-12-14,328.520111,886.213196,1340.98181,1448.14258,2200.01,4285.34766,4519.40576
2008-12-15,321.285858,867.209167,1312.9707,1427.50073,2168.55,4220.33545,4453.33643
2008-12-16,314.188538,848.634888,1285.56677,1407.11926,2137.65,4157.11865,4387.41699
2008-12-17,307.223907,830.473633,1258.7616,1387.19275,2107.14,4095.23193,4322.71973
2008-12-18,300.418091,812.693542,1232.56152,1367.70203,2077.00,4034.89355,4259.63867
2008-12-19,293.763885,795.268616,1206.90356,1348.57678,2047.33,3975.72803,4197.93018
2008-12-20,287.25592,778.198669,1181.78088,1329.69763,2018.31,3827.2478,4137.69434
2008-12-21,280.897064,761.477722,1157.14819,1311.05896,1989.86,3721.31763,4078.58008
2008-12-22,274.718567,745.123657,1133.10071,1292.66943,1961.92,3664.76562,3884.29736
2008-12-23,268.78418,729.129211,1109.67505,1274.50354,1934.44,3609.38599,3824.06421
2008-12-24,262.876404,713.504211,1086.71387,1257.03186,1851.49,3555.16504,3767.56665
2008-12-25,256.946594,698.294922,1064.80383,1239.9574,1824.27,3502.30664,3712.26147
2008-12-26,251.236023,683.43689,1044.15552,1222.52222,1797.69,3450.31665,3658.198
2008-12-27,246.368164,668.823303,1022.49731,1205.21326,1772.26,3344.62622,3605.44775
2008-12-28,242.986633,654.678894,1000.172,1188.57849,1746.96,3298.70605,3538.01514
2008-12-29,240.820618,643.679321,978.718445,1172.62268,1690.48,3338.13477,3538.74487
2008-12-30,240.01828,637.596436,957.863586,1157.77917,1608.22,3242.44824,3445.06201
2008-12-31,234.637985,629.421692,939.890503,1144.90942,1592.18,3207.72681,3413.16748
2009-01-01,225.44577,615.582336,927.391052,1132.90955,1595.23,3181.78418,3383.29541
2009-01-02,218.068436,603.041321,914.355042,1117.3418,1576.60,3138.82178,3333.15332
2009-01-03,211.574188,588.881836,895.701172,1098.16248,1558.43,3112.37769,3284.3855
2009-01-04,208.295593,571.03772,877.308716,1079.53992,1538.61,3017.68896,3172.08179
2009-01-05,208.367569,554.996033,858.345581,1062.58386,1513.12,2917.27124,3081.62183
2009-01-06,215.717178,540.84613,835.729065,1047.10132,1484.01,2866.49194,3059.69482
2009-01-07,224.860489,529.633423,813.970154,1033.16675,1457.89,2816.55908,3017.52051
2009-01-08,223.492645,523.578552,794.553101,1024.19067,1434.54,2762.31323,2964.43604
2009-01-09,214.376053,522.412659,777.66272,1018.0705,1413.98,2704.98022,2913.14722
2009-01-10,201.706924,524.985596,765.952026,1008.55078,1396.51,2655.68457,2856.2832
2009-01-11,188.588303,521.486694,759.004944,995.717407,1383.30,2612.02271,2800.78345
2009-01-12,179.336731,507.805206,756.821167,983.280823,1369.10,2574.33032,2753.36011
2009-01-13,176.50267,490.372986,750.567993,968.981079,1351.15,2544.58203,2710.9375
2009-01-14,177.639267,470.781647,733.809875,950.023987,1332.02,2523.93237,2675.60693
2009-01-15,175.93129,453.466614,712.723267,931.309509,1313.49,2505.07373,2648.10571
2009-01-16,169.166687,443.120697,688.981201,915.007996,1292.21,2475.89819,2629.03955
2009-01-17,161.830917,439.576904,666.624146,900.753784,1267.20,2436.73242,2607.69604
2009-01-18,155.419388,436.253571,650.789062,887.784424,1244.05,2394.50098,2573.44751
2009-01-19,149.396439,426.102966,642.135376,875.198853,1223.21,2347.90015,2532.82568
2009-01-20,145.433533,412.637939,635.51593,862.7995,1204.40,2300.75952,2488.79419
2009-01-21,143.096802,399.364349,622.756714,851.207031,1186.53,2262.58765,2440.70557
2009-01-22,140.66861,386.40329,605.652832,841.188782,1168.96,2233.97998,2396.5332
2009-01-23,137.733109,375.964722,588.621033,831.02887,1151.88,2206.23608,2361.73804
2009-01-24,134.326248,367.836395,571.86554,820.451721,1136.03,2172.20044,2333.3811
2009-01-25,130.358536,360.545593,557.335632,811.466003,1121.41,2136.06836,2302.89429
2009-01-26,129.962448,353.143982,545.3573,802.150146,1106.46,2100.67822,2267.15405
2009-01-27,149.274719,345.366821,534.608154,790.853516,1091.77,2067.07178,2230.80713
2009-01-28,177.041046,337.227142,523.897278,779.365479,1078.45,2037.32605,2195.32275
2009-01-29,180.863251,332.095764,512.900757,773.997742,1064.16,2009.578,2162.69922
2009-01-30,171.30658,341.462982,502.040619,782.011841,1031.09,2169.09546,2311.13745
2009-01-31,154.713577,365.594818,493.85907,794.5,1016.72,1933.99365,2097.94067
2009-02-01,133.650208,374.084076,497.259186,804.016663,1011.47,1919.28223,2088.44043
2009-02-02,120.79509,362.366821,516.677612,819.242249,1018.46,1913.86218,2062.10669
2009-02-03,112.301445,343.876007,525.96814,822.683044,1026.40,1891.88806,2034.1991
2009-02-04,107.533287,319.018768,513.125061,793.129822,1059.80,1893.91809,2006.58801
2009-02-05,104.538712,298.902954,492.66748,753.088623,1075.20,1918.47717,1990.15527
2009-02-06,101.550468,285.42453,465.736145,720.592407,1067.25,1935.46289,2015.77148
2009-02-07,98.0877533,275.595245,441.173096,699.077087,1038.81,1930.67798,2040.72925
2009-02-08,94.681015,268.678589,424.256287,694.938721,996.80,1917.65808,2038.96643
2009-02-09,92.0313492,262.308319,411.099121,689.763855,962.76,1878.42578,2029.79297
2009-02-10,89.5412292,255.604263,401.253693,674.456116,943.21,1814.83435,2012.76392
2009-02-11,87.4868469,248.811829,392.312958,657.854187,936.64,1756.03503,1963.57568
2009-02-12,85.8514404,242.797531,383.159149,645.018372,924.18,1709.10815,1898.84326
2009-02-13,90.5733337,237.196793,373.905884,644.515625,904.09,1680.53418,1845.18335
2009-02-14,121.774422,232.132919,365.477783,647.860718,884.14,1666.04785,1804.95679
2009-02-15,152.967468,229.806961,357.76886,654.214478,871.26,1643.0061,1781.04858
2009-02-16,141.673218,234.950485,350.51535,684.073975,869.14,1612.64539,1763.19238
2009-02-17,115.07901,258.723206,345.166504,727.319641,869.26,1583.47742,1736.28088
2009-02-18,95.9668732,291.047241,346.030975,747.007996,877.04,1561.87805,1705.58069
2009-02-19,82.1947174,288.111084,363.740814,720.094849,910.89,1551.56726,1677.5968
2009-02-20,75.516571,256.330444,394.731506,665.983154,948.01,1546.67639,1660.25122
2009-02-21,72.6380615,229.280792,397.518768,619.973633,949.33,1558.22766,1651.49243
2009-02-22,71.0311356,209.314987,366.43631,591.907349,908.23,1614.3595,1649.17236
2009-02-23,69.6114807,197.325806,335.571045,578.473206,851.18,1676.92432,1674.25208
2009-02-24,70.1223145,190.833923,312.547638,569.265747,807.21,1667.2356,1739.71521
2009-02-25,83.1026611,186.861526,297.214417,560.277161,781.06,1593.4458,1785.8645
2009-02-26,120.24614,183.687302,288.106232,552.637878,766.74,1508.60315,1748.57996
2009-02-27,184.917099,182.74118,282.006897,555.884033,744.07,1567.84277,1797.61169
2009-02-28,235.287094,194.240051,277.247009,619.860596,712.05,1351.81604,1545.15564
2009-03-01,251.835266,225.52623,275.094513,779.021973,703.11,1328.8219,1492.95435
2009-03-02,288.104675,288.837433,283.855408,1127.74902,717.82,1313.61816,1467.03992
2009-03-03,302.774384,353.221985,309.727112,1828.55432,823.99,1314.25891,1461.42139
2009-03-04,245.746109,371.989655,365.057648,2683.06714,1029.21,1304.21045,1444.67859
2009-03-05,178.46431,390.254822,432.106903,3162.90845,1468.82,1331.81128,1428.91174
2009-03-06,136.071716,410.478271,460.271545,2981.53467,2272.46,1451.12024,1417.52466
2009-03-07,121.868309,372.288055,472.241302,2356.66797,3070.32,1718.87854,1455.65454
2009-03-08,125.856613,300.559967,491.731384,1690.14697,3329.52,2224.92236,1625.0105
2009-03-09,117.782356,244.935349,463.88269,1218.69055,2980.08,3040.94507,1966.08813
2009-03-10,97.8285904,216.864639,390.488312,971.881348,2301.97,3851.78564,2569.03271
2009-03-11,79.9725571,213.363495,328.373108,873.736267,1679.08,4127.51904,3427.2085
2009-03-12,66.1801071,208.911987,294.092529,843.557068,1278.52,3734.55884,4118.52832
2009-03-13,58.0831718,189.222473,285.793213,817.56366,1079.64,2988.30542,4151.27441
2009-03-14,55.0068512,168.291626,282.338654,776.583801,1009.92,2311.57446,3591.47168
2009-03-15,52.8616867,151.231873,263.471161,725.809692,982.55,1883.91138,2836.12183
2009-03-16,49.9983597,138.936966,240.689438,697.538818,948.75,1682.33777,2235.34424
2009-03-17,47.3943634,132.9422,221.883118,714.580994,898.23,1603.88159,1900.60205
2009-03-18,44.924221,130.488007,207.883224,733.431335,848.75,1554.92444,1754.7301
2009-03-19,43.2893867,127.398994,199.926956,706.602356,833.98,1502.86487,1691.49792
2009-03-20,44.9773026,122.63578,196.004883,656.12738,856.22,1440.72925,1640.67981
2009-03-21,57.9189034,117.674706,192.099197,615.688721,860.56,1387.43286,1582.41687
2009-03-22,72.5837021,113.664978,186.378159,593.622131,819.80,1379.27869,1517.68274
2009-03-23,72.2289352,114.499992,179.85524,596.6604,768.45,1409.23816,1475.8385
2009-03-24,68.1498718,124.94516,173.925247,618.537231,731.26,1407.25842,1482.78247
2009-03-25,66.6320724,146.870743,172.173172,633.673401,713.64,1353.31909,1506.49646
2009-03-26,63.0775337,159.769974,179.084854,634.313721,723.30,1289.49304,1484.60522
2009-03-27,62.4502983,154.516571,199.231079,619.802856,744.72,1236.72058,1422.56372
2009-03-28,85.4708557,155.916855,219.798172,595.460388,758.64,1208.32666,1361.25317
2009-03-29,121.172188,181.729385,226.695679,594.665039,762.58,1223.51318,1315.04272
2009-03-30,133.919861,214.062637,232.468018,651.121704,831.32,1717.16272,1775.13159
2009-03-31,148.139679,234.320602,261.661865,758.355774,916.44,1816.61194,1838.22607
2009-04-01,198.233383,259.863495,302.280396,870.721313,821.65,1648.04541,1696.08643
2009-04-02,292.601135,291.936951,325.722809,917.945007,898.19,1620.91028,1735.00049
2009-04-03,441.899139,342.546417,360.434326,1009.83246,1027.11,1634.42175,1746.03333
2009-04-04,573.31427,404.751617,402.290558,1418.11304,1149.42,1656.73425,1699.86853
2009-04-05,555.86261,490.992157,441.633209,2073.08569,1263.08,1636.61377,1620.29688
2009-04-06,498.408325,607.847534,489.521027,2531.64917,1520.47,1809.2948,1678.36853
2009-04-07,522.747437,732.629822,556.610046,2464.63892,2027.77,1973.0459,1806.55774
2009-04-08,512.185791,764.939209,654.372986,2032.23682,2631.15,2165.00244,1955.8053
2009-04-09,453.787354,692.545349,775.559265,1604.19299,2913.36,2528.94849,2106.64014
2009-04-10,422.777283,668.37207,827.225586,1427.29932,2624.08,3055.59619,2309.18335
2009-04-11,403.550995,660.902405,762.254395,1487.48792,2105.64,3675.69946,2723.41895
2009-04-12,491.749664,602.085388,722.886414,1651.31897,1723.65,4032.02026,3328.08301
2009-04-13,656.267517,549.329102,718.483215,1766.51208,1633.70,3778.94263,3940.01538
2009-04-14,615.8479,514.114258,665.528137,1872.86755,1742.75,3205.43188,4104.53174
2009-04-15,443.024658,541.653931,608.692139,2140.35596,1902.70,2819.58057,3703.64551
2009-04-16,327.018463,697.142456,571.906372,2303.82007,1995.65,2742.15942,3179.12183
2009-04-17,241.133041,738.171326,587.956787,2103.04126,2168.68,2800.34204,2924.96021
2009-04-18,202.391678,610.813538,753.718628,1722.08594,2486.37,2932.39624,2906.10034
2009-04-19,310.67865,597.836182,910.147522,1594.59656,2598.59,3047.14185,2987.19775
2009-04-20,517.717651,668.359009,945.294617,1922.67468,2425.75,3348.28564,3103.323
2009-04-21,604.869629,705.028931,1046.29675,2538.20874,2436.61,3943.37866,3217.97534
2009-04-22,548.407349,758.203735,1144.86914,3027.8479,2976.64,4252.12744,3643.94336
2009-04-23,513.809509,844.179382,1101.42896,3254.75269,3571.39,4198.84082,4200.62598
2009-04-24,489.53421,896.330383,1035.05591,3142.73926,3929.00,4413.31836,4338.05029
2009-04-25,422.334015,845.934937,1028.62268,2675.40479,4041.86,5062.49707,4324.02832
2009-04-26,341.980347,763.227478,1040.50232,2173.70435,3968.90,5624.27588,4691.35645
2009-04-27,254.440796,686.860779,981.333374,1770.57861,3611.83,5850.81055,5401.46289
2009-04-28,193.152527,585.438171,880.688721,1527.78418,3000.87,5899.99414,5881.47461
2009-04-29,169.406906,474.280212,790.341248,1392.47766,2553.84,6145.78467,6469.07568
2009-04-30,156.657455,360.728394,677.914551,1268.16333,2358.54,5843.72119,6706.83594
2009-05-01,140.44664,271.447906,554.294312,1159.97534,2061.83,4944.49121,6155.80273
2009-05-02,158.765076,226.782852,428.694397,1162.82202,1756.90,4118.08643,5418.62549
2009-05-03,298.784729,233.061905,328.732086,1266.66492,1587.01,3591.76001,4668.81982
2009-05-04,489.909393,298.029144,281.893097,1566.01318,1507.05,3251.33472,4051.04321
2009-05-05,493.245972,395.472168,286.382233,2159.87427,1650.09,2988.72925,3559.78174
2009-05-06,445.936218,516.226013,355.140411,2612.07031,1948.16,2709.63745,3191.06226
2009-05-07,470.87735,671.521484,473.631104,2669.56396,2400.34,2578.63403,2963.09033
2009-05-08,424.589874,718.128784,598.741699,2414.52197,2985.07,2755.00684,2768.14697
2009-05-09,359.80658,633.993225,731.823914,2052.92114,3295.26,3186.11279,2735.1521
2009-05-10,308.389526,594.772217,785.99292,1775.39722,3196.54,3766.24219,3004.20093
2009-05-11,255.352661,546.027405,699.902466,1523.78381,2841.27,4422.90527,3469.70068
2009-05-12,235.197861,457.442017,640.299866,1314.13672,2442.51,4794.02539,4104.98193
2009-05-13,241.897675,419.338654,612.539368,1192.00415,2133.86,4674.47803,4731.93555
2009-05-14,255.487503,400.392944,553.094055,1152.83679,1784.17,4169.67578,4964.65137
2009-05-15,325.080597,430.093964,555.921082,1207.5481,1632.69,3751.72485,4686.9458
2009-05-16,445.486023,513.25824,581.802429,1360.15295,1775.13,3487.27295,4201.34521
2009-05-17,458.54071,581.943115,618.376587,1625.44788,2106.91,3329.09204,3830.52393
2009-05-18,425.341095,618.14856,714.298889,1875.88354,2481.02,3487.13037,3575.479
2009-05-19,465.273407,706.579285,792.579834,2018.37585,2845.78,3876.15137,3498.99878
2009-05-20,522.520813,775.843201,823.71814,2164.79102,3101.68,4386.97607,3776.47119
2009-05-21,534.564758,728.702576,894.488647,2315.41992,3183.02,4990.69824,4237.94141
2009-05-22,468.190887,716.495972,950.068115,2428.58228,3230.23,5457.39551,4794.73877
2009-05-23,370.693848,760.192932,900.836182,2566.92188,3273.22,5715.479,5363.47363
2009-05-24,323.536407,797.596008,871.326233,2545.49097,3285.51,5918.04785,5724.23779
2009-05-25,334.452026,814.159485,946.711731,2318.35889,3344.72,6014.0415,5958.33057
2009-05-26,390.418762,861.218628,1118.64954,2266.71143,3443.65,5891.17236,6213.5625
2009-05-27,495.803284,1021.0567,1288.84131,2327.8811,3401.74,5796.92383,6286.88232
2009-05-28,561.678711,1189.8501,1396.27979,2360.70093,3447.88,6030.63721,6164.00537
2009-05-29,508.841675,1219.33301,1517.55298,2358.03198,3739.04,6420.26611,6172.76172
2009-05-30,411.533783,1178.5647,1644.06958,2221.30103,3711.91,6655.55762,6694.21533
2009-05-31,434.673035,1151.72205,1690.20764,2210.81177,3585.44,6725.82568,7032.0376
2009-06-01,708.023132,1195.82654,1684.08862,2735.5061,3595.22,7330.52051,7213.3042
2009-06-02,1015.09534,1375.26636,1735.62219,3856.36426,3798.99,7656.84961,7510.20459
2009-06-03,1043.45422,1623.06519,1863.69653,5483.75342,4771.37,7559.15674,7920.39014
2009-06-04,948.987549,1797.77344,2028.14636,6981.58594,6409.06,7661.30029,8021.50195
2009-06-05,784.131409,1882.46704,2185.34937,7602.47217,8066.52,8231.10742,7926.17725
2009-06-06,651.637939,1836.88879,2288.26221,7501.55762,9515.82,9802.4082,8140.39844
2009-06-07,765.96344,1868.81396,2464.32886,7018.80762,10241.76,11964.3145,9148.98438
2009-06-08,968.291199,2197.90869,2749.74951,6404.36963,10185.22,13845.6709,11380.3223
2009-06-09,1237.15149,2552.57202,3059.76636,5808.69971,10181.09,15617.791,14064.7412
2009-06-10,1567.67859,2907.59937,3447.44897,5513.23486,10051.29,16839.4375,16313.127
2009-06-11,1783.04004,3225.79419,3746.55981,5938.01172,9672.58,16978.9941,17844.791
2009-06-12,1669.8241,3287.48218,3946.47192,6868.22607,9256.74,17132.9141,18237.5859
2009-06-13,1330.97095,3142.86255,4079.70801,7268.62207,8887.78,17254.1426,17878.332
2009-06-14,1092.67432,2980.7998,4005.58057,6841.10107,8975.38,16829.2441,17791.043
2009-06-15,992.512756,2837.77173,3776.34912,6113.17871,9347.67,16082.626,17595.4258
2009-06-16,1042.229,2618.6438,3571.65405,5409.19971,9101.57,15231.8799,16982.4336
2009-06-17,1086.52441,2345.16113,3447.75317,4899.40674,8316.60,14704.9932,16274.1484
2009-06-18,1012.70007,2203.27466,3262.26758,4518.2334,7630.34,14481.3057,15706.0625
2009-06-19,1079.78992,2251.54907,3008.67139,4143.13867,7137.12,14011.2939,15496.2939
2009-06-20,1484.75903,2273.43213,2875.63135,3763.85791,6724.87,13160.2158,15218.041
2009-06-21,1919.36877,2279.84082,2920.30005,3550.45483,6290.15,12361.4336,14481.9883
2009-06-22,2258.59521,2527.27637,2926.25269,3512.45679,5758.02,11726.543,13487.376
2009-06-23,2536.33813,3146.11499,2857.30371,3762.71729,5223.41,11259.2861,12629.46
2009-06-24,2601.64014,3882.42993,3004.26538,4393.35596,4930.60,10858.8096,11953.5693
2009-06-25,2580.79565,4732.04736,3547.22168,5053.90869,4870.56,10243.0684,11434.6191
2009-06-26,2517.43628,5450.05566,4227.81299,5430.896,5254.56,9526.23828,10956.1963
2009-06-27,2827.77344,5555.32764,5024.41602,5585.7793,6062.94,9290.38965,10246.6055
2009-06-28,3369.29541,5255.47852,5793.38818,5810.43311,6847.59,9710.58789,9627.96094
2009-06-29,3750.16064,5035.33691,6093.93896,6242.24121,7258.01,11003.626,9904.66113
2009-06-30,3966.75854,5593.85938,5927.03809,7125.40674,7502.96,12573.0176,10504.4424
2009-07-01,4081.82178,6556.02246,5676.01074,8407.58105,7867.32,14043.7607,11773.9473
2009-07-02,4562.4502,7315.6543,6091.03516,10147.333,8527.19,14650.8936,13549.2275
2009-07-03,5484.84131,7906.53662,7020.61963,11725.0752,9564.08,14656.2695,14775.3682
2009-07-04,6181.57471,8327.24512,7841.02686,12602.6689,11046.35,15105.8779,15102.4414
2009-07-05,6074.00879,8688.73438,8473.4502,13512.7764,13028.78,16435.4453,15170.9355
2009-07-06,5295.13867,9192.45898,8939.99316,14360.6602,14524.87,18304.5,15880.043
2009-07-07,4443.58203,9877.78711,9293.67676,14874.0674,15200.48,20504.5605,17515.7637
2009-07-08,4235.47461,10257.8926,9722.77637,14940.9336,16069.04,23177.707,19529.1113
2009-07-09,4627.35498,9945.33398,10380.3262,13865.6045,16887.28,25199.8555,21919.4434
2009-07-10,5163.54297,9011.97363,10879.8438,11760.4414,17437.64,26230.3867,24479.4277
2009-07-11,5221.58105,8153.2627,10727.0293,9971.94336,17341.91,27468.7832,26092.4863
2009-07-12,4605.53125,7935.95361,9897.77246,9586.29688,15892.47,28931.6309,27063.6348
2009-07-13,3754.69531,8142.64551,8996.19434,9690.01855,13648.97,29962.4414,28381.3809
2009-07-14,3156.15234,8193.74219,8647.70996,9176.85547,12122.46,29667.0293,29751.75
2009-07-15,3394.11304,7939.10449,8797.39746,8612.61426,11869.65,27248.5566,30426.6465
2009-07-16,3965.4978,7828.80176,8960.55664,8127.88428,11770.30,23990.4688,29421.6035
2009-07-17,3882.69995,8343.49707,8816.86523,8048.4458,11690.38,22101.8691,26476.4023
2009-07-18,3381.43164,8766.47168,8602.35059,8029.85742,11950.63,21953.2891,23445.6191
2009-07-19,2978.63989,8473.49121,8987.17383,7180.13281,11624.60,22002.0488,22201.9453
2009-07-20,2799.35767,7632.34521,9428.41895,6087.63428,11204.35,21935.2578,22326.2891
2009-07-21,2781.90332,6493.74121,9180.08691,5395.79883,10539.21,22348.4062,22334.6465
2009-07-22,2772.6106,5649.75146,8404.40332,5326.875,9147.99,22554.002,22495.2793
2009-07-23,2716.63037,5247.28613,7274.43555,5674.57617,7968.84,22348.8867,23057.7344
2009-07-24,2528.53857,5131.71973,6329.5835,5948.79443,7390.19,21423.1035,23161.1738
2009-07-25,2464.99829,5081.66846,5837.64111,5895.51025,7672.22,19441.0918,22647.625
2009-07-26,2666.95947,4970.33936,5676.36035,5484.43408,8247.42,17063.5371,21302.5195
2009-07-27,3042.28784,4792.53027,5616.39746,5137.1499,8328.98,15295.8994,18996.9512
2009-07-28,3404.56372,4867.03711,5489.7168,5044.17871,7874.14,15045.0176,16714.3145
2009-07-29,3571.65308,5255.85986,5297.72803,5362.16895,7244.73,15654.8701,15531.875
2009-07-30,3758.12036,5781.14844,5328.56396,6555.26855,6847.67,15714.2803,15721.8906
2009-07-31,3992.81274,6428.66602,5773.47607,7896.5459,6847.71,15202.0596,16274.2646
2009-08-01,3995.6394,6951.1748,6471.95459,8902.70312,7449.33,14509.7217,16194.2725
2009-08-02,3661.40283,7262.06836,7284.48047,9700.37402,8874.49,14260.6416,15526.5957
2009-08-03,3152.37085,7802.42188,7899.60791,9966.96875,10208.06,14607.7998,14882.7451
2009-08-04,2826.78882,7982.13672,8162.0835,9429.38672,11152.83,15761.2568,14664.6318
2009-08-05,3270.31079,7257.3042,8584.13965,8213.24023,11840.54,17813.7344,15176.6387
2009-08-06,4414.30469,6369.74463,8772.17285,7112.63477,11832.17,19614.332,16683.877
2009-08-07,5300.38037,6177.26074,8077.54248,6644.73438,10939.60,21016.1016,18845.5371
2009-08-08,5001.35889,7278.95264,7150.86816,6828.44043,9590.93,22394.4785,20537.2344
2009-08-09,4028.90039,8781.95801,6888.84033,7353.81787,8763.98,22370.5645,22045.9746
2009-08-10,3399.63232,9490.82031,7896.17822,7577.87354,8595.88,20480.9766,23028.3262
2009-08-11,2939.9436,8875.14355,9497.29199,7253.93311,8978.03,18155.1836,22254.6855
2009-08-12,2612.88647,7414.37012,10352.2617,6659.95312,9481.94,17232.4023,19944.9688
2009-08-13,2857.65601,6402.87354,9849.86523,6124.09521,9372.58,18422.2012,17874.6426
2009-08-14,3703.97803,6104.46826,8520.08594,5913.68896,8808.95,20589.9219,17745.7969
2009-08-15,4433.41602,6302.10107,7639.36084,6236.18896,8413.25,21960.6523,19678.8984
2009-08-16,4553.68018,7438.67188,7610.19189,7654.46729,8504.85,21346.8125,22052.1562
2009-08-17,4566.49512,9174.73242,8263.49512,10489.2529,9120.90,19743.4746,22914.6738
2009-08-18,4416.93652,10499.7793,9801.97168,12819.5225,10699.61,19114.9043,21674.8164
2009-08-19,4016.53931,11001.2617,11743.3203,13345.4121,13631.88,19847.7109,20239.334
2009-08-20,3828.08594,10697.3311,13088.8848,12551.9043,16807.28,21828.373,20068.1348
2009-08-21,4095.08936,9993.74414,13419.6523,11238.1191,18250.06,25509.9531,21086.4551
2009-08-22,4944.19678,9381.21582,12935.9385,10277.9629,17890.94,30371.291,23431.9863
2009-08-23,5625.26709,9160.55371,12240.3857,9490.75098,16438.56,34338.5234,27590.5723
2009-08-24,5646.93945,9630.57422,11813.9023,8747.29004,14879.83,35496.0508,32384.1973
2009-08-25,5372.25879,10983.3896,11959.3672,8634.27539,13823.08,34379.3438,35578.5195
2009-08-26,4788.00293,12248.9092,12830.9941,9308.17773,12984.12,32597.4941,35879.0039
2009-08-27,4011.90527,12208.3594,14334.0303,9711.11035,12495.17,31522.8398,34474.8164
2009-08-28,3307.28442,11218.7666,15796.6758,9295.17871,12719.93,31459.4199,32867.8008
2009-08-29,2802.8208,9941.61133,15847.1738,8584.44922,13468.41,31783.166,32093.4883
2009-08-30,2541.30762,8555.00781,14477.2832,7639.16406,13741.94,32452.5898,32034.3398
2009-08-31,2379.72803,7391.03857,12807.002,6575.03125,13038.27,33365.0195,32651.0059
2009-09-01,2222.52197,6743.0625,11372.8467,5785.83496,12035.52,33248.168,33715.1016
2009-09-02,2068.85522,6329.97754,10280.6025,5196.08447,10831.03,32641.6699,34477.0781
2009-09-03,1961.27795,5757.73535,9601.55078,4724.54834,9653.21,30420.498,34279.0938
2009-09-04,1864.49414,5173.50391,9078.40137,4422.61328,8649.40,27786.4512,32877.9102
2009-09-05,1760.51489,4711.48193,8185.88721,4336.66943,7730.56,25167.457,30305.6309
2009-09-06,1705.60864,4421.59717,7175.18066,4258.54248,7077.89,23155.5742,27507.7051
2009-09-07,1717.99573,4270.41602,6398.96729,4083.96069,6649.62,21133.2852,24992.8848
2009-09-08,1720.54761,4233.69775,5993.06885,3894.46899,6458.68,18572.0664,23129.8691
2009-09-09,1794.38843,4395.86279,6004.52148,3746.60693,6361.33,16384.3242,20940.7344
2009-09-10,1915.39392,4686.50195,6258.87646,3855.36108,6320.82,14884.3408,18465.3418
2009-09-11,1937.73022,4796.90869,6557.82275,4299.81689,6418.09,14341.3457,16404.2461
2009-09-12,1956.34229,4646.20215,6797.36523,4693.64893,6513.89,14601.7725,15055.4658
2009-09-13,1876.60437,4406.34326,6801.08887,4801.84131,6544.24,15049.6621,14754.125
2009-09-14,1734.3064,4128.44531,6501.08594,4778.20557,6702.94,15715.957,15075.6904
2009-09-15,1847.91772,3984.27466,6137.6875,4581.69971,6764.54,16137.2334,15580.459
2009-09-16,2218.06812,4155.31104,5823.22217,4515.14746,6710.70,15970.9434,16254.8535
2009-09-17,2629.60059,4489.96289,5703.33008,4707.52051,6740.51,15783.9824,16463.8711
2009-09-18,2793.08765,4806.10254,5901.96143,4947.96973,6934.45,15538.5908,16219.1885
2009-09-19,2959.51245,5268.69775,6239.8374,5541.94727,7331.86,15236.9961,16119.6846
2009-09-20,3402.21655,5941.26758,6548.44727,6691.47559,7474.50,15349.2959,15856.0078
2009-09-21,3624.81787,6691.90137,6978.32422,7798.55078,7765.24,15996.8564,15637.3799
2009-09-22,3528.09326,7507.95654,7587.88184,8685.69922,8764.67,16712.6582,15926.4385
2009-09-23,3300.02441,8170.78223,8348.36035,9606.7373,10280.28,16818.1426,16672.8613
2009-09-24,2979.14478,8412.33789,9388.04297,9839.57812,11390.00,17493.418,17067.7676
2009-09-25,2665.7124,8202.74805,10374.9014,9153.70801,12225.48,19310.6152,17174.8066
2009-09-26,2385.00415,7736.146,10749.9883,8420.3291,12942.20,21852.7441,18242.4668
2009-09-27,2241.85205,7055.06689,10528.4258,8074.48193,12672.33,24397.1094,20525.0195
2009-09-28,2171.61499,6191.99316,10097.6133,7385.05566,11625.50,26811.2266,23540.1445
2009-09-29,1988.4613,5391.63477,9500.56055,6220.23926,10733.42,28038.2031,26162.1758
2009-09-30,1737.64087,4771.46826,8690.9248,5454.34033,10083.26,27601.4668,28182.5859
2009-10-01,1505.11462,4362.20264,7841.07861,5193.26807,8966.97,25727.4473,28877.0684
2009-10-02,1335.45264,3985.26636,7000.63623,4966.31738,7660.70,23504.207,27601.3438
2009-10-03,1238.45728,3573.4082,6245.76953,4448.0127,6912.22,21543.375,25678.4238
2009-10-04,1250.59595,3341.61621,5733.90674,3862.71997,6604.14,19287.8184,23758.4414
2009-10-05,1523.54187,3703.82886,5761.94141,3515.62451,6285.01,17076.6133,21755.1406
2009-10-06,1935.6853,4549.26855,6504.68311,3446.80835,5735.25,15853.2432,19347.5352
2009-10-07,2115.44019,5360.40967,7773.69971,3730.92163,5407.14,15713.2588,17246.752
2009-10-08,1997.4845,5790.08301,9031.33691,4392.05029,5472.42,15886.8652,16230.3203
2009-10-09,1912.72363,5883.22119,9720.02441,5131.71875,5740.40,16154.6465,16098.8633
2009-10-10,2256.27246,5689.70166,9554.05957,5444.23779,6110.20,16737.623,16211.2285
2009-10-11,2971.89697,5296.375,8930.6123,5328.38379,6696.76,18002.1738,16459.8672
2009-10-12,3278.31323,4960.43604,8183.25195,5293.31396,7383.54,18568.5625,17359.9082
2009-10-13,2809.78711,5034.06299,7424.99365,5868.99902,7745.94,18292.5,18500.8633
2009-10-14,2147.07324,5632.49316,6835.04932,6848.4502,7892.98,17972.5098,18815.8906
2009-10-15,1652.5144,5861.10303,6673.82715,6989.17529,8136.40,17879.0918,18670.2559
2009-10-16,1343.32495,5314.73926,7165.43555,5941.91895,8653.61,17536.1445,18624.0137
2009-10-17,1211.85449,4507.23047,7645.00684,4702.92432,9124.66,17218.0938,18452.1211
2009-10-18,1176.88184,3872.86597,7541.60156,3807.55908,8615.92,17421.8809,17922.6289
2009-10-19,1151.76245,3428.68994,6881.30322,3244.71631,7326.58,18402.1895,17609.7383
2009-10-20,1109.85388,3136.52148,6074.59814,2954.83496,6182.13,19241.6133,17980.3203
2009-10-21,1062.66968,2948.2959,5361.02783,2783.72241,5334.10,18474.8164,18953.9746
2009-10-22,999.701477,2771.77734,4758.27246,2656.6416,4731.42,16240.3984,19374.2324
2009-10-23,937.375977,2611.11646,4333.29736,2562.47241,4312.52,13959.8867,17977.4199
2009-10-24,894.406311,2471.76807,4029.5874,2475.88306,4009.25,12064.9473,15595.7705
2009-10-25,861.584534,2346.34741,3801.72607,2379.78271,3782.80,10581.3438,13452.9775
2009-10-26,835.501526,2236.25098,3610.58936,2290.32056,3626.11,9597.98633,11682.3262
2009-10-27,811.77887,2151.60278,3438.97729,2215.84375,3492.94,8972.93652,10359.1016
2009-10-28,786.851562,2085.87817,3283.7771,2152.80542,3366.60,8512.65527,9511.04883
2009-10-29,762.404358,2028.26575,3150.35767,2102.30859,3258.81,8110.46973,8954.35352
2009-10-30,739.933533,1975.43689,3046.6626,2062.65552,3159.14,7688.2915,8457.83301
2009-10-31,722.79541,1925.93665,2958.34253,2030.93115,3226.83,7480.78662,8213.88867
2009-11-01,706.94519,1880.16296,2880.60571,2004.04614,3038.26,7093.54199,7766.88574
2009-11-02,689.268677,1833.73804,2811.85449,1975.1665,2950.94,6815.81787,7373.28174
2009-11-03,669.401917,1791.36597,2749.54297,1942.89001,2910.74,6615.67725,7095.55713
2009-11-04,649.817383,1754.15002,2685.44824,1910.0824,2872.87,6438.6875,6876.36426
2009-11-05,639.632507,1722.17004,2632.66187,1879.86023,2828.67,6314.61914,6684.62402
2009-11-06,636.722595,1707.79919,2624.104,1858.9519,2784.42,6229.29102,6514.43604
2009-11-07,647.420349,1764.14026,2681.479,1855.17419,2746.71,6180.84375,6404.18213
2009-11-08,655.782776,1815.90149,2794.32739,1861.68787,2732.21,6179.0293,6327.27295
2009-11-09,630.48761,1789.6532,2959.47314,1882.99573,2761.89,6210.65723,6293.64893
2009-11-10,592.548523,1731.15417,3023.76147,1914.03003,2783.85,6255.63477,6308.06592
2009-11-11,563.432739,1652.91663,2884.06934,1910.80786,2755.51,6331.34814,6344.2041
2009-11-12,542.132507,1567.59583,2675.30103,1860.16394,2732.41,6437.33154,6393.19287
2009-11-13,526.351501,1483.46667,2485.26514,1787.18713,2716.44,6400.59375,6486.20898
2009-11-14,511.631805,1420.50146,2331.55591,1716.58923,2667.08,6165.64795,6565.27295
2009-11-15,498.66803,1377.95264,2210.0542,1661.97388,2589.80,5917.3877,6451.41504
2009-11-16,492.062561,1345.45337,2124.82104,1622.44507,2502.98,5711.07568,6184.05176
2009-11-17,499.246094,1312.12366,2067.90991,1591.77234,2426.30,5512.37354,5952.65039
2009-11-18,522.558044,1278.1626,2022.55774,1566.55847,2366.03,5325.25488,5753.33789
2009-11-19,596.875183,1257.43994,1984.90112,1559.19019,2318.29,5172.19385,5557.02197
2009-11-20,721.816162,1264.85474,1948.28284,1656.4231,2283.28,5053.99707,5381.67725
2009-11-21,729.844849,1292.07373,1931.39856,1928.25598,2284.04,4960.25781,5243.71436
2009-11-22,623.578369,1341.75671,1958.09326,2289.0874,2408.27,4898.0791,5150.3916
2009-11-23,532.8078,1431.40112,1985.89819,2817.12012,2736.02,4868.46436,5120.92188
2009-11-24,461.980621,1453.44897,2001.78125,3195.13159,3157.17,4899.48242,5145.78027
2009-11-25,421.861969,1348.2821,2043.63574,2916.57812,3545.99,5078.13184,5153.71436
2009-11-26,402.095215,1220.21228,2050.31836,2379.46802,4005.09,5509.43945,5185.66748
2009-11-27,391.656403,1123.44592,1938.85339,1976.36707,4086.98,6163.88672,5392.65869
2009-11-28,382.864227,1056.94861,1787.37341,1703.06702,3550.60,6718.22461,5887.41309
2009-11-29,373.904541,1017.33643,1673.87024,1564.85352,2968.42,7177.84668,6617.71191
2009-11-30,363.424133,990.950562,1590.91064,1507.60779,2481.19,6812.70947,6922.95996
2009-12-01,350.579102,968.672119,1538.16003,1479.19849,2278.40,6051.06104,7156.09082
2009-12-02,341.180237,946.722107,1499.94214,1466.37085,2165.81,5265.75488,6751.85986
2009-12-03,333.308105,923.744263,1466.0769,1457.77014,2065.25,4711.5332,5878.34863
2009-12-04,325.862549,899.191284,1433.57019,1422.96021,2009.00,4375.13818,5163.5332
2009-12-05,318.693359,876.641296,1401.32361,1375.53809,1986.21,4198.24854,4679.63232
2009-12-06,311.835327,856.981384,1368.02563,1339.62793,1960.81,4058.38647,4404.86279
2009-12-07,306.349243,838.402527,1335.47717,1311.42114,1907.66,3963.45825,4258.26367
2009-12-08,305.718414,820.378784,1306.30872,1286.70154,1854.42,3900.53955,4113.70508
2009-12-09,307.712677,802.931519,1278.7738,1265.87842,1812.82,3792.35693,4041.34375
2009-12-10,301.674286,786.697083,1252.3147,1249.13184,1778.15,3607.9375,3980.65674
2009-12-11,290.456238,774.026611,1227.2168,1237.24878,1746.98,3521.27832,3822.00073
2009-12-12,280.473907,766.352905,1203.26233,1228.73865,1719.78,3449.01709,3676.33936
2009-12-13,270.894531,754.147278,1181.58923,1221.50793,1697.33,3385.60547,3595.14746
2009-12-14,263.184814,734.284363,1164.81482,1207.89246,1679.30,3328.39502,3525.9939
2009-12-15,256.765594,714.401978,1145.78662,1184.97058,1664.16,3276.72705,3464.35913
2009-12-16,251.657333,695.490845,1118.98157,1160.02087,1649.01,3232.14819,3408.95728
2009-12-17,246.771439,678.085876,1091.17078,1137.12769,1625.02,3195.74756,3358.87476
2009-12-18,241.361206,662.740906,1064.87048,1117.7124,1593.58,3157.11011,3317.18335
2009-12-19,235.705963,649.90802,1039.9978,1100.79565,1562.59,3112.15015,3280.97339
2009-12-20,231.07753,637.692932,1017.33264,1086.7135,1534.01,3059.83032,3239.86035
2009-12-21,229.754333,623.9646,997.132996,1073.33789,1509.04,3001.06519,3192.4231
2009-12-22,231.146133,609.732849,978.249634,1058.4425,1486.43,2944.28882,3137.19019
2009-12-23,226.835922,596.298035,958.126038,1049.02734,1466.53,2892.12451,3077.87085
2009-12-24,217.305099,585.501404,937.275635,1051.01794,1446.25,2846.07544,3021.53979
2009-12-25,209.370361,578.819702,917.161194,1051.07324,1425.79,2802.92139,2969.8689
2009-12-26,202.484924,569.744141,899.4646,1033.23657,1413.88,2761.02148,2924.8562
2009-12-27,197.386765,554.280945,886.039307,1006.30646,1411.46,2718.64575,2882.02417
2009-12-28,192.819778,538.425781,871.943542,981.814575,1400.73,2677.28296,2839.92188
2009-12-29,188.193573,524.226318,851.177734,953.452087,1287.65,2629.93066,2783.31738
2009-12-30,183.822815,511.702942,829.135376,936.984192,1256.73,2621.41675,2746.07422
2009-12-31,179.552536,500.43158,809.082031,922.919556,1229.27,2602.3042,2727.56885
2010-01-01,175.423645,489.423309,790.640198,909.625916,1205.70,2554.51929,2713.26514
2010-01-02,171.375824,478.835449,773.797485,896.73877,1197.63,2520.50439,2700.59253
2010-01-03,167.564346,468.634918,757.426636,884.047974,1186.44,2474.67505,2647.26929
2010-01-04,163.784027,458.451111,741.498413,871.177307,1168.99,2334.44727,2500.40356
2010-01-05,160.088196,448.27179,726.140686,860.045898,1151.97,2248.75073,2402.91602
2010-01-06,156.481308,438.467285,710.924988,853.373352,1135.05,2213.19751,2362.54468
2010-01-07,152.965363,428.936523,695.793579,843.70166,1118.26,2178.95801,2326.98462
2010-01-08,149.560547,419.629608,681.087463,829.05188,1104.68,2145.59326,2291.60425
2010-01-09,146.239182,410.564819,666.793152,815.339661,1093.87,2112.40332,2257.48853
2010-01-10,142.991898,401.71756,652.850647,802.193726,1078.48,2079.56396,2224.00415
2010-01-11,139.818237,393.09198,639.252136,789.932556,1059.89,2050.39795,2190.51318
2010-01-12,136.713959,384.66983,625.894409,778.610718,1042.72,2024.38416,2158.14258
2010-01-13,133.679276,376.426147,612.817444,767.944885,1026.14,1994.3479,2130.57764
2010-01-14,130.715363,368.359344,600.057556,757.441528,1010.55,1961.52087,2103.38721
2010-01-15,127.814377,360.476959,587.685181,746.899048,995.92,1930.03235,2071.56543
2010-01-16,124.978035,352.770447,576.108521,736.583984,981.89,1899.32507,2038.98352
2010-01-17,122.21508,345.231476,564.557068,726.279968,968.05,1870.03894,2007.41235
2010-01-18,119.500603,337.85025,552.5849,716.182617,954.25,1842.43115,1976.98181
2010-01-19,116.831581,330.62674,540.85791,706.465454,940.58,1817.08875,1947.94019
2010-01-20,114.231483,323.573944,529.711182,697.188782,927.04,1792.0249,1920.91992
2010-01-21,111.711288,316.725708,519.204346,688.28949,913.82,1766.00415,1895.69788
2010-01-22,109.288795,310.067719,508.562866,680.842834,901.40,1739.99292,1870.10938
2010-01-23,106.876831,303.477142,497.888489,673.701233,889.47,1714.77356,1843.7124
2010-01-24,104.465157,296.972443,487.491577,664.394165,877.87,1689.80322,1817.76953
2010-01-25,102.126556,290.632751,477.155273,653.597717,867.64,1665.40881,1792.72559
2010-01-26,99.9998322,284.421326,467.059906,643.43335,857.00,1643.48962,1768.57507
2010-01-27,98.3970566,278.514923,457.265839,636.38739,843.92,1620.09094,1744.57446
2010-01-28,96.5742493,274.210968,447.759491,633.612244,830.71,1597.48376,1720.25293
2010-01-29,94.2300873,271.898346,438.592346,637.221741,823.45,1575.24109,1693.71741
2010-01-30,91.8816071,268.332764,430.748322,642.913696,810.01,1744.67444,1854.98853
2010-01-31,89.5578156,261.589508,425.285828,637.577698,806.90,1511.65344,1622.82422
2010-02-01,87.4131775,253.920929,419.230164,621.134277,807.72,1495.08398,1603.06018
2010-02-02,85.4113312,246.839554,409.954315,601.511169,805.02,1485.22046,1581.54163
2010-02-03,83.5002365,240.419769,399.476532,583.750977,789.90,1476.30249,1567.25513
2010-02-04,81.6466446,234.773697,389.436829,570.512146,768.11,1469.55823,1557.91614
2010-02-05,79.8370056,229.631927,380.115784,560.26178,745.11,1456.11841,1550.56091
2010-02-06,78.0689545,224.743484,371.637756,551.845154,726.33,1429.5802,1544.01379
2010-02-07,76.4187546,219.970169,363.780945,544.916077,711.86,1396.99768,1526.15234
2010-02-08,75.134903,215.245438,356.268311,539.469727,700.14,1364.12561,1496.03308
2010-02-09,73.65271,210.577484,348.946381,532.562866,689.69,1336.11267,1462.91492
2010-02-10,71.9010544,206.077133,341.739105,524.737061,681.09,1314.50366,1436.39783
2010-02-11,70.498848,202.023819,334.616699,519.631226,677.07,1302.58044,1414.91809
2010-02-12,69.1704254,198.283218,327.698822,513.763489,672.48,1283.85156,1394.25574
2010-02-13,67.5478973,194.564896,321.222687,505.00293,663.46,1266.99548,1374.56079
2010-02-14,65.78582,191.160721,315.190063,495.888062,656.57,1251.32629,1356.09167
2010-02-15,64.2036514,187.868973,309.221558,487.922638,647.59,1234.44739,1339.96118
2010-02-16,62.7675018,183.632324,303.544861,483.137482,636.35,1222.6062,1326.96594
2010-02-17,61.3565865,178.919617,298.180298,478.924896,625.52,1209.73572,1309.9054
2010-02-18,60.6926231,174.712524,292.026917,474.163971,616.63,1194.30347,1295.81873
2010-02-19,65.3995667,171.511185,285.676239,474.706451,610.86,1176.92529,1282.2865
2010-02-20,79.44487,169.046143,281.077118,486.670685,605.51,1160.37585,1265.66187
2010-02-21,83.4285278,166.84549,278.179779,514.577332,601.99,1145.60132,1250.04272
2010-02-22,73.54422,166.359039,274.922516,605.471436,603.98,1135.26147,1235.13953
2010-02-23,64.9571991,174.344589,270.542755,786.898071,617.05,1127.95776,1221.72681
2010-02-24,58.7887192,181.080734,266.390747,846.931213,652.71,1123.89734,1212.35303
2010-02-25,57.8116455,173.233795,269.116058,727.844299,777.64,1120.81677,1206.09692
2010-02-26,63.1758919,161.431168,274.483673,605.983337,942.83,1124.51465,1202.13391
2010-02-27,79.8501511,152.987061,266.698608,518.743286,927.46,1285.83521,1342.83936
2010-02-28,96.6042175,148.499542,252.710663,483.728271,792.37,1260.73584,1208.62
2010-03-01,107.298096,151.64682,243.136826,531.810852,681.77,1424.44958,1260.58228
2010-03-02,124.070969,167.065048,236.666092,601.019531,605.50,1406.31787,1421.55127
2010-03-03,159.844742,184.718994,235.901093,598.895325,593.01,1260.58337,1540.05469
2010-03-04,239.804535,190.659531,246.975067,578.365112,657.72,1140.09705,1458.72595
2010-03-05,312.724854,202.25473,263.346527,600.869324,706.11,1057.74255,1315.49316
2010-03-06,340.842957,224.799286,268.839752,709.631531,686.91,1046.51685,1197.06311
2010-03-07,378.732483,289.936401,277.456329,987.934082,676.67,1122.98438,1122.15259
2010-03-08,418.986847,380.881836,295.044861,1599.05115,715.80,1184.74646,1143.41833
2010-03-09,400.780304,423.850525,349.531982,2339.8479,869.46,1171.57544,1229.53955
2010-03-10,311.307526,452.96228,440.696564,2632.73755,1228.95,1172.97339,1262.75085
2010-03-11,208.370148,491.173523,494.984009,2434.03442,1932.02,1248.62354,1255.63989
2010-03-12,135.14119,491.92334,521.845276,2101.35474,2593.74,1470.89709,1274.00623
2010-03-13,91.9407196,423.526367,556.249878,1688.40112,2682.61,1916.93225,1378.625
2010-03-14,71.886055,316.539703,565.398254,1255.22961,2423.84,2650.94897,1670.27319
2010-03-15,62.9624596,227.579376,507.720184,966.815491,2068.67,3336.73145,2216.12476
2010-03-16,64.8034668,171.614761,401.007172,805.116943,1628.48,3468.21655,2986.51074
2010-03-17,90.1180496,143.410675,304.932343,729.924255,1232.16,3201.78345,3525.90894
2010-03-18,115.765388,133.862854,242.374878,689.60498,981.37,2767.03906,3480.62573
2010-03-19,107.000214,138.479721,208.522842,670.967529,851.45,2220.85718,3146.70312
2010-03-20,82.5647659,160.544754,195.764389,675.250061,789.37,1738.81702,2668.35083
2010-03-21,63.3714218,186.627945,197.970749,684.157227,755.12,1432.8927,2116.84644
2010-03-22,51.3034973,183.589828,216.435028,666.70874,742.98,1274.54785,1694.2124
2010-03-23,45.6378746,154.774261,242.816772,616.697144,750.76,1203.39417,1442.08167
2010-03-24,48.4523926,128.303452,244.403381,568.667236,756.63,1175.73694,1320.18762
2010-03-25,68.1108093,111.081245,216.158096,542.673035,729.22,1186.90576,1266.47107
2010-03-26,87.9425583,102.175415,186.793839,539.808472,674.29,1217.9585,1253.46545
2010-03-27,89.4168015,99.6683502,166.61467,565.14447,629.05,1213.38123,1274.86206
2010-03-28,112.052322,113.278519,155.80426,667.875732,608.30,1154.92468,1297.18689
2010-03-29,264.919037,171.825043,152.815506,861.143188,611.37,1073.82715,1273.73987
2010-03-30,634.187683,374.984741,167.578156,1092.81421,757.45,1461.3877,1689.67603
2010-03-31,1039.01013,643.036743,250.231644,1565.69165,926.23,1353.70178,1526.12634
2010-04-01,1252.73804,883.48999,512.356262,2478.11328,1230.94,1297.82349,1385.03772
2010-04-02,1405.65857,1374.8208,898.921936,3493.60083,1584.95,1445.53845,1362.33142
2010-04-03,1448.04468,2092.13892,1267.79016,4535.94336,2241.01,1887.2887,1429.80664
2010-04-04,1182.34924,2460.11475,1792.00537,5362.48193,3355.51,2611.37573,1614.51575
2010-04-05,854.439026,2434.8894,2556.22217,5759.82324,4561.35,3273.03296,2091.68237
2010-04-06,732.732544,2237.2478,3006.26074,5969.02686,5667.64,4213.75342,2884.17334
2010-04-07,788.94928,1796.43323,2926.17358,5732.47021,6295.39,5863.2085,3640.92554
2010-04-08,767.488464,1289.90784,2623.13965,4987.66553,6442.36,7735.80127,4755.4834
2010-04-09,669.6073,987.431763,2117.45483,4207.11621,6328.50,8966.0166,6505.40332
2010-04-10,578.536682,948.190308,1523.31567,3689.21606,5761.95,9356.36914,8256.82324
2010-04-11,451.661194,938.447327,1130.68469,3250.84131,4880.92,9123.10547,9243.14062
2010-04-12,434.235718,844.749146,1033.09094,2943.23999,4157.22,8483.34668,9405.96484
2010-04-13,675.062012,760.909363,1029.1178,2783.38379,3671.71,7374.0293,9026.26465
2010-04-14,1281.49353,652.231079,944.228149,2407.58618,3242.73,6195.65674,8227.9082
2010-04-15,1710.70166,578.893066,848.716248,2006.13,3008.77,5424.67578,7033.37744
2010-04-16,1705.2616,727.813049,741.518372,2176.72803,2816.31,4907.96875,5957.00488
2010-04-17,1621.71362,1267.25781,657.406433,2873.14551,2394.23,4399.3916,5321.44287
2010-04-18,1340.90247,1856.83582,775.60498,3238.95752,2151.78,4119.66016,4825.46338
2010-04-19,1141.01746,2059.9209,1262.05969,3673.33496,2578.60,3887.89526,4414.39746
2010-04-20,1311.52197,2215.60693,1918.4519,4488.82275,3251.10,3525.16675,4208.54785
2010-04-21,1921.64502,2456.40356,2221.82837,4665.85254,3551.87,3536.2312,3888.17554
2010-04-22,2693.86865,2774.65674,2431.33984,4318.6123,4302.28,4546.48633,3540.53003
2010-04-23,2856.73633,3005.1106,2778.05835,4269.55615,5148.23,5736.38379,3843.54785
2010-04-24,2534.52051,3297.50806,3233.81787,4977.2749,5179.63,6224.14746,5079.07422
2010-04-25,2079.72852,3787.07544,3722.12598,6071.31738,4815.10,7210.7915,6028.75439
2010-04-26,1751.06274,3865.27295,4037.8147,6830.48242,4917.76,8424.98633,6522.82422
2010-04-27,1817.93896,3622.20776,4321.77734,7347.95312,5751.84,8975.05762,7740.81836
2010-04-28,1876.57727,3321.83569,4350.76074,7939.19824,6779.64,9052.82812,8767.89453
2010-04-29,1762.25269,3016.15845,4125.18555,8203.79785,7822.35,10157.0752,9838.9834
2010-04-30,1538.28284,2966.06689,3916.88135,8134.92822,8427.89,11242.9189,9953.82324
2010-05-01,1326.81519,3065.96338,3669.07153,8246.44922,8928.98,12028.3691,10452.0312
2010-05-02,1239.29321,2869.19043,3567.56714,7853.60693,8925.57,12485.2617,11555.1387
2010-05-03,1105.51758,2400.64185,3670.61426,6596.74072,8853.10,12904.8379,12277.4619
2010-05-04,980.467651,2003.19653,3485.80566,5008.31201,8811.21,13051.8848,12593.7197
2010-05-05,912.451294,1815.74109,2970.46777,3786.70068,8025.42,13045.1611,12963.4678
2010-05-06,902.871826,1691.7196,2475.75562,3085.36035,6549.71,13019.9541,13149.4893
2010-05-07,965.989197,1585.01807,2251.18774,2734.67065,5030.09,12667.8496,13124.9219
2010-05-08,997.191284,1564.78613,2219.04297,2566.41553,4038.84,11421.208,13061.3945
2010-05-09,998.967651,1558.43079,2166.97192,2575.00464,3519.78,9540.3623,12447.9824
2010-05-10,1206.65552,1572.90161,2135.34253,2700.96924,3270.59,7897.56738,10901.5352
2010-05-11,1571.89526,1615.93237,2056.70215,2899.89038,3256.23,6837.35742,9004.52734
2010-05-12,1706.11121,1609.27295,1967.6825,2970.97339,3336.71,6219.97266,7561.92383
2010-05-13,1567.2926,1711.70251,1969.0647,3238.11353,3465.46,5870.98193,6654.97949
2010-05-14,1414.62952,2051.24243,1962.80969,3957.68164,3528.28,5637.07422,6077.77686
2010-05-15,1462.54468,2341.28711,2017.47656,4269.61865,3543.81,5622.41016,5797.77051
2010-05-16,1548.04907,2394.8103,2288.49707,4027.99438,3953.29,5757.10596,5691.09326
2010-05-17,1434.13342,2318.52686,2587.84058,3833.40479,4601.48,5873.80029,5723.79248
2010-05-18,1335.82776,2304.14136,2657.90259,3999.38037,4707.54,6006.33691,5880.14551
2010-05-19,1312.28906,2314.84375,2575.97485,4186.2793,4439.94,6740.41992,5976.39453
2010-05-20,1175.96411,2160.84009,2543.54272,4007.30737,4381.71,7658.93506,6286.72314
2010-05-21,1071.3573,2043.31421,2549.91724,3771.13965,4655.65,7856.53369,7280.69678
2010-05-22,1189.81482,2196.43604,2469.6748,3590.65381,4796.38,7617.19678,8112.91162
2010-05-23,1325.46375,2370.32495,2473.56348,3474.65332,4708.25,7681.47217,8299.14062
2010-05-24,1312.11902,2353.38696,2773.84595,3572.49023,4645.92,8053.61572,8268.42285
2010-05-25,1347.95093,2395.97119,3186.96582,4060.2771,4493.45,8452.10449,8307.91406
2010-05-26,1778.88062,2632.64478,3501.14844,4844.11182,4594.90,9013.68457,8954.81543
2010-05-27,2505.79321,2914.72266,3783.93799,5836.39746,4911.83,9974.51758,9687.89648
2010-05-28,2828.58252,3440.36304,4171.61572,7251.56104,5803.17,10483.4082,10473.0664
2010-05-29,2676.9353,4089.7417,4498.56885,8533.22461,7135.71,10598.6357,11142.5293
2010-05-30,2264.64526,4623.8999,4794.10596,9245.69434,8093.07,10685.3604,11158.084
2010-05-31,1798.01904,4847.50586,5182.41992,9271.36621,9394.51,11526.4775,11033.2734
2010-06-01,1581.93433,4529.56055,5521.0625,8252.22949,10296.57,12757.8213,11235.9404
2010-06-02,1484.21057,3883.08911,5641.61133,6914.58447,10773.77,14124.8691,12191.5098
2010-06-03,1534.74597,3237.41748,5330.6377,5765.43701,10468.81,15666.5684,13423.8066
2010-06-04,1827.86182,2896.56348,4702.92285,4944.00879,9129.94,16795.1309,14793.9541
2010-06-05,2232.69727,2825.6311,4082.67993,4401.04492,7718.15,17243.4316,16300.4404
2010-06-06,2458.10889,2968.67847,3748.60596,4157.87842,6672.85,16521.3555,17303.1641
2010-06-07,2370.33008,3363.81006,3781.90503,4552.6167,6106.98,14594.5557,17538.707
2010-06-08,2163.34546,3969.60474,4087.59692,5365.7959,5937.29,12877.5303,16416.7129
2010-06-09,1939.09485,4656.1543,4561.02734,6037.63525,6093.65,11861.8115,14368.207
2010-06-10,1733.43457,4966.72559,5079.10596,6228.82227,7096.30,11522.2422,12825.6973
2010-06-11,1649.16541,4903.00635,5704.7998,6025.4292,8249.33,11785.1533,11976.4111
2010-06-12,1670.30908,4686.80859,6244.40283,5896.3584,8861.94,12268.458,11946.4619
2010-06-13,1723.49304,4544.87646,6495.41113,5977.39893,8703.13,13501.585,12176.541
2010-06-14,1796.73779,5037.09473,6572.93457,6421.71484,8238.74,15222.5186,12989.8125
2010-06-15,2030.97009,5738.07129,6619.69189,7380.67529,8305.76,16579.4434,14636.2822
2010-06-16,2479.19263,6220.87256,7158.47998,8260.28223,9212.48,17455.6328,16690.7773
2010-06-17,2912.69409,6752.43311,8008.12012,9159.20508,10754.72,18460.7227,18321.9355
2010-06-18,3052.82007,6988.88672,8573.52637,10516.5195,11888.44,19553.4941,19438.625
2010-06-19,3071.96924,6859.25684,9195.45312,11563.0352,12281.89,21492.9121,20339.1445
2010-06-20,3019.87329,6723.72363,9658.46094,12044.6797,12843.91,23826.4062,21374.8672
2010-06-21,2931.47803,6551.66455,9325.04297,11930.3242,13684.22,24035.9023,23363.0762
2010-06-22,3136.11548,6400.92725,8717.97949,11192.96,14303.29,23979.459,24614.0547
2010-06-23,3384.90674,6519.37842,8307.58496,10783.2705,14657.23,24042.9258,24494.4355
2010-06-24,3766.45435,6978.81689,8146.45947,11060.3311,14513.18,24571.1152,24370.9043
2010-06-25,4318.30371,7965.94678,8533.91992,11240.5029,14262.59,24558.6406,24800.5234
2010-06-26,4445.34131,8953.34961,9299.81055,11272.4316,14924.71,24707.4492,25063.1914
2010-06-27,4274.44238,9376.7207,10366.5078,11740.3643,15813.96,24923.1523,25194.8125
2010-06-28,4296.19238,9875.69629,11326.0518,12337.8457,15664.05,25466.4668,25413.7402
2010-06-29,4395.98682,10106.0332,11509.5605,12362.4717,14951.37,26326.3008,25225.4863
2010-06-30,4127.26807,9767.15625,11600.5215,12109.999,14852.47,28705.2246,25836.7988
2010-07-01,3632.67554,9210.25684,11637.8408,11944.6719,14978.20,29118.9707,27943.6133
2010-07-02,3344.65259,8853.8252,11204.3594,11092.5918,14433.62,28595.377,29567.9727
2010-07-03,3354.65186,8927.56738,10680.6133,9436.18164,14034.32,28769.457,29623.9727
2010-07-04,3368.01904,8976.59766,10472.5508,7761.73145,13757.63,28180.5137,29314.8555
2010-07-05,3109.79492,8856.70508,10710.6035,6641.68359,12662.05,27111.1387,29521.2695
2010-07-06,2980.90649,8695.74805,10893.9814,6276.47852,11063.96,26362.5273,28724.6562
2010-07-07,3034.74341,8536.67383,10697.1201,6285.87354,9669.67,26265.2637,27482.3047
2010-07-08,2943.85889,8031.49414,10333.1865,6281.79248,8959.92,25786.2109,26900.7891
2010-07-09,2732.21631,7314.49268,10002.6523,6511.38867,8828.50,24117.875,26691.916
2010-07-10,2497.82446,6835.02881,9465.99414,7140.10254,8863.86,22324.293,25714.9238
2010-07-11,2311.99463,6457.36426,8669.35742,7673.34863,8916.72,21241.3906,23994.2441
2010-07-12,2348.23169,5935.13867,8044.29443,7433.19434,9212.90,20893.4746,22423.6055
2010-07-13,2717.97534,5452.87012,7621.78662,6640.41162,9805.08,20254.9316,21643.8906
2010-07-14,2971.46826,5171.66504,7122.36523,5965.33594,9955.58,19395.5391,21199.8867
2010-07-15,3024.41748,5103.75732,6666.77686,5594.74219,9214.91,19070.8672,20375.9277
2010-07-16,3199.28223,5408.15088,6424.50195,5369.91064,8191.62,19063.8301,19555.0059
2010-07-17,3472.54443,5857.74219,6530.54053,5209.68652,7512.56,18565.5703,19321.373
2010-07-18,3501.4519,6189.24316,7037.73242,5247.65039,7148.64,17354.9844,19202.3828
2010-07-19,3224.13403,6542.08887,7664.3667,5679.32617,6981.77,16241.6729,18432.3535
2010-07-20,3299.26367,7061.66602,8147.08496,6581.04395,7006.22,15978.7646,17249.6211
2010-07-21,3967.19287,7418.22998,8636.04199,8000.33057,7415.38,16308.2627,16459.8965
2010-07-22,4612.95996,7626.15967,9376.12305,9910.40332,8688.15,16931.8438,16568.9199
2010-07-23,4805.48926,8293.01855,9994.54785,12138.4902,10555.40,17748.0586,16992.3984
2010-07-24,4473.56934,9640.0459,10273.7695,14482.9004,12577.78,19190.4355,17723.9844
2010-07-25,4298.70068,10863.5508,10751.8535,16263.8799,14605.72,21529.3613,18740.3887
2010-07-26,4496.05811,11305.291,11789.5283,15677.8193,16691.10,24145.2422,20637.248
2010-07-27,4482.10449,10988.1934,12806.1123,12886.0791,18952.82,26320.3945,23092.6328
2010-07-28,4314.10742,10271.6133,13179.3789,10931.6797,20006.96,28642.1133,25549.1074
2010-07-29,3886.62354,9612.96973,12817.5498,10817.9463,18139.82,31549.6406,27618.3789
2010-07-30,3449.57935,9614.20117,12075.6299,11614.5527,15070.29,34511.6523,30010.498
2010-07-31,3453.18335,10294.7861,11587.5312,12674.04,13807.46,35769.4297,33337.6289
2010-08-01,3518.59375,10551.0576,11918.7266,13129.1602,14867.82,33865.5742,36439.7578
2010-08-02,3561.86011,9999.66699,12990.8145,12587.3584,16705.64,30376.1719,36822.3867
2010-08-03,3616.27026,9204.66211,13722.2949,11146.0312,18094.80,28869.6816,34040.668
2010-08-04,3535.17603,8514.17676,13198.9346,9411.73047,18117.19,31437.8066,30460.6523
2010-08-05,3569.07471,8177.03027,12125.9395,8421.35254,16829.45,35501.4219,30086.9219
2010-08-06,3667.02588,8211.90234,11350.0273,7953.50537,14811.51,37383.2734,33685.5586
2010-08-07,3509.67041,8093.75732,10947.3096,8031.49805,13191.38,36150.2969,37097.9102
2010-08-08,3228.948,7905.104,10852.1191,8598.17383,12495.48,33526.1211,37795.5117
2010-08-09,2967.69678,7822.97217,10625.2754,9121.70703,12261.87,30800.2598,35940.7266
2010-08-10,2746.03052,7496.84961,10236.833,9041.54297,12522.22,29152.8906,33179.2344
2010-08-11,2757.56372,6912.27441,9915.40918,8038.80176,12835.99,28655.4766,30666.875
2010-08-12,2779.66675,6388.98682,9528.50977,7062.64893,12862.07,27903.6797,29522.0078
2010-08-13,2695.84912,6046.15674,8907.65137,6795.33984,12207.04,27592.8457,29032.7754
2010-08-14,2726.33008,5954.51807,8337.18262,7338.68408,10938.78,27174.2539,28364.7363
2010-08-15,3026.17163,6004.84766,7975.25146,7783.91895,10244.09,26095.0449,28174.3867
2010-08-16,3363.73462,6041.86133,7837.7959,7548.60889,10607.88,24693.2715,27536.7969
2010-08-17,3576.64111,6182.31396,7920.24121,7243.63721,11456.83,23016.5703,26319.166
2010-08-18,3649.89673,6699.06396,8044.73145,7005.09131,11705.71,22064.7461,24724.5664
2010-08-19,3478.98755,7482.59033,8276.75293,7199.47607,11549.24,22533.3398,23208.4004
2010-08-20,3566.28564,8257.87695,8811.40234,7874.88867,11452.57,23843.7852,22785.9863
2010-08-21,3977.7002,8856.14258,9582.20215,8532.77539,11267.25,24641.4629,23621.6445
2010-08-22,4285.2124,8939.88379,10407.4902,8856.97754,11448.48,24958.6914,24775.9883
2010-08-23,4551.52441,8988.04004,11138.333,9125.10352,12003.09,25514.8242,25243.7188
2010-08-24,4675.69336,9336.69141,11500.5381,9371.24512,12629.06,26055.8418,25621.5605
2010-08-25,4437.37109,9534.69629,11677.5557,9256.64941,13188.80,26931.9492,26253.8496
2010-08-26,3984.8186,9496.75293,12008.6865,8916.56445,13420.37,28186.2676,26878.9746
2010-08-27,3776.06201,9232.58984,12118.3311,8635.16016,13144.43,29367.0312,27934.123
2010-08-28,3952.0498,8915.68066,11819.0732,8896.41895,12517.95,30523.4141,29226.4766
2010-08-29,4090.22583,9105.85547,11365.21,9423.24023,11825.43,31008.1602,30634.1309
2010-08-30,3903.7063,9836.60449,10998.8262,9690.16602,11434.37,29922.002,31550.6465
2010-08-31,3362.86841,10205.9883,11174.5557,9795.72559,11932.10,28439.2598,31630.9297
2010-09-01,2826.46704,9642.86035,11914.6914,9550.48633,12551.98,26803.2773,30371.0117
2010-09-02,2566.25708,8528.99316,12332.79,8901.94434,12658.71,25884.4766,28589.7832
2010-09-03,2454.5708,7320.25684,11730.6084,7786.86426,12443.20,26553.5508,26951.584
2010-09-04,2468.4436,6384.36768,10542.2373,6634.45215,11918.22,27961.25,26410.5234
2010-09-05,2529.10278,6169.76904,9317.58398,5877.35986,11120.33,28297.9277,27459.8066
2010-09-06,2700.69922,6460.31055,8263.14844,5438.84668,10090.53,27270.8516,28592.8672
2010-09-07,3125.87915,6590.61133,7861.03662,5226.96533,9041.98,25477.2305,28329.4336
2010-09-08,3824.45752,6453.09082,8041.88184,5325.60059,8147.60,23097.9707,26962.3789
2010-09-09,4479.57568,6567.60693,8098.23486,5666.00342,7462.73,20683.0059,24920.9141
2010-09-10,4465.91748,7444.98584,7879.37793,6339.16992,7143.82,19114.7383,22414.8301
2010-09-11,4110.88623,8747.23145,7886.2666,7203.94775,7226.18,18217.4277,20346.0195
2010-09-12,3877.18433,9555.58008,8717.51074,7629.88281,7731.54,17723.1543,19385.4316
2010-09-13,3561.19336,9517.25977,10163.6562,7496.87061,8748.95,17282.5527,18918.2637
2010-09-14,3270.74097,8831.00781,11274.8887,7408.51709,9749.79,18037.0234,18531.4199
2010-09-15,3269.27393,8187.82568,11733.7256,7852.53174,10189.94,20169.748,18247.793
2010-09-16,3382.75732,7992.10596,11618.9971,8670.13672,10358.39,23102.041,19379.4883
2010-09-17,3518.73047,7975.11865,11346.8574,9119.875,10717.30,25355.5156,21773.2676
2010-09-18,3637.90063,8422.53125,11377.1279,8984.70312,11463.94,25991.1367,24633.6934
2010-09-19,3474.46802,8923.7666,11580.2666,8792.84375,12379.24,25843.0781,26301.8379
2010-09-20,3125.06226,8788.33984,12043.2646,8970.56836,12875.40,25820.9492,26644.7578
2010-09-21,2971.82886,8435.49512,12501.7402,9048.875,12745.67,27228.0781,26523.8223
2010-09-22,2987.27905,8058.62012,12460.6006,8638.93359,12438.76,28959.3633,26896.666
2010-09-23,2748.98877,7474.49316,11894.2695,8098.41064,12319.68,30690.2734,28592.0254
2010-09-24,2361.1875,6962.10596,11128.96,7486.38379,11860.61,31152.0879,30380.7305
2010-09-25,2215.34277,6745.89893,10301.7373,6854.68408,11001.04,29973.6055,31737.6465
2010-09-26,2480.64697,6513.38818,9579.48145,6227.51855,10197.04,28269.1074,31504.1953
2010-09-27,2924.30176,6031.18701,9206.51562,5745.59375,9744.16,26199.4102,30094.5254
2010-09-28,3111.84546,5711.65137,8872.91797,5903.36035,9767.14,23941.4336,28341.0645
2010-09-29,2950.43652,5913.12598,8271.77637,6562.64307,9642.65,22140.6836,25759.9785
2010-09-30,2574.81543,6404.20898,7760.74658,6880.04297,9421.80,21672.5547,23768.8516
2010-10-01,2183.47046,6549.86816,7787.2373,6599.62451,9609.64,21946.6855,22422.7461
2010-10-02,1898.99927,6137.84912,8168.46143,6215.74512,9866.69,21766.8496,22166.8477
2010-10-03,1728.7594,5568.63428,8361.37207,6011.96436,9446.82,21249.5156,22351.2988
2010-10-04,1638.15369,4983.32959,8068.50635,5773.71582,8798.72,21091.9668,21995.8203
2010-10-05,1628.60376,4454.34277,7403.81201,5139.96289,8327.61,21034.5957,21541.209
2010-10-06,1691.57666,4086.47192,6672.7168,4370.36133,7988.29,20235.8223,21453.916
2010-10-07,1859.60352,4046.18213,6174.03271,3929.59985,7607.03,18962.6172,21163.041
2010-10-08,2402.9624,4671.56104,6102.87793,4319.43994,7129.65,18223.6797,20244.7207
2010-10-09,3304.6272,6122.84863,6744.14893,6078.41113,7036.07,18460.9297,19333.3418
2010-10-10,4271.78516,8171.9751,8244.00098,9671.57422,7936.52,19329.1738,19069.8809
2010-10-11,4735.32178,10305.4297,10368.3838,14196.0781,10018.79,20865.3926,19753.5059
2010-10-12,4155.05518,11499.0215,12676.4346,18031.3281,13310.84,22707.9688,21005.0098
2010-10-13,3136.92114,11320.7744,14746.8096,19596.5156,17624.91,26350.4043,22503.9883
2010-10-14,2364.95776,10204.1758,15571.8066,18187.9082,21495.03,30112.0762,24875.5898
2010-10-15,1886.78735,8519.56152,14954.79,14865.0664,23978.94,35968.4336,28612.8691
2010-10-16,1686.55981,6899.25879,13747.3076,10915.9883,23889.66,42440.5273,32582.9531
2010-10-17,1752.36328,5737.50146,11996.3555,7770.92773,21001.77,46117.3789,39553.0156
2010-10-18,1964.59558,5021.9834,10160.418,6004.06689,17890.35,46904.8203,44995.8047
2010-10-19,2044.75623,4666.14893,8701.60742,5271.21875,13745.16,44112.3242,47806.1992
2010-10-20,1953.18701,4455.61816,7534.48096,5104.37598,10437.14,38121.0195,47479.5078
2010-10-21,1768.58093,4387.78711,6863.72217,5144.38037,8418.61,32522.8848,43371.3945
2010-10-22,1564.15454,4323.47266,6515.56494,5092.21777,7476.56,26653.6992,37202.2188
2010-10-23,1418.55139,4193.04492,6350.9165,4836.26709,7160.01,22105.4316,31709.4355
2010-10-24,1333.88599,4034.60327,6360.45801,4628.08105,7080.73,19799.1191,26549.4102
2010-10-25,1284.43823,3801.55054,6405.26465,4452.19727,6952.08,19006.3848,23155.4473
2010-10-26,1234.73621,3548.69531,6308.72217,4103.43945,6738.31,19059.6309,21340.2109
2010-10-27,1183.67078,3312.28955,6093.56543,3696.77759,6652.94,18726.5684,20495.1074
2010-10-28,1157.92957,3162.08398,5774.98877,3391.75293,6502.92,17415.6738,20074.9648
2010-10-29,1203.72864,3067.81885,5372.21387,3313.70947,6078.52,16063.0156,19161.7754
2010-10-30,1232.32935,2972.40332,5013.49268,3428.67529,5523.84,15162.5381,17406.1133
2010-10-31,1160.99365,2892.48022,4696.5835,3586.49146,5372.06,14445.7383,16089.8301
2010-11-01,1062.16846,2830.66797,4442.7749,3712.55054,5503.39,13530.4727,15373.6162
2010-11-02,1000.51752,2769.84253,4241.94727,3510.06763,5583.90,12467.7832,14660.1113
2010-11-03,1044.10046,2669.2915,4089.20337,3102.73486,5524.48,11914.4316,13543.6445
2010-11-04,1177.19189,2589.37646,3972.43604,2787.68652,5360.95,11857.4463,12485.2695
2010-11-05,1224.08313,2578.59961,3841.16284,2579.76074,4904.56,11637.5244,12111.5684
2010-11-06,1119.27844,2628.56812,3736.19189,2572.11328,4375.99,11221.709,12000.5273
2010-11-07,980.912231,2686.04224,3700.854,2769.98584,4007.85,10480.3018,11702.1592
2010-11-08,877.580261,2646.7644,3714.95898,2953.62695,3816.90,9670.00684,11208.3496
2010-11-09,806.294067,2475.95068,3733.16772,2866.00024,3842.27,8941.98926,10379.7725
2010-11-10,767.685547,2252.50464,3673.26587,2631.19873,3999.70,8496.39551,9546.98145
2010-11-11,744.676636,2078.34131,3487.44873,2416.26294,4046.07,8292.74512,8910.12793
2010-11-12,725.17804,1960.59326,3236.84058,2253.07056,3863.02,8313.58496,8541.82227
2010-11-13,706.916016,1886.87061,3029.23169,2164.17773,3608.78,8373.68164,8416.71094
2010-11-14,688.449768,1835.0946,2888.57617,2119.21289,3392.70,8205.6377,8488.44336
2010-11-15,669.249268,1789.11719,2804.43579,2087.00464,3238.84,7775.39111,8465.28809
2010-11-16,655.071106,1745.7229,2746.43896,2076.73462,3155.29,7320.88184,8218.36328
2010-11-17,648.870911,1702.05737,2678.96484,2167.07129,3104.59,6967.01367,7750.20361
2010-11-18,640.068726,1660.56506,2602.8125,2254.58667,3064.22,6713.92236,7325.86133
2010-11-19,643.880066,1622.18494,2527.02441,2200.66211,3067.06,6559.26611,7008.11963
2010-11-20,709.859985,1595.17834,2458.04028,2103.84619,3170.01,6430.10449,6787.83008
2010-11-21,802.121094,1586.04285,2396.18164,2025.8927,3207.23,6308.07715,6648.97559
2010-11-22,868.985046,1589.50146,2347.84595,1998.49548,3111.61,6234.77197,6521.4082
2010-11-23,900.071899,1628.87488,2319.94604,2020.16003,3018.12,6270.44971,6407.1123
2010-11-24,823.67572,1694.84985,2305.50073,2208.82471,2949.04,6241.72363,6372.19629
2010-11-25,699.02832,1729.67761,2322.39087,2767.41943,2936.90,6104.89453,6407.42041
2010-11-26,617.685242,1745.40295,2372.88135,3204.23145,2970.65,5983.83252,6335.33936
2010-11-27,561.56427,1684.23596,2399.17749,3048.56689,3267.10,5900.8252,6191.72363
2010-11-28,529.165222,1541.58984,2404.82227,2612.40063,3840.05,5914.83203,6081.76807
2010-11-29,514.115051,1424.14355,2351.34961,2210.83252,4071.97,6050.90576,6054.54883
2010-11-30,517.697693,1341.74084,2200.4248,1968.0675,3790.64,6322.08057,6056.3335
2010-12-01,532.050964,1284.57654,2060.98486,1842.69983,3336.78,6872.52002,6189.0918
2010-12-02,521.23114,1247.86121,1961.65833,1789.09412,2985.65,7025.03564,6619.21387
2010-12-03,490.893677,1227.29797,1887.99463,1766.72278,2764.27,6576.48242,7114.31934
2010-12-04,465.73999,1224.94629,1836.42725,1761.79517,2654.66,5995.80127,7034.36035
2010-12-05,446.008942,1210.72632,1801.27344,1752.93738,2605.69,5549.94336,6495.65137
2010-12-06,432.489349,1171.25977,1787.29285,1726.43506,2584.69,5260.43164,5946.16992
2010-12-07,431.76532,1132.00403,1771.01709,1694.48425,2583.50,5103.59277,5554.54004
2010-12-08,459.695007,1106.24658,1726.5459,1650.55823,2562.75,5030.94238,5314.75879
2010-12-09,493.792511,1109.30225,1680.62549,1611.20215,2526.46,5017.67432,5192.80518
2010-12-10,556.492554,1223.98975,1662.07263,1629.30933,2496.00,5015.88281,5153.42725
2010-12-11,677.401245,1528.36426,1694.55139,1877.90393,2481.47,5071.91846,5284.2168
2010-12-12,740.62085,1855.22522,1911.76477,2586.53687,2572.90,5279.62695,5711.93945
2010-12-13,671.818054,1975.06848,2337.16772,3579.8291,2970.36,5418.84912,5974.2417
2010-12-14,574.414124,1902.80591,2748.45605,4219.71143,3716.83,5391.38867,5956.54736
2010-12-15,513.578186,1744.93945,2906.25342,4234.1123,4788.52,5777.85156,5850.22021
2010-12-16,454.425049,1513.59729,2750.92749,3702.65015,5865.76,6692.56396,5726.85547
2010-12-17,406.498627,1278.50024,2456.18042,2917.74829,6203.14,7818.75244,6219.07861
2010-12-18,379.747162,1136.58984,2125.78027,2316.11108,5680.02,9107.9502,7216.77393
2010-12-19,360.943359,1046.36719,1815.23621,1958.11499,4691.99,10030.124,8380.02051
2010-12-20,348.553894,974.672668,1620.3374,1776.53674,3726.01,10003.6865,9684.58789
2010-12-21,337.789795,923.365173,1508.78503,1701.13135,3103.06,9057.97266,10256.6729
2010-12-22,326.12735,880.439514,1422.93896,1649.89807,2761.29,7679.86133,9911.08398
2010-12-23,316.382141,843.567383,1354.828,1593.29187,2577.05,6021.55127,8733.93945
2010-12-24,309.887146,815.405884,1297.97119,1530.87793,2465.36,5193.74512,7164.87354
2010-12-25,303.473633,792.400757,1246.87427,1477.13354,2389.69,4728.89404,5807.06104
2010-12-26,297.878296,772.073608,1206.05579,1434.92639,2308.34,4456.72949,5121.93945
2010-12-27,294.414948,756.607727,1174.10571,1407.87329,2226.79,4270.8877,4741.29297
2010-12-28,290.415405,742.310303,1146.05554,1388.23157,2163.75,4130.06445,4494.80713
2010-12-29,283.809326,727.622864,1122.31104,1466.16553,2185.19,4139.4126,4478.24951
2010-12-30,276.126251,714.717834,1101.26489,1448.38977,2156.45,4053.85498,4386.73193
2010-12-31,269.213409,702.3078,1079.8064,1358.82617,2066.30,3905.54834,4201.37012
2011-01-01,262.935272,687.905151,1059.91504,1314.19458,2039.52,3831.70801,4069.65015
2011-01-02,258.355713,671.992004,1041.07068,1296.39587,2014.96,3779.2583,3984.14819
2011-01-03,259.341827,656.716309,1020.69012,1278.84204,1989.45,3730.90991,3922.48438
2011-01-04,265.149475,642.651428,998.616577,1261.78467,1964.90,3634.6333,3828.34253
2011-01-05,265.146301,631.177368,976.9328,1246.10718,1940.97,3501.33252,3685.41284
2011-01-06,255.536072,626.189758,956.693848,1240.99902,1810.96,3453.49463,3640.00439
2011-01-07,243.460526,628.694702,939.239563,1280.17712,1732.47,3406.32812,3593.88574
2011-01-08,233.201553,626.553101,930.213562,1322.00439,1715.31,3360.94702,3547.13184
2011-01-09,225.066299,610.429443,930.628479,1295.11414,1721.14,3212.2207,3503.10059
2011-01-10,219.407089,594.701721,928.732971,1243.23218,1771.84,3118.85376,3461.40332
2011-01-11,218.134048,611.265625,910.522522,1227.87439,1795.87,3104.05884,3275.63672
2011-01-12,225.983917,635.599365,886.356506,1280.77588,1750.91,3119.08862,3234.5564
2011-01-13,231.233002,637.745911,891.986084,1354.73804,1731.59,3166.47974,3232.70679
2011-01-14,221.719666,617.247559,913.353333,1362.63708,1776.23,3177.27271,3259.35962
2011-01-15,208.388702,582.941711,917.537598,1303.54321,1854.08,3137.86621,3297.53345
2011-01-16,198.651215,558.155212,892.435364,1222.93921,1896.77,3154.59058,3279.51294
2011-01-17,205.485092,533.098694,847.93042,1155.40308,1849.79,3231.51611,3243.81274
2011-01-18,293.325653,534.070984,813.325378,1171.09229,1750.53,3325.38062,3283.82251
2011-01-19,443.608429,609.932007,781.683899,1585.76404,1654.03,3335.89746,3373.39502
2011-01-20,472.563202,717.660156,768.751221,2381.27368,1618.20,3212.80469,3446.80664
2011-01-21,403.121826,779.018311,828.447205,2963.0564,1796.33,3043.07178,3410.19751
2011-01-22,335.626038,843.221436,937.525085,3078.12524,2401.99,2888.07275,3261.77832
2011-01-23,259.847656,847.582458,1002.78979,2753.55859,3185.56,2844.95581,3089.97363
2011-01-24,210.592285,743.356506,1055.94043,2236.073,3606.07,3108.573,2955.47876
2011-01-25,185.858658,637.106689,1073.11304,1800.76941,3583.29,3826.49585,2994.48413
2011-01-26,175.568695,544.093384,978.535034,1474.22229,3187.35,4665.08057,3408.91406
2011-01-27,170.526611,475.362579,860.791626,1289.26294,2649.03,5131.32568,4220.56543
2011-01-28,166.031631,436.450043,763.212341,1203.96411,2239.58,5077.62305,4975.70312
2011-01-29,159.908981,415.896423,684.362305,1167.34827,1933.74,4558.05713,5273.81299
2011-01-30,156.37735,401.19046,637.015381,1193.0448,1838.66,4075.5376,5220.30469
2011-01-31,153.721085,387.901276,610.766907,1096.85657,1710.47,3299.89917,4322.73486
2011-02-01,151.968521,376.245575,591.911865,1070.52185,1673.63,2938.68652,3720.69189
2011-02-02,183.754745,366.739624,574.354675,1073.08582,1631.65,2745.42993,3257.53638
2011-02-03,238.858673,360.665161,558.744507,1079.15747,1587.95,2650.15234,2955.7915
2011-02-04,237.588715,356.243378,545.035034,1096.54993,1564.91,2592.37622,2803.06567
2011-02-05,194.94696,373.593231,535.026428,1198.93933,1567.48,2557.63135,2726.54248
2011-02-06,164.727661,423.321655,526.449707,1301.28394,1574.23,2574.95068,2786.54468
2011-02-07,141.096588,440.038605,534.882446,1261.03662,1618.24,2529.75708,2720.31079
2011-02-08,128.925232,400.341858,577.54248,1144.60461,1734.65,2514.37549,2652.05933
2011-02-09,123.562424,358.381409,601.691223,1053.23096,1794.30,2505.02856,2619.97803
2011-02-10,121.699844,327.364746,566.696106,990.816345,1713.45,2561.71313,2613.53271
2011-02-11,131.271683,306.90036,518.695862,960.94873,1596.34,2720.05737,2614.87207
2011-02-12,145.917221,295.846069,483.556915,952.668823,1368.80,2783.17578,2707.06689
2011-02-13,141.48732,289.241241,457.928833,955.331848,1269.37,2657.03345,2858.46899
2011-02-14,127.40731,289.896301,442.772552,964.69635,1242.61,2495.62915,2851.46289
2011-02-15,118.773079,302.265411,432.756287,989.272095,1233.91,2217.34204,2694.30103
2011-02-16,111.085777,303.041718,428.579529,1004.80957,1233.76,2109.9021,2478.3335
2011-02-17,108.193153,286.540771,437.223663,980.789734,1242.88,2068.29785,2253.05835
2011-02-18,126.256767,273.376129,438.88446,940.449341,1265.55,2051.60156,2187.03247
2011-02-19,193.851349,264.058838,421.753204,905.924744,1265.70,2061.52222,2155.36084
2011-02-20,262.726837,263.772064,405.539032,891.327576,1227.97,2089.28833,2149.37939
2011-02-21,259.925476,277.245972,393.999634,950.224976,1184.54,2106.75244,2168.17261
2011-02-22,209.827881,329.204834,389.937714,1209.12952,1150.04,2086.5376,2196.53516
2011-02-23,166.941132,410.638428,398.623016,1584.71936,1145.05,2030.75342,2200.87476
2011-02-24,143.76918,451.78949,443.535431,1669.9126,1251.71,1972.09033,2163.9624
2011-02-25,126.767609,420.908783,527.905457,1441.00806,1571.55,1932.65063,2103.07617
2011-02-26,112.309296,365.021759,585.795471,1206.25708,1894.02,1938.84729,2048.52759
2011-02-27,104.350143,320.59021,565.601807,1044.50928,1776.22,2087.04565,2015.31006
2011-02-28,104.633469,281.928162,503.960358,952.792908,1517.05,2331.54858,1909.74316
2011-03-01,105.384789,252.175751,447.951355,895.812683,1306.85,2680.10645,2155.88477
2011-03-02,97.7565308,232.594604,401.003143,856.433289,1176.01,2615.35254,2594.48096
2011-03-03,87.538559,224.791122,364.391266,837.01416,1099.21,2295.73657,2820.87378
2011-03-04,80.894516,222.81662,339.397614,826.695129,1045.27,2031.00989,2625.75244
2011-03-05,76.5885849,215.257385,327.232971,810.539978,1007.49,1851.31824,2317.65625
2011-03-06,76.086174,202.156235,322.884033,779.519287,984.62,1800.91357,2133.88843
2011-03-07,87.3833771,190.779633,314.745728,756.10321,973.30,1740.2821,1978.19324
2011-03-08,109.244293,182.865723,300.052155,745.309326,948.90,1692.4563,1878.06323
2011-03-09,113.450241,177.857391,285.874664,759.791321,915.72,1663.86682,1811.35193
2011-03-10,101.357857,181.264389,275.492249,853.247375,894.76,1640.38257,1770.11755
2011-03-11,96.855423,199.360275,268.013306,964.176697,885.41,1617.73486,1779.72632
2011-03-12,95.7353668,211.478165,267.606201,958.269104,942.54,1599.46338,1766.03357
2011-03-13,123.78936,212.705917,282.037537,892.018433,1073.24,1568.83862,1721.20447
2011-03-14,232.931992,226.886627,296.033173,861.402405,1151.94,1556.703,1684.42944
2011-03-15,361.122803,236.767075,297.088684,881.004272,1117.41,1594.00757,1666.70581
2011-03-16,363.621246,257.751007,313.094696,1034.52039,1069.45,1721.88098,1676.22803
2011-03-17,273.375885,360.060028,362.693207,1447.25195,1076.89,1829.48718,1793.70032
2011-03-18,192.422531,500.424713,454.775085,1895.17163,1157.20,1830.47571,1999.23328
2011-03-19,156.557449,533.96875,633.534729,1905.2981,1418.05,1852.31042,2083.70776
2011-03-20,280.465912,449.003387,824.970154,1619.7926,1947.60,1993.58228,2041.06018
2011-03-21,618.941162,361.907013,844.823608,1395.19019,2312.02,2290.35913,2057.36719
2011-03-22,935.564514,337.823669,690.635132,1251.07703,2153.92,2911.82983,2203.86572
2011-03-23,977.213745,408.634277,525.642029,1402.62585,1830.49,3752.31519,2570.70459
2011-03-24,836.919617,672.160583,447.380371,2133.5459,1584.76,4096.35645,3299.22632
2011-03-25,637.78717,1011.12878,475.049652,3085.62549,1469.95,3612.45508,4075.14868
2011-03-26,461.634766,1133.4436,695.508179,3880.5769,1772.20,2949.04175,4099.42334
2011-03-27,431.734955,1040.73499,1040.32092,4712.95068,2621.21,2522.33423,3472.14062
2011-03-28,522.418152,905.947571,1229.3175,4940.65527,3548.36,2416.82886,2877.92676
2011-03-29,650.781067,815.025696,1197.88086,4124.11914,4392.49,2985.65698,2541.86719
2011-03-30,819.826294,845.116821,1112.13904,3510.66333,5672.16,5665.94238,4130.82227
2011-03-31,1011.62152,1070.40186,1058.16248,3539.18945,5666.29,6157.67773,4421.74854
2011-04-01,1051.59631,1381.02722,1096.0354,3718.26587,4740.30,6627.17334,5222.26514
2011-04-02,906.486633,1584.3988,1292.47559,3885.69238,4425.02,7492.49365,6157.43457
2011-04-03,732.620605,1664.88416,1612.39136,3731.57397,4630.85,7507.72607,7062.79834
2011-04-04,552.808838,1607.92786,1838.94775,3221.71533,4753.74,6751.24854,7757.74219
2011-04-05,399.508911,1356.84009,1887.3783,2730.02319,4679.54,6618.21436,7354.4502
2011-04-06,322.036407,1056.73621,1802.35718,2276.64746,4244.95,7064.86426,6680.79834
2011-04-07,282.99826,800.170044,1536.71057,1875.68713,3619.00,7285.28857,6842.31543
2011-04-08,292.639496,587.514832,1204.48853,1591.07983,3104.58,7054.76514,7224.52734
2011-04-09,323.20694,464.287842,924.578003,1413.83789,2645.56,6371.01562,7114.95654
2011-04-10,304.573822,402.091431,694.495422,1322.42261,2274.19,5339.49902,6844.60449
2011-04-11,262.217438,382.411804,549.083191,1288.84021,1858.62,4479.66211,6071.36182
2011-04-12,258.893188,415.768646,476.142853,1300.94495,1571.38,3638.49365,5044.99951
2011-04-13,279.307007,435.579285,443.333221,1283.26221,1481.81,3012.96924,4215.21436
2011-04-14,288.030457,400.205963,473.130676,1230.90515,1464.51,2612.70801,3490.18335
2011-04-15,284.363983,371.987122,505.256531,1191.14661,1475.61,2382.81836,2946.73999
2011-04-16,327.653137,389.747833,485.920258,1185.60156,1435.39,2282.39917,2605.82056
2011-04-17,396.204803,417.730652,456.003601,1186.78882,1384.80,2318.35718,2419.83838
2011-04-18,391.59256,413.67688,462.97879,1183.06226,1383.63,2369.53906,2369.09326
2011-04-19,331.916138,431.795044,487.123535,1207.16248,1410.00,2315.38062,2436.03589
2011-04-20,280.775757,492.128204,490.87616,1246.8418,1418.47,2248.84888,2464.70483
2011-04-21,300.059875,515.021362,504.6427,1263.70813,1420.06,2278.5166,2393.07861
2011-04-22,380.272614,486.483551,557.632019,1283.78247,1448.33,2368.35449,2345.8562
2011-04-23,401.11557,452.739441,593.161255,1411.67468,1495.95,2440.40845,2405.09985
2011-04-24,403.128937,449.939728,583.15979,1617.13843,1547.28,2515.23218,2488.71729
2011-04-25,454.988464,508.196136,575.625549,1753.23181,1629.77,2684.61499,2561.69507
2011-04-26,514.584656,555.159363,593.387817,1861.50732,1811.05,2936.09448,2671.17114
2011-04-27,499.502869,569.739563,652.559998,1952.5918,2037.32,3151.5459,2913.41992
2011-04-28,433.151306,628.515137,722.211121,1963.34253,2214.83,3325.89722,3254.25732
2011-04-29,524.853577,740.396606,765.403442,2105.1123,2739.36,4915.64795,4911.39697
2011-04-30,726.423828,801.870728,846.300781,2180.55249,2878.59,5191.87305,5109.34033
2011-05-01,741.276978,750.667236,1002.95538,2271.65308,2976.65,4887.55469,4846.12939
2011-05-02,620.88208,769.776733,1110.72058,2492.92017,3112.61,4925.93506,4892.93164
2011-05-03,582.394836,948.437927,1042.37219,2797.55762,3242.52,5176.29883,5150.18604
2011-05-04,695.89856,1089.46191,982.333008,2988.36304,3361.78,5408.16455,5414.61865
2011-05-05,1009.59808,1144.34741,1137.93298,3123.2373,3690.08,5549.02393,5613.90381
2011-05-06,1300.31445,1281.67542,1381.08789,3305.37354,4213.01,5491.35791,5712.7334
2011-05-07,1241.87842,1442.63,1537.13281,3653.35913,4814.91,5642.80957,5780.23877
2011-05-08,937.625977,1653.61743,1729.05273,4028.36328,5251.86,6385.02295,5719.09473
2011-05-09,682.159302,1862.06494,1927.27429,4193.93213,5494.04,7337.79834,5943.0498
2011-05-10,521.183167,1771.34717,2072.21973,3908.59131,5506.95,8162.44287,6841.17432
2011-05-11,422.535339,1424.84058,2191.31885,3256.78979,5455.96,8886.34082,7829.20996
2011-05-12,382.121246,1048.90125,2059.39111,2597.86743,5327.99,9282.75488,8620.73145
2011-05-13,388.360229,795.577637,1669.19702,2108.03931,4862.53,9258.62891,9269.55957
2011-05-14,409.027527,654.899048,1243.33777,1806.88416,4147.54,9038.5791,9477.05859
2011-05-15,414.835297,588.167175,962.854736,1648.56213,3466.09,8455.28027,9385.82227
2011-05-16,415.29837,597.004211,821.738464,1647.7561,2975.54,7396.91992,9125.77051
2011-05-17,431.865173,639.611755,769.761047,1801.91516,2700.37,6216.896,8470.15332
2011-05-18,467.547852,707.400391,851.896423,1953.74658,2604.15,5346.70605,7393.18994
2011-05-19,500.853607,813.44635,1025.44702,2026.38379,2750.24,4973.896,6346.72803
2011-05-20,575.268738,1001.5683,1200.01416,2120.99316,3057.99,4989.73145,5725.13623
2011-05-21,693.029602,1229.49133,1354.25232,2371.87085,3350.45,5283.21924,5507.56055
2011-05-22,875.514771,1387.07056,1552.63074,2663.34253,3669.61,5715.92285,5591.86377
2011-05-23,1042.53296,1650.98901,1799.50977,2964.91602,4057.25,6107.48193,5857.17725
2011-05-24,1018.96417,2044.38025,2031.24573,3483.90576,4496.65,6347.02393,6029.97852
2011-05-25,907.352661,2300.75781,2410.75732,4185.53076,4919.11,6819.75049,6362.76904
2011-05-26,815.807068,2527.98047,2954.68188,4732.66016,5280.68,7390.26758,6766.76416
2011-05-27,675.096069,2445.78247,3277.0459,4646.69873,5765.79,8157.3125,7273.24658
2011-05-28,541.038696,2011.58191,3468.73535,4014.67261,6272.71,9202.22168,7892.65088
2011-05-29,568.468567,1715.31165,3563.02173,3308.39307,6495.32,10253.2988,8808.5752
2011-05-30,647.770935,1645.22656,3449.83667,2893.19604,5897.36,11560.0664,10457.7676
2011-05-31,796.04071,1896.46606,3373.17725,3026.05713,5139.99,11939.1211,11283.7354
2011-06-01,1372.63098,2529.81396,3430.39526,3444.98315,4537.33,12097.9561,11852.2295
2011-06-02,2236.56958,3352.71875,3632.10059,4029.69507,4552.31,11638.1064,12381.2871
2011-06-03,2800.37817,4007.67505,4027.09326,5181.51855,5114.86,10925.9375,12348.8662
2011-06-04,2776.43164,4496.3208,4646.21533,6731.45117,5747.98,10468.1914,11743.9678
2011-06-05,2273.66064,4946.94873,5234.44043,8467.85059,6457.64,10604.9707,11043.5352
2011-06-06,1723.6145,5009.10791,5607.46387,9668.85449,7678.88,11475.1445,10857.2363
2011-06-07,1360.39441,4654.98291,6096.4585,9274.2998,9144.34,12827.8467,11360.3545
2011-06-08,1145.90027,4077.83862,6587.43066,8333.83105,10818.51,14158.9092,12577.207
2011-06-09,1135.31628,3651.50342,6790.76953,7724.69092,11893.28,16136.2578,13995.0371
2011-06-10,1502.13074,4014.41797,6763.05078,7188.69531,11884.00,18912.4746,15636.0166
2011-06-11,2487.86572,5527.66309,6918.646,7360.7251,11825.79,21716.3555,18129.2871
2011-06-12,3372.58911,7274.9624,7601.88281,8471.84766,12063.59,23228.0273,21082.7598
2011-06-13,3468.25146,8084.78662,8948.79395,9686.31445,12306.79,22950.0156,23463.4922
2011-06-14,3068.96533,8394.55957,10347.6191,10447.9883,12673.24,22775.4863,23995.3887
2011-06-15,2598.00439,8385.80957,10689.291,10946.7734,13034.18,23011.1445,23473.3418
2011-06-16,2322.36475,7898.67383,10418.5615,10921.3379,13211.24,24131.7656,23198.7676
2011-06-17,2198.81006,7260.94482,10129.6602,10021.2783,13214.62,25392.8203,23757.4766
2011-06-18,2316.15332,6712.85596,9587.07324,8789.33984,13374.14,25677.4844,25345.6445
2011-06-19,2390.57373,6382.98096,8876.08301,7512.62012,13012.26,25557.1543,26476.1602
2011-06-20,2169.53296,6175.42578,8239.92969,6586.43359,11862.68,25182.6152,26483.9121
2011-06-21,1882.85742,6012.1748,7803.42236,6213.17383,10495.71,24591.5723,26113.957
2011-06-22,1874.55164,5746.17236,7486.01074,6060.24072,9142.79,23438.1836,25516.8691
2011-06-23,2338.8645,5175.65771,7216.43994,5666.45459,8316.15,21637.043,24656.9355
2011-06-24,2583.66187,4696.56348,6914.98633,5082.1792,8102.17,19859.959,23168.8652
2011-06-25,2437.55029,5261.7251,6410.43311,4948.10449,8007.35,18274.8574,21374.9648
2011-06-26,2230.32446,6951.59619,6132.39014,5124.80322,7642.01,17368.5078,19838.4629
2011-06-27,2094.75928,7895.85107,6719.34717,5205.96436,7430.48,16692.3066,18673.9863
2011-06-28,2272.1731,7685.49854,8457.99707,5269.37402,7587.08,16426.1855,18049.918
2011-06-29,2603.95605,7399.12207,9950.1416,5898.87158,7451.50,15791.0176,16960.8398
2011-06-30,3068.48633,7478.44287,10099.0469,7053.08008,7383.87,17088.5586,16956.5215
2011-07-01,3790.76172,7785.4375,9724.91113,7842.94531,7785.77,19389.084,17072.7129
2011-07-02,4421.81104,8015.68213,9537.74219,7856.52783,9006.61,20484.8691,18472.5176
2011-07-03,4691.85742,8390.70703,9574.06934,8001.39355,10253.40,20171.2031,20484.9922
2011-07-04,5044.89551,9003.14941,9678.57715,8520.80469,10627.03,20299.0391,21015.2402
2011-07-05,5444.93311,9728.81543,9964.60059,8415.85254,10404.81,21569.1914,20811.0742
2011-07-06,5362.05518,10230.1523,10502.1318,7868.72705,10417.76,22635.8535,21233.0254
2011-07-07,4834.84424,10486.2139,11149.4189,7588.24805,10638.42,22552.4863,22384.0469
2011-07-08,4221.51123,10403.752,11579.2051,7153.15869,10251.69,22286.416,23057.9199
2011-07-09,3572.7063,9724.42773,11767.8184,6501.09424,9694.30,22759.5449,22750.9629
2011-07-10,2871.4812,8664.40625,11668.2754,6195.08447,9290.62,23553.0273,22668.3887
2011-07-11,2317.90796,7573.20898,11008.8203,5905.33594,8598.06,23549.0566,23402.4727
2011-07-12,1967.5686,6574.16064,9962.12695,5414.94678,7979.82,22987.9004,24057.5078
2011-07-13,1911.36584,5693.12256,8876.21777,5104.76318,7753.71,22158.9395,23817.6621
2011-07-14,2309.87329,5059.31104,7917.73975,5052.41553,7533.54,20611.6973,23140.6934
2011-07-15,3040.55688,4923.46973,7085.40381,5081.52979,7479.16,18903.3203,22065.0117
2011-07-16,3756.96313,5605.45361,6467.97363,5113.16016,7806.38,17722.1309,20352.4219
2011-07-17,4406.36914,7132.62354,6528.1167,5644.40527,8112.64,16847.4395,18829.9199
2011-07-18,4680.58203,8567.57227,7593.43213,6698.54199,8035.02,16329.7822,17789.8086
2011-07-19,4844.62451,9528.65625,9404.21973,7959.50928,8099.72,16449.1113,17064.9688
2011-07-20,5619.23584,10732.1377,11008.9551,9643.80176,8957.29,17326.9395,16890.2285
2011-07-21,5988.66797,12330.126,11947.1172,12305.9268,10171.20,19166.9883,17834.1172
2011-07-22,5208.84424,13641.291,12901.8125,15633.9121,11704.08,21977.3887,19841.498
2011-07-23,4265.01807,14172.6094,14362.6807,17009.3086,13859.44,24714.3047,22338.1719
2011-07-24,3920.18042,13671.0596,15729.6348,15819.4395,16831.61,27557.9414,24957.207
2011-07-25,4103.60596,11970.6855,16375.7705,13691.9355,19568.23,29468.9004,27350.1191
2011-07-26,4321.87695,10112.7871,15960.1963,11462.3301,19652.44,32803.8555,29195.5137
2011-07-27,4398.31104,9070.60352,14245.6455,10212.334,17781.58,36253.5117,31268.6465
2011-07-28,4219.89355,8860.65332,12201.8711,9468.43555,15380.20,38756.1172,34577.7266
2011-07-29,3866.48022,8836.0166,10946.585,8779.75488,13277.76,37621.5273,37785.4922
2011-07-30,3546.17358,8892.25195,10688.9102,8342.05176,12302.64,33722.4023,39140.5156
2011-07-31,3087.47949,9066.52148,10660.7812,7736.5376,11489.87,29411.8438,36760.793
2011-08-01,2597.13403,8768.73145,10611.4619,6977.63135,10807.26,26477.7305,32603.5762
2011-08-02,2270.06689,8084.71924,10799.9688,6286.41357,10335.14,25727.3203,28740.3789
2011-08-03,2248.10669,7186.85547,10733.8057,5904.8291,9541.55,25251.5039,27006.1855
2011-08-04,2392.3418,6428.34082,10231.1689,5964.61963,8709.15,24730.7441,26762.8496
2011-08-05,2657.57715,6064.76318,9405.18164,6322.63477,8290.46,24583.6191,26209.4941
2011-08-06,3538.34399,5909.68896,8577.29102,6448.59961,8170.67,23599.9629,25976.9785
2011-08-07,4556.04346,6238.37158,7956.56348,6350.22168,8180.06,21853.5645,25500.752
2011-08-08,4851.30713,7317.63721,7631.86865,6669.51758,8348.28,20234.2754,24065.5488
2011-08-09,4709.28809,9449.85547,8205.6582,7576.06592,8399.31,19143.918,22297.6562
2011-08-10,4435.56348,12020.3506,9849.9668,8568.99219,8851.28,18531.1758,21000.1328
2011-08-11,4104.73975,13499.8867,12466.3701,9962.68457,10097.99,18748.4707,20185.6387
2011-08-12,3832.65186,13557.7734,15491.1973,11105.1982,11436.75,19940.2227,19656.752
2011-08-13,3437.58618,12692.5605,17455.0391,11014.3828,12679.72,22689.1152,20012.2324
2011-08-14,3084.21729,11322.417,17665.0078,10154.6533,14169.73,27493.6855,21426.1289
2011-08-15,3259.40234,10061.6455,16551.1816,8784.33496,14860.76,31830.2656,24929.748
2011-08-16,3773.73657,9475.01562,14864.8281,8064.34521,14396.68,34454.3008,29661.2695
2011-08-17,4150.1543,9663.53027,13372.1523,8814.43945,13915.76,35608.0312,33501.1523
2011-08-18,4360.48535,10674.5146,12804.4678,10200.9766,13327.25,35020.6562,35847.7305
2011-08-19,4375.72266,11518.2949,13159.8066,10874.7314,13423.36,33587.6562,36821.0781
2011-08-20,4167.38525,11467.4746,14162.9814,10744.4219,14499.06,32749.5293,35823.4414
2011-08-21,3703.0127,10830.2021,14947.3955,10160.7217,15523.82,33063.5977,34308.0117
2011-08-22,3232.88354,9877.38184,14656.4785,9046.57324,15297.57,33802.5664,33874.668
2011-08-23,3056.73657,9001.82031,13579.4756,8022.90234,14295.14,35768.9922,34116.7383
2011-08-24,2948.70435,8330.38184,12238.1348,7501.34717,13220.35,36831.2109,35187.5859
2011-08-25,3173.71216,8201.81934,11173.8682,7116.62842,11991.43,35065.9883,37049.0078
2011-08-26,3422.96973,8653.11621,10632.8164,6703.65918,11104.18,32020.4141,37113.5664
2011-08-27,3151.83276,8894.2998,10801.3066,6273.02881,10755.76,29440.3887,34749.293
2011-08-28,2733.34204,8893.11719,11698.6455,6205.64404,10665.53,28103.541,32008.8379
2011-08-29,2382.74023,8629.24512,12543.7471,6818.64844,10491.50,27888.0957,30085.6641
2011-08-30,2096.03467,7762.86133,12886.4443,7099.49707,10139.91,28680.0527,29096.7695
2011-08-31,1868.40881,6704.2749,12583.2178,6597.02295,10286.60,30805.0137,29132.3477
2011-09-01,1758.41431,5815.25732,11412.9268,5761.84131,10776.40,32156.7012,30502.2715
2011-09-02,1866.44556,5169.97217,9927.41602,4897.08838,10520.09,31679.8086,32585.8828
2011-09-03,2077.67969,4723.99121,8588.21289,4358.07422,9447.39,30274.084,33313.5625
2011-09-04,2115.61353,4499.49707,7484.49365,4468.76416,8166.82,28353.2598,32285.959
2011-09-05,1974.81152,4497.0459,6742.13281,4676.8999,7034.44,25644.4609,30497.0078
2011-09-06,1968.83752,4727.73291,6497.95459,4528.28027,6566.78,22177.002,28173.2559
2011-09-07,2306.37427,4957.75342,6651.7002,4429.75781,6815.56,19100.1211,25161.4414
2011-09-08,2974.86865,5092.53711,7026.34375,4731.69336,7188.26,17199.7422,21941.6406
2011-09-09,3855.39844,5713.96484,7455.25586,5207.28613,7316.16,16834.2266,19427.8125
2011-09-10,4171.92139,7104.83691,7797.68018,5671.37988,7501.14,17515.7812,18093.6309
2011-09-11,3717.0564,8446.56934,8345.12305,6529.6748,8122.28,18087.7695,18085.4512
2011-09-12,3101.89673,9204.78613,9584.34766,7194.37012,8649.33,18401.1074,18697.4004
2011-09-13,2524.99341,9122.05664,11003.1992,6868.11816,8953.49,19382.3574,19610.4219
2011-09-14,2101.50464,8060.25586,11896.876,6270.7168,9542.90,22236.9883,21295.6875
2011-09-15,1952.74634,6957.37354,12039.1582,6029.60156,9591.09,25171.4375,23463.9863
2011-09-16,2123.72192,6488.28613,11446.2871,6147.15771,8915.84,26579.873,26352.4258
2011-09-17,2372.05908,6648.63721,10887.1836,6880.48535,8746.89,27184.6016,28060.4941
2011-09-18,2530.6687,6917.20654,10618.8652,7878.43457,9567.29,26357.3906,28445.5684
2011-09-19,2605.64331,6945.9292,10365.918,7766.4834,10810.22,24410.1699,28165.2949
2011-09-20,2519.15845,6773.61963,10001.2568,6803.7832,11802.26,23342.0078,26547.1543
2011-09-21,2290.72534,6510.31787,9570.82715,6031.97021,11919.15,23784.8574,24524.2246
2011-09-22,2299.63818,6357.03076,9184.81836,5663.15479,10797.29,25082.7676,23953.0352
2011-09-23,2690.87378,6166.78125,8952.07715,5875.21533,9490.91,25518.9531,24755.3223
2011-09-24,2818.41211,5928.52734,8793.77832,6555.06396,8918.55,24631.0195,25944.6836
2011-09-25,2881.17163,5976.21631,8450.39551,6894.35205,9048.03,23002.7676,25814.8652
2011-09-26,3259.65869,6418.46533,8021.95703,6574.21777,9524.07,21421.4023,24525.0234
2011-09-27,3322.66919,6688.26221,7820.93066,6301.4751,9840.93,20608.7324,22698.4434
2011-09-28,2850.60327,6716.28369,8066.52539,6326.50488,9494.69,20879.6582,21339.1328
2011-09-29,2283.77515,6752.43359,8388.75879,6752.56787,8737.70,20980.4785,20709.3691
2011-09-30,1886.37036,6504.67139,8595.44922,7013.02539,8454.34,21125.3242,21739.3809
2011-10-01,1619.5697,5779.52588,8822.40234,6313.48389,8589.02,21184.0488,22134.3672
2011-10-02,1519.56335,4909.55469,8764.1748,5324.11816,9275.64,21254.5215,22232.3789
2011-10-03,1526.59448,4443.62402,8190.45312,4571.19092,9610.86,21948.1543,22160.2227
2011-10-04,1650.2666,4309.97217,7373.52295,4183.37354,9111.66,22868.2832,22341.8516
2011-10-05,1842.52808,4309.12256,6813.88721,4126.58936,8205.89,23553.8301,23316.0859
2011-10-06,1868.57166,4305.15186,6513.09961,4221.8208,7478.14,23352.1113,24644.4238
2011-10-07,1676.97742,4236.65186,6277.25732,4216.19385,7022.60,22610.5195,25321.1621
2011-10-08,1425.55627,4155.60498,6070.81641,4216.52441,6702.50,21309.0156,24891.1016
2011-10-09,1252.63074,3967.75977,5862.75635,4312.74023,6469.28,19837.207,23836.9766
2011-10-10,1155.66565,3633.948,5675.77197,4106.28076,6224.81,18356.1602,22126.1855
2011-10-11,1095.95203,3250.30835,5433.65869,3629.19214,6106.57,16785.8418,20405.9102
2011-10-12,1046.85022,2952.16919,5070.97803,3222.68286,6086.39,15481.3369,18643.5273
2011-10-13,1002.58685,2761.46191,4632.6499,2894.81299,5686.41,14588.4482,16943.7891
2011-10-14,958.455139,2619.64209,4222.18604,2644.83545,5073.52,13860.3662,15746.8506
2011-10-15,914.823669,2499.78711,3919.82104,2477.39917,4551.37,13218.5547,14910.71
2011-10-16,876.714966,2396.0166,3726.45142,2365.41333,4137.87,12152.0107,14250.9375
2011-10-17,853.157837,2323.1731,3643.16675,2304.27686,3921.83,10982.3779,13422.4863
2011-10-18,844.118103,2304.23584,3638.99463,2321.8103,3834.67,9865.17383,12294.873
2011-10-19,878.023743,2421.95068,3737.05859,2419.09644,3890.53,9809.72656,11240.957
2011-10-20,1051.65479,2796.51123,4211.65283,2775.59448,4186.39,10512.667,10802.7998
2011-10-21,1283.2301,3331.74414,5212.771,3694.16333,4696.75,12135.9531,11391.1406
2011-10-22,1356.28613,3714.26831,6253.89795,5093.57812,5576.50,14125.0254,12688.9355
2011-10-23,1288.00208,3795.7395,7089.54102,6420.81201,6996.40,16088.4414,14287.1553
2011-10-24,1246.46814,3665.6731,7531.8501,6914.57666,8549.23,17454.5078,15943.835
2011-10-25,1211.42908,3409.04785,7025.3877,6382.96826,9711.90,18010.3125,17301.6289
2011-10-26,1080.35852,3092.2124,6090.96387,5481.59717,10192.53,19366.668,18188.2383
2011-10-27,928.378296,2828.86987,5324.48779,4807.74023,9683.13,20088.8633,18606.1172
2011-10-28,836.735779,2675.44482,4702.81348,4547.43945,8625.06,19608.1426,20070.3496
2011-10-29,802.374512,2543.97266,4287.40186,4449.00635,7555.64,18726.498,20275.6289
2011-10-30,775.356812,2382.38379,4032.01367,4121.25928,6724.84,16906.0898,19385.6992
2011-10-31,737.298889,2200.82837,3825.32764,3721.93652,6467.14,15260.8633,18390.7793
2011-11-01,726.400085,2048.09595,3587.90088,3332.7627,6225.00,13859.9717,16680.834
2011-11-02,729.199463,1947.74182,3339.25195,2968.73804,5739.89,12749.4805,15109.0693
2011-11-03,731.672913,1864.203,3111.86328,2711.79688,5219.58,12039.8672,13639.8271
2011-11-04,712.46991,1818.66296,2950.99438,2514.6582,4722.12,11385.8594,12712.3008
2011-11-05,662.924194,1795.71509,2837.41187,2390.87134,4289.52,10518.9648,12029.0352
2011-11-06,618.251343,1773.01953,2758.89111,2331.21997,3964.47,9356.40234,11335.9727
2011-11-07,590.600891,1732.56775,2708.16577,2271.87842,3740.24,8635.24512,10292.332
2011-11-08,572.162964,1658.59338,2660.82959,2182.77832,3599.48,8002.92529,9303.70605
2011-11-09,554.905518,1581.22998,2603.92993,2097.24512,3433.95,7559.53662,8599.76562
2011-11-10,539.476257,1527.5885,2519.14478,2029.8717,3336.97,7260.15234,8022.7168
2011-11-11,524.634949,1489.41882,2427.67163,1976.26904,3216.76,7076.10352,7635.16064
2011-11-12,510.325073,1451.08667,2355.12476,1936.29749,3119.40,6839.99805,7321.12646
2011-11-13,497.137512,1413.13635,2296.31641,1905.20459,3041.33,6611.1748,7119.55615
2011-11-14,484.631592,1376.97681,2237.93018,1875.27112,2979.10,6370.72852,6934.71924
2011-11-15,473.419495,1342.74915,2180.19482,1846.33533,2930.14,6178.23535,6688.27295
2011-11-16,463.591553,1311.50818,2126.14795,1818.11572,2887.61,6009.9541,6462.82373
2011-11-17,456.118896,1283.71887,2075.44507,1790.26135,2846.33,5880.52686,6278.38184
2011-11-18,453.497711,1258.60913,2028.74585,1764.66113,2806.70,5771.69678,6125.02539
2011-11-19,451.61969,1240.47339,1986.07617,1740.69861,2767.89,5674.02197,6001.90039
2011-11-20,440.851837,1221.24756,1946.30322,1718.49304,2730.19,5572.97461,5897.66602
2011-11-21,425.219269,1197.13318,1913.37427,1705.12329,2695.37,5482.1875,5800.9751
2011-11-22,411.523254,1175.94507,1881.6532,1706.43555,2662.07,5398.7251,5697.7627
2011-11-23,399.455566,1149.48059,1844.71399,1698.1228,2631.80,5322.89111,5611.38232
2011-11-24,389.361603,1117.44812,1809.57947,1664.6687,2613.83,5256.68945,5522.28369
2011-11-25,380.482422,1087.16199,1771.62341,1625.43542,2606.12,5189.07617,5447.87207
2011-11-26,372.152008,1060.04602,1727.38245,1590.5553,2580.38,5120.56592,5380.74805
2011-11-27,364.012451,1035.37585,1684.14185,1560.66809,2533.52,5066.39502,5311.55225
2011-11-28,355.95575,1012.56494,1644.67053,1535.40637,2486.68,5017.2124,5246.40674
2011-11-29,347.865051,990.787659,1610.98999,1499.01904,2429.42,4994.59229,5229.55566
2011-11-30,339.92688,969.320862,1573.55054,1487.34924,2402.05,4864.07715,5135.93115
2011-12-01,332.39151,948.440002,1540.57043,1472.86707,2374.85,4774.66602,5059.56152
2011-12-02,325.051697,927.939636,1508.2074,1451.40747,2345.24,4689.23047,4965.71973
2011-12-03,317.866211,907.872498,1476.55212,1430.1543,2316.97,4615.72705,4880.29541
2011-12-04,310.893127,888.382141,1445.58875,1410.22937,2288.21,4548.06201,4801.5415
2011-12-05,304.841431,869.282166,1415.22961,1390.86621,2258.88,4484.50146,4729.76221
2011-12-06,298.866486,850.567444,1385.62866,1371.82947,2230.82,4423.39697,4663.28223
2011-12-07,291.954956,832.308716,1356.67493,1353.42126,2203.88,4362.6416,4600.479
2011-12-08,284.993317,815.030457,1328.27905,1334.49146,2176.84,4302.18018,4539.26416
2011-12-09,278.290894,798.534973,1300.49927,1314.81873,2150.46,4243.85254,4478.04834
2011-12-10,272.018555,781.430176,1273.72949,1295.53052,2124.61,4186.93506,4417.84668
2011-12-11,269.011963,764.001831,1248.16028,1276.61902,2098.13,4130.2334,4359.76074
2011-12-12,270.172943,747.08606,1222.32825,1258.23669,2071.48,4074.93945,4302.5
2011-12-13,272.68631,730.707764,1196.1543,1240.56287,2006.91,4021.50586,4245.74854
2011-12-14,268.479797,716.264404,1170.62317,1223.28967,1962.96,3968.26807,4190.79004
2011-12-15,256.732697,706.703064,1145.76233,1208.5752,1937.59,3914.3147,4137.28369
2011-12-16,245.386597,699.997314,1122.53088,1210.09448,1912.98,3747.92358,4083.27881
2011-12-17,236.002823,689.828125,1104.13977,1215.42603,1888.92,3620.35474,4028.92407
2011-12-18,228.662491,671.966187,1089.18201,1196.91809,1870.88,3568.85303,3798.38037
2011-12-19,222.850754,651.015381,1072.52466,1166.14648,1870.18,3520.75366,3734.72705
2011-12-20,217.762436,632.515442,1048.4707,1138.0437,1780.41,3478.12549,3683.56738
2011-12-21,212.918564,616.044434,1019.94604,1113.88452,1668.68,3444.11279,3636.92065
2011-12-22,208.065445,601.61969,993.81958,1094.35083,1630.45,3422.60547,3595.78149
2011-12-23,203.19696,588.368469,969.824219,1077.6792,1595.58,3305.21826,3566.42505
2011-12-24,198.501953,575.697266,948.138916,1062.31079,1565.24,3164.37378,3513.84766
2011-12-25,198.643555,563.298462,928.277466,1047.62183,1539.80,3099.72949,3336.70386
2011-12-26,216.209686,551.168274,909.805054,1033.45312,1517.76,3041.09668,3271.00879
2011-12-27,234.912918,539.874146,892.679504,1018.73071,1496.88,2989.5249,3208.0459
2011-12-28,231.5121,534.004517,877.752075,1004.26483,1476.59,2946.28613,3152.90234
2011-12-29,213.543594,542.096069,861.628113,1090.80786,1704.28,3230.88135,3430.98315
2011-12-30,193.851028,554.804871,846.260315,1083.42151,1686.99,3240.69702,3438.30933
2011-12-31,179.517075,551.119141,842.930481,1006.86566,1591.54,3139.48291,3328.20361
2012-01-01,170.173096,528.550842,848.747681,979.972839,1569.16,3113.24951,3291.57886
2012-01-02,167.194199,500.558594,842.245605,959.09082,1520.68,3067.16479,3249.78809
2012-01-03,185.715927,479.297852,816.725281,936.381165,1377.57,2897.34595,3057.82593
2012-01-04,245.516602,475.582092,785.446411,919.834778,1362.31,2846.12524,2999.47363
2012-01-05,309.671021,493.053833,759.627441,919.002625,1337.32,2714.18188,2879.03638
2012-01-06,323.362213,526.963318,749.585999,971.051025,1317.53,2671.82935,2858.9165
2012-01-07,301.100494,576.252625,760.579285,1144.25049,1304.58,2626.28955,2822.73633
2012-01-08,254.699066,619.716553,787.763428,1408.97217,1307.73,2583.24902,2777.93506
2012-01-09,203.173843,620.015137,827.917542,1615.20117,1379.94,2564.95044,2732.4519
2012-01-10,176.292053,587.333984,865.655457,1706.90735,1581.03,2578.29468,2694.72998
2012-01-11,185.478134,548.522339,867.391052,1579.76013,1836.45,2610.71387,2686.49365
2012-01-12,220.94693,519.016418,832.997742,1313.47363,2012.03,2709.04785,2706.28003
2012-01-13,231.548401,506.421936,789.737915,1158.4187,2042.02,2923.76587,2751.29761
2012-01-14,219.054169,500.727386,754.704895,1162.09753,1846.72,3156.18579,2888.78223
2012-01-15,204.361923,504.517914,737.846375,1247.93213,1585.01,3287.8418,3125.09277
2012-01-16,188.722061,495.642273,727.825928,1288.71155,1472.22,3273.61011,3328.28052
2012-01-17,167.614777,465.050262,722.848206,1308.28003,1503.13,3052.72363,3423.21924
2012-01-18,143.549179,434.171265,711.387756,1314.05811,1577.66,2777.98413,3335.66333
2012-01-19,129.637833,409.977722,677.686035,1273.51282,1601.09,2649.12476,3069.01367
2012-01-20,124.731758,385.562958,640.675476,1170.59546,1615.67,2671.57007,2831.67188
2012-01-21,127.51342,356.389404,611.326111,1029.18372,1607.50,2723.19556,2758.24951
2012-01-22,135.680954,333.377502,583.489868,938.339783,1542.57,2706.90771,2808.38721
2012-01-23,148.516357,319.566315,551.100708,899.847168,1415.84,2683.8125,2836.09424
2012-01-24,145.572998,315.308441,522.437317,883.22876,1275.53,2644.88232,2811.95703
2012-01-25,127.729904,317.856171,503.418274,901.074036,1197.61,2549.26978,2786.90454
2012-01-26,113.225815,326.512726,493.822479,959.54718,1161.35,2388.74536,2731.98364
2012-01-27,102.125969,326.478821,491.844421,964.89093,1146.59,2222.06274,2613.19482
2012-01-28,95.8938217,308.405121,496.196106,902.522095,1177.48,2125.14648,2441.24243
2012-01-29,92.6199265,288.033417,495.752502,843.593933,1224.17,2079.89014,2296.68164
2012-01-30,90.4364395,271.753723,477.237152,865.093323,1451.38,2447.07007,2587.95532
2012-01-31,88.2916565,260.230438,452.826813,795.884277,1323.29,2214.1272,2289.70166
2012-02-01,86.1148911,252.63826,432.803955,800.343811,1267.58,2253.77832,2291.47998
2012-02-02,83.6746292,246.934219,417.269836,804.503662,1236.74,2206.81519,2339.50684
2012-02-03,81.0687714,241.603394,406.116272,788.122498,1229.42,2113.57593,2354.54102
2012-02-04,79.1047897,236.268173,397.253235,759.324463,1232.82,2037.48083,2281.65845
2012-02-05,77.3625717,230.869232,389.008759,735.62738,1228.49,1990.9856,2191.04517
2012-02-06,75.6811752,225.212997,380.839081,717.555786,1203.44,1971.6626,2124.30518
2012-02-07,74.0476532,220.072006,372.690094,705.940979,1173.33,1990.0116,2120.32129
2012-02-08,72.5364456,215.392227,364.326752,695.614502,1153.08,2028.50317,2156.42041
2012-02-09,71.3506088,210.8797,356.37912,683.590393,1076.64,1961.37793,2134.04541
2012-02-10,72.9434814,206.479202,349.098022,673.262939,912.35,1746.39014,1921.71118
2012-02-11,82.4554443,202.227997,342.11734,664.904053,898.24,1711.20325,1882.23499
2012-02-12,104.70195,198.245712,335.210449,659.442078,883.12,1682.93677,1842.99622
2012-02-13,114.292664,195.783813,328.461487,671.616333,870.48,1660.02039,1807.7655
2012-02-14,105.784645,199.15451,322.009552,755.80249,859.44,1637.49487,1780.01147
2012-02-15,93.7514038,215.395065,316.635406,912.810547,853.63,1614.19287,1757.30029
2012-02-16,78.5497208,229.656799,316.264771,1059.18982,880.10,1593.76721,1733.8374
2012-02-17,68.6731644,225.065536,327.503632,1104.88391,985.78,1575.32446,1710.92627
2012-02-18,63.4835625,210.988113,341.989258,1027.71399,1149.93,1563.96997,1690.97974
2012-02-19,71.1289902,194.209381,338.688385,891.909119,1268.40,1591.42163,1673.31763
2012-02-20,97.797554,179.414841,322.893555,766.789062,1269.98,1710.11389,1669.19727
2012-02-21,103.833626,170.466431,304.678894,695.040894,1165.05,1882.1405,1726.104
2012-02-22,87.7205124,168.744949,286.719818,696.029419,1023.67,1990.27759,1870.20422
2012-02-23,77.6161118,189.223618,274.925354,769.551575,910.45,1975.36255,2031.12402
2012-02-24,67.0038147,203.904175,269.230743,821.703125,856.88,1851.36597,2101.09204
2012-02-25,58.9819946,191.112183,283.843353,807.012451,879.35,1693.50415,2043.21814
2012-02-26,54.2525597,176.686066,300.318085,769.402893,956.88,1568.55994,1899.21204
2012-02-27,52.0090103,164.226501,290.040894,705.976379,942.79,1533.52661,1778.1051
2012-02-28,50.5276642,152.994507,272.444977,650.235291,914.31,1423.16602,1526.54468
2012-02-29,49.2924194,145.128296,258.419861,620.345215,870.71,1507.12158,1502.44531
2012-03-01,51.1415634,142.432999,245.067947,616.610657,804.69,1517.86694,1569.40381
2012-03-02,65.3888855,152.713959,236.829254,639.719421,756.20,1473.72473,1637.82935
2012-03-03,85.0950623,176.334167,242.845535,727.613159,733.90,1414.78772,1625.09216
2012-03-04,112.253426,200.93602,281.44635,897.741882,754.17,1340.84534,1579.39575
2012-03-05,148.12796,236.390259,346.828308,1118.26318,825.46,1371.5647,1564.27222
2012-03-06,169.400742,262.56665,393.37439,1298.99219,965.99,1473.3429,1508.63635
2012-03-07,154.988083,289.8638,433.638794,1441.12988,1178.67,1646.21533,1511.20911
2012-03-08,127.275238,317.927246,472.908813,1494.79321,1408.02,1792.64429,1624.67102
2012-03-09,128.054611,319.905487,474.224518,1351.42041,1571.53,1935.92224,1802.94739
2012-03-10,141.310867,303.366608,456.967926,1109.51538,1659.30,2192.26025,1938.38367
2012-03-11,141.614487,272.045898,433.474274,914.893677,1619.67,2458.91602,2106.76196
2012-03-12,119.668015,263.481659,399.536194,818.854492,1404.54,2583.02881,2391.40161
2012-03-13,91.2121353,266.259613,360.449066,789.31012,1152.53,2588.38843,2611.31812
2012-03-14,69.1419067,253.846939,342.155365,794.219177,990.90,2475.42505,2690.62793
2012-03-15,52.9788132,221.710892,342.07959,772.030884,950.14,2197.83789,2665.75146
2012-03-16,47.0678558,181.178955,329.950226,721.079224,923.89,1927.85034,2491.08691
2012-03-17,45.814537,150.469971,298.838745,675.685242,917.35,1765.77771,2219.68701
2012-03-18,46.7517738,128.236557,255.864044,634.289917,878.55,1663.30725,1986.4762
2012-03-19,49.3799782,116.756508,219.80864,612.799194,824.57,1615.91443,1818.1698
2012-03-20,46.8070946,111.961296,194.820526,630.119202,776.94,1570.5946,1737.66968
2012-03-21,39.7652931,110.042824,180.06337,710.010742,736.33,1486.65186,1698.99609
2012-03-22,38.307682,109.853325,173.287033,821.123779,722.05,1397.68677,1641.03223
2012-03-23,54.9105721,106.721161,169.878952,834.106567,754.97,1325.42224,1548.91199
2012-03-24,78.4293365,99.1025085,168.411362,746.138855,851.20,1271.57556,1465.97327
2012-03-25,90.9686203,94.1588135,165.305252,672.749146,942.96,1250.49536,1398.38379
2012-03-26,83.2831497,105.754662,157.197235,637.340637,914.00,1279.58972,1354.10242
2012-03-27,61.8933678,127.93766,149.652176,653.250427,818.90,1373.42932,1347.11548
2012-03-28,48.9712906,142.957962,156.77626,730.370239,758.39,1459.52722,1398.1228
2012-03-29,58.6373444,140.48584,184.181992,900.962769,1163.64,2978.74072,3094.10889
2012-03-30,101.462196,121.391281,200.269836,922.132629,1201.30,2240.16675,2503.5022
2012-03-31,119.957771,102.735153,200.671783,863.710083,1181.36,1792.92908,2026.7854
2012-04-01,102.076477,102.721611,183.64325,1008.21637,1227.09,1764.14844,1914.97925
2012-04-02,87.430954,143.692245,162.915619,1168.19507,1246.21,1812.6853,1883.65076
2012-04-03,65.6546707,185.678741,159.779816,1234.25415,1320.41,1852.00378,1866.60803
2012-04-04,46.1878204,176.660995,198.279373,1266.23987,1491.78,1766.40283,1829.90723
2012-04-05,57.3392258,156.43045,252.087982,1245.91797,1634.07,1780.20398,1912.83789
2012-04-06,159.867157,168.384674,255.291504,1121.09131,1571.52,1778.45312,1829.14075
2012-04-07,318.101746,237.219177,236.284912,1007.26624,1485.61,1905.51611,1725.30737
2012-04-08,435.351166,413.421387,277.101959,1185.82935,1486.22,2143.75464,1894.99597
2012-04-09,529.468628,712.388611,437.141663,1499.82263,1440.70,2224.0647,2098.57324
2012-04-10,601.488586,1033.51648,745.438721,1699.09424,1645.42,2459.9978,2297.07471
2012-04-11,651.548218,1208.20972,1218.09058,1981.78284,2167.71,2825.04785,2455.2395
2012-04-12,690.279236,1249.21838,1776.3728,2216.52759,2567.55,3268.87988,2728.81396
2012-04-13,642.548096,1216.45374,2125.95361,2255.3938,2647.07,4003.35425,3115.79224
2012-04-14,559.512451,1124.71045,2190.97388,2203.96777,2758.32,5122.65332,3611.03174
2012-04-15,461.678192,1084.87903,2040.36023,2170.21069,2788.98,6061.26465,4461.8208
2012-04-16,358.533722,1024.43726,1787.10022,2071.8479,2697.46,6272.6792,5617.56982
2012-04-17,337.173706,917.375427,1607.69031,1778.0166,2598.65,6118.04443,6301.21924
2012-04-18,367.614349,868.93219,1420.88782,1487.2384,2507.01,5695.43945,6352.44922
2012-04-19,384.119659,794.716125,1202.49573,1348.1748,2274.41,5190.50977,6101.96631
2012-04-20,409.870728,705.779602,1071.04004,1312.96973,1895.50,4832.79639,5611.20508
2012-04-21,673.704773,724.471558,969.942932,1352.52136,1611.21,4489.11963,5157.58643
2012-04-22,1034.22595,751.897278,869.708313,1504.09204,1487.00,4017.78149,4819.17871
2012-04-23,1167.67493,717.565247,888.244263,1674.39233,1495.53,3462.0083,4436.15918
2012-04-24,1187.38147,854.435425,946.225342,2021.70654,1634.22,2995.11084,3940.01074
2012-04-25,1092.25098,1247.78564,945.955383,2842.59448,1851.82,2825.30957,3377.30762
2012-04-26,937.97821,1550.28027,1045.20032,3402.41284,2015.37,2918.36938,3011.70776
2012-04-27,959.683105,1634.85095,1383.20093,3260.30615,2460.74,3156.09937,2934.58398
2012-04-28,1104.45886,1611.55884,1716.99512,2942.34058,3692.26,4899.53418,4698.65137
2012-04-29,1238.29163,1602.5509,1866.854,2556.2478,3993.15,5104.02344,4661.42676
2012-04-30,1375.79565,1708.46265,2001.11267,2465.66455,3701.15,5286.95166,4346.58301
2012-05-01,1483.20703,1902.71582,2223.92847,2691.99854,3327.70,6404.0127,4798.01123
2012-05-02,1402.26208,2034.41296,2554.04468,3141.00879,3106.47,6939.90332,5846.34521
2012-05-03,1249.55652,2098.39429,2912.76001,3692.75879,3200.47,6902.1416,6867.27051
2012-05-04,1145.59082,2216.3667,3032.69409,4148.98975,3509.68,6861.37988,7102.01953
2012-05-05,1026.8324,2130.73242,2965.84888,3981.99487,3863.21,6961.31885,6944.27588
2012-05-06,866.290955,1865.79224,2935.01733,3283.67163,4373.78,7333.9209,6981.57324
2012-05-07,683.563721,1623.33203,2760.65991,2591.97095,4684.60,7539.87158,7204.78467
2012-05-08,541.885742,1399.83142,2417.76636,2120.22217,4330.49,7812.82275,7580.75293
2012-05-09,445.414337,1180.33228,2079.33228,1779.90881,3553.74,8215.84766,7869.43799
2012-05-10,389.579407,946.787292,1791.50671,1564.07166,2934.92,8265.32031,8217.94141
2012-05-11,360.266235,761.70343,1523.35107,1431.17676,2506.82,7575.72217,8515.58105
2012-05-12,354.123413,644.026184,1274.54541,1320.66125,2192.58,6500.63135,8293.5
2012-05-13,369.564941,578.668396,1110.12109,1222.34009,1991.51,5613.2627,7355.7749
2012-05-14,427.167267,562.529541,1036.19958,1163.22083,1714.58,4664.53955,6068.46436
2012-05-15,609.236511,606.267273,957.751526,1134.46167,1501.35,3928.64209,5174.3916
2012-05-16,804.277039,668.351929,874.18573,1125.56384,1432.71,3612.27612,4438.38818
2012-05-17,830.603271,721.869629,860.140991,1161.63208,1403.84,3440.83789,3921.27393
2012-05-18,749.441772,847.171387,902.452942,1284.67334,1360.95,3224.5542,3763.51343
2012-05-19,662.198669,1038.771,979.305603,1545.06445,1320.61,3053.44385,3666.02661
2012-05-20,555.962158,1118.77039,1128.90759,1949.72449,1379.81,3023.71411,3503.10767
2012-05-21,451.323029,1052.09399,1364.81946,2197.30005,1583.26,3060.69531,3410.80273
2012-05-22,416.723785,936.284424,1489.04626,2031.87708,1922.41,3168.78638,3460.57178
2012-05-23,481.668945,811.332092,1418.23108,1710.19861,2310.15,3401.48193,3511.59717
2012-05-24,603.474487,687.768555,1266.03687,1471.77551,2425.61,3880.97827,3548.34302
2012-05-25,614.65686,613.45105,1095.17834,1441.67017,2207.86,4295.90283,3906.4104
2012-05-26,512.620605,664.517822,928.33429,1675.06531,1940.51,4574.53027,4357.87842
2012-05-27,415.716278,785.22406,804.476624,1792.73071,1733.56,4535.48242,4682.31006
2012-05-28,380.332214,822.873596,837.093323,1641.2533,1779.78,4187.28955,4846.3335
2012-05-29,509.720398,769.347595,1046.97388,1483.40259,1995.57,4541.23096,5375.29248
2012-05-30,659.784119,729.018555,1292.91101,1511.1106,2052.70,3846.86304,4355.51172
2012-05-31,904.174866,847.148376,1462.59619,2171.72217,1974.93,4084.00562,4138.57129
2012-06-01,1438.63647,1385.20007,1631.1709,3936.85791,2036.64,4687.79395,4203.71094
2012-06-02,2112.9812,2440.30933,2002.74927,5574.55762,2532.80,5150.49854,4652.83057
2012-06-03,2899.61646,3966.1123,2791.21362,6233.69824,4607.46,5493.88037,5450.44092
2012-06-04,3542.5791,5666.18652,4188.51514,6424.72021,7669.79,5942.58887,6102.07617
2012-06-05,3748.39771,6930.56396,6013.82812,6288.3208,9282.16,6976.78613,6429.5166
2012-06-06,3321.49023,7670.89355,7850.38623,6147.08643,9483.97,10121.6123,6832.23242
2012-06-07,2506.38501,7873.5625,9099.10449,6447.08496,8997.90,14881.8428,8461.26953
2012-06-08,1813.52759,7398.12598,9541.85352,7381.42578,8144.77,18728.8203,12392.0449
2012-06-09,1335.96509,6293.39355,9456.16895,7582.90234,7565.56,20848.3184,17054.8887
2012-06-10,1118.30908,4934.56299,8841.24219,6407.82568,7808.60,21320.5234,20482.0176
2012-06-11,1254.92944,4001.63135,7744.94824,5179.62793,8610.33,20628.0645,22221.1328
2012-06-12,1710.72449,3719.83008,6550.67236,4779.78955,8317.40,19789.2969,22045.9863
2012-06-13,2147.7998,3987.26123,5824.92139,5775.5791,7242.39,18823.9688,21086.6797
2012-06-14,2329.01147,4623.88916,5678.37988,7910.69092,6831.42,18162.7793,20180.4355
2012-06-15,2192.20898,5262.55469,5830.08984,10527.583,7365.87,16777.8379,19285.1523
2012-06-16,2040.51245,5710.81543,6222.10352,12391.2754,9256.40,15312.1113,18637.0742
2012-06-17,2141.6936,6025.87207,6777.90625,12268.7227,12073.25,14886.2646,17120.6641
2012-06-18,2188.81689,5771.47559,7235.76123,10469.9365,14605.51,15408.1318,15868.7451
2012-06-19,2025.41321,5145.43457,7530.17725,8256.1416,15897.89,17641.5234,15511.0527
2012-06-20,1887.58533,4817.55518,7400.81348,6394.521,14850.35,20775.0215,16454.5566
2012-06-21,2094.02832,4615.07666,6805.48535,5271.01709,12301.14,23358.8906,19089.9043
2012-06-22,2694.78613,4379.77051,6225.55518,5065.66992,9749.75,24745.5156,22235.543
2012-06-23,3899.7312,4461.96338,5785.12402,5388.37305,7728.12,23413.5664,24730.8496
2012-06-24,5829.63135,5071.53076,5428.39502,5962.26709,6667.95,20388.4785,25315.6133
2012-06-25,7037.83301,6095.9834,5440.56787,7460.1416,6604.25,17470.9805,23140.3652
2012-06-26,7202.82031,7727.45703,6050.06396,10710.2744,7103.78,15100.0352,19958.4316
2012-06-27,6752.0498,9939.12012,7174.4917,14521.7734,8048.62,13839.9434,17325.8184
2012-06-28,5751.11084,11163.1611,8941.14844,16601.1719,10051.68,13514.3164,14610.6719
2012-06-29,4543.70459,11209.2363,11348.709,16987.8457,13954.62,15130.3906,14376.0596
2012-06-30,3332.0105,10604.5469,12819.3018,16523.9043,17258.03,17648.2637,15025.0918
2012-07-01,2616.52979,9286.86426,12812.6494,14747.7578,18468.25,21708.541,16522.9883
2012-07-02,2327.38306,7736.52148,12047.6104,11844.0088,18483.00,27558.7637,19029.6328
2012-07-03,2260.57568,6228.80664,10617.3779,9005.25391,17635.66,31631.207,23805.498
2012-07-04,2253.49463,5264.92041,8933.04102,7041.75684,15536.33,32439.2773,29487.4238
2012-07-05,2425.6709,4987.65234,7327.13965,5995.03955,12807.01,31380.377,32529.9258
2012-07-06,2868.70825,5187.93213,6230.58105,5549.31885,10423.25,28891.0625,32642.1562
2012-07-07,3211.82886,5677.87256,5892.98047,6115.83887,8778.91,25108.7539,31259.8105
2012-07-08,3361.11523,6353.15527,6149.62354,7412.04932,7757.57,21200.6855,28335.2129
2012-07-09,3315.09717,6987.98389,6769.44238,7911.05273,7481.58,18156.457,24260.8164
2012-07-10,3241.35669,7305.07812,7553.58057,7365.12891,8375.21,16435.0566,20528.3086
2012-07-11,3636.25928,7367.30664,8250.45117,6734.64062,9617.20,15888.7197,17855.7656
2012-07-12,4034.7981,7232.11768,8573.63672,6309.29736,9657.79,16018.8359,16593.8594
2012-07-13,3864.87012,7078.16162,8609.20996,6249.48633,8846.55,17619.7168,16211.2051
2012-07-14,3547.84692,7336.09033,8492.65625,6698.43604,8181.93,19489.6738,16758.3301
2012-07-15,3532.61548,7652.14844,8330.04883,7142.72314,7832.11,19819.5898,18596.416
2012-07-16,4056.27979,7756.45215,8529.33594,7311.39258,7999.07,19058.6992,20057.7129
2012-07-17,4951.01562,7876.85156,8890.63281,7398.6958,8682.83,18343.7773,19952.7031
2012-07-18,5343.17188,8070.49854,9053.12695,7610.89307,9441.31,18093.8105,19205.9629
2012-07-19,5202.76123,8521.625,9155.64355,8357.32129,9962.18,18491.8047,18739.1914
2012-07-20,5150.50439,9290.54688,9256.47656,10071.2207,10077.36,19513.1113,18796.1387
2012-07-21,5058.69189,9789.20312,9533.93262,11574.4736,10137.00,20517.3555,19378.2207
2012-07-22,4748.43311,9595.98242,10169.7432,11693.9561,11069.21,20996.0469,20343.5625
2012-07-23,4434.88477,9265.73242,10718.8584,10909.2793,12951.90,21162.2051,21176.3789
2012-07-24,4349.59668,9008.6416,10701.4814,10252.1895,14316.39,21656.1055,21631.8105
2012-07-25,4724.21631,9037.71289,10576.29,10775.3906,14325.50,23530.2109,22088.875
2012-07-26,5134.95605,9544.98828,10593.29,12249.54,13645.39,26250.4453,23162.0957
2012-07-27,4793.09863,9925.35059,10790.541,13760.793,13645.18,28028.5879,25462.7891
2012-07-28,4458.58203,9881.05762,11329.3809,14347.1211,14907.34,28261.6816,28084.6738
2012-07-29,4688.54883,9799.09473,11728.2998,13484.7705,16951.90,27445.5645,29252.8633
2012-07-30,5022.56543,9673.37695,11739.7324,12074.6328,18599.99,27674.7031,29060.2617
2012-07-31,4764.19385,9631.35645,11718.793,11149.7529,19005.74,29767.9238,28465.7148
2012-08-01,4005.54468,9834.3584,11536.3838,10791.9883,17974.40,33314.9453,29284.4863
2012-08-02,3830.73584,9751.31445,11326.1074,10429.2822,16767.36,35447.0391,31754.3301
2012-08-03,4574.29541,9202.73047,11442.1836,9554.1709,15630.62,35888.7734,34931.1445
2012-08-04,5256.01416,8478.22949,11407.3291,8907.26465,14609.80,34089.918,36404.0156
2012-08-05,4965.5,8487.46875,11014.4912,9602.25586,13680.30,32196.709,36021.6133
2012-08-06,4490.16797,9128.66504,10402.6475,10924.6865,12692.41,30560.2539,34043.7773
2012-08-07,4142.73828,9485.66992,10234.5967,11660.4326,12367.19,28613.7109,32391.4941
2012-08-08,3975.22656,9127.0625,10602.125,11551.7666,13249.53,26712.4004,30674.3809
2012-08-09,4018.65771,8588.53809,10852.0781,10870.6582,14337.15,24985.1152,28765.7188
2012-08-10,3801.09766,8334.21973,10548.0176,9575.25586,14773.98,24813.6094,26776.0293
2012-08-11,3675.771,8183.98193,10068.1846,8386.55859,14720.74,26366.8613,25362.0039
2012-08-12,3656.75562,8185.18457,9902.94824,8062.13428,13904.05,27596.5957,25956.4727
2012-08-13,3283.43091,8234.45898,9753.49512,8217.24219,12380.36,27387.082,27727.4082
2012-08-14,2893.57446,7970.16602,9632.88867,8224.64258,11734.39,26944.7793,28581.9668
2012-08-15,2942.49731,7362.09668,9625.94922,7459.73682,11819.36,26076.3926,28117.8359
2012-08-16,3088.15674,6523.32861,9374.55176,6331.96143,11686.96,24359.916,27473.7168
2012-08-17,3082.75366,5789.75732,8772.62207,5756.18604,11038.81,23793.8652,26057.416
2012-08-18,3126.60889,5660.89404,7942.71484,5771.73633,9638.18,23911.2188,24426.959
2012-08-19,3222.22656,6017.20459,7138.00391,6243.31445,8391.45,23159.4902,24292.9336
2012-08-20,3389.52905,6551.17725,6832.89307,7247.43555,8123.74,21643.1172,24202.7324
2012-08-21,4058.11426,7017.56494,7098.42285,7845.49023,8530.06,19692.8301,23219.2227
2012-08-22,5089.87695,7585.23486,7738.7417,7722.90039,9606.06,18371.3516,21691.8301
2012-08-23,5316.65186,8348.75488,8348.85059,7495.09766,11468.07,18419.6406,19948.877
2012-08-24,4663.38232,9197.67676,8915.34961,7448.89697,12570.04,19450.2734,19134.1953
2012-08-25,4006.02905,9983.27539,9641.90332,7976.51953,11987.43,21725.8379,19686.834
2012-08-26,3449.77026,9913.79199,10452.2764,8442.86523,11103.76,25415.7324,21060.168
2012-08-27,2963.02539,8867.33789,11298.6846,8514.62207,10798.00,28081.248,23693.1738
2012-08-28,2723.52539,7702.98096,11491.9189,8367.69043,11056.60,27840.7656,27250.9648
2012-08-29,2639.83081,6890.52734,10626.4365,7805.96777,11135.18,26602.9844,28583.1426
2012-08-30,2487.95581,6387.88867,9444.88281,7130.14746,11109.11,26131.2637,27759.5703
2012-08-31,2417.03711,6007.7627,8508.19141,6399.34961,10839.95,25484.6582,26740.5078
2012-09-01,2610.20581,5745.44775,7849.86816,5627.82764,10123.65,24109.9883,26375.6309
2012-09-02,2853.42627,5715.17236,7338.23047,4991.43359,9184.04,22669.6797,25364.0352
2012-09-03,3022.76611,6059.01709,6964.0625,4985.89307,8216.03,21408,23821.9688
2012-09-04,3360.70166,7004.66162,7116.90674,5725.94238,7420.24,20036.0859,22461.7012
2012-09-05,4239.70068,8131.07178,8027.59229,6536.18408,7191.28,18726.1484,21253.5
2012-09-06,5030.31787,8847.20996,9580.00586,6909.27148,8252.81,18574.0176,20121.3555
2012-09-07,4827.79443,9330.42773,11137.8184,7486.29395,9957.18,19786.9746,19557.3262
2012-09-08,3998.73682,9756.28711,11990.4297,8815.89941,10794.51,21620.9043,20651.8535
2012-09-09,3156.74902,9859.27832,12311.9785,10168.8428,10789.59,24565.4824,22929.9121
2012-09-10,2701.19067,9306.56738,12482.2178,10268.1152,11096.16,28232.877,25187.6445
2012-09-11,2632.92896,8228.79395,12451.8594,8826.03613,12088.85,29556.9219,28128.9355
2012-09-12,2618.89331,7315.23828,11947.3525,7169.79639,12837.97,29177.1445,30656.7285
2012-09-13,2886.80908,7250.93652,10893.6855,5919.36133,12172.30,28801.4141,30760.5977
2012-09-14,4203.72705,7587.99658,9731.55664,5200.12793,10452.02,28891.5801,29860.9238
2012-09-15,5503.8291,7822.7915,9442.56055,5647.24854,8926.80,28316.1543,29488.2832
2012-09-16,5438.49707,8775.96387,9952.66895,7376.02637,8008.40,26148.7188,29409.3418
2012-09-17,4782.93115,10544.3145,10370.4053,9139.05176,8044.46,23485.7793,28294.541
2012-09-18,4237.58594,11749.2334,11274.3447,9745.02441,9131.75,22019.2383,25658.7285
2012-09-19,3907.94019,11380.9062,12873.915,9123.39551,10709.57,21476.8496,23208.9863
2012-09-20,3630.57886,9953.31934,13977.1875,7932.60254,11810.85,21894.5586,22070.5508
2012-09-21,3566.57275,8579.62012,13551.8965,7151.30762,11717.48,23864.8145,21688.6836
2012-09-22,3920.94531,7739.20264,11928.1719,7092.30859,10616.11,26612.0977,22623.7266
2012-09-23,4173.81738,7336.31738,10279.0068,7589.08545,9243.95,28031.8887,24970.1016
2012-09-24,4070.72754,6993.75684,9161.46387,9092.42871,8577.53,26959.3926,27445.6152
2012-09-25,3761.33472,7039.78467,8644.37402,11249.0918,8583.93,23936.4902,28193.9062
2012-09-26,3383.26538,7397.08105,8352.54688,12355.6328,9346.41,20978.6465,26319.4629
2012-09-27,3026.9585,7382.61279,8430.1709,12126.1006,11248.52,19003.7012,23194.2832
2012-09-28,2676.44019,7041.5376,8901.68555,10993.3066,13445.43,18471.4648,20342.4414
2012-09-29,2463.87744,6462.50732,9088.31934,9120.32227,14373.67,19544.6035,19301.2109
2012-09-30,2477.21484,5865.75439,8845.11621,7138.31738,13841.33,22151.4785,19550.3633
2012-10-01,2517.39844,5513.729,8231.60352,5956.55762,12537.13,25165.8086,21059.3516
2012-10-02,2478.09717,5471.00342,7620.7666,5521.55664,10468.26,26230.6133,23827.1152
2012-10-03,2387.00073,5735.4707,7418.87842,5375.87549,8975.43,25376.6777,26299.0098
2012-10-04,2348.31152,6010.99268,7539.23242,5235.05957,8517.51,23300.502,26551.0059
2012-10-05,2472.83911,6001.92773,7917.55762,5203.29932,8580.54,20713.4199,25194.9414
2012-10-06,2836.5542,5668.37988,8326.49414,5367.7998,8487.22,19279.3926,22870.8887
2012-10-07,3628.91724,5366.59229,8316.2793,5926.57422,8126.82,19179.6836,20507.8262
2012-10-08,4102.0376,5386.81543,7874.21436,7003.08643,7765.90,19708.6152,19512.1211
2012-10-09,3640.96948,5706.56445,7484.96045,8336.61621,7788.02,19995.9277,19689.748
2012-10-10,3055.15625,6318.02295,7488.58301,8973.25586,8617.42,19908.2715,20377.7793
2012-10-11,2871.81226,7097.31689,8121.3125,8573.46094,10249.66,19957.4023,21016.2773
2012-10-12,3106.45361,7640.1626,9334.52344,7664.66943,11947.97,20531.8398,21250.9219
2012-10-13,3830.54565,8204.44922,10571.3027,6610.18115,12420.69,22657.7695,21390.8105
2012-10-14,4312.55322,9313.18066,11366.3867,6345.78809,11658.01,25908.5117,22219.623
2012-10-15,3823.75781,10130.6641,11812.1914,7293.98779,10538.17,28955.9785,24592.7031
2012-10-16,3001.8125,10002.3896,12487.8496,8093.19287,9538.03,29698.6133,27750.8906
2012-10-17,2389.04297,9176.14941,13000.083,7984.99512,9199.21,28447.4922,30110.2637
2012-10-18,1963.57092,7716.12109,12506.7119,7274.11084,9775.38,26747.8066,30100.7988
2012-10-19,1761.07788,6095.51855,11315.3555,5872.52002,9944.00,25834.8086,28454.2891
2012-10-20,1696.74365,4935.38818,9673.4248,4484.48145,9393.42,25188.7168,26915.2109
2012-10-21,1655.60193,4254.01514,7840.17236,3628.63696,8371.13,24599.0234,26078.6191
2012-10-22,1594.89197,3889.38599,6450.95996,3139.802,6757.38,23265.5508,25341.3945
2012-10-23,1524.98706,3713.11768,5615.03174,2913.54346,5472.29,20632.625,24540.0352
2012-10-24,1440.64331,3569.82886,5132.50293,2806.32861,4657.06,17480.7969,22753.8105
2012-10-25,1371.03101,3388.41528,4867.20508,2716.02026,4221.08,14402.6816,19801.2129
2012-10-26,1331.28467,3210.40894,4669.27979,2601.36914,4001.66,12194.7578,16576.2168
2012-10-27,1305.82751,3055.90405,4448.71436,2502.1145,3869.17,10674.7236,13736.5107
2012-10-28,1274.71155,2927.3252,4233.4873,2418.43335,3753.65,9887.07422,11812.5176
2012-10-29,1230.21594,2832.94629,4055.78735,2346.34668,3605.13,9451.02051,10585.8623
2012-10-30,1184.88586,2763.24585,3910.17407,2340.59839,3518.82,8989.04004,9893.37988
2012-10-31,1141.38135,2693.66357,3792.90332,2350.65649,3436.21,8716.53125,9410.62207
2012-11-01,1101.75745,2610.45703,3707.80664,2329.7998,3392.53,8485.07031,9051.83398
2012-11-02,1065.36987,2523.36279,3657.05762,2267.81079,3412.51,8303.63672,8778.41309
2012-11-03,1033.48853,2442.67163,3604.83228,2198.43188,3434.58,8141.67236,8580.52637
2012-11-04,1009.39874,2405.3938,3511.80273,2149.37646,3392.80,8052.97852,8424.32715
2012-11-05,983.201721,2461.72949,3441.01318,2139.20776,3313.25,8017.70508,8273.4248
2012-11-06,958.743286,2506.8938,3499.20581,2124.58301,3275.54,7991.16406,8188.89453
2012-11-07,966.806519,2502.70288,3635.13965,2101.1377,3320.67,7870.60352,8161.92676
2012-11-08,994.671326,2517.93481,3683.10962,2088.89502,3372.58,7774.20947,8100.82764
2012-11-09,979.072205,2692.28174,3627.05957,2194.60205,3340.80,7815.45898,7963.91895
2012-11-10,927.528503,2942.79663,3549.75708,2515.31226,3300.70,7929.44922,7909.354
2012-11-11,884.847961,2916.12134,3628.26465,2726.70654,3336.28,8013.55615,7979.96973
2012-11-12,836.637939,2636.58032,3855.47485,2589.92212,3532.86,7950.42529,8097.34814
2012-11-13,787.012329,2319.74951,3851.58203,2337.34888,3822.74,7778.30615,8158.54834
2012-11-14,750.661133,2082.21948,3531.66553,2137.84961,3825.63,7917.28174,8035.10449
2012-11-15,721.922058,1926.81165,3146.2085,1993.87085,3527.97,8384.32129,7918.43408
2012-11-16,701.663086,1822.03333,2862.68848,1903.86072,3240.96,8604.57422,8208.83984
2012-11-17,685.946533,1756.93286,2711.59668,1894.59216,3068.47,8239.3623,8730.50293
2012-11-18,666.840149,1707.28101,2615.5896,1902.57812,2971.85,7600.19043,8884.70996
2012-11-19,645.901733,1661.38464,2559.14844,1865.48218,2930.27,7139.73486,8449.71875
2012-11-20,630.031921,1614.92383,2535.87915,1806.26758,2992.28,6919.49316,7775.36719
2012-11-21,621.827515,1572.10852,2460.74634,1740.4646,3006.52,6790.05078,7329.70947
2012-11-22,614.884888,1533.17908,2355.02124,1688.70215,2888.11,6780.59131,7096.01758
2012-11-23,598.468994,1496.39111,2267.3811,1657.92883,2747.52,6922.34473,6951.08984
2012-11-24,578.600708,1463.74609,2207.79224,1632.72534,2623.17,6820.80957,6990.12012
2012-11-25,560.788818,1436.27954,2159.7627,1605.24182,2539.70,6393.12451,7084.67725
2012-11-26,544.338379,1404.31909,2096.73535,1579.49756,2491.40,5982.63721,6843.92383
2012-11-27,531.977051,1366.85962,2038.84131,1554.88269,2453.91,5669.64307,6388.27393
2012-11-28,523.403198,1332.13171,1987.0946,1516.93616,2403.44,5475.36377,6022.96582
2012-11-29,513.463257,1299.70142,1928.22766,1501.19556,2376.28,5259.81299,5697.96533
2012-11-30,499.624969,1270.55005,1877.87561,1494.96338,2349.66,5130.99463,5485.02881
2012-12-01,485.949402,1246.03723,1832.31189,1486.28235,2314.85,5015.70459,5333.52734
2012-12-02,472.851349,1222.63074,1792.10193,1471.0061,2286.95,4917.98828,5238.91602
2012-12-03,460.285583,1195.10132,1756.94153,1446.57385,2268.67,4826.83594,5142.7998
2012-12-04,448.975311,1166.34229,1724.23486,1419.52979,2252.22,4736.34082,5036.77051
2012-12-05,438.543213,1138.86926,1688.20227,1394.2511,2227.00,4667.47119,4933.79932
2012-12-06,428.680817,1112.224,1650.32446,1371.51343,2194.40,4616.10156,4838.4292
2012-12-07,418.810638,1087.13013,1613.25757,1350.62061,2160.10,4565.87842,4770.54346
2012-12-08,409.020142,1063.43933,1577.12073,1330.27881,1964.01,4505.65186,4718.30811
2012-12-09,399.484344,1040.44397,1542.56421,1310.27954,1934.23,4353.84424,4664.40332
2012-12-10,390.372833,1017.79712,1509.8822,1290.84985,1848.50,4212.27783,4599.25293
2012-12-11,382.162231,995.454956,1478.25159,1272.0448,1819.59,3974.20459,4399.13477
2012-12-12,374.78653,973.555176,1447.23132,1253.86255,1791.70,3905.03418,4205.13574
2012-12-13,370.162201,952.361145,1416.66064,1236.35706,1764.56,3784.72168,4064.59424
2012-12-14,374.381317,932.503479,1386.71313,1219.16455,1738.15,3721.99414,3980.16943
2012-12-15,381.147797,915.602844,1358.54761,1203.34839,1712.51,3661.85718,3876.52686
2012-12-16,372.613312,904.183228,1332.23718,1192.77759,1687.63,3603.08301,3815.13452
2012-12-17,354.531677,897.127625,1307.96313,1188.12366,1663.41,3546.4292,3755.15308
2012-12-18,338.483917,891.014404,1287.83276,1185.22241,1641.53,3492.12231,3696.64795
2012-12-19,324.441925,874.625854,1271.59753,1174.58386,1625.97,3439.49658,3640.49805
2012-12-20,313.987885,845.948792,1257.41882,1149.57178,1614.81,3390.31299,3586.29639
2012-12-21,305.809662,817.146667,1235.88171,1121.08899,1604.12,3348.06494,3534.30176
2012-12-22,298.710571,791.69165,1201.58606,1097.52881,1582.26,3315.73096,3486.78125
2012-12-23,291.961029,770.03833,1165.14551,1077.41675,1547.60,3288.1145,3447.20728
2012-12-24,285.29541,751.615356,1132.49133,1060.50745,1514.10,3249.72778,3417.29443
2012-12-25,278.426239,734.862549,1103.50366,1045.12158,1484.76,3189.96558,3387.4292
2012-12-26,271.639496,718.822388,1078.13635,1030.35864,1459.29,3118.89893,3341.84888
2012-12-27,265.429535,702.997742,1054.76489,1015.82587,1436.56,3052.08008,3276.20142
2012-12-28,259.445557,687.367065,1031.92041,1100.65991,1682.55,3354.3689,3565.97412
2012-12-29,253.625275,671.932434,1009.96838,1085.99194,1663.39,3341.52124,3536.64282
2012-12-30,247.937256,657.144287,988.348511,991.737915,1565.56,3223.93945,3406.54663
2012-12-31,242.378372,642.905701,967.016602,957.975403,1532.43,3174.35767,3355.19727
2013-01-01,236.943817,629.004089,946.354187,944.349182,1402.07,3033.33984,3221.07788
2013-01-02,231.634003,615.420776,926.418579,930.995483,1312.56,2907.02197,3085.05884
2013-01-03,226.443268,602.129761,906.951538,918.071899,1293.11,2748.68945,2928.18604
2013-01-04,221.373642,589.127747,887.907898,905.281006,1274.03,2673.40601,2849.41333
2013-01-05,216.531586,576.410095,869.264465,892.571899,1255.38,2632.01562,2805.91724
2013-01-06,212.087189,563.972412,851.019287,880.163025,1237.16,2591.71631,2763.3252
2013-01-07,207.49057,551.803528,833.154053,868.04126,1219.13,2552.12573,2721.95825
2013-01-08,202.6996,539.962036,815.670837,856.470154,1201.35,2513.4624,2681.57104
2013-01-09,198.956528,528.627441,798.57605,845.185669,1183.95,2475.6853,2641.90991
2013-01-10,196.497787,517.523132,781.945068,833.818359,1166.99,2438.47632,2603.19092
2013-01-11,193.230408,506.324585,765.843384,822.37738,1150.67,2401.81104,2565.30273
2013-01-12,188.137711,495.773651,750.105347,811.514587,1134.60,2365.90625,2527.9104
2013-01-13,182.72699,486.740753,734.376892,803.109924,1118.38,2330.96411,2491.15796
2013-01-14,177.727783,477.902496,719.15155,797.617798,1102.43,2297.29126,2455.18774
2013-01-15,173.139435,467.486969,705.506714,788.698914,1087.40,2263.96362,2420.32764
2013-01-16,168.990875,456.236145,692.528687,775.005737,1075.80,2230.54297,2386.54883
2013-01-17,165.112015,445.358887,678.269043,761.10968,1065.52,2198.32202,2352.8938
2013-01-18,161.395889,435.043335,662.957336,747.759338,1050.34,2168.68701,2319.32422
2013-01-19,157.851593,425.27713,647.977478,735.709473,1031.99,2142.34668,2287.5835
2013-01-20,155.376785,415.977478,633.648254,724.504028,1014.06,2115.78882,2258.6875
2013-01-21,156.72403,406.988739,619.941589,713.951294,996.96,2084.92017,2233.59888
2013-01-22,161.050323,398.328003,606.813721,704.187256,981.15,2051.14722,2205.81445
2013-01-23,161.888458,390.740356,594.091431,694.780945,966.18,2017.72485,2172.23608
2013-01-24,155.422699,386.193176,581.8573,685.934326,951.98,1985.78857,2137.74829
2013-01-25,146.390656,385.101288,570.598511,680.847351,938.55,1955.69495,2104.4314
2013-01-26,139.197876,383.021393,561.934021,679.486145,925.53,1926.86426,2072.86987
2013-01-27,133.622025,374.257782,556.874939,672.961731,913.89,1899.5105,2042.96069
2013-01-28,129.628723,360.805878,551.962036,659.896851,906.77,1874.26575,2014.27429
2013-01-29,126.483688,348.2146,541.216736,704.311584,1164.15,2249.74072,2375.63525
2013-01-30,123.693871,337.691956,524.953186,633.148499,1094.45,1965.12854,2085.48657
2013-01-31,120.934532,328.954132,508.813873,621.989258,1078.08,1951.45251,2069.85547
2013-02-01,118.056229,321.424469,494.883087,612.224854,1061.75,1932.50586,2055.29736
2013-02-02,115.165802,314.507874,482.812317,603.316833,1046.80,1903.50537,2041.04102
2013-02-03,112.598091,307.905518,472.166107,594.796326,1033.53,1871.24841,2017.90015
2013-02-04,112.17775,301.974091,462.267883,586.525391,1021.58,1842.50171,1986.10693
2013-02-05,116.857132,296.148407,452.777496,578.286987,1010.40,1818.48889,1953.93884
2013-02-06,120.3769,291.406128,443.966766,570.406433,999.57,1847.61023,1956.09473
2013-02-07,115.700424,290.500793,435.401947,565.908264,988.99,1867.38464,1984.16492
2013-02-08,108.373199,292.327881,427.700317,564.024109,820.70,1705.3988,1849.0636
2013-02-09,102.911385,291.535217,423.347107,559.321411,755.39,1594.09143,1739.20898
2013-02-10,100.699814,283.284027,422.324615,549.933838,749.28,1565.30676,1708.84058
2013-02-11,101.764725,271.226013,419.902008,538.706238,744.28,1544.72217,1678.37012
2013-02-12,100.208405,261.729156,410.545807,530.769775,735.09,1528.99878,1650.146
2013-02-13,95.5078812,255.330032,396.270752,539.320984,722.44,1520.23999,1627.97314
2013-02-14,91.4065323,251.828049,383.714355,572.177185,709.05,1509.7168,1616.53149
2013-02-15,88.1663666,247.840698,374.577637,590.525879,701.68,1487.84302,1609.44751
2013-02-16,85.3912048,240.365265,368.444122,568.711731,715.66,1459.53418,1595.41614
2013-02-17,83.6044846,232.358368,362.746338,535.612488,746.94,1433.21533,1570.08618
2013-02-18,89.9788666,226.46077,353.773529,509.123962,749.87,1416.31482,1541.46191
2013-02-19,114.164238,227.132904,344.271271,492.699097,718.57,1423.77014,1517.01367
2013-02-20,141.963654,233.327728,339.113708,496.631378,686.40,1447.43323,1506.49084
2013-02-21,139.645294,241.94754,341.599487,544.001648,664.65,1441.08923,1522.61084
2013-02-22,116.022064,257.420135,348.427338,677.251282,654.75,1402.67334,1540.27332
2013-02-23,96.0438156,276.260498,354.106445,873.268616,665.63,1367.69495,1520.13953
2013-02-24,81.5152206,275.252655,362.296692,957.896484,732.61,1351.91138,1480.69055
2013-02-25,73.6413116,249.176056,375.416473,846.733887,888.67,1348.2229,1451.03308
2013-02-26,70.0398636,220.982544,375.459442,679.434387,1029.12,1398.60608,1488.11194
2013-02-27,68.2230835,200.740021,349.703735,563.386414,1047.03,1318.73169,1338.34509
2013-02-28,66.7359924,187.782501,317.956757,491.796997,898.70,1480.88318,1367.80432
2013-03-01,65.0025635,180.486954,294.65329,459.253387,748.78,1647.86035,1472.3595
2013-03-02,62.6396065,175.706528,278.620728,447.689514,644.28,1636.83228,1652.05896
2013-03-03,60.179985,171.616867,268.734985,443.173218,587.37,1466.36914,1779.04114
2013-03-04,58.5875282,167.504623,261.836945,437.542053,562.44,1293.57373,1703.30859
2013-03-05,57.2733955,163.102188,255.920929,430.233612,552.77,1213.39636,1545.76794
2013-03-06,56.0078316,158.53125,250.162094,421.763275,546.71,1167.21729,1399.08142
2013-03-07,54.7710114,154.619308,244.264374,414.183075,538.54,1133.41675,1296.13647
2013-03-08,53.6363373,151.306091,238.169312,411.226868,527.75,1127.82446,1252.42773
2013-03-09,54.3611374,148.134293,232.5849,407.533112,515.96,1117.26294,1227.07397
2013-03-10,58.2505798,145.060303,227.758408,402.154663,508.95,1103.15466,1212.80872
2013-03-11,60.0354233,142.621185,223.157486,396.488373,504.86,1091.70996,1199.57654
2013-03-12,70.9258957,143.504822,218.702255,393.636078,499.61,1080.92578,1185.39624
2013-03-13,118.590485,150.14444,214.803268,411.499268,493.18,1067.14783,1174.88879
2013-03-14,146.580933,160.02327,213.524216,431.727722,490.71,1054.11804,1162.87109
2013-03-15,124.334488,182.591232,217.93959,434.286652,510.06,1045.10657,1148.45984
2013-03-16,97.7668533,231.094299,226.165985,447.574005,550.98,1037.67322,1136.71191
2013-03-17,74.9001541,260.843567,245.536743,462.785797,568.14,1033.66101,1128.57764
2013-03-18,65.4408264,237.555328,290.470947,446.50943,555.99,1056.3396,1120.45459
2013-03-19,88.6343231,199.351608,327.804413,414.316833,556.47,1117.38684,1127.10144
2013-03-20,142.647064,175.38652,314.72702,404.645508,551.59,1169.15442,1162.35339
2013-03-21,178.021652,169.376953,276.445007,476.368439,522.09,1203.40137,1222.02808
2013-03-22,166.035675,186.517639,248.945404,660.738525,495.78,1220.48206,1266.24634
2013-03-23,182.686234,229.19957,236.803345,886.660156,507.97,1183.72205,1297.1283
2013-03-24,264.860016,287.814728,245.49855,1030.06812,615.75,1113.31848,1299.43555
2013-03-25,296.009125,337.26181,284.719757,1038.57678,822.42,1060.5946,1245.22131
2013-03-26,238.479584,370.859924,345.41629,1005.25708,1049.29,1063.09351,1176.18774
2013-03-27,225.894897,450.943268,400.852722,1013.66797,1169.07,1187.40784,1137.39136
2013-03-28,309.626556,518.745667,435.064636,982.544922,1153.02,1440.93018,1172.53467
2013-03-29,361.859192,456.349915,509.898224,976.242004,1573.58,3315.88013,2972.67261
2013-03-30,316.063721,377.445801,589.914795,947.463684,1556.93,2841.59717,2600.06641
2013-03-31,250.750427,403.547852,556.308899,1010.08759,1402.15,2480.26343,2463.78076
2013-04-01,273.028107,454.836731,466.535522,1098.30225,1278.29,2500.34106,2554.42944
2013-04-02,358.813477,426.777863,466.422729,983.313965,1301.40,2541.05908,2570.10742
2013-04-03,417.28894,352.981232,520.093506,855.328613,1468.89,2360.76978,2590.51123
2013-04-04,456.405426,339.798889,503.602448,884.956909,1497.56,2064.9646,2470.05786
2013-04-05,433.79361,411.125336,427.552094,1077.40857,1353.50,2112.63916,2287.93091
2013-04-06,392.304443,483.147369,396.261749,1254.21973,1255.43,2303.1604,2127.22583
2013-04-07,379.472931,538.060364,454.439636,1331.45642,1109.45,2068.37256,2047.90015
2013-04-08,312.39566,535.701782,528.836121,1259.45068,1241.80,1775.40808,2114.5459
2013-04-09,218.078339,480.843048,585.265198,1167.65588,1393.24,1683.25,1997.08936
2013-04-10,150.451843,451.901428,589.419189,1220.21069,1421.80,1833.56213,1796.52832
2013-04-11,133.995926,399.176605,536.404114,1185.49158,1314.02,2097.92944,1786.41309
2013-04-12,211.347107,306.254608,498.103973,991.93634,1261.34,2292.82495,2001.00085
2013-04-13,308.504028,223.30397,453.856659,798.255859,1315.21,2304.02148,2257.34595
2013-04-14,360.20755,186.969131,364.364838,670.459351,1215.35,2140.10376,2402.82422
2013-04-15,473.05896,236.530167,275.14801,703.053406,1005.18,2056.55615,2339.52319
2013-04-16,598.302185,339.488556,231.989563,1292.04163,828.89,2044.85193,2173.22729
2013-04-17,633.427612,449.912933,274.270508,2554.69507,741.00,1855.24573,2141.58374
2013-04-18,612.715759,645.478271,390.732635,3662.64795,907.63,1585.35583,2090.36304
2013-04-19,585.007507,889.421997,521.89679,4043.40039,1791.52,1408.94812,1852.17419
2013-04-20,582.293762,996.908203,718.474976,3770.65039,3149.66,1416.71765,1598.23389
2013-04-21,497.28598,952.000366,977.648987,3140.10229,4052.43,1731.3197,1473.14954
2013-04-22,357.704865,869.196533,1106.44336,2524.70166,4202.95,2769.96606,1561.0907
2013-04-23,280.197906,829.632751,1069.15442,2030.43359,3758.77,4367.47705,2070.94385
2013-04-24,261.006836,750.488342,982.946594,1632.89551,3100.39,5502.21338,3370.66602
2013-04-25,268.88504,597.084717,932.686096,1346.28992,2515.55,5699.43555,4931.44727
2013-04-26,304.899689,479.808075,862.509033,1192.1322,2040.87,5167.61475,5758.85156
2013-04-27,358.559998,412.87561,701.502808,1096.11182,1671.86,4411.64551,5661.5791
2013-04-28,341.460388,385.177246,559.099426,1157.4613,1847.13,5382.2002,6633.00049
2013-04-29,317.194702,410.378937,482.25647,1147.45154,1728.92,4565.1543,5642.59912
2013-04-30,354.230865,491.757446,454.642456,1097.49817,1645.94,3462.01221,4421.19775
2013-05-01,463.278839,512.027649,478.932251,1047.53101,1619.54,3094.94434,3850.36792
2013-05-02,610.213135,496.673798,561.425659,1082.66968,1614.17,2919.96509,3406.00366
2013-05-03,774.760254,603.81543,614.177795,1307.67993,1590.93,2828.07178,3136.58887
2013-05-04,895.435181,819.219482,636.207947,1547.4928,1568.31,2726.83691,2894.60669
2013-05-05,933.559082,1260.35938,803.482971,1877.57007,1736.58,2876.15088,2747.70264
2013-05-06,930.633545,1928.85559,1128.50305,2294.30884,2206.84,3093.62695,2865.27588
2013-05-07,928.954102,2293.98438,1714.61365,2866.09692,2826.28,3455.90747,3095.54907
2013-05-08,912.741455,2374.83936,2673.50537,3824.56006,3500.09,4239.17383,3392.46973
2013-05-09,842.551025,2415.31787,3536.2644,4411.79248,3943.70,5417.38916,3968.64038
2013-05-10,844.156189,2385.85986,4035.96265,4153.80371,4417.82,7004.59424,4936.03027
2013-05-11,988.732178,2489.00854,4474.8208,3591.85693,5182.07,8846.11621,6201.88574
2013-05-12,1195.70605,2590.90234,4837.69629,3197.52832,5338.95,9872.37402,7928.30029
2013-05-13,1350.82117,2576.61279,5133.04639,3072.08765,4815.45,10514.0889,9502.44727
2013-05-14,1326.13733,2607.3291,5178.64648,3230.23755,4260.89,11303.0977,10181.0215
2013-05-15,1160.68787,2736.49023,4905.74756,3424.69458,3917.50,11507.1768,10810.71
2013-05-16,1035.91504,2867.08057,4628.87256,3467.39355,3884.10,11208.7959,11613.627
2013-05-17,1071.61938,2796.88257,4404.03906,3247.38281,4300.60,10631.9033,11685.8281
2013-05-18,1480.55713,2695.62769,4285.43994,2856.07568,4667.65,10173.2529,11334.1592
2013-05-19,1937.58215,2796.26685,4126.92578,2595.17847,4713.04,10122.4893,10794.2334
2013-05-20,1804.6012,2934.41455,3900.60083,2568.76001,4388.07,10369.6758,10373.3623
2013-05-21,1383.35059,3072.87231,3802.36108,2803.9668,3896.20,10589.2217,10404.0615
2013-05-22,1082.43909,3174.35156,3783.66016,3548.20898,3501.98,10306.6475,10639.7891
2013-05-23,915.89386,2912.32666,3771.07593,4269.53711,3386.84,9618.76465,10694.373
2013-05-24,967.397034,2396.82642,3824.69043,4085.3999,3599.89,8888.5459,10293.4775
2013-05-25,1065.99915,2205.43335,3728.56592,3501.52148,4351.75,8355.15039,9601.28613
2013-05-26,1169.74756,2469.4209,3400.92651,3321.21777,4914.41,8256.59863,8986.64648
2013-05-27,1235.84717,2907.4751,3311.28271,3643.65723,4849.51,8645.81348,8621.29688
2013-05-28,1090.03943,3094.58813,3573.24072,3993.05273,4998.12,9276.60254,8659.99805
2013-05-29,913.01355,2904.1394,3928.99512,3932.00439,5248.11,10172.6172,9750.95703
2013-05-30,874.151917,2560.11304,4053.01587,3605.67407,5490.95,9568.96094,9691.03027
2013-05-31,944.012146,2174.43335,3746.29834,3245.5437,5354.22,9920.32031,9843.70605
2013-06-01,1072.67859,1913.3479,3258.52344,2983.94482,4854.52,10498.5654,9839.06152
2013-06-02,1124.53662,1885.33923,2788.84497,2869.30859,4368.12,10631.9277,10416.4375
2013-06-03,1071.39209,2002.29688,2485.53003,2877.802,4051.58,10027.6953,10943.1309
2013-06-04,1037.11218,2154.80542,2457.18213,2873.13281,3792.25,9061.30859,10760.1504
2013-06-05,1150.52661,2386.35254,2609.1416,2861.56738,3716.67,8285.20312,9995.52051
2013-06-06,1467.64465,2917.77881,2890.14722,2887.42285,3891.04,7967.27148,9075.35645
2013-06-07,1676.29114,3589.31738,3318.5332,3330.32227,4165.52,8005.604,8471.33203
2013-06-08,1740.83569,4205.01416,3938.68335,4393.62695,4482.50,8399.42285,8351.94629
2013-06-09,1946.77051,5142.40869,4745.55566,5313.42773,4840.66,9063.27246,8588.9707
2013-06-10,2208.08252,5970.66113,5579.42236,5980.44189,5815.33,9799.4375,9161.13574
2013-06-11,2290.86133,6289.1416,6807.15674,6880.40674,7346.23,10782.1855,9954.59473
2013-06-12,2056.92993,6550.95312,8309.40137,8211.52344,8850.94,12147.0957,10943.8701
2013-06-13,1619.64331,6628.01807,9135.05762,9323.09082,10396.76,14413.002,12387.6455
2013-06-14,1243.28674,6038.56592,9468.61035,8964.58887,11779.25,18015.2305,14199.1006
2013-06-15,1005.99921,4947.49658,9522.46582,7622.65381,12703.69,21129.4434,16818.4688
2013-06-16,875.487488,3850.38525,8661.16211,6029.13965,12515.05,22808.8379,20164.4824
2013-06-17,855.659119,3010.41919,7070.89795,4433.37939,11078.36,24059.4883,22527.1172
2013-06-18,912.469421,2626.6748,5526.55908,3375.81104,8988.19,24564.7227,23663.4102
2013-06-19,1021.09399,2577.07397,4446.22217,2794.20239,7074.51,23080.582,24705.1914
2013-06-20,1159.15466,2682.04614,3980.50684,2631.3645,5567.24,19398.2617,24682.6309
2013-06-21,1368.90906,2886.95215,3973.66431,2891.97974,4759.45,15626.8564,22403.2422
2013-06-22,1723.52197,3214.85522,4153.20361,3610.98755,4408.44,12749.3447,18526.3184
2013-06-23,1918.12927,3857.03149,4417.34766,4428.99707,4558.42,10975.3008,15033.8164
2013-06-24,1845.81885,4644.78955,4780.13525,4990.48535,5184.74,10272.5391,12418.9814
2013-06-25,1930.63403,5209.02344,5326.21777,5264.6792,6088.69,10161.2158,11016.9805
2013-06-26,2325.82886,5221.0752,5969.69775,5486.54688,6828.23,10767.1035,10623.9434
2013-06-27,3106.32764,4846.31299,6429.02734,6120.42773,7141.17,12011.1143,10889.1621
2013-06-28,4170.271,4850.45166,6363.604,6968.53418,6968.15,12921.0967,11396.1045
2013-06-29,5399.95068,5574.04199,5893.59131,7929.34131,7083.35,14683.0449,13101.4385
2013-06-30,6332.19385,6844.41162,5714.72803,9607.78418,7828.78,15212.6934,14840.208
2013-07-01,5910.89111,8233.71582,6286.5625,11411.0576,8622.71,14784.7178,15899.6016
2013-07-02,4609.04053,9368.4209,7535.94092,12470.6123,9711.24,14279.167,15968.7783
2013-07-03,3654.8728,10135.1982,8985.2373,12877.5703,11444.47,14765.9434,15120.4863
2013-07-04,3465.13159,9729.66309,10185.542,12383.0186,12965.77,16209.6172,14681.248
2013-07-05,3795.23096,8218.96484,11024.0381,10795.5791,13857.73,18542.7148,15536.1836
2013-07-06,4505.95068,6972.48486,10855.4121,9215.43457,14270.01,21604.4551,17272.4355
2013-07-07,5911.25586,6736.47998,9545.45801,8350.97168,13526.61,24236.7012,19914.5488
2013-07-08,6937.00146,7523.56982,8250.44336,8328.86523,12032.78,25847.1152,22907.5938
2013-07-09,6506.56641,8772.71484,7861.11279,9053.55176,10680.76,26034.8945,25365.1875
2013-07-10,5566.72266,10182.001,8603.65039,10388.4717,10260.98,23981.5645,26556.666
2013-07-11,5004.31396,11318.7881,9950.7793,11846.9453,10796.26,21424.8203,25791.5469
2013-07-12,5011.13135,11254.5088,11414.9209,12411.9336,11956.39,20166.166,23346.4902
2013-07-13,5097.19092,10390.7793,12611.6895,11886.8467,13552.98,20819.0156,21101.1348
2013-07-14,4811.12598,9856.13574,12665.0869,10542.9844,14949.14,22820.5234,20478.7422
2013-07-15,4406.13721,9954.67578,11794.8906,8958.15918,15150.28,25453.9199,21653.9961
2013-07-16,3803.14722,10212.4697,11186.085,7897.43506,14206.52,27956.7441,23903.8418
2013-07-17,3150.80713,10052.9727,11373.4414,7337.6665,12547.15,28989.4434,26565.373
2013-07-18,2849.55688,9398.39746,11841.4053,6900.39893,10853.97,28341.5527,28717.3789
2013-07-19,2995.33887,8235.78418,11728.1094,6359.70605,9878.17,27107.1582,29149.916
2013-07-20,3528.36523,7045.70508,10975.1016,5810.5874,9343.16,26631.0078,28197.1855
2013-07-21,4145.27051,6469.37842,9725.15332,5637.56152,8794.39,25183.2969,27082.4512
2013-07-22,4398.74561,6528.47656,8351.95703,6320.60059,8089.26,23632.3066,26553.4727
2013-07-23,4119.41553,6979.73193,7558.7959,7432.67285,7483.91,22086.125,24869.1211
2013-07-24,3564.47729,7584.88184,7488.26855,8023.04053,7641.27,20037.3281,23360.2129
2013-07-25,3166.60229,8010.43115,7936.09717,8108.34082,8712.89,17821.0488,21716.0156
2013-07-26,2941.38037,8108.60938,8618.15039,7989.44678,9872.45,16525.457,19701.0488
2013-07-27,2855.62329,7793.38281,9156.40625,7841.67188,10501.55,17077.3809,17981.1172
2013-07-28,3104.32471,7356.97266,9337.25781,7858.52588,10744.56,19426.5723,17852.0996
2013-07-29,3354.21948,7184.41211,9094.49414,8377.33887,10676.13,22161.8574,19872.0664
2013-07-30,3192.73022,7033.32861,8684.09375,9333.15137,10471.67,23948.1699,22885.2246
2013-07-31,3052.64526,7131.96191,8667.96289,9863.11816,10619.33,24097.4746,25100.9707
2013-08-01,3436.70264,7748.52734,8883.83301,9487.82617,11471.13,23771.248,26129.2227
2013-08-02,3814.21484,8433.64355,9007.05762,8960.27148,12516.80,22683.5879,25867.2383
2013-08-03,3632.78198,8764.46094,9478.86719,8991.44531,12861.71,22492.4648,24753.3262
2013-08-04,3254.08618,8833.13281,10186.9873,9245.89062,12323.70,23488.7441,23410.4629
2013-08-05,3212.78516,8654.64355,10488.8896,9681.19824,11739.98,25117.9512,23462.248
2013-08-06,4965.60205,8011.97607,10421.7207,10834.7168,12203.23,26363.4629,24641.0059
2013-08-07,7964.62793,7688.11914,10180.4326,11772.5732,12407.30,26339.6641,26180.6777
2013-08-08,8358.25195,8727.74316,9620.80273,12810.9961,13654.82,25826.9551,27086.5293
2013-08-09,6564.61523,11129.3516,9263.98926,14466.8457,15886.89,25565.7852,26881.3301
2013-08-10,4977.67236,14239.4141,10194.2559,15259.7734,17365.10,25456.6621,26669.3887
2013-08-11,3802.77759,15121.9053,12557.4209,14184.2529,18773.28,26852.8242,26643.7383
2013-08-12,3465.40649,12986.9062,15804.5195,11838.7607,20115.13,30388.6074,27183.1289
2013-08-13,3683.25098,10710.4648,17396.3535,10411.7002,20025.62,33972.8359,29374.2773
2013-08-14,4198.70508,9207.89062,15855.0488,10794.1357,18242.77,37801.8438,32860.3984
2013-08-15,4585.2041,8465.14941,13558.0781,11414.7637,15517.42,41945.5469,36096.5391
2013-08-16,4379.21191,8656.58203,12004.0605,10851.4834,14230.86,42473.1406,40155.293
2013-08-17,4004.53662,9382.02832,11217.8359,9704.87793,15119.42,38537.4688,43468.375
2013-08-18,4190.05273,9636.07715,11341.4795,8937.86328,15880.76,33327.0586,42345.25
2013-08-19,4411.81201,9370.14648,12012.9648,8611.71582,14991.78,30160.5098,37858.6641
2013-08-20,3935.59863,9145.06738,12292.2217,8265.91895,13583.99,30588.1445,33659.0156
2013-08-21,3693.64917,9176.60254,12127.377,7829.91895,12711.21,32374.9707,32688.9316
2013-08-22,3737.41162,9064.47363,11972.4678,7478.00977,12126.73,32986.6758,34861.6992
2013-08-23,3467.31079,8215.51758,11988.6377,7656.31348,11338.52,31892.4531,36351.1836
2013-08-24,3153.06763,7364.5498,11814.4355,8374.1543,10550.06,29936.5742,35344.5625
2013-08-25,3155.5061,7070.36035,10824.7178,8508.4541,10023.97,28491.0527,32891.0625
2013-08-26,3290.0459,6797.81885,9669.94336,8011.85693,10310.05,26959.6387,30366.1172
2013-08-27,3427.08252,6443.13037,9198.39844,7688.18262,11101.99,25309.2578,28532.7305
2013-08-28,3629.94702,6834.4165,8967.69238,7354.30811,11294.19,23559.9785,27229.6543
2013-08-29,3592.00195,7903.24072,8733.46582,6894.38379,11301.05,23053.1914,25421.2305
2013-08-30,3220.94849,8512.91602,9114.46973,7037.44824,11772.31,23740.7715,23869.5332
2013-08-31,2849.17407,8484.97266,10031.4824,7589.74658,11476.26,23700.2676,23892.8145
2013-09-01,2664.37207,8294.51855,10546.0488,8267.93066,10549.56,24022.4141,24380.4863
2013-09-02,2639.58496,7735.31006,10363.7539,8565.41602,10456.59,26059.5098,24233.3086
2013-09-03,2977.33545,7025.35449,10039.3125,8073.40088,10914.78,26817.7012,25270.9277
2013-09-04,4035.39526,6781.79688,9500.58496,7369.61475,11477.38,25248.0117,27254.1836
2013-09-05,5474.53662,7000.26758,8731.89551,7199.90869,11547.83,24000.7988,27004.9863
2013-09-06,6870.12793,7939.13086,8281.12402,8090.60742,10785.29,23631.5586,25198.6895
2013-09-07,8432.97949,9455.62305,8291.57422,9821.82812,10016.20,23566.5215,24339.9883
2013-09-08,8551.32324,10578.627,9049.32227,12058.6367,9902.71,23305.2207,24308.3242
2013-09-09,6754.87256,11284.3711,10513.9814,14500.1729,11029.29,22364.9707,24334.7695
2013-09-10,5017.24854,12420.3447,11895.0713,16457.1992,13139.38,21423.0254,23803.8457
2013-09-11,3963.17017,13095.7803,13055.4873,16383.3584,15856.38,22004.3379,22596.5234
2013-09-12,3317.71582,11938.3506,14535.5107,14605.3906,18682.52,24933.6348,21925.959
2013-09-13,2882.34619,10078.7598,15596.583,12826.2607,20231.46,28982.7988,23355.4629
2013-09-14,2590.9563,8489.50293,14691.4883,11095.8359,19450.81,34126.2812,27182.6953
2013-09-15,2342.53491,7118.31787,12670.2129,9279.61035,17428.67,39334.7656,32034.9688
2013-09-16,2277.45215,6184.09277,10791.2002,7587.83545,15468.52,41362.5586,37801.7031
2013-09-17,2455.1748,5759.92432,9358.31543,6462.04346,13655.79,38900.8203,42253.2188
2013-09-18,2444.19531,5587.72363,8613.61621,6321.875,12024.57,34839.707,42568.9805
2013-09-19,2220.13354,5507.41455,8217.11328,6924.75635,10726.64,31411.5449,38813.2852
2013-09-20,2020.77466,5565.33594,8008.04932,7366.70703,9995.32,28640.9297,34549.3047
2013-09-21,1916.98828,5369.95752,7823.91309,6982.96387,10007.07,26064.3848,31157.7793
2013-09-22,2010.28223,4886.06006,7535.37891,6356.40332,10303.65,23859.9414,28815.8418
2013-09-23,2052.56567,4520.45703,7038.29199,6263.67725,10063.23,22709.6367,26648.7949
2013-09-24,1888.4989,4421.74805,6326.56299,6161.05127,9241.89,21847.9609,24810.3203
2013-09-25,1730.88208,4370.6875,5758.17285,5551.88574,8581.89,20960.084,23626.1621
2013-09-26,1711.38831,4306.21875,5616.30762,4887.12256,8313.38,19611.5664,22694.9336
2013-09-27,1848.74719,4329.5166,5715.33057,4642.92285,7890.62,18081.9238,21581.7598
2013-09-28,1989.44641,4339.01221,5863.98975,4642.57422,7175.50,17088.7598,20006.2695
2013-09-29,1970.16699,4392.54346,6164.13672,4750.46924,6946.90,17517.918,18546.9453
2013-09-30,1821.98279,4808.87451,6693.59424,5062.67578,7237.51,17745.4824,18199.3418
2013-10-01,1634.18201,5483.64404,7368.45654,5233.75781,7585.71,18126.3398,18722.2578
2013-10-02,1475.78577,5668.60156,8096.40283,5106.72021,7944.33,19367.2266,18626.6582
2013-10-03,1367.57312,5193.89307,8686.70117,4730.81152,8274.89,20954.1738,19310.7363
2013-10-04,1321.0426,4458.71875,8607.34473,4238.75781,8088.88,21567.7383,20758.9004
2013-10-05,1455.23682,3868.65039,7779.71582,3947.04443,7535.53,21823.6777,21976.2793
2013-10-06,1797.33777,3777.80737,6736.54395,4088.12305,6930.31,21844.7715,22242.9121
2013-10-07,2312.21704,4051.17139,6003.49365,4878.85352,6526.56,20654.4395,22426.0742
2013-10-08,3312.14648,4746.08301,6054.62793,5916.78125,6709.89,18732.4355,21998.5996
2013-10-09,4614.43115,5917.59424,6930.62354,6777.13574,7636.20,17148.3887,20432.873
2013-10-10,5132.59326,7139.78955,8232.71289,7589.27734,9020.24,16741.2246,18559.4727
2013-10-11,4313.16455,8464.48047,9460.95801,8899.13574,10327.44,18124.4121,17207.6211
2013-10-12,3077.59448,9370.5127,10270.8027,10268.6787,11235.94,20788.6426,17418.834
2013-10-13,2215.84741,9176.74707,10973.1396,10777.7617,11801.01,23339.418,19237.8848
2013-10-14,1686.55432,7823.79736,11423.5039,9704.33594,12556.84,25192.3066,22038.1621
2013-10-15,1457.38489,5942.32471,11025.0762,7385.73145,13112.45,26102.4297,24328.4316
2013-10-16,1380.84241,4538.87207,9610.4707,5355.18359,12685.11,26802.4668,25792.0312
2013-10-17,1368.99243,3704.98315,7633.41553,4054.62915,10806.65,26575.834,26698.6875
2013-10-18,1384.25452,3293.06274,6041.32373,3348.10693,8254.88,25776.5273,26965.5391
2013-10-19,1370.37866,3122.83105,5065.70898,3053.40649,6370.22,23496.8359,26665.0176
2013-10-20,1279.75037,3069.68579,4518.64258,2996.9585,5218.56,19761.7734,25755.7129
2013-10-21,1182.32703,3035.45142,4257.99414,3060.42017,4650.26,15986.5869,23265.3848
2013-10-22,1201.8761,2961.76733,4172.09326,3125.31567,4412.13,13063.2246,19624.4102
2013-10-23,1276.63464,2950.64673,4242.76025,3180.53394,4395.49,11785.3125,15971.7598
2013-10-24,1284.5553,3071.13745,4406.9126,3334.75269,4575.28,11386.8301,13454.9502
2013-10-25,1223.39185,3223.4043,4593.49072,3484.62915,4733.30,11420.3027,12369.4131
2013-10-26,1131.61621,3273.89087,4799.91699,3472.07446,5036.93,11822.6582,12032.6445
2013-10-27,1076.87427,3274.59082,5085.08301,3447.53809,5414.69,12459.3945,12161.4932
2013-10-28,1069.53784,3284.75977,5568.48242,3532.34009,5716.98,13450.7148,13027.5166
2013-10-29,1060.9668,3235.22314,6188.87109,3744.09277,5845.61,15645.9863,15035.876
2013-10-30,1102.3092,3078.63965,6692.26318,3858.79492,6147.82,17672.832,18157.0957
2013-10-31,1278.1626,2863.08008,6856.10303,3672.02222,6678.02,18416.1758,20763.1992
2013-11-01,1416.2041,2628.5376,6414.23535,3372.29224,6986.34,18777.1914,21388.4746
2013-11-02,1298.31519,2465.91382,5471.43848,3332.14941,6721.73,18387.2188,20749.1309
2013-11-03,1092.89038,2484.94116,4565.88818,4299.16162,5945.79,17944.6582,20003.2402
2013-11-04,938.764587,2596.68848,3977.21851,5253.2583,5210.59,18357.5117,18937.9707
2013-11-05,826.493652,2530.14087,3739.42578,4816.53906,5112.90,16041.9805,18631.6406
2013-11-06,766.958435,2299.49585,3757.31519,3905.42969,6072.11,13237.5469,18090.8145
2013-11-07,734.858276,2089.84644,3688.46875,3180.75,6507.65,11206.5215,15420.9434
2013-11-08,713.633728,1926.38086,3428.25269,2649.63379,5702.79,10817.0605,12741.4463
2013-11-09,695.08197,1816.31702,3157.55493,2364.74658,4825.72,11681.9502,11162.3438
2013-11-10,675.68042,1749.79163,2936.31909,2242.18896,4115.85,11804.3125,11257.7773
2013-11-11,651.641052,1703.46863,2769.41406,2185.15918,3628.83,10297.3818,12101.748
2013-11-12,630.217224,1664.67212,2664.87061,2146.31494,3373.75,8754.62598,11626.8027
2013-11-13,615.372009,1626.72034,2595.80542,2104.21362,3259.32,7787.31689,9836.61035
2013-11-14,601.62323,1585.297,2537.19995,2026.05713,3197.67,7107.28223,8595.15527
2013-11-15,588.395508,1543.4906,2480.77783,1960.77319,3148.46,6726.37988,7709.53467
2013-11-16,575.45752,1508.8429,2422.50757,1926.39441,3085.59,6536.35156,7136.46191
2013-11-17,562.819458,1477.01868,2365.20142,1896.63513,2992.01,6415.98242,6833.54639
2013-11-18,553.413635,1445.51379,2317.94995,1868.22852,2928.67,6310.90332,6665.64453
2013-11-19,555.793945,1416.18774,2275.16309,1841.10986,2886.55,6191.91162,6542.2002
2013-11-20,556.735413,1393.07874,2229.50537,1815.10327,2846.57,6048.75195,6438.23145
2013-11-21,540.00238,1373.39453,2180.80078,1793.65833,2808.56,5927.37207,6311.61523
2013-11-22,518.244385,1356.86646,2137.39355,1773.69434,2771.66,5847.06982,6176.23145
2013-11-23,499.510315,1339.90771,2102.32886,1749.12305,2736.65,5758.30469,6080.93848
2013-11-24,483.451172,1307.63208,2070.32739,1721.67517,2706.65,5667.80664,6000.16406
2013-11-25,470.513885,1266.35547,2039.30042,1694.21558,2676.07,5586.39893,5905.12744
2013-11-26,459.354218,1228.59314,1996.24829,1668.06909,2640.47,5512.30273,5810.48291
2013-11-27,448.919769,1195.33057,1941.11987,1643.30566,2603.59,5447.38721,5727.58496
2013-11-28,438.770538,1166.25964,1891.76294,1606.05408,2553.10,5415.66943,5683.05371
2013-11-29,428.771851,1140.01221,1842.85364,1590.07361,2526.48,5285.74365,5575.18848
2013-11-30,418.589905,1115.12024,1800.4292,1574.0708,2499.49,5207.71729,5506.55078
2013-12-01,408.845795,1090.69141,1761.72803,1551.71399,2467.54,5127.42041,5411.83691
2013-12-02,399.763885,1066.75134,1728.00623,1529.67419,2436.24,5028.66602,5328.65332
2013-12-03,390.943573,1043.14075,1691.88586,1508.14294,2405.35,4943.35059,5242.16895
2013-12-04,382.251801,1020.08008,1653.38879,1488.11926,2374.99,4867.2373,5144.30469
2013-12-05,373.725647,997.956116,1616.90027,1468.90125,2345.15,4796.31494,5061.03906
2013-12-06,365.403656,976.455872,1581.29724,1448.63037,2316.72,4724.37988,4987.19482
2013-12-07,357.282257,955.374695,1547.2998,1428.34241,2291.82,4653.87939,4915.76367
2013-12-08,349.558777,934.69751,1514.61877,1407.94446,2265.53,4586.3667,4843.23438
2013-12-09,342.166748,914.50061,1482.75549,1386.79871,2236.51,4524.54053,4773.7876
2013-12-10,335.571777,894.845825,1451.55249,1366.0968,2214.42,4475.60596,4709.31689
2013-12-11,329.825653,876.040161,1421.11963,1346.29761,2193.45,4439.34277,4660.52539
2013-12-12,322.460205,858.118713,1391.33362,1327.51855,2163.20,4405.58447,4628.33105
2013-12-13,314.175934,841.478394,1362.47083,1309.05273,2130.78,4297.604,4595.27295
2013-12-14,307.09375,825.741821,1334.90845,1290.54224,2101.81,4202.47412,4556.13965
2013-12-15,300.773895,807.864929,1308.73792,1272.32141,2074.43,4164.78369,4389.9585
2013-12-16,298.003204,788.685364,1283.92957,1255.47864,2050.67,4146.33838,4337.8584
2013-12-17,302.000916,772.247314,1257.55676,1245.69019,1913.89,4117.00684,4296.51953
2013-12-18,307.223785,759.003296,1229.47192,1239.72791,1808.01,4022.36768,4283.64502
2013-12-19,299.326233,752.997864,1203.48816,1240.39832,1811.51,3909.40894,4232.02783
2013-12-20,283.120728,748.305603,1180.82996,1255.77234,1817.97,3706.84131,4121.71777
2013-12-21,270.852631,739.911438,1165.1582,1247.23169,1796.75,3543.93018,4017.66211
2013-12-22,265.437653,724.016907,1152.39355,1207.22656,1770.00,3517.93506,3753.08984
2013-12-23,261.403748,697.626831,1136.73328,1168.69617,1757.92,3511.40747,3668.60864
2013-12-24,252.624298,673.083435,1114.85461,1136.59363,1719.60,3473.4397,3653.4126
2013-12-25,244.089127,656.400635,1082.2063,1112.02332,1666.27,3419.04468,3639.60132
2013-12-26,236.453812,644.38739,1048.84167,1092.98315,1619.14,3375.98438,3589.67603
2013-12-27,229.67421,629.125916,1023.3631,1076.52319,1576.61,3301.71729,3541.30762
2013-12-28,223.647278,611.788086,1003.40161,1159.7572,1788.81,3529.92627,3820.32349
2013-12-29,218.129028,596.003235,981.882629,1144.54565,1765.11,3495.99365,3775.53589
2013-12-30,213.293915,580.893311,957.505798,1050.94592,1665.34,3368.03857,3616.99414
2013-12-31,208.592041,567.157288,934.720703,1015.05841,1645.96,3323.10962,3545.23022
2014-01-01,203.907425,554.229858,912.767334,1000.62646,1569.49,3267.92773,3489.00879
2014-01-02,199.111145,542.122437,892.249512,986.437256,1421.89,3045.22949,3280.38037
2014-01-03,194.512619,530.505615,872.812256,972.080994,1400.17,2886.88965,3104.86426
2014-01-04,190.137268,519.062256,854.25647,958.162659,1379.40,2804.26221,3013.76855
2014-01-05,185.876694,507.686981,836.436279,944.818909,1358.66,2760.83179,2965.85229
2014-01-06,181.723038,496.510162,818.930847,931.8125,1338.19,2718.44727,2920.92798
2014-01-07,177.66745,485.745453,801.639526,918.950806,1318.41,2677.92749,2875.54639
2014-01-08,173.703796,475.25946,784.613708,906.120789,1299.23,2637.98633,2833.36694
2014-01-09,169.827255,465.022308,768.10968,893.219666,1280.43,2598.58618,2792.6958
2014-01-10,166.03569,455.011658,752.015015,880.353394,1261.89,2560.06738,2752.43896
2014-01-11,162.330368,445.212463,736.290344,867.737366,1243.39,2522.53809,2712.84839
2014-01-12,158.824203,435.632233,720.903381,855.31427,1224.91,2485.92554,2674.15063
2014-01-13,157.651154,426.398438,705.837036,843.041199,1206.65,2449.94189,2636.45044
2014-01-14,162.377563,418.413666,691.095642,831.109253,1188.76,2414.29395,2599.55103
2014-01-15,167.169189,410.473358,676.74884,820.52179,1171.11,2379.35645,2563.77661
2014-01-16,162.261932,403.016052,663.630676,819.410034,1153.73,2346.14746,2529.06348
2014-01-17,152.56189,400.202057,650.942322,850.828247,1136.97,2312.08081,2493.44336
2014-01-18,144.629807,400.1604,638.518921,882.773254,1122.84,2278.83813,2458.35938
2014-01-19,138.566528,393.706451,630.035217,863.187317,1124.95,2247.13354,2424.00781
2014-01-20,136.105392,379.901917,625.432495,820.859924,1158.67,2216.13135,2390.77271
2014-01-21,142.726624,366.156433,616.276001,787.564087,1172.36,2188.9209,2358.84326
2014-01-22,149.238525,354.76947,598.94458,767.053772,1135.80,2182.86621,2327.85425
2014-01-23,143.191788,346.480927,580.49646,758.73877,1091.32,2209.25146,2304.47729
2014-01-24,133.172089,346.433838,564.573364,755.879578,1056.77,2209.2229,2310.51489
2014-01-25,124.94165,350.479828,551.426514,750.227112,1036.58,2153.61255,2335.40161
2014-01-26,118.487762,344.356659,545.65802,735.430847,1026.83,2089.99561,2316.64819
2014-01-27,114.386414,330.15213,545.937439,715.124084,1019.90,2038.57629,2254.28931
2014-01-28,111.489685,316.779236,538.359497,694.95929,1007.80,2005.15588,2193.94458
2014-01-29,108.998344,305.425385,521.042175,737.957825,1238.15,2366.86279,2508.97876
2014-01-30,106.579605,296.713074,503.580872,670.447449,1155.84,2089.81348,2218.23315
2014-01-31,104.158386,289.751648,488.261993,663.151855,1133.91,2065.54346,2211.03418
2014-02-01,101.456444,283.392181,475.563263,654.390381,1117.60,2025.66809,2198.09351
2014-02-02,98.908638,277.302826,465.143738,644.437378,1106.53,1983.58655,2166.86499
2014-02-03,96.6797409,271.310486,455.543518,633.827454,1096.13,1945.65857,2124.71216
2014-02-04,94.5262451,265.196198,445.993469,623.641968,1084.11,1916.0647,2082.89575
2014-02-05,92.4224472,259.14444,436.547913,613.72052,1071.07,1929.95068,2087.0061
2014-02-06,90.3692398,253.512711,427.14743,604.153259,1061.36,1958.52258,2114.2627
2014-02-07,88.3739319,248.126572,417.830536,595.330994,1058.34,1938.66418,2091.73657
2014-02-08,86.5436478,242.850296,409.017151,587.645508,957.96,1854.19226,2022.91248
2014-02-09,85.242775,237.673279,400.584137,580.283997,814.92,1676.21069,1834.42932
2014-02-10,86.7023468,232.617722,392.336212,573.363037,803.04,1654.14417,1811.31274
2014-02-11,90.0212173,227.742279,384.245239,571.286316,792.27,1630.65271,1785.98987
2014-02-12,89.6374512,223.229721,376.330658,575.439758,781.66,1608.1178,1761.49658
2014-02-13,90.4546432,220.570419,368.620728,594.545044,772.50,1586.65125,1737.84766
2014-02-14,92.9259872,220.79892,361.290802,627.327576,769.19,1566.48218,1715.22461
2014-02-15,90.2117538,219.334442,355.449554,633.787354,773.43,1546.65271,1693.8158
2014-02-16,86.9461594,216.507904,352.677216,616.185181,796.12,1528.55249,1673.39795
2014-02-17,119.402458,220.52533,349.574158,615.453613,821.83,1516.80591,1653.34009
2014-02-18,272.065338,248.652863,347.389221,618.395935,818.43,1517.49377,1636.67371
2014-02-19,495.802887,311.788849,360.197784,649.999451,809.45,1549.38635,1629.33765
2014-02-20,572.635864,406.693176,398.077332,938.259338,820.18,1586.45569,1641.10938
2014-02-21,451.359406,561.140076,465.673126,1873.24023,835.36,1601.99683,1679.09033
2014-02-22,291.296509,750.109863,555.832947,3186.56006,921.57,1622.0437,1707.4856
2014-02-23,179.531662,824.190308,684.11438,3631.29077,1383.21,1678.71655,1720.17639
2014-02-24,113.601135,699.609009,854.824829,2924.83984,2509.64,1775.10718,1748.41101
2014-02-25,87.6034698,496.238434,946.668457,1995.3103,3673.62,1961.3606,1816.70825
2014-02-26,80.662735,341.179657,846.685547,1309.04858,3615.38,2524.62524,1912.63379
2014-02-27,79.0972214,248.61142,641.235962,926.683838,2745.37,3633.76294,2031.91016
2014-02-28,76.4272308,205.336853,470.836639,785.221802,1882.97,4798.17773,2858.0332
2014-03-01,71.0241623,189.50206,366.260559,773.348816,1293.15,4699.01855,4229.29932
2014-03-02,74.2537613,182.274048,312.735321,789.550354,991.83,3625.91724,5107.54541
2014-03-03,82.6944733,175.342499,291.120636,779.641052,899.70,2679.7395,4592.67529
2014-03-04,79.4699478,165.759003,280.592407,729.498718,902.76,1999.33606,3455.552
2014-03-05,70.1876755,161.760498,271.63501,689.980957,910.00,1652.20312,2535.99927
2014-03-06,62.3391266,168.213959,260.574615,711.917053,880.85,1549.60242,1967.51038
2014-03-07,60.1664124,168.547562,252.896408,734.166687,825.13,1545.3031,1715.29529
2014-03-08,63.6925583,158.47467,256.464233,721.726685,802.91,1541.12561,1649.52429
2014-03-09,61.6925163,148.186386,257.28479,697.231934,831.13,1499.74609,1649.48401
2014-03-10,55.5444603,141.509674,246.606583,680.941528,840.88,1439.70532,1633.63489
2014-03-11,51.1388245,141.945419,234.331589,675.443542,820.86,1420.88892,1581.09973
2014-03-12,47.9273148,140.998856,225.054825,647.744507,795.09,1443.7887,1528.07385
2014-03-13,45.3757896,134.120041,222.811539,605.700012,782.88,1444.19104,1541.7644
2014-03-14,43.3888931,127.261223,221.35675,569.626831,771.54,1430.09888,1571.95569
2014-03-15,42.317749,122.157753,213.754639,547.555298,735.58,1395.87634,1554.46326
2014-03-16,41.57201,118.008263,205.066681,533.98645,712.12,1383.04846,1521.1897
2014-03-17,40.7743416,114.333244,198.295029,525.839539,681.29,1369.78918,1493.47668
2014-03-18,39.5767059,111.527847,192.568237,520.478638,659.78,1326.28503,1482.95508
2014-03-19,38.4806633,109.285316,187.399231,514.939514,645.49,1275.19678,1457.24219
2014-03-20,42.9992447,107.254341,183.041153,514.361023,637.56,1233.88062,1408.53406
2014-03-21,79.1147766,107.027603,179.45961,519.672913,631.80,1205.75049,1359.19922
2014-03-22,138.339371,117.911659,177.632706,530.60144,626.41,1185.30945,1322.37488
2014-03-23,167.107666,144.094482,180.733856,584.558899,627.59,1172.20911,1297.08386
2014-03-24,187.755966,200.910568,194.126068,760.590271,634.54,1162.41296,1278.65625
2014-03-25,206.928848,285.994812,227.166611,989.513,654.92,1157.76379,1266.97839
2014-03-26,182.71521,336.347443,294.404205,1182.10315,746.18,1167.5448,1258.02161
2014-03-27,136.261749,351.341034,387.36203,1303.52539,963.22,1199.27161,1257.00317
2014-03-28,105.495071,352.125366,441.003693,1230.65613,1192.56,1266.77808,1273.20947
2014-03-29,114.693336,313.559692,452.421021,1112.45557,1790.19,2986.85425,2898.78711
2014-03-30,156.923492,251.027832,441.207245,914.341064,1852.26,2661.00488,2363.77319
2014-03-31,183.951508,199.381439,399.427979,707.626282,1615.91,2523.22681,2172.15186
2014-04-01,193.227066,184.459686,332.942413,692.11792,1378.08,2669.29004,2457.44775
2014-04-02,214.640778,212.867859,273.84613,765.724731,1191.87,2707.52222,2687.49878
2014-04-03,255.910019,254.987396,249.764664,896.980774,1103.98,2492.71387,2813.81714
2014-04-04,297.362488,272.090912,269.740417,1319.33667,1137.94,2054.00586,2634.49097
2014-04-05,307.344727,286.176392,311.801422,2109.84863,1229.41,1818.14429,2374.19971
2014-04-06,304.948395,335.983887,334.813721,2775.47144,1428.08,1718.82629,2086.87891
2014-04-07,258.494232,401.912781,357.281464,2751.87573,1834.28,1614.93872,1672.31384
2014-04-08,187.060226,429.865936,408.755798,2282.35498,2533.03,1656.03064,1591.63464
2014-04-09,173.908539,423.561768,472.043457,1809.34985,2965.28,1835.6886,1601.27246
2014-04-10,185.569534,382.556488,503.568817,1393.2981,2753.90,2431.20483,1746.11096
2014-04-11,182.468262,317.247131,503.415222,1157.0769,2264.83,3311.69263,2077.53027
2014-04-12,160.184921,290.562775,475.198792,1085.77881,1809.83,3851.66675,2811.63989
2014-04-13,128.635941,284.384155,420.942627,1032.86353,1423.34,3677.62573,3660.99609
2014-04-14,94.541893,267.790863,389.720001,968.193298,1244.19,3190.26562,3953.74829
2014-04-15,64.4854431,234.486252,376.838654,907.064087,1182.04,2689.61719,3616.61328
2014-04-16,48.5646667,193.530869,347.187927,828.635437,1115.69,2235.00098,3119.65991
2014-04-17,39.8477936,153.991348,301.779663,736.164978,1050.32,2021.0752,2619.52271
2014-04-18,38.8928566,117.925613,252.028397,662.243164,985.02,1929.8739,2233.4209
2014-04-19,51.7602463,98.6555328,206.972397,618.147766,895.08,1818.45129,2083.23242
2014-04-20,71.5329361,95.5690155,166.979996,600.553833,799.58,1693.96033,1992.05408
2014-04-21,72.0348663,93.3243866,142.530823,600.298706,731.66,1570.76233,1869.80676
2014-04-22,56.3435249,94.4325943,136.89119,604.740234,693.09,1431.57349,1745.99451
2014-04-23,42.948864,109.107368,133.578995,641.042236,679.68,1298.60303,1619.1377
2014-04-24,33.1896858,113.464302,131.648529,678.36261,678.94,1214.69189,1476.41772
2014-04-25,27.7639847,98.9132385,143.282852,650.036438,689.26,1172.87122,1357.1543
2014-04-26,25.8455009,82.0144501,150.074249,598.456848,737.68,1153.20154,1290.5752
2014-04-27,30.0365238,71.7787933,137.569046,564.770142,761.74,1149.93054,1257.13806
2014-04-28,48.0601273,77.040184,120.190529,648.947571,1151.97,2840.62744,2945.59424
2014-04-29,64.4266357,93.8436508,111.217491,641.827759,1117.46,2618.25586,2685.55493
2014-04-30,95.1200256,106.562408,116.476562,665.598022,1100.75,2023.02917,2093.05957
2014-05-01,175.570526,114.45977,133.846207,726.15387,1087.34,1949.23364,2099.76855
2014-05-02,216.113297,125.699028,152.992752,780.131409,1091.23,1945.26074,2096.12598
2014-05-03,243.593185,154.10228,177.056091,868.937439,1132.52,1964.57495,2061.98682
2014-05-04,334.814667,249.094299,224.276459,979.368896,1142.35,1854.05518,1934.87366
2014-05-05,483.200165,379.491791,304.771545,1045.84509,1195.96,1854.96753,1889.89551
2014-05-06,730.013184,477.301636,454.596191,1093.42749,1356.12,1985.07458,1928.01074
2014-05-07,921.213013,617.855896,647.651672,1413.43091,1555.32,2243.71216,2058.03052
2014-05-08,965.784973,958.688965,778.836426,2342.4165,1667.81,2570.12671,2262.20898
2014-05-09,1227.13635,1534.95435,902.561523,3475.86206,1795.55,3009.39893,2539.84717
2014-05-10,1796.51953,2073.28613,1228.1073,4152.56543,2344.29,3472.22437,2887.05322
2014-05-11,2239.03882,2443.48755,1837.36194,4221.38672,3571.11,3797.80591,3396.99023
2014-05-12,2234.1311,2965.28174,2495.47339,4177.87451,4808.60,4129.2168,3837.05029
2014-05-13,1864.09131,3521.63013,3026.98193,4867.82764,5230.49,4916.02637,3900.57446
2014-05-14,1366.55286,3748.06714,3687.89746,6401.5293,5162.09,6859.39453,4379.93457
2014-05-15,925.574036,3553.95459,4417.94873,7686.81152,5289.60,8755.10547,5742.64062
2014-05-16,691.840759,2954.25854,4671.1123,7576.1084,6261.95,9811.82227,7829.2207
2014-05-17,628.383301,2226.41382,4326.01953,6175.12305,7733.15,10472.54,9442.36816
2014-05-18,622.9198,1637.95129,3570.32959,4536.36133,8525.23,11232.5078,10241.79
2014-05-19,568.341309,1258.04602,2691.87207,3442.55151,7790.46,12248.8008,10885.001
2014-05-20,479.407623,1068.20715,2002.77966,2789.93433,6094.54,13093.8525,11733.7256
2014-05-21,425.099396,973.28241,1548.29187,2311.26367,4463.47,12920.6104,12819.0322
2014-05-22,403.457367,864.018799,1293.11218,1975.27808,3462.93,11218.3281,13355.1406
2014-05-23,425.115387,727.685669,1155.57922,1762.33252,2857.33,8831.46973,12681.4795
2014-05-24,496.381958,632.208008,1059.03992,1638.41003,2437.22,6771.61328,10697.3125
2014-05-25,560.87561,646.357056,974.671509,1653.10364,2162.37,5471.62939,8302.70312
2014-05-26,573.599426,852.035156,981.589417,1882.60498,1997.46,4714.32568,6455.58691
2014-05-27,604.307434,1181.61511,1241.97192,2094.95825,2065.99,4207.49902,5340.12354
2014-05-28,677.934753,1419.5127,1744.36475,2108.79419,2566.74,3865.51807,4665.58936
2014-05-29,841.228027,1560.58533,2225.30371,2077.42163,3055.30,4516.85596,4931.78516
2014-05-30,1045.47241,1675.07007,2469.55664,2159.83276,3124.67,4385.59961,4046.38989
2014-05-31,1141.69604,1731.35266,2558.37817,2392.15552,2970.20,5542.24463,4237.33887
2014-06-01,1107.19214,1763.33411,2517.74707,2605.11987,2855.05,6436.11914,4926.75684
2014-06-02,934.903442,1806.66064,2382.45776,2602.91089,2839.12,6683.05811,6099.47314
2014-06-03,754.24176,1782.33264,2272.06226,2349.96411,3005.69,6529.45898,6840.10547
2014-06-04,632.135254,1682.72473,2244.58984,2085.00293,3068.63,6273.49512,6888.91895
2014-06-05,537.163147,1511.32031,2226.9043,1980.47546,2895.61,6086.7793,6688.65234
2014-06-06,538.784912,1308.15991,2131.77539,1947.96753,2615.07,6102.91162,6410.42041
2014-06-07,618.902893,1162.40173,1995.80676,2114.15649,2479.42,6135.125,6284.71777
2014-06-08,747.74762,1098.62671,1845.85754,2375.53491,2487.72,5956.46094,6349.28516
2014-06-09,883.889893,1385.38855,1748.11499,2721.57642,2617.31,5646.1748,6361.80713
2014-06-10,1011.01855,1989.92908,1781.5835,3343.38062,3021.23,5506.45605,6174.40576
2014-06-11,1136.54944,2519.14209,2145.97217,4048.91602,3676.34,5459.12305,6046.42529
2014-06-12,1223.24512,2856.52832,2828.06323,4748.30518,4678.66,5710.57275,6124.03174
2014-06-13,1262.88123,2974.94629,3403.21826,5366.38379,5837.26,6540.23242,6222.02002
2014-06-14,1331.70911,2980.3103,3699.34717,5555.8877,6657.61,7856.39746,6616.59863
2014-06-15,1520.37878,3048.33423,3879.68115,5536.08398,7227.26,9534.70996,7594.25293
2014-06-16,1863.22363,3414.91064,4306.09277,5665.38623,7733.03,11108.5371,9005.09277
2014-06-17,2225.12793,4446.34033,4984.2417,6191.32617,8012.32,12370.7852,10600.7881
2014-06-18,2845.80884,5819.25781,5983.1123,7228.09229,8623.63,13496.4072,11996.6572
2014-06-19,3454.02856,7007.91455,7836.92822,8549.1709,9679.78,14790.9961,13182.8682
2014-06-20,3416.5625,7521.70752,9755.78418,9193.6416,10645.96,16207.9746,14475.5771
2014-06-21,3391.83569,7671.73438,10998.5537,9254.41309,11772.83,18598.4941,16139.7939
2014-06-22,4092.78125,8007.54932,11367.4463,10000.9492,12910.07,21965.5332,18347.0762
2014-06-23,5240.44043,7978.38037,10927.1709,10332.4727,12833.00,24425.1406,21420.6582
2014-06-24,5677.8457,7921.62939,10620.0273,9858.71191,12486.89,26217.8477,24738.8008
2014-06-25,5043.91553,8411.16602,10310.4873,9725.31934,12739.40,26978.5879,26649.9355
2014-06-26,4259.93604,9088.03809,9911.2832,9883.9502,12295.00,26101.709,27783.3379
2014-06-27,3561.24243,9327.09277,10008.8213,10033.0645,11718.43,25203.6699,27658.127
2014-06-28,2934.98608,8765.23535,10483.6133,9661.08984,11498.47,24722.9824,26495.0098
2014-06-29,2706.14258,7796.83496,10730.8037,8425.5459,11644.65,23916.1445,25885.6055
2014-06-30,2868.31787,6812.51758,10205.6973,7013.16455,11669.44,23530.8965,25322.0684
2014-07-01,3195.90381,6099.94287,9191.84668,6417.60303,10918.14,23716.8633,24469.5645
2014-07-02,3272.48364,6119.63916,8120.49658,7288.52588,9388.68,23532.1738,24311.207
2014-07-03,3096.31567,6592.52734,7286.21729,8119.05908,8292.33,22845.7598,24189.6621
2014-07-04,2905.08081,6953.66553,7182.75977,7697.10791,8192.09,21282,24225.5859
2014-07-05,2800.07129,6955.15137,7604.99219,7129.34229,9391.08,18665.1914,23174.0508
2014-07-06,2730.38452,6791.54443,7983.65918,6925.26025,9892.17,16673.8848,21066.9141
2014-07-07,2593.72412,6546.14941,7986.61279,6918.29834,9235.18,16879.916,18493.5117
2014-07-08,2444.11523,6054.77979,7787.94775,6912.40625,8700.01,18742.998,17030.3145
2014-07-09,2325.40454,5548.0791,7550.47559,6751.79541,8456.42,19588.0371,17912.2773
2014-07-10,2337.71631,5157.78369,7063.59326,6419.90674,8392.97,18881.4863,19847.4102
2014-07-11,2393.67163,4875.03906,6527.03857,6171.47998,8320.33,18185.1973,20373.9316
2014-07-12,2465.85742,4745.98145,6143.87305,6346.56787,8052.24,17541.0352,19665.1055
2014-07-13,2528.70117,5058.44092,5931.58887,6810.29736,7730.02,16881.9531,18857.8379
2014-07-14,2521.44873,5397.77295,5812.60889,7015.33545,7783.97,16391.5059,18051.1816
2014-07-15,2522.4668,5414.79541,6002.80078,6784.62646,8243.15,15976.6182,17403.4883
2014-07-16,2840.28564,5560.98682,6378.02002,6617.27246,8700.64,15624.3154,16911.3906
2014-07-17,3795.52124,6033.93164,6462.95703,6907.17041,8860.57,15688.2676,16418.4844
2014-07-18,4643.72656,6796.50781,6554.15674,8080.31055,8955.70,16548.9648,16092.0908
2014-07-19,4639.10107,7526.85645,6977.09863,9782.92676,9296.93,17306.2402,16411.1992
2014-07-20,4094.80103,8246.38379,7703.18799,10917.543,9828.24,17436.6777,17574.7246
2014-07-21,3545.09399,8973.23926,8443.95215,11127.4883,11050.38,17706.4199,18582.2324
2014-07-22,3517.32959,9108.42871,9131.06738,10761.46,12424.88,18630.7344,18969.2461
2014-07-23,4089.64111,8521.83008,9841.32422,10533.9219,13241.97,20050.3574,19546.873
2014-07-24,4831.71436,8210.72949,10113.7168,11319.9248,13567.51,21999.3789,20779.4883
2014-07-25,4734.83643,8985.5957,9716.1123,11986.3115,13522.81,24063.4824,22286.6523
2014-07-26,3912.33618,10216.5098,9484.73047,11547.667,14509.13,25431.0234,23978.5645
2014-07-27,3177.52881,10821.7188,10347.3701,10643.3252,16396.43,25709.4961,25547.998
2014-07-28,2627.54541,10062.2578,11772.6582,9177.83203,16790.52,25502.3008,26422.5273
2014-07-29,2446.6062,8497.33789,12545.4482,7678.20654,15479.99,26787.0039,26094.7266
2014-07-30,2628.1543,7145.42139,11890.9346,6990.0293,13537.04,30427.7852,26043.5801
2014-07-31,2686.54053,6171.00049,10209.708,7754.42676,11417.58,32326.4922,28528.5703
2014-08-01,2435.80444,5585.27295,8593.74414,9294.99023,9751.51,31066.6055,32161.8184
2014-08-02,2417.20581,5412.09277,7427.21143,9645.5752,9225.28,27694.1328,32901.0195
2014-08-03,2783.57251,5351.92773,6656.85645,8376.80664,10334.05,23563.8262,30850.2012
2014-08-04,3142.62134,5146.26904,6318.28369,6871.59277,11646.43,20205.7168,27273.5215
2014-08-05,3216.5918,5316.8999,6237.59668,6222.96924,11284.92,18721.4082,23639.375
2014-08-06,2924.59277,6169.44629,6056.86865,6323.38477,9717.25,19304.5859,20975.5371
2014-08-07,2522.51172,7053.41699,6121.37695,6682.97217,8608.02,20257.4551,20067.5918
2014-08-08,2395.3457,7484.77295,6901.26514,6877.41406,8524.26,19668.8496,20826.127
2014-08-09,2379.70972,7339.84619,7861.14941,6621.43652,8890.50,17797.3711,21149.498
2014-08-10,2311.72363,6498.25098,8413.85254,6074.11475,9523.22,16970.7461,19783.7871
2014-08-11,2298.75732,5625.66553,8421.56348,5480.40674,9547.47,17815.1641,17981.6406
2014-08-12,2455.6167,5066.98535,7624.84424,5035.77881,8814.74,18971.082,17834.9062
2014-08-13,2612.83228,4720.33643,6607.36719,4916.02344,7877.14,19880.2715,18896.3945
2014-08-14,2838.1709,4758.9707,5944.71826,5269.10059,7004.94,19485.9277,19985.6719
2014-08-15,3526.39868,5209.88232,5595.01953,5980.28955,6530.48,17730.8555,20565.8809
2014-08-16,4647.3418,6243.73779,5764.23828,7012.70459,6561.41,15940.918,19788.8555
2014-08-17,5275.15234,7976.35693,6385.521,8545.65527,7340.69,14742.0635,18084.3672
2014-08-18,4840.26807,9629.24121,7417.28809,10150.6963,8568.72,14377.1279,16455.3125
2014-08-19,4160.3623,10441.1211,9044.25293,10771.5088,9753.69,14718.6426,15407.334
2014-08-20,3956.30786,10426.2559,10678.1133,10047.0586,11127.37,16027.0488,15293.7959
2014-08-21,3989.64526,9621.67188,11550.5508,8785.77051,12331.09,18656.1113,15724.8965
2014-08-22,3723.00732,8840.32227,11635.084,7713.41211,12448.08,21459.7539,17566.8086
2014-08-23,3733.86719,8626.14844,10918.6719,6858.23779,11636.64,24257.2832,20231.7305
2014-08-24,4714.40234,8619.20117,10186.7617,6637.2041,10494.50,26113.918,22959.3359
2014-08-25,6187.01953,8684.15039,10056.5488,7441.61963,9364.42,25772.125,25460.6367
2014-08-26,7233.29688,8981.39258,10100.5312,8548.64453,8491.62,23881.2305,26678.5508
2014-08-27,6868.47852,10033.8994,10317.8057,10699.376,8654.16,22202.4492,25544.9961
2014-08-28,5556.70361,11431.7988,10917.7305,14014.748,9788.66,21065.7363,23639.3184
2014-08-29,4439.60156,12289.0801,12149.5264,15548.1152,11234.32,20117.4473,21828.1875
2014-08-30,3644.95093,11855.3105,13784.707,14146.6182,14194.99,21262.0293,21192.2148
2014-08-31,3054.75659,10389.2617,15144.2275,11749.9785,17669.64,23529.625,21065.1133
2014-09-01,2733.06763,9166.97266,15374.627,9548.2334,18589.20,26918.5352,22545.1914
2014-09-02,2662.37622,8231.08496,14321.3613,7566.89502,17038.18,32189.3418,25140.082
2014-09-03,2537.11035,7232.50439,13079.5449,6282.39014,15071.29,37370.7852,29037.0742
2014-09-04,2319.72168,6302.65039,11977.4629,5710.2334,12804.86,38536.707,34733.4648
2014-09-05,2189.46411,5697.19238,10712.0479,5543.44287,10551.98,36033.5469,39053.4922
2014-09-06,2209.16333,5371.08594,9329.28711,5458.82324,9210.31,33314.3008,38783.2969
2014-09-07,2251.12549,5091.85254,8255.2998,5281.61377,8687.45,30297.0234,35963.8555
2014-09-08,2361.22437,4823.42285,7694.66602,5097.77246,8398.41,26304.9316,32938.3555
2014-09-09,2594.17578,4693.55908,7179.78418,5017.79736,7905.72,22557.6094,29662.9766
2014-09-10,2778.05176,4871.29199,6602.42529,4987.41113,7469.69,20429.625,25330.541
2014-09-11,2870.98047,5454.04248,6267.23096,4983.41748,7269.98,18985.5625,21988.0957
2014-09-12,2834.62354,6337.02197,6395.10352,4946.49316,7237.69,17271.3809,20218.7949
2014-09-13,2676.41968,6938.86084,7045.06934,4838.17334,7383.99,16050.8574,18656.8535
2014-09-14,2510.44849,6944.12354,8067.84326,4625.89453,7619.29,15670.4473,16998.5625
2014-09-15,2291.15601,6619.1748,8946.21582,4345.26172,7641.61,16135.8682,16016.5176
2014-09-16,2040.87451,6138.77979,9198.62012,4138.41406,7468.84,17295.6504,15941.3291
2014-09-17,1853.00977,5662.90137,8835.6084,3909.83374,6978.57,18832.2969,16632.8262
2014-09-18,1686.74365,5278.23145,8170.74902,3699.11548,6468.01,19898.9121,18002.7109
2014-09-19,1644.92578,4936.68896,7601.16406,3954.62402,6170.88,19808.8047,19517.2773
2014-09-20,2046.22046,5174.00098,7345.25342,4517.06494,6075.84,18565.7227,20311.3691
2014-09-21,2886.71094,5804.24023,7268.41357,5394.88135,6980.48,17385.3496,19876.9766
2014-09-22,3696.39136,6058.43896,7521.20996,6344.20459,8639.56,16765.3809,18424.0156
2014-09-23,4211.05762,6266.63086,8043.73584,7057.96875,9480.25,16259.7471,17439.1719
2014-09-24,4166.4502,6917.43457,8169.98633,8821.7334,9686.40,17615.5371,16753.3477
2014-09-25,3928.15869,7832.91211,8055.7793,10411.9971,9623.98,19812.9336,16738.6191
2014-09-26,3846.86841,8745.17773,8487.47461,10093.5225,9906.77,21030.8027,18578.6113
2014-09-27,3653.90186,9019.0459,9592.75879,9169.61035,11738.92,20831.5645,20702.0098
2014-09-28,3315.99927,8518.56934,10766.1133,8394.49023,12850.89,20160.8008,21160.8574
2014-09-29,2913.87451,7936.21777,11147.6328,8075.89795,12265.34,20826.3242,20907.7422
2014-09-30,2489.85913,7211.74023,10486.1182,8247.59473,11351.80,23717.1992,20348.3691
2014-10-01,2082.13989,6267.91602,9561.5293,7958.75049,10556.09,26055.7969,21950.2969
2014-10-02,1800.55005,5403.72217,8639.94434,6785.94873,10101.25,25434.7129,25072.4121
2014-10-03,1608.50928,4690.00586,7567.19873,5537.47852,9970.90,23596.043,26544.0957
2014-10-04,1488.74524,4104.09521,6600.10498,4496.021,9176.37,21722.9902,25288.8262
2014-10-05,1430.39722,3701.84546,5857.65283,3672.05542,7792.16,20052.8555,23392.084
2014-10-06,1374.17969,3461.84399,5273.38477,3181.54077,6543.07,18598.4434,21528.002
2014-10-07,1304.67957,3275.34644,4830.26416,2931.65771,5501.84,16892.9434,19906.1152
2014-10-08,1244.73877,3124.4021,4531.81543,2819.50244,4735.76,14867.4453,18387.457
2014-10-09,1206.47961,2990.98584,4292.81104,2754.26416,4286.41,13053.6045,16480.9512
2014-10-10,1185.35181,2830.05664,4099.31494,2680.58032,4034.61,11526.9238,14462.2559
2014-10-11,1154.95618,2686.19995,3951.13184,2566.92896,3896.68,10365.7646,12709.5908
2014-10-12,1130.62476,2598.72559,3775.58716,2468.21558,3802.65,9534.22461,11301.8496
2014-10-13,1146.89819,2591.16846,3646.10107,2425.77979,3724.00,8976.22656,10281.4424
2014-10-14,1174.20972,2631.36987,3648.29224,2411.5647,3639.14,8608.15039,9567.6582
2014-10-15,1167.74475,2633.89185,3756.70801,2423.08423,3602.67,8413.82812,9093.12305
2014-10-16,1113.45142,2619.25684,3874.03638,2448.00586,3607.26,8415.36621,8773.89648
2014-10-17,1075.41418,2593.14844,3865.92944,2468.29712,3619.82,8444.81152,8618.57129
2014-10-18,1044.72009,2542.45923,3785.60474,2492.23975,3636.10,8551.51074,8622.2002
2014-10-19,1009.64789,2514.10474,3722.57617,2570.56445,3669.15,8751.49414,8688.30566
2014-10-20,1097.99268,2493.63037,3651.38647,2671.44995,3718.69,8964.5957,8891.06641
2014-10-21,1255.12,2490.60791,3581.81982,2712.41724,3823.10,9093.3584,9125.02051
2014-10-22,1237.64685,2463.54443,3493.89624,2763.85254,3987.66,9043.31641,9300.98535
2014-10-23,1076.46045,2418.64966,3405.11597,2832.39111,4081.19,8946.00586,9393.4707
2014-10-24,930.605713,2443.05249,3310.3999,2828.75195,4060.71,8874.56055,9316.23242
2014-10-25,821.507629,2386.52905,3192.94604,2718.59131,4025.10,8777.28613,9197.2334
2014-10-26,758.171814,2180.90698,3154.96875,2509.8042,3960.48,8620.01562,9074.47168
2014-10-27,757.903198,1972.39001,3093.75342,2281.45581,3830.20,8341.51562,8919.40234
2014-10-28,900.397217,1856.92334,2888.89648,2111.80762,3637.27,8065.69189,8695.99316
2014-10-29,1132.00488,1957.94629,2670.23364,2078.57202,3362.45,7924.82764,8440.69238
2014-10-30,1224.32715,2363.22241,2573.77344,2497.3103,3161.65,7514.11719,8088.61475
2014-10-31,1100.89746,2856.74292,2707.62134,3592.32104,3142.14,7069.18604,7881.98926
2014-11-01,909.598145,3052.24438,3119.07666,4649.03564,3499.45,6620.74609,7498.47314
2014-11-02,767.900269,2869.5874,3611.70679,4694.64502,4316.42,6399.7793,7030.74854
2014-11-03,678.840332,2470.89795,3825.6333,3945.79858,5456.14,6624.7251,6653.50146
2014-11-04,635.6922,2047.06543,3627.84326,3094.88477,6112.66,7452.7959,6550.9126
2014-11-05,619.944702,1752.06738,3193.87305,2503.10962,5672.74,8748.21582,6984.60498
2014-11-06,616.943298,1597.5658,2740.52539,2216.70776,4739.53,10000.6094,8065.72998
2014-11-07,614.847839,1536.29944,2405.87231,2161.71045,3949.85,10383.3965,9458.00293
2014-11-08,612.029175,1513.40991,2216.82056,2185.42773,3549.05,9590.95801,10497.3418
2014-11-09,601.903381,1489.422,2128.43921,2229.17456,3461.55,8326.13867,10432.999
2014-11-10,576.073853,1451.35095,2084.87866,2232.46045,3456.10,7328.42969,9348.09961
2014-11-11,549.172241,1408.47095,2039.80151,2122.17871,3432.18,6864.4834,8085.41064
2014-11-12,528.391541,1369.60022,1982.78906,1965.36865,3374.01,6720.44873,7245.96094
2014-11-13,511.936218,1325.93469,1924.43018,1838.82678,3231.56,6632.57373,6923.62256
2014-11-14,499.006195,1280.1228,1871.90503,1755.18701,3015.53,6494.12012,6805.23779
2014-11-15,487.767822,1242.20508,1819.19885,1703.32312,2818.88,6223.70361,6716.50928
2014-11-16,477.818054,1211.22778,1763.33105,1669.20691,2681.27,5867.37793,6536.25635
2014-11-17,468.315186,1183.4126,1713.84644,1642.66541,2596.00,5509.25635,6230.63428
2014-11-18,458.730042,1157.15869,1673.16565,1620.87073,2540.16,5207.13574,5868.17969
2014-11-19,450.976898,1133.66394,1636.04968,1599.9613,2496.48,4992.31982,5516.37891
2014-11-20,445.927551,1113.03772,1600.29785,1576.59033,2458.56,4850.33252,5241.26758
2014-11-21,445.187622,1092.21375,1567.44653,1556.91577,2427.32,4746.32861,5051.63867
2014-11-22,439.999847,1072.52771,1538.20544,1539.9093,2396.97,4654.99316,4926.47217
2014-11-23,429.213898,1055.7821,1509.35364,1523.92358,2368.00,4572.8833,4827.52686
2014-11-24,417.239685,1046.17017,1481.92603,1510.12744,2348.49,4455.11328,4738.73242
2014-11-25,402.22171,1034.37512,1457.08093,1490.64172,2332.62,4292.84131,4660.48438
2014-11-26,388.805969,1012.64099,1438.25024,1462.89746,2314.85,4237.6626,4495.66162
2014-11-27,377.232574,985.744751,1420.10974,1434.52246,2292.29,4197.9541,4384.42383
2014-11-28,367.546967,955.274719,1395.63794,1395.2887,2153.74,4174.19678,4335.56494
2014-11-29,358.817657,926.897888,1358.83325,1378.04871,2126.57,4133.81152,4293.21729
2014-11-30,350.651947,901.757751,1321.76587,1363.76685,2118.58,4027.03931,4256.97412
2014-12-01,342.829132,879.998779,1285.69971,1343.95007,2084.63,3946.35815,4204.18262
2014-12-02,334.970764,860.182251,1253.11963,1324.37598,2054.25,3861.62207,4104.02246
2014-12-03,327.39502,841.329163,1224.08423,1305.11475,2026.58,3780.52075,4023.39258
2014-12-04,319.984375,823.037109,1197.40442,1286.20215,2000.17,3708.42529,3938.97705
2014-12-05,312.877411,804.864929,1171.89661,1267.64941,1973.84,3644.54614,3860.27124
2014-12-06,305.93399,787.233215,1147.17175,1249.8894,1909.60,3587.19312,3790.88452
2014-12-07,299.151093,770.08667,1122.75208,1233.23181,1764.89,3533.15088,3729.11523
2014-12-08,292.531128,753.50116,1098.8562,1219.2843,1738.50,3479.95581,3672.87061
2014-12-09,286.061859,737.26886,1075.62219,1204.79175,1713.21,3391.55103,3618.7793
2014-12-10,279.736908,721.409973,1053.0459,1187.42957,1689.65,3218.93018,3565.56641
2014-12-11,273.546906,705.903992,1030.96021,1169.98328,1668.45,3167.48755,3421.03784
2014-12-12,267.487762,690.736633,1009.37238,1152.80591,1645.63,3117.94678,3304.08252
2014-12-13,261.561249,675.906189,988.22699,1136.24475,1620.61,3070.7395,3252.98364
2014-12-14,255.76857,661.394592,967.551941,1120.14514,1596.18,3026.30273,3203.68311
2014-12-15,250.266418,647.197021,947.306946,1103.81738,1572.03,2980.87891,3157.34863
2014-12-16,245.508438,633.453857,927.49353,1087.7196,1548.70,2933.74951,3112.66431
2014-12-17,241.808487,620.654358,908.094177,1072.20752,1525.75,2887.61011,3066.07275
2014-12-18,240.600845,608.329468,889.188538,1059.77393,1502.66,2842.19116,3018.83081
2014-12-19,256.566528,596.686157,871.299866,1070.49902,1480.16,2797.99609,2972.65186
2014-12-20,290.01001,585.604736,854.081238,1111.20435,1459.81,2754.62744,2927.29492
2014-12-21,287.690948,575.322266,837.502991,1153.84277,1451.74,2711.80786,2883.17041
2014-12-22,256.254761,574.175903,821.743042,1182.71448,1478.65,2670.59814,2838.3623
2014-12-23,233.921494,598.55481,806.547668,1186.23181,1541.34,2632.3042,2795.06421
2014-12-24,215.468262,606.077881,798.05719,1144.61206,1595.23,2609.47778,2754.16797
2014-12-25,204.600037,574.018799,814.419006,1074.6416,1618.58,2631.21973,2718.53174
2014-12-26,198.219055,541.187866,824.388184,1013.57147,1607.54,2689.33447,2707.67456
2014-12-27,193.680664,514.576111,793.924438,972.545837,1545.89,2738.0708,2745.43579
2014-12-28,189.371719,494.590729,754.419189,1043.90112,1669.63,3111.44507,3177.10474
2014-12-29,185.081192,480.711121,723.007751,1024.12415,1609.93,3100.26733,3231.87085
2014-12-30,180.169067,469.743652,697.494263,928.904175,1493.46,2933.00269,3166.42285
2014-12-31,174.792892,459.63678,678.939941,891.056213,1441.65,2785.36646,3076.25537
2015-01-01,171.763321,450.240417,664.330139,879.505066,1421.79,2703.21802,2967.21216
2015-01-02,171.531174,443.010529,653.976807,884.260254,1248.35,2618.1897,2813.70801
2015-01-03,170.806274,441.331177,652.3974,905.719971,1216.51,2273.11841,2469.91895
2015-01-04,167.849686,443.677917,659.151489,928.656372,1223.76,2234.67627,2398.63745
2015-01-05,166.636353,438.638519,667.083191,939.446106,1257.47,2212.27344,2351.07129
2015-01-06,187.804504,431.403809,666.533447,955.43634,1290.20,2210.98145,2318.64014
2015-01-07,225.313339,428.74707,647.12738,985.380737,1297.20,2239.61865,2302.46436
2015-01-08,228.082901,422.245667,621.360352,1005.46844,1300.27,2296.17578,2310.21924
2015-01-09,200.385574,425.958588,605.578796,1049.59827,1322.07,2327.00391,2349.48608
2015-01-10,183.001663,463.526794,593.208008,1153.65002,1340.74,2294.3269,2405.21411
2015-01-11,203.668488,506.033813,588.853149,1232.74255,1354.03,2253.24268,2413.99756
2015-01-12,239.778732,527.714478,616.235535,1305.23865,1420.39,2246.92651,2368.84937
2015-01-13,243.036499,541.377686,656.75946,1452.32434,1528.63,2244.72046,2340.91772
2015-01-14,213.025482,543.744324,677.705811,1635.51855,1613.42,2264.40845,2338.69116
2015-01-15,175.733505,531.81488,690.573242,1666.71313,1750.15,2403.56592,2335.63843
2015-01-16,149.422012,501.18103,692.265991,1485.73096,1955.92,2640.47314,2390.43188
2015-01-17,132.389374,447.238922,679.763123,1246.14478,2134.05,2847.75366,2591.67871
2015-01-18,125.266479,394.58197,652.426697,1080.62085,2109.31,3051.79712,2843.86694
2015-01-19,130.194092,372.854584,602.353943,1166.32019,1898.17,3263.70361,3055.35059
2015-01-20,141.258469,381.603394,554.895691,1360.82654,1691.03,3405.33301,3261.49121
2015-01-21,145.174988,396.727661,533.20575,1449.62769,1672.78,3339.72656,3456.27539
2015-01-22,136.305786,389.680511,533.723572,1398.14185,1948.12,3116.41016,3523.44775
2015-01-23,122.679298,365.325836,541.920166,1243.51074,2223.48,2972.36719,3370.46021
2015-01-24,111.731873,341.911896,530.06897,1089.04236,2273.47,3108.37891,3145.73999
2015-01-25,104.491379,315.930817,497.860535,956.462891,2112.80,3490.0166,3073.62427
2015-01-26,100.115379,291.086304,468.076263,865.132874,1853.23,3731.01587,3321.02246
2015-01-27,97.2911682,272.71344,438.665558,808.485962,1603.77,3616.20044,3691.45117
2015-01-28,95.0693665,260.260284,410.299042,777.673828,1425.93,3228.55713,3817.55591
2015-01-29,92.9340973,251.637131,388.206848,816.863464,1372.23,2817.44507,3457.12695
2015-01-30,90.7396774,244.569839,372.50766,738.854126,1258.95,2264.8667,3084.3103
2015-01-31,90.9807434,237.969559,360.843292,723.080078,1229.31,2056.79395,2716.3689
2015-02-01,100.72393,231.637238,351.165924,721.354614,1203.76,1932.05066,2390.73413
2015-02-02,115.501427,226.220383,342.373169,743.757263,1176.35,1917.78223,2183.95776
2015-02-03,113.728714,222.201706,333.849731,782.844177,1158.73,1894.01062,2070.78857
2015-02-04,100.199776,224.88942,326.341675,901.923401,1163.09,1849.05542,2006.0614
2015-02-05,89.9628906,236.993744,320.022034,1081.37622,1190.29,1804.67578,1960.45398
2015-02-06,82.8395157,240.211304,319.148071,1088.59888,1242.51,1773.15247,1914.64502
2015-02-07,81.0035248,227.075974,328.311798,942.608948,1391.68,1767.71899,1873.28748
2015-02-08,80.3606949,212.594223,332.877869,816.462708,1530.30,1788.69495,1848.87964
2015-02-09,77.6490097,201.976349,320.219696,726.482483,1466.82,1843.07361,1861.39905
2015-02-10,74.3859482,196.189743,303.281128,683.123352,1313.81,2003.88611,1890.05884
2015-02-11,71.4597473,193.349472,290.432404,668.673401,1198.39,2143.49805,1974.68127
2015-02-12,68.8499527,188.993195,282.004364,657.133057,1033.45,2066.89062,2151.74048
2015-02-13,67.5582886,183.46907,277.401855,643.873962,908.13,1899.2832,2222.47388
2015-02-14,80.8155212,178.22113,271.908417,632.685059,891.85,1771.61292,2094.36011
2015-02-15,155.469894,173.612045,264.922241,621.226013,875.73,1594.15625,1936.72522
2015-02-16,239.290466,176.295441,258.09552,617.614807,859.53,1462.94495,1704.6947
2015-02-17,222.486008,205.635757,251.94751,672.589478,845.78,1440.66553,1569.04871
2015-02-18,160.086288,283.81955,252.206772,789.059448,834.30,1417.42712,1535.78796
2015-02-19,115.384499,376.166321,276.262756,841.237122,843.50,1393.58496,1514.42224
2015-02-20,90.9248047,378.959534,345.862885,784.778442,922.66,1374.48987,1490.02246
2015-02-21,100.661659,306.083862,440.469543,698.657166,1026.35,1372.63123,1466.99878
2015-02-22,128.382599,240.897812,460.755829,629.177246,1036.83,1420.62439,1454.36133
2015-02-23,180.338181,198.883484,392.515564,608.322815,962.65,1579.19849,1464.07959
2015-02-24,223.690964,197.124573,320.400513,654.704895,875.38,1761.4939,1545.29382
2015-02-25,197.845947,225.750977,272.683655,732.797363,812.19,1757.3053,1733.74719
2015-02-26,140.748856,270.662018,263.272003,782.014954,737.69,1614.12634,1889.44263
2015-02-27,98.7535934,320.565857,288.536987,790.321777,796.25,1309.36475,1667.19055
2015-02-28,76.3527679,311.147827,329.864258,738.637512,871.73,1211.63623,1507.74438
2015-03-01,79.5284348,250.803909,380.016541,656.424988,911.99,1213.03369,1375.80103
2015-03-02,99.2478256,200.029694,380.284851,595.121704,902.32,1307.72205,1308.13843
2015-03-03,99.9326172,165.748001,322.696564,594.03302,838.54,1428.16736,1344.4657
2015-03-04,84.8616791,155.358643,266.695587,731.579895,754.68,1509.10474,1450.39026
2015-03-05,92.7569885,171.481064,230.038162,1045.98975,703.28,1474.58777,1558.63855
2015-03-06,113.066017,197.792068,220.540329,1234.55103,732.10,1345.73547,1598.61853
2015-03-07,119.789391,209.277359,241.046265,1109.95801,933.61,1264.08911,1569.57874
2015-03-08,103.65551,213.526062,271.548981,968.336609,1260.01,1190.4978,1431.33179
2015-03-09,78.6650085,222.534607,280.017151,960.18689,1347.83,1225.94885,1313.24915
2015-03-10,60.8371429,219.003189,276.681946,956.954285,1171.37,1463.15002,1296.08301
2015-03-11,49.092907,194.117157,280.24469,897.702698,1073.50,1865.28931,1421.35217
2015-03-12,43.2147713,159.720383,274.646118,796.149841,1109.17,1959.59631,1715.25208
2015-03-13,40.24049,132.711884,250.74202,688.780029,1090.61,1777.62915,2018.76855
2015-03-14,39.1064377,115.768333,215.364777,615.24231,1013.45,1670.68958,1992.94775
2015-03-15,38.2734413,106.221352,185.109207,569.628174,900.57,1649.34448,1804.23901
2015-03-16,36.9980431,101.025574,165.70285,545.863159,801.42,1594.08142,1743.03711
2015-03-17,35.6488838,97.4317703,153.857239,534.641602,734.62,1480.86279,1717.69495
2015-03-18,34.7533646,94.8235931,146.949158,525.202026,694.74,1341.92188,1640.56165
2015-03-19,39.0153542,94.1152191,142.070694,514.852417,673.07,1224.85034,1515.68152
2015-03-20,52.5297203,95.9871674,138.818115,508.833527,661.53,1147.08533,1377.96863
2015-03-21,61.7892418,94.6163559,139.659668,511.733765,649.72,1100.08777,1274.89453
2015-03-22,56.2599068,92.4987335,142.976944,529.809326,638.07,1073.64294,1208.11902
2015-03-23,46.0396042,100.361832,140.523407,562.996155,633.16,1061.83704,1170.46228
2015-03-24,38.3453369,110.117821,135.699661,610.634033,637.45,1055.05933,1151.02222
2015-03-25,46.2895775,109.339806,139.910904,644.504578,660.83,1044.51025,1140.10938
2015-03-26,99.0526505,119.363594,156.135742,616.970276,705.40,1034.75488,1132.59766
2015-03-27,162.236221,200.071228,174.341583,602.140015,777.54,1041.64929,1125.44043
2015-03-28,172.24707,341.591431,198.358826,691.326294,814.69,1101.42981,1126.0719
2015-03-29,170.57402,447.609955,297.136108,989.036682,1223.05,2818.17261,2752.11646
2015-03-30,182.419418,505.03064,453.873718,1157.328,1264.73,2319.76147,2160.62305
2015-03-31,172.106369,509.151764,570.309204,1040.53406,1285.41,2033.62012,1941.5282
2015-04-01,156.724121,462.697845,624.845337,886.635437,1486.17,2103.31226,2069.31396
2015-04-02,168.341721,439.101044,643.274597,788.85437,1599.39,2271.41089,2142.70557
2015-04-03,212.971176,475.708221,620.930237,749.866028,1499.56,2446.97119,2207.86328
2015-04-04,304.299133,607.076111,640.366455,834.171326,1366.70,2563.93066,2308.1123
2015-04-05,393.600067,702.8302,780.266663,1138.026,1300.25,2684.44775,2501.28174
2015-04-06,400.666107,699.485962,999.914307,1573.21387,1308.72,2573.59546,2738.9519
2015-04-07,411.969879,884.028381,1148.97888,1933.81287,1466.57,2505.71948,2620.73779
2015-04-08,426.34967,1246.90332,1146.36792,2184.76147,1692.98,2381.58301,2368.44531
2015-04-09,369.012573,1401.35718,1239.4325,2415.1687,2014.42,2570.13452,2378.75952
2015-04-10,295.328033,1339.88452,1552.8739,2676.75439,2377.96,2831.14404,2500.50757
2015-04-11,284.672485,1148.16748,1738.89539,2736.98999,2607.91,3147.61035,2729.56616
2015-04-12,339.335815,858.293579,1661.66235,2493.00391,2814.74,3736.20142,2999.7522
2015-04-13,332.052795,610.206299,1422.09888,2107.34521,2997.27,4398.34473,3391.81812
2015-04-14,265.468719,466.437256,1077.97693,1769.30603,2924.34,4693.85352,4058.93848
2015-04-15,227.669449,472.591797,770.559021,1628.38721,2598.23,4747.30908,4629.12598
2015-04-16,209.035995,503.143616,590.880859,1501.78455,2186.22,4652.44043,4828.3252
2015-04-17,169.004364,458.477844,586.102661,1336.87842,1901.25,4244.91309,4870.03223
2015-04-18,127.875938,400.151428,648.155029,1191.92749,1782.27,3661.77734,4674.63721
2015-04-19,137.187653,370.509247,621.924805,1057.50647,1623.91,3133.54248,4170.07227
2015-04-20,217.576645,336.647522,551.016541,992.284363,1447.01,2917.5769,3568.66235
2015-04-21,291.63092,316.775269,506.876251,990.756348,1292.66,2863.82202,3111.36646
2015-04-22,284.531219,360.770325,459.280884,1070.39587,1176.76,2649.07568,2990.9397
2015-04-23,354.611145,472.93808,431.766022,1288.38232,1138.66,2395.19165,2894.22095
2015-04-24,558.874084,605.660156,501.852875,1654.35388,1182.66,2191.72241,2644.17456
2015-04-25,774.658325,677.394165,686.518005,1985.11646,1322.53,2040.31543,2420.48901
2015-04-26,950.595703,729.014648,907.618774,2112.96167,1609.79,2032.17932,2233.96167
2015-04-27,1032.47925,927.716003,1059.95667,2116.19775,2000.40,2218.03174,2124.36963
2015-04-28,935.09491,1254.41516,1126.77283,2313.99072,2661.71,4140.64648,3804.42017
2015-04-29,771.933289,1533.76709,1256.93115,2492.07617,2731.40,4498.69287,3854.64209
2015-04-30,618.908386,1667.68762,1517.59509,2515.56641,2772.30,4384.75146,3617.00122
2015-05-01,500.215668,1574.83228,1769.63416,2434.27393,2949.43,4650.76611,4115.43457
2015-05-02,490.240143,1373.29114,1882.2533,2303.7124,3086.03,4902.82959,4573.37598
2015-05-03,468.307587,1169.48315,1796.89526,2148.41919,3042.89,5221.8584,4844.56348
2015-05-04,416.448792,969.145447,1600.18079,2010.40417,2927.61,5554.85645,5084.25098
2015-05-05,358.772278,845.215088,1400.69177,1725.30347,2666.84,5540.85596,5266.125
2015-05-06,300.457581,743.973633,1204.45776,1500.56433,2491.44,5302.25342,5569.11426
2015-05-07,283.098389,641.762817,1054.42761,1312.37024,2312.27,4986.39551,5619.31348
2015-05-08,372.124451,548.591431,939.394653,1156.81055,2092.57,4622.56543,5393.98779
2015-05-09,511.767059,522.17218,825.666565,1098.05579,1916.95,4250.67432,5100.53271
2015-05-10,658.885803,603.440674,708.416992,1182.66528,1757.82,3947.04053,4720.32422
2015-05-11,768.094116,739.688477,649.475952,1415.02832,1648.77,3709.31226,4338.25391
2015-05-12,673.263916,915.332886,726.519836,1771.09497,1731.58,3484.83105,3962.95093
2015-05-13,549.499695,1076.15356,880.260437,1982.33386,1916.55,3197.23657,3683.61279
2015-05-14,599.162842,1135.97864,1070.62927,1919.31812,2125.15,3109.48145,3471.5415
2015-05-15,652.4776,1011.33099,1250.15149,1804.70447,2434.13,3384.21436,3225.38696
2015-05-16,685.09668,843.951904,1356.53259,1804.12427,2453.32,3708.90039,3196.76489
2015-05-17,982.395203,910.454285,1303.50818,1926.89307,2251.90,3972.33618,3407.35938
2015-05-18,1203.6748,1148.91797,1169.17688,2001.18787,2215.69,4515.52002,3828.22925
2015-05-19,1289.46899,1342.41907,1339.75415,2018.22485,2437.12,4916.49609,4320.87012
2015-05-20,1471.14563,1741.4165,1804.30298,2145.2041,2921.65,5020.39502,5071.7583
2015-05-21,1401.99011,2183.94165,2144.67871,2637.59204,3174.91,5596.10889,5866.84863
2015-05-22,1276.02026,2399.84009,2510.11719,3473.12524,3275.78,6823.57568,6355.84766
2015-05-23,1326.85034,2608.37451,2937.30981,4059.75903,3458.49,8074.0293,6985.24463
2015-05-24,1331.91003,2655.61475,3219.78345,4049.59595,3899.99,8853.96484,8093.43945
2015-05-25,1190.56177,2533.77441,3441.73926,3864.19678,4684.01,9187.94824,8973.20215
2015-05-26,1059.26379,2451.03809,3409.052,3749.16187,5238.47,9244.0625,9487.26855
2015-05-27,1078.73145,2395.24292,3145.13428,3549.22144,5175.24,9481.45117,9540.5752
2015-05-28,1084.72888,2321.98877,3004.39893,3255.51782,4973.18,10107.1611,9506.44336
2015-05-29,1007.76001,2260.88647,3019.32227,2957.11743,4821.00,10333.4912,9912.50781
2015-05-30,1038.03101,2144.55103,3035.74658,2737.09692,4877.11,9823.54883,10401.3652
2015-05-31,1083.68201,1931.5415,2977.53369,2530.50879,4663.04,9561.56641,10322.3721
2015-06-01,1023.23145,1721.88611,2840.82202,2458.38892,4261.14,9541.48828,9912.12402
2015-06-02,921.809998,1794.18127,2643.10864,2607.14697,3934.56,9605.4668,9854.87988
2015-06-03,863.227966,2068.39624,2473.02368,2778.43652,3766.36,8835.49316,9839.66602
2015-06-04,853.950562,2071.25122,2569.96948,2811.80786,4068.09,8393.99414,9615.30762
2015-06-05,798.843201,1871.36304,2990.73926,2874.5813,4395.02,7952.00537,9073.94629
2015-06-06,806.35498,1890.65649,3301.45264,2907.63794,4442.05,7922.73389,8735.89062
2015-06-07,953.632629,2315.69019,3289.25708,2932.32886,4475.12,8813.70605,8362.9873
2015-06-08,1094.96973,2726.00366,3460.99707,3529.62646,4598.93,9856.90039,8563.29688
2015-06-09,1154.1239,3128.24268,4037.77417,5233.97168,4565.54,10236.7275,9567.6377
2015-06-10,1203.56567,3453.49194,4454.39062,7351.03516,4534.39,10368.1826,10402.0342
2015-06-11,1570.24475,3450.5918,4702.32275,8422.11719,5367.47,10811.5996,10605.2354
2015-06-12,2646.1438,3660.39282,4895.13428,8401.91211,7430.55,11029.248,10829.373
2015-06-13,3588.23486,4053.50562,4829.5957,8487.40625,10121.01,11108.293,11293.9346
2015-06-14,3630.22314,4681.73047,4996.32666,8573.22559,11807.36,12165.8506,11392.8027
2015-06-15,3594.16821,6224.34766,5552.01514,8658.46191,12376.10,14436.8535,11821.5918
2015-06-16,3634.00464,8061.91699,6372.64697,9965.21875,13067.99,17118.3887,13536.8613
2015-06-17,3468.77319,8706.34375,7970.4834,11959.0176,13106.89,19159.123,15946.8818
2015-06-18,3551.74048,8671.66309,10114.792,13347.6182,13279.05,20478.6914,18532.6621
2015-06-19,4125.3042,8501.00684,11175.0215,13304.3613,15133.10,22243.3008,20176.3418
2015-06-20,4382.15527,8397.2959,11316.3047,12260.9502,17036.43,24130.3164,21424.0781
2015-06-21,3961.8501,8917.40918,11141.3672,11328.0605,17967.23,26179.2969,23304.6445
2015-06-22,3535.41772,9551.92578,10688.959,10663.0605,17463.01,28590.1934,25216.3086
2015-06-23,3329.83447,9558.09277,10684.834,9422.69727,16205.06,30422.3672,27507.0117
2015-06-24,3275.73022,8630.71289,11018.1406,7820.56152,14866.65,31111.8926,29882.4141
2015-06-25,3134.23389,7548.50439,11005.5996,6677.5,13379.08,30414.1484,31805.3418
2015-06-26,2776.03247,6855.13818,10143.8809,5983.74902,11321.68,29699.5312,32544.7793
2015-06-27,2404.17212,6467.75244,9162.98828,5897.5752,9388.94,29478.752,33069.4062
2015-06-28,2400.99731,6105.09229,8622.20117,5963.63818,7919.63,28377.6855,33715.6094
2015-06-29,2502.89624,5547.07861,8335.12695,5509.34814,7253.60,25215.3887,33331.3555
2015-06-30,2402.59644,5027.68359,8119.75732,5141.08496,7490.38,22742.7383,30430.4453
2015-07-01,2558.52612,4753.29395,7509.78662,5096.19092,7360.41,19795.9453,26245.1113
2015-07-02,3127.56714,4786.18359,6692.38818,5095.86182,6848.11,17864.625,22800.8262
2015-07-03,3666.31323,4970.77979,6140.8457,5295.57959,6513.24,17031.3809,19616.4648
2015-07-04,3764.77637,5150.60986,5949.44043,5984.47412,6428.67,15975.2109,18203.1211
2015-07-05,3548.40308,5441.29443,6018.50244,6521.16113,6372.95,14658,17438.1523
2015-07-06,3502.38721,5899.95752,6117.55762,6754.47119,6683.70,13745.5342,16145.2148
2015-07-07,3802.06079,6339.20947,6320.83252,7328.99805,7387.23,13429.9717,14802.8516
2015-07-08,3790.57397,6831.60938,6771.14307,8560.68555,7823.06,13402.6465,14075.6777
2015-07-09,3158.20654,7367.60107,7376.11133,9737.78613,8314.06,13896.3594,14059.0596
2015-07-10,2618.25586,7982.58838,8167.80615,9956.93262,9660.17,15044.4375,14327.2852
2015-07-11,2539.46704,8349.60547,9188.64746,9167.15527,11482.47,16169.3945,15098.1807
2015-07-12,2592.11938,8038.85449,10229.5342,7921.15332,12527.48,17525.1426,16291.8213
2015-07-13,2495.83301,7374.05908,10797.2275,6872.67676,12387.80,20100.8438,17358.3672
2015-07-14,2227.16113,6667.08984,10473.2803,6253.75586,11560.96,23374.291,18931.0957
2015-07-15,1980.85364,5993.02686,9532.86523,6103.49707,10344.13,25506.877,21806.0996
2015-07-16,2254.29272,5530.43018,8567.21094,5912.9375,9048.51,25633.9727,24808.832
2015-07-17,3163.45483,5576.44531,7936.125,5625.99951,8263.69,24110.3984,26283.0078
2015-07-18,4172.63965,6247.46533,7986.44287,6473.87354,8365.10,21832.3887,25848.543
2015-07-19,4647.91162,7610.62109,8634.05957,9933.1543,9049.87,19791.9824,24101.7988
2015-07-20,4394.43213,9542,9532.3877,16115.376,10382.30,19028.082,22002.123
2015-07-21,3962.13452,11040.2041,10768.6582,20408.4004,13202.63,20039.9414,20388.2715
2015-07-22,3584.40405,11359.0059,12419.0371,19635.5996,18529.59,21884.5449,20184.2305
2015-07-23,3251.55933,10713.3584,13776.4092,16345.3223,24545.30,24494.6816,21430.498
2015-07-24,3451.93262,9789.12891,14049.9199,12985.9248,26222.24,28758.8672,23436.1895
2015-07-25,4398.12012,9108.36426,13378.4824,11404.3926,23387.69,35609.6758,26561.0625
2015-07-26,4949.51416,8842.13965,12654.7832,12251.8008,19685.10,42430.5195,31782.416
2015-07-27,4505.84912,9401.29004,12627.5107,13747.7207,17365.84,44387.1641,39417.1641
2015-07-28,3786.46851,10525.0186,13249.5469,14560.3906,17846.56,42104.9023,45704.6016
2015-07-29,3233.18652,10855.8857,14798.1113,14283.9668,20008.17,39441.582,45745.2266
2015-07-30,2737.46899,9949.74902,17158.3789,12696.6484,21811.35,40000.0977,44713.7266
2015-07-31,2361.17993,8910.08887,18544.2148,10889.8086,21710.56,43159.5312,43434.293
2015-08-01,2434.72168,8799.81055,18098.5625,9757.87402,20327.21,49177.957,45063.707
2015-08-02,2720.18652,9575.16602,17176.3965,9118.99219,18124.32,55915.3594,48771.3359
2015-08-03,2866.73315,10085.5869,17011.3809,8814.29785,16452.11,56684.5312,55444.7656
2015-08-04,3149.80811,9744.71777,17301.6738,8305.45605,15519.35,52777.4883,59732.5469
2015-08-05,3478.81665,8934.27539,16885.1348,7281.78369,14587.57,47427.2031,58303.9609
2015-08-06,3428.62134,8246.02539,15376.4238,6375.39209,13589.54,43572.9648,52883.2695
2015-08-07,3203.4082,8264.11523,13496.1367,6304.34326,12283.44,40886.4688,47329.0586
2015-08-08,2963.04907,8581.18652,12113.832,6740.125,11257.71,37528.6445,43677.8906
2015-08-09,2958.1731,8443.68359,11766.1436,7193.90869,10314.47,33729.7188,40608.9688
2015-08-10,2955.72119,8184.43018,12139.2373,7678.22021,10459.45,30921.9785,36842.0742
2015-08-11,2748.35986,8445.38379,12450.0303,8133.44971,11117.17,28810.6328,33402.332
2015-08-12,2526.73682,8979.96191,12744.1182,8591.36621,11940.50,27922.6055,30791.6738
2015-08-13,2309.57007,8891.74023,13296.6123,8899.71875,12829.41,28617.8125,28838.7109
2015-08-14,2222.97729,8269.30859,13760.1045,8719.81055,13418.77,29679.584,28596.7148
2015-08-15,2188.57031,7654.21289,13610.1836,8249.91211,13458.89,30778.627,29758.6719
2015-08-16,2210.77588,7061.2998,12769.918,7574.26123,13227.96,31995.0273,31199.9766
2015-08-17,2398.04761,6680.14795,11810.5439,6630.35449,12789.56,32683.2539,32551.2637
2015-08-18,2764.1377,6767.04248,10939.5205,5997.87451,11989.23,31775.8008,33875.3438
2015-08-19,3225.08447,7080.00098,10117.9346,5884.60986,10812.94,30017.6582,34095.1953
2015-08-20,3745.10205,7139.76562,9718.97461,5904.63232,9520.34,28666.9785,32444.1699
2015-08-21,4320.49658,7027.32959,9683.00488,6016.35791,8671.81,26882.9902,30608.9629
2015-08-22,4836.02148,7164.23047,9604.26953,6304.02783,8314.24,24455.7383,29101.8984
2015-08-23,4789.74121,7679.94531,9617.13574,6321.47803,8197.80,22506.248,26866.0547
2015-08-24,4280.87744,8553.71094,10124.6309,6111.75879,8392.29,21319.9844,24381.7168
2015-08-25,4014.65576,9699.33984,10983.2471,6355.20264,8870.51,20482.125,22642.4766
2015-08-26,3780.06665,10233.9648,11877.7383,6950.72607,9192.15,20447.0762,21517.1562
2015-08-27,3408.81055,9685.25195,12793.4932,7172.71289,9365.41,21354.7832,20771.1992
2015-08-28,3304.97998,8725.42188,13127.0537,7021.44141,9680.12,22784.9473,21082.0859
2015-08-29,3893.37988,8012.78613,12383.6221,6724.40186,9861.85,24071.8984,22141.8086
2015-08-30,4638.79199,7664.99316,11160.6465,6247.03027,9724.38,25082.1523,23595.7734
2015-08-31,5622.08936,7955.24805,10281.2627,6114.20068,9401.45,25165.6895,24908.418
2015-09-01,7359.57715,9056.73926,9891.625,7504.69775,8944.72,24036.3906,25726.6016
2015-09-02,8733.49707,10391.29,10140.3828,10481.2705,8491.22,22529.8516,25454.3027
2015-09-03,9509.69727,12111.1523,11108.168,13959.8486,8861.42,21560.2812,24117.8887
2015-09-04,9842.35547,14961.5498,12401.8359,17782.873,10892.24,21136.4844,22900.1582
2015-09-05,9449.44238,18167.5234,14153.5176,20739.5957,14205.14,21332.6484,22207.9297
2015-09-06,8250.30859,19965.75,17049.9453,20299.8457,17895.14,22851.3887,21941.5449
2015-09-07,6882.93262,19746.623,20347.8457,16998.7676,21966.72,26109.5703,22391.1797
2015-09-08,6039.28516,17977.2559,22209.0039,13392.2109,24170.14,31305.6582,24322.0703
2015-09-09,5222.53271,15646.8535,22119.9941,10442.5225,22205.99,37932.2578,28181.7988
2015-09-10,4374.4082,13821.5342,20513.166,8659.81738,18321.40,45235.7578,33785.2852
2015-09-11,3644.70288,12690.8467,18504.5488,8010.00439,14629.86,48859.4453,40880.8281
2015-09-12,3238.30371,11435.5742,17095.7344,7792.01904,11972.23,46470.3906,47492.3438
2015-09-13,3110.12988,10022.376,16368.5264,7410.81934,10593.24,40901.9062,49214.1367
2015-09-14,2907.36816,8842.73438,15492.6104,7170.43359,10265.07,35624.5117,45386.082
2015-09-15,2737.77026,7962.74561,14074.7617,7139.82764,10072.16,32133.3086,39762.7578
2015-09-16,2686.14355,7327.20117,12634.4707,6740.44092,9766.67,30410.2754,34926.1602
2015-09-17,2616.50171,6753.9165,11370.7422,6203.29346,9864.41,29090.7402,32064.123
2015-09-18,2483.1748,6257.50732,10206.3691,5607.37842,9792.97,27317.6289,30796.3301
2015-09-19,2365.66846,5998.01465,9307.625,4947.0459,9124.00,26026.5918,29831.8398
2015-09-20,2476.97461,6206.41357,9013.55176,4695.39111,8439.40,25976.8887,28919.1211
2015-09-21,3237.75781,7064.67188,9231.35059,5646.77295,7798.84,25651.084,28272.8613
2015-09-22,4076.60718,8514.7666,9864.20312,8173.67285,7679.63,24050.9199,27913.7793
2015-09-23,4193.63477,9611.2793,10761.9697,11346.46,8679.88,22693.7637,26700.252
2015-09-24,3791.61304,9908.63281,11769,12755.5,10755.64,21800.6562,24565.1621
2015-09-25,3312.97876,9660.82129,12399.6719,11681.7402,13488.88,21678.8047,23155.8203
2015-09-26,3137.14673,8896.96582,12347.3506,10008.8154,15665.23,23203.8398,22163.1523
2015-09-27,3160.10278,7901.61572,11932.3848,8182.88721,15548.19,25834.7969,22504.3242
2015-09-28,2923.9668,7020.0708,11139.1738,6623.27148,13744.64,28344.5605,24278.9316
2015-09-29,2498.57471,6501.56738,10069.9951,6093.99268,11839.28,30147.4277,27119.7012
2015-09-30,2159.87598,6276.55518,9035.86816,6128.92432,9951.53,29507.625,29583.1523
2015-10-01,1905.71143,5893.25586,8312.05078,6263.29932,8638.43,26938.2793,30639.959
2015-10-02,1738.38818,5278.73633,7962.70166,5986.01172,8134.61,24125.1621,29294.9512
2015-10-03,1679.68982,4792.89502,7618.34961,5115.44775,8069.19,21473.3027,26748.4648
2015-10-04,1669.62842,4488.00391,7039.34668,4143.8999,7976.97,19753.5352,24088.9473
2015-10-05,1627.724,4249.94287,6556.80127,3505.93384,7378.80,18959.5566,21685.3496
2015-10-06,1559.15955,4082.08887,6339.0625,3167.99609,6357.74,18395.1504,20299.4727
2015-10-07,1498.02344,4010.12622,6104.57568,2994.41382,5455.89,17494.3691,19658.1953
2015-10-08,1482.87183,4042.79858,5871.58154,2931.55884,4948.80,16470.1309,18936.0605
2015-10-09,1591.84521,4278.04785,5837.11035,2978.08179,4742.83,15304.6914,18015.5664
2015-10-10,1826.04016,4888.41846,6060.85303,3275.10205,4709.37,14350.4961,16995.6973
2015-10-11,2143.74927,5765.04053,6767.03174,4237.57129,4894.00,13840.5771,16054.3818
2015-10-12,2411.96021,6544.14014,7867.36865,6440.75635,5507.22,13590.6748,15257.9082
2015-10-13,2446.99512,6899.2793,8932.11719,9163.89648,6825.83,13949.6016,14794.5137
2015-10-14,2250.86548,6681.19727,9584.92578,10528.9648,8594.90,15539.792,14807.0664
2015-10-15,1924.02539,6273.35693,9593.96875,10074.25,10934.79,17941.8887,15521.9209
2015-10-16,1645.99829,5866.1123,9011.26367,8513.43359,12971.63,20656.043,17196.1465
2015-10-17,1527.16882,5284.23389,8292.2002,6597.14795,13400.65,22785.0195,19522.1992
2015-10-18,1503.26221,4630.28955,7656.5752,5008.07178,12388.10,24218.0645,21954.5918
2015-10-19,1480.46777,4070.37378,6931.72461,3964.25781,10204.13,24865.209,23654.7031
2015-10-20,1422.81946,3708.30566,6163.59131,3394.62378,8033.65,23999.2949,24803.8926
2015-10-21,1310.50586,3519.95117,5482.36865,3193.13696,6660.55,22329.834,24992.5938
2015-10-22,1180.72083,3381.95923,5000.73682,3111.12915,5477.16,19076.7109,23651.3027
2015-10-23,1085.30115,3219.74805,4724.28613,2966.53613,4772.75,15612.2939,21702.7285
2015-10-24,1020.09882,3028.53369,4532.87744,2755.96826,4486.73,13562.2744,18028.0918
2015-10-25,989.205383,2827.20776,4335.46191,2554.72339,4335.01,11922.667,15047.25
2015-10-26,980.289368,2657.25781,4117.84082,2399.66016,4125.69,10946.9121,13108.3115
2015-10-27,969.669617,2528.08252,3886.85449,2288.17529,3884.98,9808.86719,11717.2891
2015-10-28,933.932129,2438.82837,3681.33398,2218.0979,3664.58,9362.13281,10742.209
2015-10-29,885.07782,2378.57886,3519.7998,2157.01123,3479.89,8948.10254,9844.57812
2015-10-30,845.810669,2330.146,3420.80688,2140.93921,3377.28,8393.70508,9369.06641
2015-10-31,819.502686,2279.85498,3426.97217,2140.22192,3352.49,8090.10303,8920.87793
2015-11-01,826.570129,2263.17163,3573.7063,2154.20288,3426.47,8088.01562,8516.39941
2015-11-02,875.692322,2321.27051,3784.5083,2192.42798,3580.74,8529.32617,8341.02344
2015-11-03,941.8349,2388.39355,3953.96631,2246.67358,3726.32,9439.23145,8542.40332
2015-11-04,948.606079,2411.36719,4072.0979,2299.47925,3770.70,10271.1846,9203.22559
2015-11-05,900.613464,2396.52954,4089.84448,2322.78931,3871.37,10587.4521,10140.333
2015-11-06,868.79425,2340.91553,3935.58252,2318.35083,3913.40,10584.8604,10767.5254
2015-11-07,827.410034,2237.11792,3670.03491,2270.87451,3798.57,10600.2109,10862.8994
2015-11-08,761.626892,2098.71924,3415.41284,2150.20996,3614.51,10231.4834,10790.4414
2015-11-09,702.670837,1986.66406,3198.12109,2031.57214,3463.36,9796.41797,10679.2578
2015-11-10,659.181396,1908.80078,2995.88525,1955.5531,3305.54,9259.61328,10293.3398
2015-11-11,628.790771,1819.01575,2842.25977,1901.81531,3126.64,8647.59473,9795.46973
2015-11-12,607.512573,1727.9248,2743.85767,1849.53772,3000.88,8188.34131,9250.43457
2015-11-13,590.100891,1652.56934,2637.61719,1809.02747,2926.72,7801.77539,8658.25586
2015-11-14,573.668213,1591.21692,2520.97437,1774.79126,2867.00,7074.17188,8241.75391
2015-11-15,559.4375,1542.77112,2421.01392,1733.59814,2815.74,6518.20508,7851.62939
2015-11-16,545.956787,1501.94189,2335.26733,1696.31165,2793.14,6314.64014,6961.69531
2015-11-17,532.370789,1465.36389,2264.08838,1662.27173,2748.16,6150.24658,6606.24072
2015-11-18,521.796509,1433.24829,2205.17969,1633.22546,2674.91,6074.68701,6409.875
2015-11-19,529.68811,1416.89783,2158.34009,1609.46472,2612.79,6051.18994,6269.99316
2015-11-20,576.234619,1422.16492,2131.00122,1591.58728,2564.88,5919.02295,6225.22949
2015-11-21,606.683655,1434.75452,2126.38037,1586.70911,2528.20,5705.60205,6171.34473
2015-11-22,573.905457,1452.823,2138.58545,1615.93127,2508.05,5549.94141,5997.94141
2015-11-23,524.547241,1469.10913,2141.62817,1646.71667,2501.58,5437.69434,5795.77783
2015-11-24,486.17923,1454.77954,2127.04199,1631.44458,2492.24,5370.17676,5655.91211
2015-11-25,458.094696,1389.52722,2108.41504,1585.5177,2504.08,5354.5249,5556.10156
2015-11-26,440.986481,1300.87524,2072.97974,1527.01648,2502.20,5335.55371,5504.10986
2015-11-27,429.67865,1229.46741,1996.18396,1473.57104,2455.67,5303.45801,5494.7334
2015-11-28,420.272247,1177.63513,1896.75366,1422.1416,2379.84,5317.87305,5508.60059
2015-11-29,411.162811,1141.06396,1806.22034,1398.20178,2318.19,5199.60645,5425.85254
2015-11-30,401.574249,1112.99011,1740.47839,1383.84546,2268.74,5048.29785,5393.29834
2015-12-01,390.700287,1087.6958,1690.25012,1363.94666,2225.71,4870.72168,5288.73486
2015-12-02,380.795929,1063.09973,1649.87671,1344.40881,2192.13,4719.21289,5121.54688
2015-12-03,373.424652,1038.52075,1613.99426,1325.802,2164.88,4600.07617,4953.67578
2015-12-04,377.154785,1015.65326,1584.6748,1323.30347,2153.06,4519.1709,4813.71045
2015-12-05,440.309052,998.550293,1562.02039,1349.98853,2153.53,4496.31348,4723.19043
2015-12-06,534.352844,986.833862,1540.23962,1391.94763,2151.09,4523.92969,4698.90967
2015-12-07,528.942017,992.201233,1520.86145,1486.85706,2176.82,4564.21875,4710.08203
2015-12-08,454.920654,1031.16174,1503.44385,1639.43091,2247.41,4553.18262,4731.66748
2015-12-09,396.226501,1105.19116,1487.30139,1745.42017,2312.10,4528.2334,4743.11182
2015-12-10,351.387726,1116.49463,1494.70056,1694.76709,2389.76,4606.06787,4695.10645
2015-12-11,326.513916,1032.85376,1548.66602,1522.37793,2485.22,4726.5498,4687.24854
2015-12-12,314.532379,947.060059,1563.77637,1363.41418,2508.38,4769.03076,4779.50635
2015-12-13,308.234161,881.545105,1481.7301,1256.88843,2385.61,4706.59912,4901.01807
2015-12-14,309.956024,837.337891,1382.55273,1195.4364,2190.23,4708.36426,4879.37305
2015-12-15,316.805481,810.476685,1305.66052,1164.38171,2040.81,4615.13184,4838.37549
2015-12-16,309.075806,791.858643,1249,1146.19556,1806.72,4342.2373,4832.12402
2015-12-17,293.255035,779.244324,1211.44177,1139.85339,1722.01,4035.50317,4669.44824
2015-12-18,284.286713,775.262451,1183.68762,1143.47498,1685.32,3806.03882,4366.04199
2015-12-19,274.339874,764.076904,1163.28967,1136.37012,1615.66,3521.5188,4079.98706
2015-12-20,264.420471,739.473389,1155.55005,1119.80701,1594.04,3396.59888,3860.35742
2015-12-21,260.380341,718.878052,1143.61755,1116.62146,1593.88,3331.28125,3589.16895
2015-12-22,255.572357,700.691406,1120.04761,1120.38672,1580.26,3248.27612,3503.56201
2015-12-23,247.10321,681.485474,1099.93469,1127.06348,1566.24,3221.30029,3438.67944
2015-12-24,239.72789,666.294495,1071.87561,1129.75415,1565.40,3202.8645,3357.81177
2015-12-25,232.586746,653.859802,1036.54834,1100.05469,1561.64,3182.02148,3345.42749
2015-12-26,226.19664,638.261169,1007.75287,1050.12756,1562.68,3174.13208,3321.31982
2015-12-27,220.8405,622.084351,984.855713,1010.5451,1549.16,3137.94214,3306.95264
2015-12-28,215.869263,607.448181,961.511536,1085.27783,1736.40,3396.09937,3614.71924
2015-12-29,210.985214,594.480286,938.34436,1069.58301,1683.97,3390.38574,3609.78027
2015-12-30,206.325607,581.762085,917.327942,972.719116,1570.85,3266.16528,3478.74561
2015-12-31,201.922562,568.260864,897.934814,934.952759,1541.78,3191.36255,3431.23511
2016-01-01,199.481522,555.324768,879.322632,917.84967,1492.42,3104.53638,3344.27637
2016-01-02,199.698669,543.30072,859.908691,906.042908,1315.96,2876.78394,3115.22827
2016-01-03,199.282715,534.591919,841.054626,897.923157,1292.07,2786.55518,3009.1897
2016-01-04,196.358795,530.642639,823.646301,901.417419,1271.55,2640.22217,2842.52856
2016-01-05,190.125809,526.297058,809.157898,908.795227,1255.23,2593.69336,2791.43921
2016-01-06,182.280853,516.856201,798.959595,905.645081,1244.67,2549.09717,2745.16675
2016-01-07,175.568695,504.280975,789.698364,903.12793,1247.30,2511.32739,2698.13745
2016-01-08,170.236282,490.218323,775.81427,896.091736,1246.96,2486.99976,2654.71289
2016-01-09,169.759567,474.906891,758.32019,869.202087,1237.54,2481.3645,2620.44995
2016-01-10,195.35849,460.751678,739.887207,838.518799,1233.02,2476.77563,2601.68286
2016-01-11,287.410614,449.297424,719.710449,833.059265,1214.40,2450.30859,2598.96777
2016-01-12,383.924377,442.748199,700.406982,868.435791,1175.41,2415.76538,2589.80273
2016-01-13,356.875946,455.388062,683.840576,933.23761,1151.83,2384.87573,2557.66357
2016-01-14,271.448822,517.93335,671.562927,985.756897,1164.53,2341.65576,2521.86084
2016-01-15,213.595886,625.830872,674.399353,1006.46545,1203.92,2282.04224,2488.55249
2016-01-16,171.554214,639.323853,721.746643,966.488953,1256.56,2240.83765,2438.36572
2016-01-17,152.997238,551.413879,824.637573,877.627441,1289.76,2241.66748,2378.58911
2016-01-18,146.742523,476.457733,856.361511,802.313599,1286.51,2292.69531,2351.77197
2016-01-19,143.938507,420.271149,775.670105,754.142517,1222.86,2410.58862,2367.08252
2016-01-20,140.858139,387.896362,690.82666,727.499573,1126.23,2537.53638,2437.75586
2016-01-21,144.785355,374.179535,628.308472,715.302673,1055.36,2525.00513,2573.84229
2016-01-22,190.713455,375.254059,592.19696,721.717651,1010.87,2367.17261,2664.93872
2016-01-23,253.712601,382.903503,586.487793,781.575256,998.14,2194.98511,2593.43091
2016-01-24,260.075043,390.286957,598.913391,866.303711,1026.41,2071.01538,2418.71655
2016-01-25,224.791534,423.525757,612.552795,960.629822,1104.57,2016.04993,2258.51709
2016-01-26,184.835922,476.572266,613.976135,1086.01428,1207.85,2027.67041,2158.22681
2016-01-27,160.612305,487.10849,623.658325,1118.27295,1284.96,2091.47095,2133.22925
2016-01-28,202.413177,453.738983,658.679871,1025.7218,1352.47,2211.45288,2167.37793
2016-01-29,300.334808,431.335663,668.281494,1034.59412,1663.00,2635.0271,2612.66504
2016-01-30,333.931427,454.699921,631.878357,1210.77112,1583.82,2516.30078,2474.64111
2016-01-31,277.44986,509.219635,599.187561,1649.84888,1496.31,2560.53931,2540.83667
2016-02-01,211.254684,576.049927,610.84906,1783.22961,1514.33,2604.24341,2613.21753
2016-02-02,170.822784,594.038452,657.929871,1529.34363,1839.17,2535.27905,2692.61499
2016-02-03,161.689896,521.716797,721.313599,1207.19849,2211.90,2475.59521,2725.1106
2016-02-04,159.528732,426.565277,748.428589,957.443848,2170.83,2537.07788,2701.52148
2016-02-05,147.286118,359.98645,687.758545,815.639648,1855.66,2913.81958,2613.49658
2016-02-06,130.346909,335.643707,588.390015,772.207764,1543.94,3334.41919,2744.33472
2016-02-07,115.619789,329.148956,511.762115,754.479919,1329.53,3300.65601,3187.00928
2016-02-08,105.388,315.674591,478.187775,730.72998,1221.21,2904.96924,3496.24927
2016-02-09,107.60582,294.251099,467.906464,711.88446,1143.76,2402.85498,3176.26172
2016-02-10,153.409286,272.230347,453.67157,696.920349,954.76,2017.92249,2671.20337
2016-02-11,244.579041,257.266968,430.692352,714.301025,924.49,1871.59033,2299.72607
2016-02-12,326.171051,256.477448,405.673828,783.922302,902.25,1817.88123,2058.76416
2016-02-13,349.194611,286.621094,386.471802,902.341187,892.72,1767.63904,1952.93396
2016-02-14,312.474243,367.351593,380.498047,1044.21777,925.61,1711.729,1906.95166
2016-02-15,239.591736,455.944702,400.347931,1129.98962,1009.69,1665.69458,1853.32715
2016-02-16,167.865051,490.164429,472.023712,1119.76306,1139.76,1640.15454,1800.16833
2016-02-17,123.559776,468.425568,561.15802,1022.38202,1271.88,1671.18311,1756.58911
2016-02-18,102.172768,399.825348,603.615662,887.965515,1329.87,1789.50281,1745.82812
2016-02-19,97.6598053,318.058228,590.213928,780.986938,1288.71,2000.53381,1801.8988
2016-02-20,102.118126,260.485626,525.223755,714.681213,1167.92,2211.29834,1954.48596
2016-02-21,111.363121,229.136551,440.927826,684.26239,1028.26,2292.28345,2180.7395
2016-02-22,138.031952,216.891449,375.933411,668.502014,927.04,2218.4729,2355.26758
2016-02-23,218.194031,216.271439,338.502869,657.990723,868.63,2023.01392,2385.14746
2016-02-24,317.027649,225.384033,321.650543,679.550415,841.23,1801.19006,2262.47119
2016-02-25,341.065338,244.207611,318.422638,804.76062,825.17,1643.87988,2045.61511
2016-02-26,331.436188,317.462097,330.050262,1211.27502,780.58,1584.64099,1876.93567
2016-02-27,355.253723,437.390594,362.422943,2156.32886,833.25,1403.84131,1601.91162
2016-02-28,325.623199,497.695679,444.181915,3068.12769,1032.14,1390.78613,1537.69141
2016-02-29,249.782532,490.118805,569.572571,3170.21436,1616.40,1418.2135,1513.09106
2016-03-01,192.829788,512.555786,644.33551,2802.37329,2677.81,1526.7323,1513.05054
2016-03-02,155.001312,553.105408,627.809814,2349.22241,3400.77,1832.26721,1564.80115
2016-03-03,187.047195,501.476532,620.254944,1835.48596,3312.40,2551.92114,1741.55591
2016-03-04,230.367203,398.614075,652.523376,1412.0127,2890.01,3713.66553,2152.99927
2016-03-05,232.496704,325.734314,609.96167,1197.60828,2382.47,4516.77393,3055.84204
2016-03-06,222.552078,306.940277,504.55542,1115.45117,1857.03,4447.80225,4219.646
2016-03-07,189.852768,336.937408,421.96344,1026.72449,1460.02,4015.08643,4657.77783
2016-03-08,151.998459,347.516602,388.975891,934.188477,1291.65,3390.5415,4423.0083
2016-03-09,140.36058,334.644958,413.024139,845.299927,1204.31,2725.51001,3919.56348
2016-03-10,167.519272,306.068329,426.994843,774.783264,1105.23,2233.83447,3253.51636
2016-03-11,233.848495,258.795288,414.151184,746.175781,1012.51,2035.83447,2632.61938
2016-03-12,306.349976,229.710037,388.601288,782.453186,922.48,1971.83862,2238.02515
2016-03-13,352.885162,235.232666,340.951355,1009.79419,873.54,1875.60034,2112.28247
2016-03-14,333.434875,284.862152,305.685913,1446.40808,869.55,1798.45178,2059.16333
2016-03-15,276.110992,355.44928,303.319946,1871.16248,950.02,1672.08154,1979.63904
2016-03-16,241.815475,419.920166,344.397675,2006.41394,1245.52,1555.48633,1858.30688
2016-03-17,225.844604,431.773254,412.625427,1803.4834,1711.84,1505.51013,1722.83862
2016-03-18,215.344116,386.087494,478.836884,1502.0802,2066.95,1594.94531,1624.94324
2016-03-19,196.575089,339.817993,500.487976,1317.25537,2087.22,1939.8573,1607.49304
2016-03-20,176.321487,310.847198,461.273956,1271.88257,1829.05,2470.04956,1776.729
2016-03-21,202.197296,294.535645,410.376587,1249.349,1544.56,2881.82031,2202.60889
2016-03-22,263.676849,275.301117,377.763123,1201.98743,1409.35,2907.13013,2731.46826
2016-03-23,306.063934,253.086029,359.001801,1131.94482,1376.00,2605.03149,3030.2168
2016-03-24,346.194611,262.844727,339.949554,1045.17456,1342.95,2281.07129,2918.6106
2016-03-25,370.269104,317.196838,316.865082,1001.82031,1289.39,2116.51953,2580.51489
2016-03-26,321.287079,370.222076,317.867889,1029.2229,1210.26,2061.70947,2298.88354
2016-03-27,231.526794,408.993195,366.017242,1143.16724,1134.07,2004.43933,2185.67456
2016-03-28,165.297546,442.678711,428.75592,1342.37048,1541.15,3490.00757,3732.29468
2016-03-29,137.346588,421.01825,465.733215,1268.37524,1591.20,2768.14233,3008.25879
2016-03-30,165.403336,348.646149,501.924622,1009.88257,1617.37,2364.42603,2543.42432
2016-03-31,245.019196,297.841003,498.290894,907.430786,1661.60,2364.13232,2465.65845
2016-04-01,302.81955,291.32016,440.559113,959.599609,1547.97,2452.07642,2464.21997
2016-04-02,341.27948,406.804749,416.551788,1214.7489,1409.25,2576.59692,2473.42554
2016-04-03,430.629608,591.733459,458.441589,1679.94604,1359.24,2503.58203,2473.85254
2016-04-04,470.597137,707.538879,600.486572,2120.27954,1509.26,2376.21411,2617.95972
2016-04-05,405.009247,738.507935,802.913086,2154.57593,1781.04,2181.38623,2521.60352
2016-04-06,342.488251,751.30896,919.52478,1927.81482,2134.98,2033.97473,2191.27881
2016-04-07,428.135498,776.53595,928.619873,1738.58801,2461.05,2356.45654,2078.55005
2016-04-08,742.744507,728.041321,935.051819,1575.79321,2347.45,2852.19336,2112.99072
2016-04-09,1071.16736,614.705627,971.217346,1537.10461,2151.53,3427.20874,2554.45337
2016-04-10,1198.60474,583.953979,941.955872,1874.67297,1967.20,3773.45239,3147.45361
2016-04-11,1177.40503,791.122559,820.334167,2586.80688,1788.89,3725.50439,3676.05737
2016-04-12,1034.51196,1113.87598,727.029968,3261.30542,1810.16,3536.4707,3883.8645
2016-04-13,819.117859,1291.85425,847.969971,3922.52051,2250.97,3293.08911,3755.63306
2016-04-14,749.60144,1310.96545,1143.79822,4511.3584,2967.48,2981.83228,3555.14233
2016-04-15,774.874451,1216.88843,1339.65515,4503.22119,3596.54,2935.46411,3276.6106
2016-04-16,843.524536,1029.64368,1373.09204,3971.75806,4268.26,3553.80103,3002.36597
2016-04-17,967.356628,974.203857,1299.34436,3876.6438,4723.46,4545.55176,3158.67236
2016-04-18,1010.15271,1170.13037,1126.71631,4628.8457,4507.46,5309.56348,3972.42773
2016-04-19,1079.85791,1505.75928,1048.37476,5039.16406,4003.67,5965.10156,4916.84668
2016-04-20,1185.9679,1733.35913,1252.10681,4806.92627,4335.97,6303.6416,5626.01465
2016-04-21,1446.85034,1795.49512,1613.93372,4587.17236,5252.42,5925.17529,6229.30469
2016-04-22,2205.74805,1895.96753,1874.22424,4795.91113,5443.56,5458.20166,6333.97412
2016-04-23,3072.18823,1980.52063,1959.66418,5181.12207,5221.34,6078.99072,5811.46338
2016-04-24,3523.70337,2121.28394,2044.77441,5338.89551,5134.03,7371.20166,5609.42676
2016-04-25,3353.02368,2870.94775,2151.79272,6092.79932,5479.11,7847.12842,6608.99316
2016-04-26,2651.64917,4274.27734,2282.02026,7703.68359,5872.00,7787.53467,7731.46533
2016-04-27,1906.71216,5206.26318,2917.83521,9359.70312,6648.30,9372.81348,9497.44043
2016-04-28,1396.63208,5032.22998,4316.70947,9736.77148,8159.85,9650.81738,9225.55762
2016-04-29,1166.17358,4104.48096,5468.35693,8916.92773,10066.31,9759.25977,8813.78027
2016-04-30,1154.05896,2991.84106,5509.95557,7565.83545,11198.59,11233.7148,9312.85938
2016-05-01,1304.43567,2196.52417,4628.29688,5886.9082,10820.25,14301.1328,10157.3691
2016-05-02,1499.41492,1767.85986,3439.7627,4476.99219,9494.14,17098.1953,12180.0176
2016-05-03,1600.66174,1729.51025,2547.61328,3785.78076,7892.98,17863.4414,15422.8564
2016-05-04,1553.9353,1977.021,2054.24487,4105.40039,6216.78,16272.5322,17739.5605
2016-05-05,1369.83862,2234.31055,1961.10791,4735.42041,5078.67,13793.4629,17636.9121
2016-05-06,1167.90833,2375.27051,2197.01807,4847.20654,4804.72,11511.0059,15512.9141
2016-05-07,1029.7373,2339.72876,2497.23486,4522.05811,5453.82,9501.8877,13117.5371
2016-05-08,965.336914,2065.90259,2650.34253,3887.66846,5954.98,8348.67188,10919.8691
2016-05-09,927.990479,1695.59155,2619.31494,3286.08374,5758.25,8410.64062,9106.84082
2016-05-10,848.684326,1444.87219,2341.65601,2911.02637,5144.96,9212.67285,8337.33887
2016-05-11,756.097839,1303.36475,1913.5448,2646.70093,4344.47,9618.8125,8742.55957
2016-05-12,696.279175,1225.75024,1607.19653,2409.4458,3756.61,9117.01367,9528.27832
2016-05-13,735.355347,1169.43909,1450.00537,2192.20923,3427.43,8025.70605,9631.0625
2016-05-14,881.731445,1193.77344,1397.68372,2086.71387,3187.80,6756.15967,8893.18848
2016-05-15,1047.07104,1338.43958,1412.08044,2321.61743,2999.12,5914.19287,7687.62256
2016-05-16,1163.35315,1624.39661,1487.87585,2872.49902,2890.23,5525.44824,6520.93506
2016-05-17,1270.25574,1840.72803,1622.25415,3388.09229,3026.46,5329.0957,5845.75146
2016-05-18,1461.9519,1990.99634,1892.03198,3715.00952,3562.31,5212.32031,5550.09521
2016-05-19,1766.47754,2576.61963,2129.77148,3980.78027,4233.98,5312.36865,5376.18799
2016-05-20,1932.48193,3726.14062,2339.17163,4441.60791,4858.46,5920.5293,5369.625
2016-05-21,1842.30603,4597.51025,3074.38794,5006.05322,5426.40,7121.29053,5846.45459
2016-05-22,2005.49109,5310.02295,4594.73389,5824.73438,6076.13,8495.72656,6969.37891
2016-05-23,2916.43066,6800.71973,6118.979,6909.2998,6951.64,10051.54,8542.99219
2016-05-24,3883.05664,8291.57227,7437.03467,7809.37012,7863.04,12106.2598,10098.4697
2016-05-25,4085.10498,8860.22852,9108.13574,8985.3125,9298.31,14564.4521,11827.9512
2016-05-26,3439.65063,8802.6875,10631.6895,10740.5117,10660.14,16705.8535,13967.4561
2016-05-27,2526.92847,8334.02441,11061.3311,12467.8809,11215.91,18574.4531,16103.8691
2016-05-28,1917.65417,7429.66455,10441.4404,13446.6514,11705.07,21028.1406,17564
2016-05-29,1482.78589,6167.63184,9509.32031,12707.9629,12929.92,23355.1445,19466.4199
2016-05-30,1253.21082,4825.51709,8420.35938,9946.49316,14103.87,23702.3848,22225.3984
2016-05-31,1212.23901,3924.00659,7126.88818,7055.24609,14905.75,23573.6094,23983.5801
2016-06-01,1281.27271,3399.87305,5792.8877,5147.44385,13465.23,23746.6641,23944.6504
2016-06-02,1358.18323,3063.65039,4903.46484,4158.66504,10519.75,24040.0469,23964.8457
2016-06-03,1307.24854,2859.62695,4481.44824,3877.92969,8057.76,23630.5254,24351.9727
2016-06-04,1191.85327,2742.86621,4163.98193,3881.66992,6565.62,20794.9551,24742.8789
2016-06-05,1118.26367,2699.13159,3884.60376,3773.99512,5822.87,17552.373,23521.8086
2016-06-06,1152.65955,2616.79712,3638.2019,3590.11963,5576.55,15023.9277,20512.4414
2016-06-07,1247.79797,2641.31567,3515.29541,3609.77661,5485.35,13404.8701,17429.0898
2016-06-08,1298.24622,2985.7478,3468.69507,4005.32227,5238.19,12559.2373,15235.3164
2016-06-09,1471.83301,3569.3855,3621.98926,4551.39795,5025.72,11996.2363,13964.9502
2016-06-10,1757.06262,4175.97412,4256.21094,5315.40039,5255.54,11759.7559,13401.6182
2016-06-11,2001.92175,4741.06982,5276.72021,6614.00195,6225.81,12107.1221,13834.3906
2016-06-12,2151.9978,5504.66211,6413.92822,7876.2251,7796.69,13435.3516,16107.6836
2016-06-13,2326.62378,6181.13623,7566.09766,9017.21973,9550.26,15073.0586,18136.8809
2016-06-14,2963.64551,6528.98633,8745.66309,9599.24219,11263.55,17028.4062,18826.3359
2016-06-15,3951.15137,6892.43555,9374.38086,9437.45996,12624.63,19491.3574,19281.832
2016-06-16,4407.33887,7338.97412,9235.2998,9417.60547,13430.24,21746.3027,20357.9023
2016-06-17,4209.47803,8021.14258,9053.26758,9633.63281,13356.25,23722.3613,21874.875
2016-06-18,3796.08521,9074.18945,9145.99609,9703.54688,12741.97,24849.873,23565.7363
2016-06-19,3560.34521,9894.81348,9624.9502,9379.66211,12320.16,25056.6621,25122.0527
2016-06-20,3477.67261,10109.9521,10530.6025,8873.3584,12404.84,24701.3906,25868.0664
2016-06-21,3417.8999,9904.81836,11363.9971,8479.28027,12534.87,24183.5879,25760.1582
2016-06-22,3481.78174,9734.60352,11679.7793,8717.92383,12149.06,24276.4531,25136.4922
2016-06-23,3469.93945,9605.32227,11605.4062,9505.23828,11425.19,25242.6309,24591.6113
2016-06-24,3254.78711,9528.90625,11529.0479,10159.124,10916.33,25987.1875,24883.5957
2016-06-25,2883.69019,9521.07617,11466.125,10404.5322,11291.34,25739.9668,25892.2246
2016-06-26,2563.50049,9246.15723,11462.4629,9806.1875,12266.14,24937.6133,26352.5137
2016-06-27,2296.59009,8671.58398,11507.7246,8561.18945,13076.03,24613.0234,25988.8125
2016-06-28,2121.12036,7783.56006,11244.8203,7230.39355,13201.89,25102.1973,25225.8535
2016-06-29,1969.5166,6896.59131,10512.623,6064.48193,12325.21,26112.1738,24960.3867
2016-06-30,1957.29187,6059.70459,9405.15527,5413.31348,10859.61,26866.2754,25679.6777
2016-07-01,2502.3645,5433.61035,8267.92773,5168.34131,9288.59,26481.8965,26699.2285
2016-07-02,3331.89185,5447.95996,7260.53564,5237.67139,7907.27,24551.0566,27108.2715
2016-07-03,3998.0542,6418.47949,6528.20703,5557.22656,7112.38,21886.3945,26228.9805
2016-07-04,4504.32031,8008.48975,6569.77197,6234.7002,6876.01,19494.8145,24054.0723
2016-07-05,5562.31885,9534.36621,7603.45068,7506.62207,7101.30,17268.5156,21542.7773
2016-07-06,6677.8125,10793.0908,9234.8252,9806.41602,7616.69,16615.5527,19509.9102
2016-07-07,6433.20605,11480.7344,10883.7881,13397.2402,8413.84,16976.1699,18359.4395
2016-07-08,5388.76514,11796.7568,12249.0215,16188.9922,9918.23,18465.6094,18287.3125
2016-07-09,4401.96338,12202.6426,13030.7607,15707.25,12665.17,20355.6367,18807.5625
2016-07-10,3621.30249,12026.8623,13338.1895,13259.627,16325.59,22234.2363,20156.1035
2016-07-11,3046.64209,11054.5039,13763.5967,11280.2344,18523.68,24563.2559,21848.5781
2016-07-12,2698.37256,9834.99609,13708.5752,10363.9844,17943.39,27635.8223,23703.2871
2016-07-13,2619.57837,8649.27344,12714.708,9804.83789,15997.59,31400.7402,26151.0996
2016-07-14,2715.22852,7589.56152,11399.8477,8870.01465,14233.64,34082.9883,29396.8613
2016-07-15,2940.61255,6811.22705,10137.8447,8006.875,13060.77,33474.1953,33153.2266
2016-07-16,3589.21069,6769.16309,9043.14355,7761.30566,11842.08,30500.1484,34991.5547
2016-07-17,4697.61328,7865.91064,8224.0166,8062.83057,10453.08,27415.291,33561.707
2016-07-18,5542.03076,9751.50293,8219.61719,8939.19824,9664.89,25111.6367,30420.3164
2016-07-19,5411.15332,11453.9443,9495.26074,10357.208,9938.02,22840.5234,27647.2812
2016-07-20,4746.90674,12253.9277,11499.5059,11471.3369,10856.92,20751.7852,25402.5312
2016-07-21,4295.21533,12136.2373,13341.2959,11597.0918,12204.92,20181.3203,22963.4727
2016-07-22,4411.63965,11271.5039,14295.6816,10897.792,13668.87,22411.5,21155.8359
2016-07-23,5397.33252,10261.168,14194.3477,9678.38867,14540.78,25895.7383,21582.4746
2016-07-24,7673.51465,9942.72266,13446.9512,8742.1709,14614.00,29414.2793,24454.9824
2016-07-25,9823.67773,10464.6982,12806.1318,9980.54492,13866.29,31495.7656,28097.8848
2016-07-26,10524.9033,11806.3535,12944.3887,14162.8213,13217.05,32091.6855,31328.3242
2016-07-27,10359.3252,14384.8408,13760.167,18990.9414,13496.10,32100.8125,32999.1289
2016-07-28,8584.6543,17120.0391,15022.2627,22191.7109,16843.24,32058.0176,33335.4883
2016-07-29,6127.04443,17742.9297,17149.2246,22179.6719,22081.52,32235.873,32747.8652
2016-07-30,4471.69238,16906.166,19702.8398,18866.0371,25952.87,33155.6133,32951.6133
2016-07-31,3514.33862,14788.9443,20521.832,14834.2656,27403.33,38085.7344,32889.543
2016-08-01,3197.19092,11763.6152,19913.9277,11567.6387,25811.89,46351.7266,35148.0195
2016-08-02,3143.52637,9613.71777,18298.3262,9478.5918,22044.88,52654.5898,41865.9766
2016-08-03,3280.73267,8261.48828,15461.1357,8821.19336,18701.22,54081.9336,50157.2305
2016-08-04,3453.39722,7536.45068,13031.9512,9245.99707,15972.18,51459.8945,54723.4062
2016-08-05,3314.73608,7063.9917,11380.7217,9772.81543,13832.55,45589.3945,54566.7578
2016-08-06,3023.49609,6704.72949,10275.2764,9774.30859,12851.96,39154.6445,50609.8555
2016-08-07,3065.21021,6716.90771,9429.64941,9639.89941,12869.47,33762.9336,44147.7148
2016-08-08,3548.25073,6776.07275,8747.13477,9570.96973,13114.90,29243.7441,38057.2891
2016-08-09,3849.4126,6831.22754,8603.84277,9631.17285,13178.85,26390.1035,32890.6211
2016-08-10,3814.31348,7044.16357,8705.84473,10086.3135,13275.35,24952.3789,28792.3945
2016-08-11,3661.30249,7482.83057,8811.02344,10603.6396,13294.01,24446.0742,26420.4375
2016-08-12,3340.77124,7682.54248,8961.86719,10513.3145,13209.72,24670.5645,25234.6758
2016-08-13,3013.83569,7392.16211,9249.3623,10232.2334,13404.53,25041.627,25006.1211
2016-08-14,2902.83765,6964.50684,9376.27246,9778.15137,13428.06,25265.2441,25439.8105
2016-08-15,2956.82959,6608.07764,9058.65332,8844.39062,13004.25,25360.373,25970.0391
2016-08-16,3003.06421,6463.31934,8629.16797,8203.65332,12631.29,25790.5215,26240.5039
2016-08-17,3292.19434,6643.72461,8302.44238,8190.99219,12169.87,25862.1035,26467.0703
2016-08-18,3884.96777,7457.81104,8139.58936,8392.11523,11580.46,25100.9023,27130.041
2016-08-19,4312.59277,8082.04883,8212.10645,8977.80859,11480.20,24185.2539,26945.6953
2016-08-20,4068.99414,7870.07471,8847.56152,10238.585,11769.59,23192.3379,25902.5391
2016-08-21,3323.53271,7649.30811,9870.99805,10961.5459,12311.65,22519.4199,24850.3457
2016-08-22,2721.90698,7942.73047,10790.1699,9979.14355,13757.02,23488.6992,23995.4805
2016-08-23,2610.88525,8161.10791,11576.9414,8246.95508,15810.73,26429.1953,24068.1934
2016-08-24,2886.08838,7663.54883,12611.5684,6761.91016,16723.65,30272.123,25790.0391
2016-08-25,2924.88135,6905.56641,13346.7109,5968.73926,15245.57,33647.6133,29041.8105
2016-08-26,2587.78223,6529.29541,12433.6377,5746.65039,12487.37,37212.9336,32666.4141
2016-08-27,2300.0083,6691.74219,10697.0518,5764.84229,10276.13,40614.8164,35641.957
2016-08-28,2165.57227,6758.23828,9615.64453,5881.05176,9075.06,39345.4062,39312.957
2016-08-29,2244.63818,6157.14307,9292.64453,6189.8374,8790.13,33695.8945,41892.6914
2016-08-30,2413.91577,5369.65186,9137.82617,6248.04053,8951.54,28576.2812,38990.0859
2016-08-31,2469.77612,4921.80078,8456.97266,5851.51318,9554.51,25325.1406,33101.082
2016-09-01,2620.65308,4940.48535,7489.03564,5472.75488,10035.77,23551.5703,28585.6699
2016-09-02,3071.42749,5454.31396,6832.3125,5549.66113,9513.17,22343.0898,25817.0586
2016-09-03,3631.30859,6330.39404,6707.35645,6794.59277,8680.95,21426.5039,24126.0352
2016-09-04,4293.73438,7403.64014,7143.24902,9190.74316,8217.07,20533.5645,22838.4355
2016-09-05,4657.36621,8343.82715,7927.41797,10876.6426,8563.74,19065.332,21836.4531
2016-09-06,4328.17529,8817.25879,8882.1748,10414.585,10139.47,17959.5352,20622.082
2016-09-07,3618.92358,8876.3457,9723.58789,8794.64062,12322.36,17863.6406,19045.7832
2016-09-08,2920.65015,8464.92676,10136.7783,7208.78613,13108.85,19028.9199,18284.9121
2016-09-09,2594.84546,7651.93994,10165.5928,6014.85889,11967.40,21465.6328,18532.4141
2016-09-10,2664.35571,6727.6167,9788.11621,5389.43848,10253.27,24159.877,20078.0254
2016-09-11,2955.69043,6424.35547,9104.22559,5376.06885,8741.76,25142.8984,22796.0625
2016-09-12,3044.19556,7272.22998,8566.29785,6120.91553,7900.81,23599.0566,25194.332
2016-09-13,2727.22266,7931.42188,8699.30957,7140.43799,7920.07,21705.5566,25567.6973
2016-09-14,2333.28833,7636.521,9715.87109,7468.67188,8842.98,20323.1133,23730.1777
2016-09-15,2198.8479,6953.06396,10510.5381,6895.08545,9908.67,20115.1875,22004.6367
2016-09-16,2206.9209,6041.53467,10148.2822,5910.7627,10280.35,21025.0176,21043.8887
2016-09-17,2133.18799,5249.35693,9164.48242,5115.36719,9790.82,23377.6211,21518.0156
2016-09-18,2167.73413,4952.83203,8053.6333,4629.72021,8688.11,24648.2363,22890.5781
2016-09-19,2298.28271,5045.42578,7321.70703,4313.22803,7642.28,23867.6719,24983.7539
2016-09-20,2293.46362,5207.00537,7244.65625,4252.90967,7154.21,22052.5938,25311.998
2016-09-21,2360.20117,5607.44824,7396.21094,4679.3208,7015.92,19861.3477,23967.1309
2016-09-22,2987.52222,6475.92383,7616.93213,5374.72559,6879.40,18625.2461,21999.3828
2016-09-23,4101.96143,7177.32373,8204.49902,6384.03809,7077.22,18696.9355,20164.373
2016-09-24,4644.39746,7409.19922,9254.2373,8045.01221,7831.24,19682.1543,19572.1465
2016-09-25,4407.32812,7715.95117,10079.8154,9903.07715,8675.77,20003.3145,19978.248
2016-09-26,4121.40674,8204.59375,10266.8438,10650.3516,9678.07,20574.2168,20936.2109
2016-09-27,3619.04932,8344.70312,10243.1191,9748.52734,11092.84,21986.6387,21024.125
2016-09-28,2929.31372,7902.76562,10379.0869,8172.38184,12570.33,23409.0645,22251.1191
2016-09-29,2446.71631,7347.3252,10438.5254,6983.62402,12537.25,24244.3105,23882.3047
2016-09-30,2120.82056,6750.74365,10017.8623,6296.88086,11121.92,25259.1699,24735.584
2016-10-01,1980.18188,5908.68164,9375.05371,5516.87402,9507.67,26417.5508,25405.8965
2016-10-02,1977.38989,5193.35498,8670.85645,4741.76221,8580.75,26184.166,26440.793
2016-10-03,1911.3064,4752.82227,7688.9585,4359.80273,8064.78,23682.168,27190.3066
2016-10-04,1738.40808,4501.47217,6785.06445,4179.6875,7341.15,21269.6621,26266.9844
2016-10-05,1577.13281,4408.94189,6211.14404,4058.09912,6751.72,19881.5156,23703.6016
2016-10-06,1488.63928,4271.05371,5864.44727,3840.14478,6411.70,18863.7305,21979.5645
2016-10-07,1414.43945,4004.23535,5768.98584,3512.23267,6102.29,17882.7949,20756.9922
2016-10-08,1375.60791,3744.00659,5765.02979,3309.43555,5781.85,17235.6367,19476.4062
2016-10-09,1450.79517,3554.41895,5630.11328,3178.12402,5400.51,16673.3398,18360.7715
2016-10-10,1644.06641,3419.94116,5343.58838,3110.0166,5004.34,16024.4717,17607.6543
2016-10-11,1869.35901,3422.94604,5034.67285,3177.34033,4845.15,15226.7246,16912.2891
2016-10-12,1966.87402,3650.1189,4771.7002,3381.46606,4693.84,14020.1729,16165.9893
2016-10-13,2018.69971,3915.89209,4637.78467,3665.36206,4568.30,12598.8945,15203.4834
2016-10-14,2148.74683,4112.89795,4770.38281,3888.31714,4603.33,11622.2822,13844.46
2016-10-15,2183.54297,4295.88232,5050.14404,3989.27393,4807.29,10914.0605,12499.2246
2016-10-16,1986.89832,4386.44434,5312.75488,3964.50073,5092.38,10660.7734,11653.4004
2016-10-17,1672.45886,4343.62109,5525.41455,3875.99658,5330.49,10991.8828,11124.7783
2016-10-18,1405.41528,4150.28516,5612.01025,3834.94287,5424.30,11576.5596,11274.5586
2016-10-19,1225.67554,3777.47363,5517.03467,3770.03589,5313.01,12186.3174,11917.6602
2016-10-20,1121.95471,3319.2959,5256.16357,3481.95728,5156.03,12668.1855,12480.0918
2016-10-21,1061.93896,2920.66187,4857.4541,3050.68384,5088.07,12723.5654,12905.2139
2016-10-22,1020.37451,2631.73828,4383.87549,2694.7998,4947.59,12313.4453,13143.6494
2016-10-23,986.676025,2444.5498,3945.95117,2451.40894,4568.34,11698.3135,12924.5938
2016-10-24,951.095642,2326.64697,3602.69531,2303.12476,4118.89,11039.915,12348.7588
2016-10-25,912.072815,2242.94946,3369.89648,2218.23438,3769.12,10442.7568,11695.418
2016-10-26,878.842529,2170.75977,3224.16113,2162.72681,3528.65,9914.19141,11056.2725
2016-10-27,870.142578,2109.55835,3139.47852,2126.28662,3377.97,9582.36035,10493.4639
2016-10-28,905.878662,2123.72192,3211.6145,2123.56006,3340.57,9375.85547,10148.0244
2016-10-29,1050.90381,2409.13379,3486.74707,2294.18164,3510.70,9305.40137,10058.7266
2016-10-30,1232.64819,2937.90039,3998.33862,2769.15454,3868.15,9863.60156,10199.3018
2016-10-31,1282.01172,3361.18433,4887.85938,3577.51318,4544.15,11201.4492,10538.877
2016-11-01,1171.28308,3564.83472,5855.37012,4354.94531,5480.11,12935.7227,11356.3496
2016-11-02,1004.65259,3537.36182,6406.43555,4735.64355,6600.52,14786.8271,12727.9053
2016-11-03,868.03479,3273.875,6465.97363,4692.63428,7577.86,16029.2588,14358.7354
2016-11-04,774.753845,2893.14795,6097.19629,4237.24805,7981.98,17191.3066,15968.7695
2016-11-05,743.085144,2529.93628,5472.99023,3634.22974,7721.67,19062.877,17043.5391
2016-11-06,789.171936,2429.70093,4912.34326,3125.49268,7120.23,20195.7285,18094.5586
2016-11-07,1077.78906,2647.44897,4591.90381,2781.53223,6367.84,20106.834,20093.8652
2016-11-08,1728.33179,3071.18091,4615.9209,2627.72241,5691.95,19103.9883,20737.3145
2016-11-09,2366.75684,3550.17676,4959.2959,2900.19946,5171.21,18156.6523,20246.0977
2016-11-10,2561.48755,4101.51221,5335.18799,4244.93018,4864.52,16944.3477,19275.4473
2016-11-11,2170.88232,4654.65186,5540.9458,6928.5791,4945.66,15618.916,18365.0625
2016-11-12,1572.87866,4834.59473,5723.01025,9768.44141,5566.56,14580.1055,17332.1777
2016-11-13,1165.52869,4615.50098,5972.32031,11287.543,7204.10,13779.085,16351.8779
2016-11-14,919.407288,3990.21338,6023.22705,10332.1064,9759.66,13556.3584,15420.5469
2016-11-15,814.847046,3165.89722,5754.69971,7591.48291,12010.99,14215.9678,14475.4404
2016-11-16,778.985596,2559.23877,5148.94727,5177.01172,12609.80,15843.8926,14287.668
2016-11-17,763.248779,2203.00342,4305.5957,3672.62085,10809.18,18079.4492,15035.8945
2016-11-18,740.040771,2016.95728,3612.66235,2902.18872,7980.32,19719.9844,16806.7617
2016-11-19,703.010376,1924.48975,3188.36353,2617.80493,5845.61,19403.0332,18979.9805
2016-11-20,664.348999,1865.21582,2941.29272,2523.73413,4548.45,16646.8184,20082.8184
2016-11-21,633.001953,1802.95251,2808.64624,2441.16309,3875.32,13168.0928,18890.8184
2016-11-22,616.920959,1736.33484,2723.40381,2309.65649,3638.59,10545.4912,15626.8887
2016-11-23,603.555054,1675.96777,2645.25562,2158.77612,3538.84,8334.39453,12360.4258
2016-11-24,590.630432,1622.41443,2563.14258,2021.34998,3425.06,7496.88916,9896.52441
2016-11-25,578.034973,1583.40833,2486.54053,1948.55737,3269.73,7158.3877,8156.04639
2016-11-26,565.700439,1551.73914,2417.16333,1917.53296,3109.33,6959.20117,7509.13135
2016-11-27,553.591553,1520.8208,2363.8186,1875.33289,2958.81,6774.2207,7264.93066
2016-11-28,541.69812,1490.33618,2314.43433,1863.08899,2909.32,6498.97998,7038.7168
2016-11-29,530.056274,1460.27026,2269.51685,1840.82019,2873.80,6266.16211,6813.86963
2016-11-30,518.942444,1430.5957,2225.40454,1819.13391,2838.63,6072.32324,6570.28125
2016-12-01,508.121704,1401.37781,2182.08569,1803.70654,2802.57,5943.85352,6347.42725
2016-12-02,498.006897,1372.71985,2139.60449,1793.80212,2769.04,5859.63623,6171.02393
2016-12-03,489.288635,1346.45007,2098.4751,1780.06787,2742.79,5781.06348,6065.32764
2016-12-04,480.189697,1322.78735,2060.07251,1758.89697,2722.95,5708.67676,5984.19629
2016-12-05,469.459839,1298.01221,2030.85815,1731.83606,2704.35,5644.91553,5908.61426
2016-12-06,458.270172,1273.4021,2006.86401,1697.92188,2680.27,5579.42139,5840.85107
2016-12-07,447.112518,1247.5564,1973.51599,1664.3103,2649.00,5520.5249,5775.44678
2016-12-08,436.163605,1218.90698,1928.9397,1634.25464,2608.69,5471.57324,5709.91748
2016-12-09,425.931549,1190.63037,1880.3999,1605.78809,2562.10,5423.79053,5652.71582
2016-12-10,416.275269,1163.16943,1833.22498,1579.17761,2518.81,5349.63232,5606.53809
2016-12-11,407.013214,1136.89929,1788.80042,1554.46082,2479.48,5252.44336,5550.2627
2016-12-12,398.039368,1111.69275,1747.99304,1530.86548,2442.56,5148.84814,5461.75244
2016-12-13,389.249878,1087.64856,1709.7793,1508.10107,2408.13,5052.16797,5359.33398
2016-12-14,380.600861,1064.24255,1673.11865,1486.08569,2375.60,4965.75488,5256.82178
2016-12-15,372.140778,1041.37769,1637.84875,1464.48718,2344.24,4885.15576,5163.21191
2016-12-16,363.891541,1019.06073,1603.16235,1443.54907,2313.80,4811.33203,5078.31689
2016-12-17,355.816528,997.1203,1569.18005,1423.27026,2284.14,4740.84521,4999.54785
2016-12-18,347.930481,975.697266,1536.10217,1403.39856,2255.05,4671.89502,4926.72314
2016-12-19,340.224243,954.756348,1503.91406,1383.84924,2226.89,4604.75391,4856.42188
2016-12-20,332.75473,934.271423,1472.42871,1364.54761,2199.45,4539.27588,4787.63574
2016-12-21,325.425018,914.232544,1441.61011,1345.44263,2172.49,4475.90381,4720.67188
2016-12-22,318.155518,894.677734,1411.47327,1327.0592,2146.06,4414.52734,4655.44385
2016-12-23,311.033539,875.699463,1381.93481,1309.14209,2119.97,4354.72607,4592.42236
2016-12-24,304.075928,857.064575,1353.06348,1290.88379,2094.20,4285.48828,4531.19336
2016-12-25,297.35788,838.530334,1324.927,1272.40967,2069.28,4103.8584,4471.39355
2016-12-26,290.824646,820.304077,1297.38599,1254.06104,2044.67,3996.39404,4390.28809
2016-12-27,284.921753,802.510681,1269.49011,1332.90259,2116.16,4115.62549,4350.84961
2016-12-28,286.518158,785.194519,1242.65735,1315.67932,2042.72,4107.01514,4338.45898
2016-12-29,316.429596,768.691772,1216.44604,1227.20483,1940.40,3989.85522,4214.28955
2016-12-30,362.137543,754.549561,1190.84412,1190.36182,1889.95,3910.75806,4133.82861
2016-12-31,355.440308,753.225281,1166.16882,1205.26147,1866.15,3809.95679,4080.25586
2017-01-01,312.9245,766.262634,1143.27417,1248.22778,1843.71,3750.49658,4016.09839
2017-01-02,282.215668,797.88623,1131.64575,1287.86145,1830.76,3628.75317,3859.13794
2017-01-03,257.793152,800.17157,1134.10303,1274.82751,1851.12,3508.15967,3727.36328
2017-01-04,244.105179,751.985168,1156.36292,1215.63745,1745.27,3466.30151,3684.84375
2017-01-05,237.309601,704.97467,1160.38098,1193.90393,1749.95,3451.4751,3655.73853
2017-01-06,236.398529,668.387146,1112.01929,1236.79028,1717.43,3486.46997,3636.58301
2017-01-07,236.302292,642.991821,1055.49902,1281.40784,1673.66,3427.82617,3634.1792
2017-01-08,230.188553,627.075928,1011.47009,1272.71118,1703.72,3478.69067,3629.34521
2017-01-09,220.336868,618.257812,976.942993,1223.53015,1783.30,3469.88989,3587.07788
2017-01-10,211.008453,610.672363,952.732239,1172.203,1811.56,3518.20435,3623.76123
2017-01-11,204.294235,596.704041,936.157532,1116.90283,1776.10,3755.86084,3600.2832
2017-01-12,198.934937,578.711548,922.31366,1057.07861,1718.30,3799.48462,3749.86108
2017-01-13,194.287979,560.22998,903.486694,1013.65039,1648.75,3622.56323,3929.14111
2017-01-14,189.951157,544.813904,879.818787,984.378052,1563.52,3410.99585,3879.06421
2017-01-15,185.719772,531.74054,855.239441,964.110596,1470.15,3210.26831,3682.96606
2017-01-16,181.55632,519.881897,833.396606,947.151306,1405.38,3065.60889,3453.87939
2017-01-17,177.336838,508.627747,814.337524,930.730103,1360.65,2937.97021,3282.19971
2017-01-18,173.218307,497.655182,796.717529,915.175354,1329.70,2815.81934,3148.4895
2017-01-19,169.333542,486.887573,779.916199,900.85321,1304.07,2725.60889,3018.58643
2017-01-20,165.558304,476.194672,763.547668,887.298157,1280.09,2656.13306,2906.40942
2017-01-21,161.865158,465.748901,747.528259,873.650818,1258.59,2597.98096,2823.88501
2017-01-22,158.254852,455.667938,731.880554,861.118347,1237.73,2544.75366,2759.45898
2017-01-23,154.724869,445.871521,716.6297,849.097229,1217.76,2500.87378,2701.92505
2017-01-24,151.272446,436.285034,701.538696,837.230652,1198.09,2461.93726,2651.31104
2017-01-25,147.897385,426.904388,686.781006,825.663635,1180.34,2424.47388,2608.88062
2017-01-26,144.59642,417.731659,672.569641,814.32843,1163.18,2388.71143,2569.83594
2017-01-27,141.408142,408.787262,658.43335,803.110291,1146.30,2355.19971,2532.65283
2017-01-28,139.399185,400.964539,644.35144,850.601807,1367.37,2683.06738,2848.27173
2017-01-29,143.158035,399.316986,631.116211,782.666443,1294.27,2383.06665,2550.65161
2017-01-30,150.263901,401.626709,620.138,774.662842,1281.00,2351.57422,2520.38232
2017-01-31,158.885147,397.656555,615.067078,783.357117,1270.41,2321.08691,2488.1062
2017-02-01,156.483398,393.265839,614.513489,818.909058,1258.89,2292.11304,2456.45337
2017-02-02,146.174286,389.686035,608.61145,872.141174,1249.34,2268.59473,2425.83691
2017-02-03,142.347595,387.286987,598.402588,891.128357,1266.67,2267.97485,2414.42358
2017-02-04,139.51561,381.389618,588.867981,850.28186,1317.65,2260.61401,2396.04028
2017-02-05,133.882538,367.96991,580.972595,801.810913,1361.33,2250.84326,2400.14844
2017-02-06,125.022675,360.591309,571.634033,777.59668,1357.12,2301.69751,2433.46167
2017-02-07,117.771225,357.512604,555.239441,760.276917,1304.19,2332.13477,2420.18066
2017-02-08,112.462738,347.13205,542.161377,735.827026,1084.43,2219.1123,2300.87646
2017-02-09,110.514725,330.177216,535.843689,710.315735,1030.42,2144.08472,2258.6521
2017-02-10,109.970345,314.974976,523.456909,686.609009,1007.34,2073.61743,2279.76807
2017-02-11,107.164146,302.911407,503.719177,668.346619,976.62,2017.53455,2239.68286
2017-02-12,104.045914,295.513702,484.528198,656.455078,946.76,1984.60339,2167.31836
2017-02-13,101.320442,291.23172,468.521057,650.082703,919.63,1944.87244,2121.16895
2017-02-14,98.3335953,285.933441,457.217163,644.547729,899.07,1892.37537,2088.07056
2017-02-15,95.2308655,280.114471,449.68457,640.128723,886.11,1844.19397,2044.44763
2017-02-16,93.4270706,274.895569,442.270172,640.428589,877.14,1802.35461,1991.57056
2017-02-17,91.3310089,269.12616,434.922302,647.88269,869.06,1772.31274,1943.47595
2017-02-18,88.5317841,261.883057,427.807678,647.96051,863.04,1754.57446,1904.46411
2017-02-19,86.6623917,255.591019,418.72052,630.679321,861.68,1741.98889,1878.30957
2017-02-20,89.9534607,250.65712,407.59082,612.644043,864.85,1731.06458,1862.89673
2017-02-21,122.627998,250.551575,397.446259,597.050415,854.55,1718.70911,1850.75366
2017-02-22,238.08699,260.702881,389.102539,587.539978,831.95,1701.39551,1839.45068
2017-02-23,391.943481,290.836731,385.657501,607.774902,813.22,1684.78674,1824.54089
2017-02-24,475.725372,341.629944,392.818726,738.193604,798.01,1659.26233,1807.00769
2017-02-25,490.460114,446.851501,421.240143,1099.8031,741.36,1640.24426,1811.55237
2017-02-26,443.734924,593.91571,472.444458,1660.21887,781.03,1467.16504,1640.91821
2017-02-27,337.585205,685.602539,569.767517,2469.19653,978.74,1465.52209,1606.34656
2017-02-28,232.840591,695.898132,714.602844,3115.07422,1402.79,1495.27368,1591.81567
2017-03-01,165.484116,646.596802,817.111755,3018.05713,2052.39,1595.68201,1599.57861
2017-03-02,126.538849,537.341614,830.668091,2389.65088,2863.26,1912.77686,1650.20691
2017-03-03,105.6968,410.993164,783.480469,1690.11206,3307.65,2482.00342,1804.23059
2017-03-04,97.6679688,322.279816,676.768921,1202.27429,2989.55,3223.26172,2245.5144
2017-03-05,101.229599,267.385956,544.499634,945.849243,2294.25,4061.60547,2885.31226
2017-03-06,118.148926,236.9655,445.095673,841.772949,1646.19,4438.15576,3642.75098
2017-03-07,137.810944,228.913513,382.646851,821.265198,1232.04,4009.41113,4369.15527
2017-03-08,154.103867,240.21582,347.385132,960.459473,1032.12,3192.50391,4472.85498
2017-03-09,172.8918,262.359711,339.316895,1269.62,957.39,2457.70776,3855.1814
2017-03-10,187.797409,288.414398,360.142059,1537.25659,976.12,1989.14575,3024.47192
2017-03-11,204.274094,316.284576,401.562622,1684.30322,1198.02,1763.97363,2374.65869
2017-03-12,243.533676,355.073547,443.675201,1782.65137,1544.10,1707.00562,1995.33459
2017-03-13,339.691193,421.914185,486.224792,1781.30054,1797.02,1783.37537,1838.13184
2017-03-14,462.797058,503.875,551.483765,1752.89856,1947.14,2095.42773,1845.4386
2017-03-15,461.582123,583.950989,641.551575,1916.8407,2057.56,2587.18921,1992.57898
2017-03-16,337.579498,647.527344,736.484619,2278.5415,2065.32,2974.53345,2370.51392
2017-03-17,219.015427,697.495239,822.735291,2625.1936,2075.10,3190.3645,2841.00586
2017-03-18,139.585297,676.650452,850.531372,2582.0271,2285.64,3323.10693,3160.35132
2017-03-19,115.870178,538.433716,846.005066,2104.80273,2640.08,3400.38135,3342.08496
2017-03-20,186.442993,389.756256,812.397278,1578.26892,2889.17,3468.89014,3461.49756
2017-03-21,282.222473,306.350494,678.86261,1253.09692,2694.16,3644.77783,3534.68018
2017-03-22,337.928436,313.872955,531.518005,1203.97632,2163.11,3963.58813,3612.63867
2017-03-23,375.573608,433.171326,446.322754,1500.07849,1680.14,4140.97852,3846.65503
2017-03-24,319.612885,571.797791,443.190063,1955.49939,1436.41,3819.84814,4164.06885
2017-03-25,213.244156,614.649719,549.342896,2141.8916,1491.95,3171.29761,4190.07129
2017-03-26,170.85318,597.567139,684.451904,1972.43616,1852.19,2599.5957,3718.47168
2017-03-27,204.573715,536.542725,726.026794,1668.26099,2245.78,2355.92017,3055.27881
2017-03-28,340.577026,431.815826,706.964783,1483.79578,2672.47,4053.34155,4119.9585
2017-03-29,515.567932,368.546539,651.010803,1384.41565,2452.17,3889.53174,3408.18994
2017-03-30,567.284607,395.449799,547.261047,1454.39575,2096.91,3892.43115,3302.11523
2017-03-31,606.337891,545.416687,467.654755,1751.65186,1830.96,3865.90283,3751.95117
2017-04-01,779.915283,896.724854,481.024811,2159.51733,1799.22,3578.97485,4029.44067
2017-04-02,1044.47266,1254.14905,628.986877,2548.18213,2009.12,3190.25464,3913.86743
2017-04-03,1506.85925,1493.51526,977.58429,3013.86084,2385.43,2802.48901,3487.25757
2017-04-04,2016.79333,1851.44531,1372.47253,3873.87622,2825.47,2770.89624,3062.97192
2017-04-05,2507.2168,2519.38477,1666.30566,5079.34277,3258.88,3167.91504,2825.06812
2017-04-06,2584.86133,3498.93628,2062.17139,6187.42139,3884.25,3885.64136,2920.05225
2017-04-07,2033.03052,4260.40088,2773.53882,6585.50537,4916.55,4519.06592,3262.02734
2017-04-08,1391.88892,4526.45508,3827.18237,7534.11963,6245.30,5207.97314,4020.14502
2017-04-09,914.490234,4298.81592,4769.22266,8632.82129,7070.80,6388.0957,4774.67383
2017-04-10,672.621399,3397.9165,5097.72998,7423.95801,7365.68,8510.81348,5604.82471
2017-04-11,614.312195,2306.04443,4826.65186,5198.95361,8547.18,11060.7373,7100.70508
2017-04-12,667.449951,1532.72327,3884.83228,3547.46899,8953.53,12644.9688,9459.06836
2017-04-13,648.57312,1098.11926,2672.38306,2491.41113,7096.47,12989.998,11850.96
2017-04-14,546.206604,932.201599,1785.08826,2131.80469,5021.19,13578.9395,12911.6357
2017-04-15,466.626099,933.657654,1270.22595,2117.06763,3525.46,12839.668,13281.1592
2017-04-16,427.465088,926.352905,1065.12524,2056.64478,2706.65,9926.65234,13794.208
2017-04-17,599.663757,838.011902,1065.73535,1923.45972,2419.04,7348.35449,12522.7051
2017-04-18,1020.61298,795.277893,1111.69458,2070.15063,2400.97,6042.4541,9984.58301
2017-04-19,1335.11438,849.56488,1048.29602,2524.54932,2377.30,5477.4873,8115.90674
2017-04-20,1266.4519,1123.48413,995.73822,3116.85645,2442.62,5286.43848,6858.84766
2017-04-21,1134.54358,1632.46729,1053.60803,3713.23022,2862.42,5308.58789,6123.16553
2017-04-22,1173.22388,2158.21167,1303.66431,4056.77515,3462.40,5145.32471,5719.12744
2017-04-23,1287.29126,2333.63794,1804.38428,4037.18872,4113.67,5184.14502,5603.79785
2017-04-24,1355.76233,2238.03687,2419.30151,3750.75391,4680.80,5749.25781,5351.32373
2017-04-25,1509.31165,2184.33789,2805.50513,3630.81543,4865.63,6628.37891,5581.69727
2017-04-26,1676.02283,2279.88892,2895.63306,3993.49878,4769.72,7815.82959,6219.25684
2017-04-27,1538.76855,2428.40454,2926.62695,4661.21289,4615.18,9495.85547,7930.43262
2017-04-28,1342.88818,2450.84229,3018.23145,5129.8374,4618.13,9900.2832,9083.87109
2017-04-29,1163.29993,2449.42432,3100.92188,5094.2207,5071.47,9656.5459,9868.89453
2017-04-30,977.534241,2255.81616,2987.51196,4635.65967,5619.94,8854.76758,9963.23828
2017-05-01,977.689514,1920.66956,2835.16382,4299.74756,5866.81,8782.55469,9366.31738
2017-05-02,1078.31982,1693.04834,2579.52563,4000.91553,5588.51,9152.65527,8898.62793
2017-05-03,1072.8844,1632.27283,2190.32104,3529.6731,5118.04,9473.66504,9034.36133
2017-05-04,987.448792,1682.51404,1924.63562,3161.03369,4846.42,9514.97168,9408.19824
2017-05-05,878.33728,1729.1051,1826.08435,3024.51099,4520.86,8921.42285,9671.74805
2017-05-06,783.753723,1681.09119,1869.04102,2794.89697,4072.75,8136.04541,9525.65723
2017-05-07,918.79187,1525.05188,1949.37781,2569.34741,3757.43,7668.69727,8748.14648
2017-05-08,1278.05713,1372.61267,1914.82202,2413.03149,3624.98,7078.5376,7916.6416
2017-05-09,1380.66589,1240.08679,1750.30884,2328.09619,3472.74,6690.12646,7456.4668
2017-05-10,1204.46228,1271.84656,1597.34985,2485.11499,3381.06,6550.17871,7024.97266
2017-05-11,1160.94519,1672.93494,1527.06384,3103.95508,3391.33,6427.82471,6766.01953
2017-05-12,1151.65088,2008.29517,1672.22388,3675.87231,3390.40,6264.27783,6679.83447
2017-05-13,1055.05554,1951.91016,2213.90479,3728.73071,3616.27,6328.53369,6539.07666
2017-05-14,947.443542,1862.37097,2706.5,3450.62793,4219.07,6561.63428,6444.40039
2017-05-15,915.741394,1859.86694,2703.37036,3091.84668,4616.45,6868.22021,6599.0083
2017-05-16,960.50708,1801.32837,2550.90552,2821.16968,4590.98,7597.31738,6833.86426
2017-05-17,1078.20557,1807.53296,2506.35596,2768.47754,4386.90,8470.82129,7225.56494
2017-05-18,1382.32837,2039.3739,2404.52246,2888.44531,4190.21,8772.69141,8059.92432
2017-05-19,1502.97327,2274.03784,2323.26929,3115.33276,4101.32,8684.80664,8775.94531
2017-05-20,1254.42773,2315.74658,2492.50513,3383.17725,4199.46,8506.16699,8916.91309
2017-05-21,991.066284,2352.58301,2739.66846,3584.84351,4368.58,8235.48242,8790.32129
2017-05-22,803.387512,2324.73657,2776.01953,3649.12915,4457.19,8124.00391,8586.89355
2017-05-23,686.446289,1986.11963,2745.50317,3293.45581,4480.20,8454.2666,8322.82812
2017-05-24,643.492371,1577.92493,2710.18286,2719.27173,4472.00,8761.93945,8334.98145
2017-05-25,646.582703,1290.77344,2384.03296,2301.24756,4322.95,8632.0498,8739.7998
2017-05-26,693.912537,1114.61609,1976.5083,2032.46729,3864.25,8422.12598,8896.86426
2017-05-27,814.062988,1080.7511,1779.9563,1967.12585,3431.98,8183.07568,8728.91992
2017-05-28,1000.39264,1247.5813,1739.85779,2039.31433,2800.40,8191.48975,8911.59863
2017-05-29,1126.13904,1643.18005,1960.54944,2245.31348,2837.05,7158.84619,8106.58057
2017-05-30,1190.36206,2249.67334,2556.96875,2682.9082,3185.84,7186.72168,7731.66309
2017-05-31,1493.36938,3072.11572,3515.87427,3226.37988,3558.18,7730.24219,7728.51074
2017-06-01,2417.98511,4110.72607,4771.86426,3659.77319,4133.50,9269.90234,8267.15723
2017-06-02,3161.93408,5039.79541,6211.75781,3921.09668,4842.05,10869.9482,9172.41992
2017-06-03,3013.77026,5548.24365,7666.73779,4178.43701,5455.11,12183.2734,10574.8604
2017-06-04,2511.16553,6066.48975,8525.70801,4794.02881,5826.07,13569.1787,11913.1211
2017-06-05,2161.78735,6367.23779,8460.10254,6155.59521,5955.28,15056.7402,13098.3711
2017-06-06,2084.43481,5941.76416,8257.88672,8034.27148,6316.74,16364.3857,14375.5195
2017-06-07,1933.4906,5084.92383,8115.41699,8913.92871,7135.53,16755.668,15826.9717
2017-06-08,1653.17224,4212.9248,7514.19678,7894.31836,8564.46,16396.6289,16913.8457
2017-06-09,1410.56628,3719.2356,6546.50146,6423.04248,10088.94,16419.7793,17045.875
2017-06-10,1389.29529,3468.62915,5548.42041,5688.63037,10119.76,16942.7422,16878.8047
2017-06-11,1539.11548,3302.19214,4996.08545,5161.64746,8607.80,17657.8438,17189.666
2017-06-12,1755.36548,3457.1543,4976.26758,4755.63965,7509.39,18390.3848,17894.4824
2017-06-13,2475.10034,4014.40747,5106.72998,4692.94238,7406.21,18084.8047,19165.375
2017-06-14,3138.75684,5058.04883,5435.28906,4759.1665,7265.93,17224.5293,20822.6621
2017-06-15,3095.29199,6204.71045,6167.28613,5031.38916,7045.89,17276.8379,22001.6855
2017-06-16,2690.62842,7065.68604,7416.19678,5389.19092,6940.77,17645.959,22222.0352
2017-06-17,2348.04395,7387.5874,8812.60645,5544.21631,6804.03,17536.7695,21691.4023
2017-06-18,2431.95532,7195.20068,9735.58887,5565.01953,6830.86,18182.0605,20863.7539
2017-06-19,2591.26953,7213.56494,9924.37695,5983.97607,6958.53,18572.8203,20114.2441
2017-06-20,2638.00391,7507.53418,9494.16211,7415.78857,7096.98,19067.5488,20082.6367
2017-06-21,2722.08594,7847.4541,9168.11719,10127.9863,7373.30,19511.5625,20737.2422
2017-06-22,2813.19238,7850.97559,9329.03809,11859.752,8157.92,19906.2734,22091.4473
2017-06-23,2958.26465,7842.33301,9769.36035,11428.5674,10156.24,19969.7344,23431.4844
2017-06-24,3104.59595,8203.32324,9951.21191,10743.0352,12822.61,20058.3906,23517.9863
2017-06-25,3236.76196,8138.04248,9964.12402,10628.6973,13797.18,20702.8984,22599.2812
2017-06-26,3432.16455,7633.53711,10183.0273,10254.9561,13071.61,22457.3027,21883.3438
2017-06-27,3551.86328,7178.83594,9981.75391,9206.8252,12234.80,24248.1973,21898.6875
2017-06-28,3478.28027,6875.99414,9234.81055,8177.33203,12016.45,24883.4395,23550.9902
2017-06-29,3311.14526,6855.60645,8508.54688,7450.59766,11298.18,24268.8691,25117.7793
2017-06-30,3337.52686,7385.68311,8050.56934,7213.28223,10184.20,23403.8906,25479.1172
2017-07-01,4306.62842,8315.70996,7966.66309,7214.0835,9429.95,22326.3027,24555.582
2017-07-02,5888.13428,9122.45312,8601.96289,7422.29541,9129.15,21084.8828,23560.0977
2017-07-03,6673.73242,9885.69922,9757.57129,8652.11719,9138.63,19973.3496,22592.5547
2017-07-04,6592.79736,11251.5078,10762.6348,11003.0107,9168.67,19726.3594,21644.7363
2017-07-05,6466.17871,13085.5342,11577.6689,13322.2119,9507.61,20351.0332,20759.2852
2017-07-06,6457.24316,14115.7598,12777.3564,14600.7803,11072.98,21424.582,20774.8672
2017-07-07,5974.30713,13982.2217,14493.6338,14994.0615,13465.36,22296.4922,21551.0703
2017-07-08,5042.88916,13236.835,15603.9307,14219.833,15384.66,23327.1816,22392.6035
2017-07-09,4715.97314,12208.0879,15541.5498,12623.4395,16353.81,25858.5215,23134.3984
2017-07-10,5806.71436,11186.5664,14779.1533,10917.2373,16410.39,29696.3301,24491.5879
2017-07-11,8484.1543,10248.9922,13818.249,9292.27441,15212.05,32296.8379,27658.6699
2017-07-12,10613.8105,10368.3125,13243.0996,9121.13086,13519.68,33028.4883,31456.1172
2017-07-13,10037.7656,12429.9521,12940.5195,11324.6309,12136.45,32454.5762,33579.0859
2017-07-14,7790.4502,15714.6035,13330.9297,14335.4336,11568.76,30928.0898,34052.5938
2017-07-15,5533.56201,18119.8223,15429.7402,15615.7715,12694.26,29424.5664,33075.1602
2017-07-16,4027.29248,17367.2266,18674.9375,14209.4268,15423.48,28171.6055,31287.832
2017-07-17,3193.4231,14212.4922,21135.7832,11210.6172,18086.76,28420.1348,29634.7812
2017-07-18,2842.13525,10985.4482,20623.3105,8378.40918,18541.18,31948.4434,28534.4629
2017-07-19,2916.24194,8882.69141,17553.1836,6659.66992,16423.76,37979.7383,29857.7988
2017-07-20,3274.7373,7961.97363,14471.5449,5874.65869,13273.71,42734.7578,34780.0859
2017-07-21,3775.04321,8024.71289,12529.9355,6002.11426,10779.26,42181.3242,41137.3008
2017-07-22,3911.53296,8832.64746,11605.6572,7573.63623,9743.46,37348.4766,44342.1445
2017-07-23,3807.49097,9390.35547,11479.8584,8954.50977,9598.45,31792.5527,42380.5781
2017-07-24,3680.88452,9757.2832,11997.5449,9026.37891,10015.05,27907.7578,38021.7266
2017-07-25,3493.83545,9854.09668,12469.4287,8752.09961,11688.80,26561.2109,34017.5781
2017-07-26,3355.80518,9631.41406,12714.6113,8547.9707,12767.07,26587.4961,31095.9922
2017-07-27,3134.91528,9339.55273,12708.4893,8706.43555,12667.10,27829.3574,29714.9434
2017-07-28,2845.66821,8794.44922,12448.1914,8786.97266,12415.12,29728.0117,29531.0703
2017-07-29,2621.69922,8214.41016,12085.6006,8252.25488,12155.14,30870.291,30658.5625
2017-07-30,2555.60522,7573.46875,11581.2588,7503.07715,12276.07,30449.5938,32257.4941
2017-07-31,2469.79199,7038.67285,11134.5381,6987.96582,11952.89,30131.0879,32660.3613
2017-08-01,2374.75293,6547.55859,10596.2822,6816.04297,11080.92,28957.8242,32170.043
2017-08-02,2439.75635,6170.36523,9921.0166,6479.28857,10079.54,27860.5801,31036.4805
2017-08-03,2549.07959,6101.46631,9081.07812,6247.93994,9326.03,26516.0117,29503.8535
2017-08-04,2783.43481,6346.34717,8319.56055,6660.26514,8861.98,24533.625,28286.291
2017-08-05,3034.33618,6898.11133,7960.10547,7352.68506,8445.22,22385.8906,26563.2051
2017-08-06,3279.5083,7416.00732,8031.09326,7575.81787,8563.51,20518.9727,24438.877
2017-08-07,3502.42505,7819.13818,8564.39355,7428.89746,9324.42,19285.1309,22571.8828
2017-08-08,3960.10571,7945.30664,9274.58301,7927.7041,10122.32,18639.2422,21241.6621
2017-08-09,5364.77197,7866.60254,9864.12988,8439.48438,10394.16,19113.7852,20287.6445
2017-08-10,7203.78418,7834.66309,10055.5908,8002.99951,10721.89,20844.0508,19932.6699
2017-08-11,8970.10156,8305.60059,9919.23926,7832.38086,11570.41,22184.0293,20899.2402
2017-08-12,10855.5605,10131.0898,9693.26172,9717.19141,11558.38,23163.4375,22668.6797
2017-08-13,12176.7236,12620.8818,9841.93457,14028.4072,10879.03,23647.9277,23885.4629
2017-08-14,12585.0791,14501.1064,11325.4688,18095.5137,11250.46,24095.6133,24717.6875
2017-08-15,11770.2188,16434.9238,13788.2334,20428.4688,13906.39,23666.2832,24969.584
2017-08-16,10143.2041,18587.8594,15803.9531,22235.877,18563.37,23341.0918,25001.2695
2017-08-17,9082.90625,20186.3828,17728.2402,22521.9863,22112.08,25593.7871,24338.0215
2017-08-18,7921.19824,20752.4492,19993.5234,20458.4043,24446.37,30807.2012,24846.6152
2017-08-19,6724.19141,19769.6289,21832.0625,17142.207,26474.63,37517.1328,28187.6289
2017-08-20,6515.47363,17843.9023,22630.0586,13886.8711,26129.40,43088.3359,34043.3594
2017-08-21,6077.63281,15507.832,21826.3633,12238.0957,23262.73,47705.7539,40672.8906
2017-08-22,4938.40088,13044.876,19952.7461,11821.9131,19445.00,52121.8047,45733.8555
2017-08-23,3994.05127,11468.3955,17692.8516,11205.4883,16348.91,53366.4453,51231.8789
2017-08-24,3283.65015,10547.5918,15173.7881,9816.97168,15235.35,49826.168,55333.082
2017-08-25,2796.23438,9316.95605,13364.6113,8101.7041,15164.35,43946.4336,54614.8711
2017-08-26,2768.58496,8070.46924,12479.5498,6984.21973,14570.37,38104.8789,49487.5312
2017-08-27,2961.77344,7387.71631,11508.8281,6816.55225,13138.78,34295.1953,43170.9727
2017-08-28,2897.35669,7567.96191,10557.167,7254.9248,11772.10,32314.3242,37215.6367
2017-08-29,2740.1853,8080.27588,10302.8301,7470.67383,11631.67,31183.1328,34364.6836
2017-08-30,2650.21631,8177.99365,10763.4697,7332.2749,12164.31,28834.3633,33057.3867
2017-08-31,2577.12744,7603.87988,11265.877,7572.77295,12305.79,26728.4453,31568.502
2017-09-01,2685.85693,6898.74023,11212.8789,8285.9834,11716.19,27189.916,29207.6094
2017-09-02,3087.33008,6619.03809,10395.4512,8687.55371,11192.44,29978.8203,28100.9551
2017-09-03,3771.23975,6678.49121,9356.08496,8681.82422,11754.52,30728.7559,29407.3301
2017-09-04,4744.17676,6986.22314,8772.83887,8587.06738,12532.71,28639.7539,32105.3789
2017-09-05,5740.33838,7594.58887,8611.33496,8369.37012,12497.60,25991.8008,31220.0078
2017-09-06,5926.47607,8353.31348,8709.8418,8035.66064,12144.97,24983.9961,28476.8945
2017-09-07,5273.56738,9141.60742,9267.29395,8121.03809,11751.16,24984.377,26069.0859
2017-09-08,4363.25244,10068.376,10130.2607,8879.14551,11230.47,24641.543,25620.3711
2017-09-09,3559.29321,10331.4727,10923.0791,9180.40039,10902.98,24646.1289,25752.1797
2017-09-10,3097.48169,9710.37891,11870.3594,8571.77051,11176.23,25428.334,25647.6133
2017-09-11,2952.04102,8981.42969,12401.624,8071.21436,11816.13,26181.0137,26090.6582
2017-09-12,3169.6687,8727.93262,12025.4268,8360.5127,11723.74,26649.1855,26965.2656
2017-09-13,3478.02002,8864.66016,11469.4961,8885.23535,11053.29,27549.7266,27365.9785
2017-09-14,3508.42407,8746.05469,11419.3037,8871.79004,11049.65,28280.543,27757.5391
2017-09-15,3448.21875,8612.44727,11548.2275,8630.78418,11850.49,27360.2344,28554.7422
2017-09-16,3322.42261,8610.52539,11378.2881,8538.42578,12414.60,26193.2188,28740.8086
2017-09-17,2890.37549,8265.11719,11303.876,8321.31348,12161.59,26473.6914,27587.3555
2017-09-18,2526.3833,8089.23926,11527.0078,7710.57715,11740.47,27972.8535,27491.0918
2017-09-19,2688.25415,8603.56348,11896.9443,6760.8916,11362.32,29231.6328,29092.6602
2017-09-20,2996.20264,9107.70801,12710.4102,6006.35596,10855.39,29774.1094,30991.4629
2017-09-21,3136.98291,9300.38477,13807.2891,6198.19141,10163.25,30065.1934,31741.4355
2017-09-22,3340.50732,9504.05371,14272.4785,7226.30127,9368.91,30167.416,31637.293
2017-09-23,3353.04053,9266.86426,14181.4834,8350.95117,8947.05,30315.9922,31363.3516
2017-09-24,3010.84302,8524.11816,13903.3105,8706.94727,9340.29,30209.5547,31189.4395
2017-09-25,2594.40234,8073.11475,13029.5137,8239.49609,10308.75,29084.6582,31332.4277
2017-09-26,2245.26587,7698.99512,11665.1914,7410.43018,10997.03,27798.3145,30833.4727
2017-09-27,1994.17432,7066.63623,10653.7656,6471.72363,10922.20,27073.2129,29331.4258
2017-09-28,1921.92273,6517.15771,10081.4443,5844.37744,10260.43,26696.8848,28457.1602
2017-09-29,2141.15967,6220.55762,9525.54297,5351.08838,9287.40,25935.7891,28040.1992
2017-09-30,2442.14551,6245.03369,9048.58203,5208.12305,8471.83,24634.8398,27470.9414
2017-10-01,2671.15161,6630.92236,8738.88965,5546.03271,8048.48,23367.0078,26300.0703
2017-10-02,2835.74316,7176.90137,8631.18457,6235.20703,8006.20,21621.8711,24926.1523
2017-10-03,2793.41431,7406.1499,8847.21582,6772.66211,8150.79,20310.2031,23490.5996
2017-10-04,2558.83276,7238.46387,9331.65625,6611.6748,8379.28,19827.8223,21964.6348
2017-10-05,2255.23828,7000.34326,9683.56641,6109.8999,8907.79,20052.9551,21358.8984
2017-10-06,1969.151,6650.83643,9610.05664,5627.03613,9174.01,21148.1113,21912.0938
2017-10-07,1771.005,6093.19824,9322.21191,5202.30176,8844.76,22424.6191,23060.3379
2017-10-08,1672.49097,5483.0127,8901.0498,4915.59229,8278.54,23245.8613,24126.0527
2017-10-09,1652.24243,4943.33496,8282.5791,4619.01025,7578.26,23007.8828,24821.0449
2017-10-10,1615.9303,4586.1499,7622.4707,4299.11377,6995.85,21889.5371,24880.5352
2017-10-11,1636.72998,4415.4834,6957.9248,4113.31689,6659.95,20390.3828,23919.3652
2017-10-12,1724.2887,4342.78369,6479.64502,4028.78003,6529.19,18733.8301,22514.8789
2017-10-13,1763.39441,4452.44824,6371.62012,4079.31714,6690.44,17641.9492,21154.3594
2017-10-14,1856.60852,4808.16064,6475.1123,4609.47461,6874.52,17252.041,19829.4238
2017-10-15,1971.06445,5206.70361,6680.23193,5526.62793,7252.93,17478.8418,18840.3887
2017-10-16,1884.4447,5339.82617,6999.13281,6297.5459,8310.61,18243.2363,18346.1289
2017-10-17,1664.97241,5128.70508,7305.05762,6577.25635,9568.99,18537.084,18533.0996
2017-10-18,1471.54199,4838.19824,7302.42041,6223.67627,10093.86,18753.7227,19077.6367
2017-10-19,1306.78125,4465.45068,7004.63086,5461.05615,9931.33,20294.0762,19151.4141
2017-10-20,1218.578,4062.95825,6736.92236,4593.32471,9309.31,22056.7988,19920.2266
2017-10-21,1297.38293,3833.6748,6575.73633,3938.27295,8388.00,22882.2754,21852.8125
2017-10-22,1898.44031,3947.88379,6376.48877,3625.53198,7418.75,21543.502,23443.4043
2017-10-23,3249.4248,4823.94727,6156.00537,3606.00195,6525.01,20129.3555,23254.1875
2017-10-24,4260.51904,6243.34717,6122.80225,3941.61426,6087.21,18889.2715,21701.2695
2017-10-25,4113.08789,7402.98877,6663.86816,4771.08447,5925.10,17320.7598,20308.8984
2017-10-26,3271.70825,8204.62891,7855.89697,6162.59131,5823.73,15786.0713,18857.1406
2017-10-27,2357.53394,8346.79004,8953.27637,8036.78076,5950.31,15040.0303,17187.5137
2017-10-28,1745.47485,7500.19824,9607.7373,9492.5459,6672.91,15300.0811,15714.666
2017-10-29,1416.98767,6144.23193,9706.02539,8845.88184,8138.32,16225.3916,15325.1396
2017-10-30,1392.48511,4852.92432,8909.48047,6684.53369,9962.91,17142.6133,15931.6504
2017-10-31,1800.00867,4274.75195,7539.28564,4867.91113,10841.73,18269.9668,16902.2148
2017-11-01,2415.63184,4645.57666,6192.15088,3673.34302,9467.37,18972.3301,17879.832
2017-11-02,2699.47607,5311.85889,5564.71582,3150.48169,7271.40,19521.4043,19001.7871
2017-11-03,2399.1167,5925.90625,5996.39893,3271.7439,5677.69,19064.1211,19409.6328
2017-11-04,1869.51501,6203.18799,6801.57031,3682.7251,4696.58,16591.5391,19866.8457
2017-11-05,1479.91541,5845.07812,7408.66162,4117.18359,4367.70,14117.2139,18697.3379
2017-11-06,1236.02942,5061.36182,7558.69434,4314.95605,4595.43,13084.9287,15926.3896
2017-11-07,1119.22632,4132.0293,7110.12646,3934.11987,5009.53,12782.3633,13904.0996
2017-11-08,1069.01624,3449.02344,6258.89893,3301.13672,5381.52,12832.4883,13175.3447
2017-11-09,1041.30029,3047.23096,5251.62598,2833.2937,5373.66,12979.2373,13026.3574
2017-11-10,1012.18829,2836.23315,4469.89062,2531.70044,4803.39,12766.501,13136.1748
2017-11-11,969.459961,2714.92651,4003.14307,2360.06201,4176.07,12182.3184,13192.832
2017-11-12,920.664795,2611.52319,3742.92773,2272.18994,3738.13,11192.9316,12867.9434
2017-11-13,877.729797,2514.87598,3587.93018,2217.8728,3462.28,9946.10645,12163.1387
2017-11-14,848.488464,2413.07715,3456.50757,2167.92407,3306.01,8915.63965,11055.499
2017-11-15,822.791138,2321.63672,3334.27368,2120.55298,3220.06,8266.20312,9816.8584
2017-11-16,799.935852,2239.25488,3213.9895,2071.45752,3159.29,7833.78076,8911.33203
2017-11-17,786.092896,2183.26245,3112.35205,2029.43298,3101.95,7551.24072,8346.30273
2017-11-18,777.370544,2167.56909,3039.52051,1997.59302,3055.07,7357.18359,7962.71289
2017-11-19,757.798645,2153.22021,2991.88696,1966.50244,3019.18,7201.76514,7718.19629
2017-11-20,730.168152,2117.73413,2972.18823,1936.1897,2993.53,7099.04297,7536.99707
2017-11-21,704.86908,2062.80347,2945.75366,1917.92407,2956.43,7026.6123,7396.90137
2017-11-22,682.665283,1983.47632,2879.37158,1905.52478,2898.78,6950.59326,7309.25
2017-11-23,663.836914,1903.34216,2789.29126,1878.71521,2844.33,6900.51416,7242.40088
2017-11-24,647.312927,1834.19397,2687.02588,1859.45935,2845.00,6854.42236,7185.09424
2017-11-25,632.028015,1778.39917,2587.64062,1889.0708,2880.63,6750.93262,7147.11279
2017-11-26,617.510803,1732.51733,2498.87646,1897.83618,2883.01,6658.84326,7075.06885
2017-11-27,604.034119,1694.18018,2427.57275,1838.43347,2904.88,6671.0835,6996.23682
2017-11-28,591.622864,1659.25977,2362.4812,1797.23242,3086.04,6601.9375,6877.4165
2017-11-29,584.296936,1620.44751,2308.16602,1749.86304,3173.32,6599.0293,6858.21533
2017-11-30,583.423645,1580.23682,2259.05103,1704.22974,3032.40,6834.75293,6808.94775
2017-12-01,575.189087,1542.83325,2208.09546,1665.94788,2842.94,7073.20947,6850.35645
2017-12-02,556.241882,1510.74731,2155.47046,1637.17273,2681.60,7028,7228.43506
2017-12-03,536.404907,1487.79126,2106.27905,1629.28601,2568.67,6802.69824,7287.99658
2017-12-04,518.645569,1464.03149,2062.06592,1633.09534,2498.57,6545.47559,7176.70898
2017-12-05,503.620972,1429.83423,2026.79822,1617.14807,2459.63,6326.57568,6907.12549
2017-12-06,490.804688,1391.34424,1993.76221,1577.80688,2448.29,6013.31348,6657.5376
2017-12-07,479.266693,1354.5603,1951.54053,1537.97461,2441.53,5339.02051,6452.52686
2017-12-08,468.341309,1322.00122,1904.41089,1504.48877,2407.68,5244.45361,5872.41748
2017-12-09,459.787415,1319.12256,1872.10706,1482.5614,2355.07,5193.0957,5488.04785
2017-12-10,456.037292,1444.19543,1897.06616,1497.67053,2323.47,5148.47119,5417.25
2017-12-11,457.03653,1734.85828,2040.66174,1563.13306,2338.30,5116.40771,5372.34277
2017-12-12,455.365784,2008.13513,2333.36499,1610.96191,2433.28,5127.91357,5330.58545
2017-12-13,441.391968,2017.45618,2701.6709,1585.99915,2623.23,5223.23438,5312.4292
2017-12-14,422.50238,1827.10168,2951.70483,1526.26953,2790.62,5457.99512,5341.26123
2017-12-15,407.437988,1620.88318,2886.36865,1465.43542,2708.64,5865.43701,5474.13525
2017-12-16,394.426147,1415.00354,2580.57422,1406.42737,2421.72,6426.7334,5758.25244
2017-12-17,383.459229,1255.87915,2251.21558,1360.12122,2244.43,6817.21289,6221.1626
2017-12-18,374.186188,1166.57837,1962.16028,1329.05505,2099.85,6540.61963,6781.57959
2017-12-19,365.579102,1114.11096,1748.72241,1305.03076,1941.28,5807.41992,6984.32275
2017-12-20,357.259491,1080.55896,1626.11731,1284.3252,1877.44,5198.39014,6465.21143
2017-12-21,349.06839,1051.19495,1554.57678,1262.41748,1835.94,4624.4707,5772.99316
2017-12-22,340.882294,1020.77515,1504.95813,1239.63879,1802.77,4228.74707,5158.00391
2017-12-23,332.995544,990.329834,1460.84595,1218.32483,1769.41,4008.1731,4648.12305
2017-12-24,325.981842,964.642517,1417.82495,1199.87341,1733.11,3896.51196,4312.50098
2017-12-25,319.201935,941.40564,1377.11804,1182.73267,1698.18,3810.88696,4136.23438
2017-12-26,311.937195,919.580627,1342.23779,1166.09912,1669.00,3726.81201,4035.99072
2017-12-27,304.601715,900.882446,1310.58362,1248.5802,1893.36,3957.95386,4261.60693
2017-12-28,297.546631,883.15448,1281.9386,1232.63879,1871.35,3925.40283,4227.24609
2017-12-29,290.716248,864.724792,1256.39453,1140.38733,1773.53,3796.38501,4076.75928
2017-12-30,284.138153,846.041626,1232.37549,1104.55505,1755.60,3743.94141,4001.70386
2017-12-31,277.764771,827.94812,1208.1051,1090.16016,1667.86,3645.37842,3906.03516
2018-01-01,271.650848,810.508484,1190.17834,1075.01172,1538.08,3478.27856,3711.6123
2018-01-02,267.254913,797.970703,1200.03259,1063.79944,1546.58,3472.70312,3638.64966
2018-01-03,279.240479,812.217102,1269.40479,1090.07422,1600.91,3700.78125,3646.18848
2018-01-04,356.675385,879.867371,1416.72339,1263.95789,1709.77,4295.28467,4021.54663
2018-01-05,476.25412,960.65564,1605.21997,1593.90381,1877.48,4860.65088,4624.38867
2018-01-06,507.723145,1008.32898,1764.93823,1942.73438,2138.73,5231.41846,5190.75439
2018-01-07,434.641174,1045.00024,1818.75244,2177.66309,2565.04,5540.58496,5538.4209
2018-01-08,348.376526,1092.27173,1715.95386,2277.60815,2944.68,5816.85254,5715.38672
2018-01-09,285.632416,1078.8396,1568.55554,2235.68164,3146.71,6201.45605,5917.31494
2018-01-10,247.908112,968.080811,1498.31104,1942.4209,3164.72,6323.43604,6162.28857
2018-01-11,230.71051,839.288147,1434.12134,1562.12219,3094.94,6339.92773,6489.9043
2018-01-12,223.185165,742.117432,1309.54419,1304.58276,2868.47,6236.21875,6533.30176
2018-01-13,218.249741,681.916809,1167.09766,1153.19592,2432.08,6117.9458,6497.19678
2018-01-14,213.080734,647.512939,1054.6991,1079.02869,2021.51,5730.16016,6390.10693
2018-01-15,205.556519,626.126892,978.510864,1042.14355,1743.00,4852.38135,6243.7207
2018-01-16,196.911636,609.631104,928.054504,1016.36005,1576.76,4197.05615,5582.49121
2018-01-17,190.704865,594.085999,894.102722,991.795837,1485.72,3650.22754,4795.77734
2018-01-18,186.385468,577.897888,868.466675,971.492188,1432.24,3282.31763,4160.95166
2018-01-19,182.138382,560.988098,847.996399,952.854736,1394.36,3038.64111,3673.97046
2018-01-20,177.867203,546.236511,827.800171,937.39447,1362.07,2865.4812,3346.9729
2018-01-21,173.790466,534.059509,806.648499,932.188293,1336.24,2769.00977,3118.17847
2018-01-22,169.862,522.757935,787.205505,923.520447,1310.94,2700.55737,2991.48242
2018-01-23,166.076004,511.502258,770.482056,909.341248,1292.08,2644.47363,2906.18042
2018-01-24,162.380844,500.583038,755.225342,896.771729,1281.04,2596.05005,2842.36938
2018-01-25,158.771149,489.964508,740.174988,881.24884,1264.94,2550.94067,2788.51831
2018-01-26,155.43837,479.641571,725.107971,867.298828,1246.01,2515.57617,2740.69751
2018-01-27,155.66597,469.54303,710.304749,855.960083,1227.75,2489.07349,2697.2395
2018-01-28,161.166245,459.682556,695.672974,900.456299,1448.11,2834.18628,3034.31958
2018-01-29,159.74028,450.072815,681.603516,828.058838,1373.26,2530.93701,2734.38892
2018-01-30,151.353516,442.191925,667.67572,816.164978,1357.57,2497.24609,2699.92188
2018-01-31,144.636734,440.660645,654.127014,806.332275,1339.45,2461.80322,2665.11865
2018-02-01,138.442932,437.074615,641.836243,793.403259,1322.03,2429.53271,2629.81812
2018-02-02,133.940506,424.806305,635.498108,778.127441,1308.28,2406.0874,2604.19873
2018-02-03,131.153793,411.730072,629.573425,763.834351,1313.38,2386.82666,2583.87402
2018-02-04,130.089706,399.920532,615.080627,750.925781,1295.30,2356.95264,2554.36548
2018-02-05,128.702606,389.416199,598.074036,739.801941,1276.19,2336.12109,2520.87598
2018-02-06,126.673866,380.64502,582.733337,729.619995,1258.42,2317.55908,2499.00049
2018-02-07,125.464111,374.015808,568.501404,721.84729,1215.46,2301.09277,2502.46973
2018-02-08,122.469398,367.980072,556.075256,721.350891,1014.88,2088.75317,2305.19067
2018-02-09,118.628494,361.736969,545.830383,735.364685,1000.77,2053.28125,2255.62109
2018-02-10,117.856468,359.936707,536.776184,759.787476,990.62,2023.08618,2220.1123
2018-02-11,122.15696,357.039246,527.95929,762.444153,989.97,1995.77051,2185.85156
2018-02-12,125.046043,347.903687,522.864502,757.483704,1005.47,1970.94189,2154.56396
2018-02-13,121.553741,338.583588,518.159363,794.856689,1021.93,1951.98511,2126.70386
2018-02-14,114.818108,334.941071,507.442566,850.683289,1013.13,1945.34106,2102.75586
2018-02-15,113.153664,333.958221,494.271667,858.491211,1013.13,1960.09521,2086.3916
2018-02-16,142.351364,328.021393,485.895386,807.594482,1059.27,1970.04407,2086.10059
2018-02-17,179.306168,317.887207,481.65213,741.20813,1102.08,1945.35303,2103.32397
2018-02-18,169.82077,310.200134,473.808441,692.355652,1084.60,1928.85388,2101.37842
2018-02-19,138.378571,323.542603,461.185638,694.694458,1021.19,1963.03467,2071.83643
2018-02-20,115.778664,359.723022,449.562408,738.011475,953.93,1997.19153,2070.87036
2018-02-21,99.2840271,363.909515,454.906219,741.682739,913.20,1967.95837,2112.77002
2018-02-22,91.7626038,330.328644,487.091644,697.354797,930.05,1889.57458,2129.61987
2018-02-23,89.2815323,299.948914,497.255249,651.84021,965.26,1811.5376,2078.18286
2018-02-24,95.5774155,276.701416,465.223297,616.766296,946.08,1784.00159,1994.00867
2018-02-25,127.986786,262.197327,430.426819,596.30249,845.35,1852.3324,1961.93396
2018-02-26,160.941727,254.859543,403.781372,595.024109,800.43,1727.39392,1814.52563
2018-02-27,168.44574,257.309753,386.528473,619.826904,768.22,1671.68909,1867.65564
2018-02-28,209.872162,308.367493,379.073608,701.898438,757.59,1588.79248,1867.71021
2018-03-01,253.24617,403.041199,384.562164,834.379578,761.03,1518.92456,1795.97437
2018-03-02,218.182526,449.237,434.367767,942.523499,803.14,1476.90222,1718.38
2018-03-03,166.091553,472.23584,530.398071,1091.39734,910.14,1485.75122,1676.34216
2018-03-04,184.119919,491.1875,584.881653,1278.15332,1039.94,1508.52307,1641.85901
2018-03-05,332.765167,438.19104,597.772766,1302.44458,1144.22,1618.99878,1619.25989
2018-03-06,502.936401,356.638245,608.195679,1146.37695,1299.96,1852.99573,1701.91699
2018-03-07,505.031494,327.10907,562.108582,1149.16394,1461.34,2021.63599,1857.69275
2018-03-08,474.54187,421.825836,475.083221,1673.27686,1405.65,2133.58618,2051.65625
2018-03-09,460.4664,605.880371,427.971466,2114.90601,1247.03,2285.84863,2183.93555
2018-03-10,349.606812,671.650391,495.68631,2116.53882,1412.13,2374.00342,2308.33081
2018-03-11,234.416138,632.539978,672.44281,2253.94873,1987.77,2237.59302,2455.79199
2018-03-12,179.338013,612.823181,768.197205,2476.4209,2276.50,2069.44849,2481.11865
2018-03-13,165.147369,530.876099,733.135925,2278.19751,2259.16,2341.06616,2295.81421
2018-03-14,181.112198,403.979706,708.616455,1751.13818,2470.12,3080.55347,2209.99683
2018-03-15,191.524994,352.585815,646.081238,1368.1189,2599.70,3412.54004,2702.91479
2018-03-16,169.934952,371.730591,521.593872,1172.52112,2255.05,3361.70996,3387.12183
2018-03-17,178.584641,389.285797,457.653656,1053.71594,1733.47,3546.78198,3516.83472
2018-03-18,269.622101,414.10968,476.546143,980.733398,1428.59,3587.21655,3521.11816
2018-03-19,407.780121,424.699432,506.427826,932.626831,1261.63,3145.36865,3741.19263
2018-03-20,480.588898,412.901642,539.769653,970.824219,1159.59,2643.34253,3649.07861
2018-03-21,430.554138,468.697296,561.934875,1341.81335,1113.69,2375.2688,3117.75781
2018-03-22,313.571136,588.074036,547.574219,2074.4248,1087.73,2238.75415,2660.48022
2018-03-23,204.759857,674.329285,576.360657,2414.07275,1192.53,2160.61816,2447.60718
2018-03-24,148.597687,635.807678,675.797729,2101.33398,1711.58,2090.72729,2330.66626
2018-03-25,150.969086,499.813568,764.594116,1611.62976,2402.22,2040.18591,2259.91479
2018-03-26,168.068634,362.229156,736.854614,1188.52075,2514.57,2193.77881,2183.94727
2018-03-27,164.069977,270.170898,604.451904,938.977295,2101.95,2802.35913,2176.11182
2018-03-28,187.12265,252.234665,466.407715,983.646729,2022.85,5125.13623,4076.13623
2018-03-29,253.645462,291.146301,360.629791,1079.59399,1648.74,4526.83545,4189.04492
2018-03-30,285.050323,328.267303,328.131165,1110.65942,1360.37,3587.07935,4344.02588
2018-03-31,307.423767,357.323151,360.027039,1229.80457,1358.35,2936.24512,4096.22119
2018-04-01,319.297913,413.120483,400.29306,1343.08679,1484.68,2476.95264,3481.02344
2018-04-02,264.299225,452.581848,428.405029,1331.87256,1617.50,2227.19165,2848.0271
2018-04-03,212.797226,467.747711,483.136475,1187.69275,1736.44,2175.03906,2380.60693
2018-04-04,169.102692,482.508698,543.751587,1029.20361,1819.68,2295.53125,2245.82104
2018-04-05,131.074661,440.650391,589.739563,930.564392,1776.93,2465.38501,2350.98706
2018-04-06,125.468475,386.881775,638.906982,892.413757,1425.21,2457.90649,2275.0437
2018-04-07,173.116394,367.096161,643.772217,871.13562,1293.46,2634.61084,2431.66406
2018-04-08,234.828201,351.114197,614.151917,863.271912,1225.39,2612.11719,2596.93018
2018-04-09,269.055786,350.323578,579.934448,880.742249,1149.76,2531.01929,2768.16333
2018-04-10,319.16333,401.260986,535.976929,914.066772,1126.18,2470.27393,2844.98413
2018-04-11,332.060425,510.031525,509.990784,937.753174,1111.30,2412.43408,2800.75854
2018-04-12,290.904785,600.864624,539.958374,1010.4118,1126.07,2339.7019,2707.06494
2018-04-13,284.247345,652.546631,639.701294,1105.93469,1146.59,2248.87378,2598.63354
2018-04-14,312.164703,637.254944,739.143494,1092.97498,1167.82,2184.67749,2475.61182
2018-04-15,322.103546,553.503174,783.644531,1033.89331,1256.28,2225.62988,2361.15063
2018-04-16,317.510834,500.014343,758.489746,1050.26355,1307.29,2331.11719,2312.63159
2018-04-17,339.320465,510.531921,666.372864,1110.56079,1241.45,2414.12598,2384.58057
2018-04-18,334.111359,526.160706,593.1521,1109.90857,1193.22,2516.01709,2485.68677
2018-04-19,295.557709,512.750977,596.177002,1117.53906,1234.65,2510.58911,2571.76172
2018-04-20,304.217438,533.176453,628.387817,1293.63611,1286.07,2375.62451,2656.55762
2018-04-21,335.238434,577.328308,624.765259,1570.22534,1277.01,2331.23682,2597.75439
2018-04-22,318.527344,590.906982,634.106689,1688.948,1342.70,2431.40918,2470.08447
2018-04-23,284.549591,590.651001,681.67041,1611.578,1580.67,2524.91357,2477.80835
2018-04-24,273.008881,599.195984,700.50592,1495.95837,1822.12,2506.21631,2592.81909
2018-04-25,229.18306,561.763367,684.497375,1358.20105,1845.29,2591.15991,2640.31299
2018-04-26,180.353531,472.171967,677.922974,1224.2384,1721.76,2845.37231,2626.72388
2018-04-27,155.584991,407.364838,645.404541,1280.76465,2006.85,4603.09863,4334.79053
2018-04-28,164.244049,347.86145,554.170227,1208.13098,1861.80,4453.96973,4578.96631
2018-04-29,225.973236,296.455414,477.983887,1078.61987,1764.91,3628.9707,3981.70825
2018-04-30,285.233276,306.231415,432.435974,1032.724,1760.81,3458.99536,3834.08887
2018-05-01,393.183228,406.693634,400.19696,1118.93555,1703.49,3330.48145,3690.7168
2018-05-02,549.768616,571.094849,431.839355,1317.3844,1593.82,3279.97144,3577.91406
2018-05-03,690.927673,701.220093,563.802002,1475.61169,1538.00,3275.78101,3413.30151
2018-05-04,818.761719,897.495911,779.029358,1591.77539,1641.97,3208.09253,3351.323
2018-05-05,805.754761,1254.35229,965.552063,1876.61743,1898.78,3178.08472,3393.86377
2018-05-06,809.075317,1567.41675,1158.42041,2310.40405,2171.87,3327.11743,3362.19287
2018-05-07,899.499634,1930.43152,1503.4928,2538.5437,2445.42,3722.25049,3364.15137
2018-05-08,918.504883,2235.98364,1837.27869,2588.86475,2896.17,4188.96338,3602.30322
2018-05-09,937.376526,2211.91675,2210.37061,2778.53662,3345.09,4712.83105,3969.80908
2018-05-10,1011.75958,2125.01758,2653.35522,3054.82495,3433.23,5298.90283,4408.0625
2018-05-11,1229.3916,2251.42627,2927.32129,3304.02686,3453.94,6034.81982,5016.26318
2018-05-12,1254.99878,2507.1499,3146.74487,3484.37622,3662.77,6825.35498,5667.98438
2018-05-13,1087.26404,2563.81274,3450.74707,3471.22461,3871.45,7137.34961,6305.95703
2018-05-14,1103.68713,2677.28564,3851.45386,3288.08179,4072.66,7470.22656,6992.09033
2018-05-15,1058.70312,2772.41089,4096.62695,2986.45215,4124.58,8072.64307,7402.104
2018-05-16,920.805054,2580.87402,4097.47656,2729.7356,3997.27,8713.08691,7871.99854
2018-05-17,814.618591,2379.00708,3936.72119,2694.01196,3721.09,9303.58887,8532.44141
2018-05-18,703.455933,2096.18823,3533.46802,2735.48901,3342.50,9477.29395,9117.45312
2018-05-19,619.791809,1767.72375,3119.94189,2722.03101,3131.08,9180.59766,9583.63574
2018-05-20,599.912842,1535.46985,2741.52173,2562.06299,3141.85,8555.28711,9587.10059
2018-05-21,600.569031,1390.51147,2357.58716,2324.44971,3189.02,7635.02393,9180.3418
2018-05-22,578.857971,1285.34167,2078.4397,2155.1936,3197.86,6983.83691,8442.125
2018-05-23,587.172485,1234.64978,1905.59387,2049.55542,3049.21,6590.28809,7539.81445
2018-05-24,659.525452,1334.04846,1786.53174,1983.60889,2832.22,6315.24463,7014.30225
2018-05-25,839.356873,1582.12512,1763.0332,2017.94714,2711.08,6184.11182,6688.79785
2018-05-26,993.840149,1881.95667,2035.16492,2084.50098,2686.29,5988.979,6416.52344
2018-05-27,1057.27917,2091.40649,2470.97754,2189.92529,2783.83,5694.35938,6292.07275
2018-05-28,1115.21753,2221.46558,2861.71045,2523.06885,2830.90,6304.32031,6758.49756
2018-05-29,1135.84253,2367.46753,3352.91455,3109.81543,2973.38,6302.70117,6048.58887
2018-05-30,1248.35596,2709.74927,4095.80566,3850.76758,3470.68,7310.12256,6974.30078
2018-05-31,1796.72607,3473.24023,4979.72656,4823.39697,4667.79,9294.18848,8944.08398
2018-06-01,2484.95044,4258.88281,5634.28418,6117.76123,6267.72,11854.3271,11307.5537
2018-06-02,2447.15942,4840.23633,6219.99609,7773.35791,7890.98,14055.5107,13464.1035
2018-06-03,1946.22339,5184.32275,6833.86084,8965.53906,9514.84,16197.0693,15439.0996
2018-06-04,1651.04407,5496.16602,7266.13184,9002.43359,10911.43,17882.6523,17177.6914
2018-06-05,1616.84998,5737.78174,7619.42383,8406.1582,12298.20,19322.3086,18653.0996
2018-06-06,1694.47168,5768.31592,8399.99805,7687.96045,12919.77,20927.4043,19586.7676
2018-06-07,1662.8302,5797.52979,9579.6377,7133.0874,13026.68,22563.248,20743.6934
2018-06-08,1456.4978,5688.43457,10240.8926,6994.32373,13079.03,25153.168,22152.0664
2018-06-09,1225.34692,5337.57031,10094.4199,6779.84424,12485.39,27475.1074,23829.6426
2018-06-10,1159.30225,4873.07617,9500.83691,6258.78369,11684.67,29221.623,27009.8027
2018-06-11,1334.80493,4771.6377,8606.21973,5936.91699,11262.16,30178.9512,29847.6504
2018-06-12,1896.15198,5354.37549,7827.23291,6270.37842,10858.17,30278.7246,33169.4883
2018-06-13,3010.26099,7128.729,7792.35986,7320.69336,10173.76,30109.7754,36332.8438
2018-06-14,4398.74121,9720.11133,8865.67383,8607.22168,10255.59,30379.9297,37706.832
2018-06-15,5885.39258,12456.2393,11390.2842,10257.0039,11510.31,31227.5371,37700.2578
2018-06-16,6553.44922,14338.4502,14508.9863,12019.3008,13581.23,32304.5215,38059.9102
2018-06-17,5825.03711,14585.29,17511.3164,12498.4746,15175.77,33979.4805,37684.9766
2018-06-18,4772.22949,13743.2744,19355.0078,11547.0078,16132.27,36929.9805,36934.2148
2018-06-19,3710.15796,12359.4922,19012.3145,10787.5518,16418.97,40781.5117,37358.9297
2018-06-20,2703.33105,10450.9727,17271.4688,10892.2354,15311.73,42693.7617,39971.1367
2018-06-21,2092.29004,8559.63184,15257.0557,10208.4121,13523.78,42325.5352,42724.5352
2018-06-22,2025.5564,7439.71582,12998.5264,8323.31055,12852.97,39580.0664,43741.4805
2018-06-23,2477.44067,6837.62402,10801.4033,6779.66602,12951.92,35314.0273,42474.0156
2018-06-24,2939.06006,6558.57812,9482.54785,6213.77197,11969.19,30838.7227,39105.918
2018-06-25,3086.65576,6858.96631,8825.89844,6750.86377,10080.99,27609.9023,34649.75
2018-06-26,3341.72876,7823.53564,8620.90332,7742.26709,8589.41,25614.2051,30488.3496
2018-06-27,3968.58813,8485.64941,8867.93652,8108.49609,8252.09,23579.2852,27706.9453
2018-06-28,4723.20166,8458.16016,9640.24023,7732.82715,8856.87,21145.457,25894.2598
2018-06-29,5099.00488,8339.45117,10241.0039,7302.10596,9651.88,19475.3125,23490.3691
2018-06-30,4739.33447,8517.2832,10132.4082,6998.44336,9719.86,19454.1699,21133.3789
2018-07-01,4015.32788,9254.49609,9898.00391,7140.06396,9443.34,20918.7285,19850.7246
2018-07-02,3751.43091,10232.1729,9993.8916,7699.03174,9226.80,22149.8145,20393.7363
2018-07-03,4254.85889,10454.3789,10641.3311,8524.93555,9159.81,21912.7324,22016.4453
2018-07-04,4574.93994,9728.8916,11690.2881,9674.40234,9503.75,21624.5078,22833.4863
2018-07-05,4494.52295,8935.30469,12097.3213,11009.9102,10087.21,21749.3789,22526.4805
2018-07-06,4385.01367,8632.11426,11458.1826,11478.5039,10951.36,22589.6328,22454.0176
2018-07-07,4007.92285,8437.62305,10583.0625,10668.4229,12110.27,23783.0137,22717.5977
2018-07-08,3712.54346,8202.13086,10138.3037,9777.13086,13104.11,24243.0547,23727.502
2018-07-09,3648.93286,8161.04834,9887.13867,8907.83008,12950.67,24019.6758,24653.0215
2018-07-10,3839.81592,7923.24512,9587.25684,7668.95898,11845.73,24196.375,24734.5527
2018-07-11,4469.7959,7630.00098,9526.38184,6570.02295,10971.52,24715.7812,24463.9199
2018-07-12,5232.23047,7571.40723,9434.25488,6231.49512,10070.81,24212.5527,24834.9414
2018-07-13,5768.4126,7807.64062,9223.51562,6944.94727,8845.80,22859.0879,25135.8125
2018-07-14,5645.73242,8533.89941,9144.87793,8823.91895,8032.33,22010.834,24188.7188
2018-07-15,4747.34131,9685.33691,9331.53613,10536.5801,8186.31,21059.1348,22937.6602
2018-07-16,3722.31763,10664.0791,10027.1191,10417.4834,9649.34,19725.7207,22247.0742
2018-07-17,3014.72583,10701.6582,11171.5586,9068.25293,12079.68,19029.2129,21364.8887
2018-07-18,2706.29199,9569.8125,12138.6406,7708.18896,13430.89,19729.5566,20335.6172
2018-07-19,2656.85669,7903.12305,12302.9971,6820.94775,12628.59,22247.6602,20108.8047
2018-07-20,2513.698,6475.49072,11454.2754,6340.05908,10969.58,26442.7773,21625.5098
2018-07-21,2342.22217,5574.07178,10108.4385,6199.53564,9443.30,29524.127,25400.7949
2018-07-22,2419.33105,5395.20264,8983.65332,6708.85303,8556.79,29045.4277,30339.4609
2018-07-23,2519.91821,6052.8335,8427.97363,7717.82129,8255.38,26693.1797,32461.6133
2018-07-24,2539.83667,7120.62793,8573.85059,8391.5625,8767.02,23729.9902,30956.3066
2018-07-25,2723.64307,7840.8501,9346.65527,8758.05273,10066.34,21557.9316,28149.7188
2018-07-26,3127.20605,8454.43066,10443.2705,9261.77051,11336.38,20667.791,25034.9336
2018-07-27,3423.12671,9232.13086,11123.2764,9482.35742,12181.69,21470.0117,23044.8926
2018-07-28,3424.35376,9405.33887,11441.4092,9231.77051,12810.12,23803.2559,22632.9609
2018-07-29,3607.40771,9287.41895,11886.3584,8922.15625,13236.08,26153.498,23927.9219
2018-07-30,3959.46948,9428.31055,11952.5557,9050.21387,13141.75,27416.6758,26303.1074
2018-07-31,4564.18555,9797.7373,11821.2305,9398.67676,12757.39,28034.0547,28089.3535
2018-08-01,5295.30469,10868.9775,12022.7754,9780.23535,12810.81,28375.9004,28856.3789
2018-08-02,5407.00781,12145.7441,12546.8281,10005.8662,13295.54,27920.709,29266.0039
2018-08-03,4917.4502,13148.9092,13661.1689,10102.3984,13863.24,27902.752,29230.0938
2018-08-04,4288.65234,13557.377,14846.4688,10175.0645,14090.04,28608.7461,28692.5059
2018-08-05,3997.14502,12680.0371,15606.6572,9974.60645,13755.23,29964.7383,28932.5645
2018-08-06,3916.00464,11357.5,15939.3896,9865.04883,13271.36,31995.9961,29676.0098
2018-08-07,3686.07642,10675.1201,15435.4697,10026.4209,12973.55,33214.4297,31302.5
2018-08-08,3567.16235,10320.5674,14645.9326,9841.22461,12902.65,33151.5234,33192.5508
2018-08-09,3529.12305,9735.15137,14449.1826,9421.04395,13162.81,32394.0098,33822.125
2018-08-10,3330.42725,8882.43555,14219.1719,9281.17773,13604.74,31125.209,33511.6758
2018-08-11,3130.5625,8102.91602,13263.9268,9174.9082,13333.26,30412.3652,32649.3633
2018-08-12,3258.04565,7656.22314,11963.25,8781.74902,12736.16,31015.8008,31512.8457
2018-08-13,3930.4231,7537.28467,10843.0996,8480.82031,12418.93,31475.3398,31194.7188
2018-08-14,4631.35986,7947.94531,10215.4893,9134.76758,12146.51,30079.9141,32041.6328
2018-08-15,4828.11719,9165.42676,10070.8516,10553.4395,11750.47,27933.7715,31983.0098
2018-08-16,4486.91064,10585.7266,10477.8359,11561.0449,11713.82,26440.5547,30133.6914
2018-08-17,4037.33203,11251.2314,11685.4795,11586.0947,12833.59,25524.5117,28124.0547
2018-08-18,3687.2749,10820.5049,13033.4336,11453.8262,14361.12,25023.584,26969.3555
2018-08-19,3484.85791,9618.20508,13726.9365,11786.582,15032.89,26058.7969,26582.8652
2018-08-20,3420.22192,8557.42188,13451.4336,11384.165,14799.83,30035.1035,27109.6953
2018-08-21,3246.12891,8110.78516,12238.1738,10303.5801,14878.20,34470.4219,29624.416
2018-08-22,3224.95068,7913.81201,11106.0527,9692.96387,15251.44,36582.1719,33997.8281
2018-08-23,3398.64526,7802.05078,10817.4707,9483.48438,14597.22,35369.3672,37381.7422
2018-08-24,3787.37305,7988.52783,10645.9258,9241.25293,13614.45,33158.6836,37970.3867
2018-08-25,4303.17578,8600.75391,10510.5137,8739.58496,13102.39,31907.6934,35797.9258
2018-08-26,4302.08252,9546.64648,10786.9912,8276.66699,12909.62,30616.5938,34135.9648
2018-08-27,4109.26514,9994.64844,11408.8818,8262.03223,12860.66,29302.6836,33105.9805
2018-08-28,4223.44629,10025.5654,12395.7227,8616.12793,12269.51,28354.5449,31557.3242
2018-08-29,4182.18506,9913.69141,12804.9365,8949.03613,11590.32,28135.75,30431.7207
2018-08-30,3905.21436,9455.93164,12580.626,8653.89746,11496.70,28730.0488,29693.4277
2018-08-31,3607.73071,9250.18945,12197.7109,8619.3623,11852.63,28964.1152,29555.7852
2018-09-01,3423.16284,9222.16602,11554.3926,9034.11328,11873.60,28044.4316,30346.2578
2018-09-02,3409.75366,8921.12402,11192.3721,9085.90625,11656.86,27366.3438,30267.9414
2018-09-03,3477.08716,8431.48926,11202.9434,8705.14648,12280.82,27177.5625,29149.0156
2018-09-04,3585.14209,8109.09668,11070.7432,8195.48047,13145.78,26552.5879,28557.7188
2018-09-05,3518.72021,8131.60596,10660.1895,7772.94434,13529.19,26456.2129,28213.1387
2018-09-06,3176.18799,8329.69238,10263.8105,7165.48389,13194.89,27350.3613,27664.0059
2018-09-07,2889.5061,8247.09473,10107.9873,6658.11133,12556.67,28705.6875,27856.3145
2018-09-08,2816.21704,7658.48486,10182.0098,6489.7417,11677.60,29690.2793,28657.7949
2018-09-09,2826.97803,6764.62402,10070.1514,6229.66064,10329.02,28920.8203,29996.8242
2018-09-10,3004.65552,6057.99365,9410.06348,5884.61572,9229.73,27370.2656,30238.084
2018-09-11,3663.85107,5985.72559,8522.58594,6031.39209,8678.71,25834.2559,29039.3965
2018-09-12,4439.22803,6346.0791,7918.13135,6767.96045,8232.33,23456.6309,27556.6641
2018-09-13,4897.23584,6802.06006,7920.62402,8170.87207,8070.15,20927.9102,25727.0176
2018-09-14,4963.28809,7503.84229,8293.22461,10397.1885,8557.96,19431.6367,23047.8926
2018-09-15,4520.76367,8166.7998,8628.08008,12089.9922,9548.22,18573.0781,20786.875
2018-09-16,3789.36255,8483.07324,9134.92285,11831.3936,11436.50,18813.3281,19674.1309
2018-09-17,3076.2356,8369.97754,9743.06152,10215.4287,13844.01,19889.7168,19331.3555
2018-09-18,2540.88647,7722.48291,10052.3574,8463.66895,14980.37,21301.7324,19990.457
2018-09-19,2207.41382,6824.00146,9985.2168,7247.28955,14025.53,23932.293,21144.2324
2018-09-20,2138.50781,5970.68604,9624.49023,6476.396,12077.31,26960.7637,22836.4824
2018-09-21,2464.49609,5425.1626,9067.23242,5976.06738,10315.78,28383.7793,25684.2109
2018-09-22,2934.09961,5258.56787,8397.71289,6236.66309,9338.29,27869.0527,28212.125
2018-09-23,3069.87354,5376.61621,7929.81348,7144.29004,8887.21,26024.5098,28802.1543
2018-09-24,2845.46509,5574.19238,7682.74463,7528.95166,8617.03,23303.1367,27780.3125
2018-09-25,2540.51709,5767.20752,7432.60889,7300.86328,8964.28,20902.9375,25612.2266
2018-09-26,2323.1499,5889.23438,7274.41064,6962.104,9580.85,19638.334,22869.8672
2018-09-27,2132.02173,5851.37061,7293.56348,6601.10498,9604.76,18333.9668,20482.1445
2018-09-28,1963.92859,5573.91846,7349.80078,6334.729,9469.46,18182.8262,19574.3555
2018-09-29,1897.23608,5218.68799,7295.91357,5891.88574,9166.29,18466.7754,18746.7227
2018-09-30,1843.30774,4907.49219,7020.13086,5327.52148,8774.18,18564.7637,18675.084
2018-10-01,1738.04382,4514.62402,6654.02783,4781.37451,8309.25,18647.4297,19151.4277
2018-10-02,1632.77698,4180.23145,6316.19531,4469.93213,7668.23,18429.6387,19479.0273
2018-10-03,1548.66394,3915.54785,5909.9209,4524.45264,7048.56,17920.8164,19482.5312
2018-10-04,1477.90637,3650.40674,5546.07471,4731.40137,6518.32,17227.4316,19099.418
2018-10-05,1414.04211,3422.32446,5224.74365,4791.77686,6330.79,16289.7139,18571.8164
2018-10-06,1345.64368,3281.70557,4916.11426,4625.61279,6477.21,15398.6035,17887.9102
2018-10-07,1306.21448,3172.73218,4647.77588,4268.50293,6607.20,14573.5732,16903.7773
2018-10-08,1307.8927,3071.68091,4487.36963,3833.13086,6568.83,14093.748,15843.1846
2018-10-09,1323.17847,2956.23218,4441.87598,3566.51245,6422.06,13909.248,14947.334
2018-10-10,1337.22278,2849.71558,4428.16504,3564.25073,6120.55,13836.7959,14633.4482
2018-10-11,1322.5022,2841.40527,4469.5874,3585.177,5961.82,14112.0859,14728.2139
2018-10-12,1337.75378,2934.40308,4757.75439,3583.73022,6118.05,14824.0176,15080.1973
2018-10-13,1540.39136,3226.05151,5354.96631,3739.7439,6485.37,15633.8174,15765.1104
2018-10-14,1949.74353,3707.31348,6143.29688,4069.73315,6836.94,16653.3496,16596.7246
2018-10-15,2223.84033,4087.0354,7093.29053,4835.50098,7223.07,18128.4648,17192.4453
2018-10-16,2088.91724,4381.31006,7755.7915,6015.59863,7610.85,19674.6426,18217.2734
2018-10-17,1766.60339,4622.05469,7753.9917,7020.72705,7897.77,20390.6562,19479.3418
2018-10-18,1446.65222,4618.16748,7350.56836,7436.23877,8445.83,21138.5898,20687.5449
2018-10-19,1192.2655,4206.19043,6841.70264,7023.48291,9240.68,21307.3008,20946.9922
2018-10-20,1052.61816,3553.79688,6351.88623,5892.61182,9602.58,20273.4785,21797.3477
2018-10-21,980.272949,2992.24414,5712.82129,4624.18213,9416.40,19364.1348,21314.2109
2018-10-22,942.716003,2579.49194,4936.35742,3673.71655,8475.42,18699.7148,20266.3027
2018-10-23,913.755493,2334.67212,4276.9624,3107.80396,7033.05,17777.625,19514.7988
2018-10-24,881.018372,2197.3623,3785.69067,2820.24487,5737.23,16835.2559,18882.7891
2018-10-25,840.987,2109.7041,3460.10278,2680.92236,4826.79,15092.7529,18029.1621
2018-10-26,805.424194,2042.66736,3261.29639,2583.42383,4309.18,13033.2754,16779.375
2018-10-27,779.061646,1975.90527,3125.82495,2489.38257,4055.82,11002.2988,14853.583
2018-10-28,758.276001,1945.55554,3032.19946,2375.16309,3912.52,9604.86816,12784.5674
2018-10-29,756.054871,2073.88843,2981.98047,2304.47363,3805.96,8815.21094,10736.0479
2018-10-30,782.959106,2259.13062,3014.27466,2274.94263,3619.18,8454.91602,9543.10547
2018-10-31,807.500488,2376.26733,3246.73779,2291.63208,3516.73,8226.95605,8995.62891
2018-11-01,806.815857,2453.77466,3600.09106,2379.36475,3517.68,8129.62842,8679.18848
2018-11-02,794.995361,2484.2688,3876.65332,2563.79297,3575.65,8236.97949,8492.51074
2018-11-03,758.24707,2418.67529,4010.22217,2729.44775,3704.25,8707.5127,8456.74219
2018-11-04,716.719849,2229.80981,4007.13306,2740.07861,3905.03,9187.46875,8652.16504
2018-11-05,709.677429,2030.66528,3812.92261,2630.57617,4114.08,9423.31152,9148.97656
2018-11-06,717.905884,1866.70618,3432.3103,2446.85498,4158.92,9607.49609,9526.65137
2018-11-07,732.343628,1745.50244,3061.59229,2259.21143,3985.67,9758.66504,9710.33008
2018-11-08,749.249695,1688.15601,2790.69312,2125.19189,3723.42,9536.47656,9904.08008
2018-11-09,747.36322,1665.98523,2605.81445,2074.98145,3451.28,9019.3252,9928.47949
2018-11-10,699.183044,1648.54871,2507.24512,2119.90723,3230.11,8158.29297,9621.38477
2018-11-11,628.369568,1634.7627,2461.63086,2234.64771,3097.66,7464.04541,8962.51758
2018-11-12,576.748901,1610.93591,2422.85571,2364.23877,3060.24,6930.11572,8134.00732
2018-11-13,540.922424,1550.3313,2387.64453,2359.19312,3118.93,6582.38379,7496.1123
2018-11-14,520.169312,1459.36914,2347.90942,2193.74219,3236.23,6382.55518,7022.48633
2018-11-15,507.525696,1381.83643,2278.86963,2021.30139,3322.17,6296.92578,6727.70947
2018-11-16,496.769104,1326.68652,2179.40674,1898.13562,3244.58,6320.48193,6564.37842
2018-11-17,486.468445,1288.74695,2090.33203,1821.1897,3051.66,6370.12695,6512.05322
2018-11-18,489.622375,1262.65601,2026.78284,1779.21912,2885.73,6358.61035,6548.1167
2018-11-19,532.558716,1238.10083,1973.55652,1754.24072,2768.26,6158.47314,6592.396
2018-11-20,582.146729,1210.88379,1927.41016,1737.90063,2695.04,5882.87549,6519.19531
2018-11-21,570.056458,1190.37842,1885.44556,1741.70117,2650.72,5654.71387,6272.01611
2018-11-22,518.202698,1200.74695,1842.7915,1776.90088,2619.78,5480.41553,6004.85107
2018-11-23,471.546326,1241.1427,1806.39661,1825.40259,2598.83,5353.77051,5789.15576
2018-11-24,434.897858,1242.1554,1797.21558,1825.64307,2604.38,5257.8877,5629.74951
2018-11-25,411.999237,1185.23474,1824.42834,1753.02393,2638.66,5177.91357,5515.30518
2018-11-26,398.415588,1121.13501,1825.45288,1672.00879,2671.49,5121.5791,5424.33252
2018-11-27,388.992035,1065.85913,1767.81128,1606.70923,2625.07,5175.60693,5389.18848
2018-11-28,380.692932,1024.3396,1688.48987,1578.88684,2540.36,5188.0874,5305.90137
2018-11-29,372.200531,994.768311,1620.47449,1556.60229,2467.89,5200.43408,5341.82129
2018-11-30,362.338104,971.763,1565.80396,1527.30933,2414.60,5089.48633,5389.05957
2018-12-01,352.505127,951.193298,1524.19897,1499.97009,2375.97,4923.03613,5361.45654
2018-12-02,344.426178,931.118103,1490.27136,1473.76331,2338.97,4777.37939,5226.37158
2018-12-03,336.962799,910.344543,1459.51782,1447.39844,2302.98,4671.99463,5045.49561
2018-12-04,329.720764,888.845703,1429.67322,1422.05615,2268.93,4592.89404,4905.63037
2018-12-05,322.642456,869.070374,1399.5166,1399.52808,2235.57,4521.91846,4810.37158
2018-12-06,316.007294,850.603455,1368.71606,1380.12598,2202.57,4454.24561,4734.81982
2018-12-07,313.118927,832.818298,1343.33972,1362.79895,2172.28,4391.32617,4666.80127
2018-12-08,314.571808,815.565369,1325.70715,1347.59692,2147.10,4338.13672,4615.40283
2018-12-09,309.485077,799.28656,1305.50537,1331.55444,2123.13,4234.71436,4586.86182
2018-12-10,298.144165,788.442322,1283.00488,1312.96619,2101.07,4125.60693,4553.71484
2018-12-11,288.198761,782.819275,1262.74927,1295.39734,2085.35,4081.89185,4389.5415
2018-12-12,279.184601,769.563843,1236.69263,1280.95496,1991.18,4022.90259,4316.34375
2018-12-13,272.249359,747.818298,1212.22437,1270.23401,1821.89,3983.82007,4254.50635
2018-12-14,266.913666,728.003845,1188.01562,1255.41052,1795.86,4003.74658,4195.85693
2018-12-15,261.17392,709.422729,1160.1322,1233.11279,1777.71,3943.39697,4221.15967
2018-12-16,255.011536,692.076172,1141.4353,1212.44495,1768.85,3774.68774,4269.73096
2018-12-17,250.806274,678.743042,1123.87781,1197.42139,1751.28,3735.02173,4102.26904
2018-12-18,255.088501,675.093079,1103.27722,1185.87524,1718.33,3770.90649,3975.94531
2018-12-19,291.539093,693.872009,1096.52954,1180.90247,1689.54,3834.21313,3927.7644
2018-12-20,383.770752,741.912964,1105.48145,1208.59314,1671.90,3765.58862,3976.41382
2018-12-21,486.101257,792.723877,1123.75195,1316.54443,1663.23,3623.6228,3998.66016
2018-12-22,466.36145,828.544006,1173.25073,1553.13501,1679.77,3530.85522,3884.65625
2018-12-23,367.58725,871.28833,1226.01709,1871.06555,1752.16,3456.52954,3755.09692
2018-12-24,297.363922,921.785217,1234.90405,2166.07544,1917.68,3418.08105,3669.47485
2018-12-25,246.343887,893.98584,1238.03955,2214.18945,2190.82,3465.56909,3598.37256
2018-12-26,221.206238,775.587158,1261.38013,1909.69604,2482.06,3588.6582,3582.75708
2018-12-27,210.850327,667.604492,1234.14233,1647.72339,2894.04,4091.60181,3959.91943
2018-12-28,206.033035,596.632568,1115.37976,1420.86938,2804.35,4405.1333,4153.16846
2018-12-29,201.58049,553.255188,990.940369,1216.62244,2400.37,4595.77588,4315.229
2018-12-30,195.985535,530.458984,908.596436,1123.49622,2035.24,4703.45801,4584.45312
2018-12-31,188.405701,515.437256,853.152649,1096.24548,1834.02,4452.77588,4803.70312
2019-01-01,180.590256,502.357758,821.301819,1077.85376,1717.77,3952.67725,4698.63135
2019-01-02,176.401077,489.223999,798.616943,1055.43408,1630.12,3418.29883,4309.20264
2019-01-03,172.418015,475.39035,779.041992,1028.32703,1451.37,3005.97388,3716.71362
2019-01-04,168.685623,461.184204,760.466187,998.168396,1423.80,2834.46582,3333.96069
2019-01-05,167.248917,449.950684,741.549072,974.686646,1392.81,2741.88379,3081.55249
2019-01-06,169.889572,440.467773,722.203064,959.894531,1358.96,2684.52759,2941.68433
2019-01-07,167.689972,431.16333,705.696777,946.43927,1323.70,2635.75269,2864.50684
2019-01-08,160.483124,424.773682,703.542297,941.206726,1330.09,2609.31372,2826.67139
2019-01-09,157.087784,426.759674,717.167419,999.503296,1387.36,2681.56787,2829.54932
2019-01-10,166.98317,424.963776,723.476746,1100.80273,1447.87,2839.7146,2870.55322
2019-01-11,188.545837,413.325531,728.461792,1135.35632,1516.27,3053.41748,2967.96143
2019-01-12,189.082458,403.172028,735.206055,1110.77783,1726.61,3192.39575,3129.35742
2019-01-13,170.233658,400.559021,707.079895,1075.63574,1921.01,3232.49243,3313.51318
2019-01-14,154.204422,412.735565,664.116943,1039.10925,1901.73,3496.56763,3383.6875
2019-01-15,141.513687,416.281067,638.85321,1000.64355,1731.87,3917.02271,3442.40405
2019-01-16,134.071991,396.311707,633.725159,951.470764,1599.98,3985.85645,3848.4624
2019-01-17,130.970047,373.020264,632.125977,903.0849,1486.90,3866.96704,4111.18408
2019-01-18,129.845108,354.248169,610.477234,865.853455,1386.71,3652.45117,4111.96729
2019-01-19,127.156387,340.494263,582.965576,839.177368,1293.33,3401.25952,3940.51587
2019-01-20,123.050102,331.837982,559.018188,819.163818,1221.69,2721.7146,3743.55225
2019-01-21,118.7323,325.859894,538.868408,805.309143,1170.22,2524.76562,3272.8313
2019-01-22,114.487228,319.613617,524.422546,794.262878,1133.33,2378.31226,2787.55005
2019-01-23,111.403381,311.875366,512.981384,780.674561,1102.85,2272.6062,2608.73828
2019-01-24,108.843422,303.493713,503.140778,766.967896,1079.43,2193.04077,2475.68628
2019-01-25,106.452255,295.319733,492.074127,754.542786,1059.81,2124.68384,2380.25928
2019-01-26,104.137154,288.067413,480.216827,742.676514,1039.22,2061.4502,2305.65845
2019-01-27,101.853508,281.765808,468.655029,731.539734,1020.66,2016.73877,2237.04443
2019-01-28,99.6075745,275.790161,457.850189,779.619263,1254.94,2357.91553,2531.32471
2019-01-29,97.95784,270.136963,448.205109,712.034485,1182.21,2059.11499,2233.84644
2019-01-30,100.936363,267.20166,439.359467,704.24115,1168.53,2030.15698,2206.1416
2019-01-31,119.35437,274.691681,434.630371,702.452148,1155.84,2003.25403,2175.31201
2019-02-01,143.247269,286.343262,435.547119,733.87616,1145.60,1978.04211,2146.57837
2019-02-02,139.428177,293.486389,441.867096,813.576294,1142.91,1955.40198,2119.73047
2019-02-03,118.467484,300.361206,448.147797,922.395386,1152.14,1941.19958,2094.48096
2019-02-04,102.983025,309.288208,450.033173,1016.43658,1194.69,1936.104,2076.43799
2019-02-05,91.2594147,302.08847,449.876892,999.818787,1280.66,1956.03186,2081.76611
2019-02-06,84.9661407,274.291809,452.767029,879.799011,1394.38,2035.78271,2147.96362
2019-02-07,81.8708801,249.131348,445.849487,767.424683,1409.67,2050.19629,2154.82886
2019-02-08,79.9944153,231.720505,417.099426,695.466187,1198.51,1945.98401,1968.64453
2019-02-09,78.2687454,220.307175,387.247437,655.182129,1067.46,2046.3252,2015.86511
2019-02-10,76.6065369,213.419144,366.264893,635.78894,961.15,2095.85986,2107.89868
2019-02-11,76.9633102,208.144989,351.053009,624.344055,890.78,2011.03284,2201.06543
2019-02-12,80.3177795,203.298538,340.896973,613.916748,852.26,1855.8999,2209.2915
2019-02-13,81.759407,198.59552,332.932953,602.690674,831.13,1728.38489,2088.54175
2019-02-14,77.9855957,195.704697,325.709534,593.84436,816.76,1642.97595,1933.48132
2019-02-15,72.7822876,196.446976,318.588318,598.741577,803.11,1593.40076,1820.45154
2019-02-16,68.596817,196.825027,312.873474,620.97113,789.25,1562.81396,1747.70642
2019-02-17,69.5886536,192.717865,311.397247,628.069336,780.11,1539.6637,1705.73975
2019-02-18,112.658157,188.933884,312.600067,628.210022,790.50,1517.64331,1678.08923
2019-02-19,226.888184,187.794647,309.953766,701.723999,814.18,1498.22607,1655.27747
2019-02-20,312.672302,192.345596,305.044434,861.884583,819.80,1491.04834,1633.04883
2019-02-21,314.775696,215.547165,302.821259,1197.49426,845.59,1512.17761,1615.88074
2019-02-22,277.617249,299.016205,304.825378,1825.25598,962.77,1538.49512,1616.82043
2019-02-23,211.904297,398.95874,318.523743,2254.6543,1167.81,1541.74609,1643.6167
2019-02-24,158.651489,423.853485,385.365051,2147.58936,1605.52,1569.63403,1662.30591
2019-02-25,136.990494,393.930603,485.943146,1766.59155,2141.02,1681.33521,1685.24121
2019-02-26,144.853363,337.334259,524.473511,1339.50098,2392.24,1753.96741,1595.77893
2019-02-27,162.913498,295.800201,506.626953,1044.26099,2170.68,2241.10938,1730.078
2019-02-28,172.414078,322.526672,475.742889,1017.95099,1770.84,2949.88916,2014.39111
2019-03-01,196.959351,401.329773,463.84903,1214.01318,1377.20,3219.75122,2631.23071
2019-03-02,260.434509,485.537354,507.02182,1426.40808,1205.77,2980.9873,3258.59961
2019-03-03,300.518524,542.60498,586.286926,1597.46777,1322.93,2587.05933,3358.75684
2019-03-04,248.895813,560.741516,660.299805,1754.33911,1575.47,2256.92139,3059.11401
2019-03-05,179.231415,565.121826,697.067322,1881.71094,1759.64,2159.49512,2609.40601
2019-03-06,153.568207,548.528748,695.171997,1847.78894,1879.24,2385.17163,2304.00781
2019-03-07,169.970245,472.811768,688.759094,1617.44312,1985.23,2720.50659,2324.6936
2019-03-08,218.672028,376.773346,694.717346,1384.49646,2141.98,2934.62598,2623.85767
2019-03-09,248.811111,315.067169,663.328064,1285.7854,2062.12,3092.67065,2940.47339
2019-03-10,235.040878,303.40097,586.800293,1396.06592,1837.11,3283.69849,3148.61084
2019-03-11,208.356888,326.261017,509.234711,1592.88037,1639.07,3341.95142,3329.73682
2019-03-12,167.740585,351.518402,454.184662,1631.77026,1579.09,3187.33276,3451.77515
2019-03-13,120.759132,338.410706,437.153198,1475.98889,1704.41,2890.17139,3432.22144
2019-03-14,92.8214874,303.21698,442.515656,1255.63135,1845.45,2625.90649,3205.98804
2019-03-15,78.5349045,261.425323,423.89917,1049.44495,1793.42,2493.24561,2908.04004
2019-03-16,68.3409882,208.198517,385.26297,901.691406,1586.29,2571.05469,2670.55078
2019-03-17,60.9381294,170.389389,342.583771,820.386353,1347.48,2683.4729,2610.62036
2019-03-18,64.6115799,150.000458,288.716156,786.151367,1144.45,2588.42334,2730.88989
2019-03-19,99.2929535,140.350342,244.818909,785.415894,1008.46,2334.8999,2785.21216
2019-03-20,206.808548,139.502899,221.291016,891.337402,939.44,2046.33228,2621.74072
2019-03-21,376.380951,166.679184,212.203598,1197.41943,924.01,1786.33984,2346.91138
2019-03-22,474.901337,282.283936,210.247025,1697.92786,982.35,1612.64563,2060.49414
2019-03-23,474.962372,477.86734,227.201691,2154.74146,1203.18,1532.14185,1824.85901
2019-03-24,431.851044,648.452576,322.255646,2330.77979,1631.39,1517.02917,1684.39673
2019-03-25,397.822998,708.104797,510.061951,2256.63916,2142.55,1587.05615,1627.9303
2019-03-26,408.378265,664.753296,688.849731,1998.58472,2496.76,1850.64673,1633.93762
2019-03-27,343.331818,575.60376,767.733948,1706.67871,2561.96,2398.28638,1758.90552
2019-03-28,256.442413,496.046478,747.186035,1853.72729,2737.46,4649.34082,3708.71558
2019-03-29,300.730469,511.485291,660.349548,2152.28223,2434.31,4504.1958,3723.23438
2019-03-30,388.660126,541.922974,574.598877,2131.59961,2154.18,4201.75879,3960.54834
2019-03-31,350.131378,526.029175,573.56958,1993.36707,2304.45,3947.44727,4277.96729
2019-04-01,274.041443,533.912292,613.025146,1864.75793,2596.77,3554.14893,4252.91553
2019-04-02,362.14978,588.681702,616.910767,1759.19849,2566.20,3231.41089,3954.04126
2019-04-03,498.867523,605.932373,632.073486,1619.55151,2413.68,3275.61035,3354.93237
2019-04-04,629.448425,621.083496,701.508789,1490.69043,2296.91,3604.6145,3229.17627
2019-04-05,737.53949,746.511902,758.76947,1560.29529,2207.05,3590.729,3537.7417
2019-04-06,732.06311,881.885986,784.524658,1949.42358,2168.11,3480.79907,3747.7937
2019-04-07,648.964722,971.579529,882.169189,2465.41309,1981.08,3354.5105,3552.28101
2019-04-08,527.424133,1029.06641,1025.27844,2742.70776,2016.60,3113.0813,3257.8667
2019-04-09,449.139435,1019.33044,1115.7738,2800.87061,2426.19,3153.34155,3235.69434
2019-04-10,440.838104,932.600525,1176.01001,2848.82031,2847.19,3324.43433,3211.47485
2019-04-11,436.148346,841.741821,1188.20178,2866.71704,3042.32,3587.06006,3300.7395
2019-04-12,398.617371,763.649109,1129.30688,2683.48364,3165.57,4062.80347,3500.19751
2019-04-13,338.195251,716.364258,1060.93079,2350.16113,3311.88,4520.2832,3825.65454
2019-04-14,272.290649,673.279175,974.249329,2043.12622,3311.44,4690.64844,4346.38232
2019-04-15,255.199234,582.138123,891.753967,1784.7135,3008.07,4778.26416,4712.10449
2019-04-16,292.655182,484.41272,808.217102,1573.20959,2596.73,4881.59473,4820.93213
2019-04-17,380.168549,414.243195,688.029907,1423.84399,2244.14,4765.66504,4932.54443
2019-04-18,485.106293,418.780273,568.53009,1345.17603,1948.69,4331.12939,4988.47217
2019-04-19,478.365845,486.435455,479.976593,1396.65881,1728.10,3788.19385,4765.47705
2019-04-20,376.202911,613.309509,464.766296,1524.3811,1570.48,3285.38623,4276.67725
2019-04-21,284.485413,724.321838,518.197998,1573.32104,1508.14,2873.80249,3737.82666
2019-04-22,260.471161,722.797485,637.338684,1525.46387,1581.08,2589.97461,3255.89233
2019-04-23,266.763,616.848083,755.430542,1429.33801,1684.17,2444.26562,2874.44434
2019-04-24,270.687531,469.424805,776.249084,1322.70898,1689.70,2450.35278,2633.82202
2019-04-25,264.458099,393.394867,682.460266,1223.46533,1619.16,2639.30249,2529.62427
2019-04-26,222.568314,373.672913,532.564514,1146.31567,1516.69,2835.17603,2602.86523
2019-04-27,181.897186,362.725708,440.693298,1195.09875,1816.65,4495.26221,4537.40527
2019-04-28,159.32756,347.71347,413.244598,1158.57715,1722.96,4048.34668,4386.77246
2019-04-29,175.09288,307.426819,400.707458,1140.33667,1655.78,3201.05005,3718.92139
2019-04-30,231.654266,265.343842,385.80368,1124.42212,1613.04,2973.8833,3439.58374
2019-05-01,341.834686,257.946564,350.156921,1113.03601,1589.70,2872.5061,3206.55786
2019-05-02,539.826416,292.189819,307.980286,1128.56494,1588.04,2794.41553,3063.92285
2019-05-03,791.008728,367.349579,318.998474,1159.58606,1558.63,2698.64526,2957.14893
2019-05-04,1025.01953,562.688965,392.748932,1262.72949,1498.75,2481.12305,2712.47412
2019-05-05,1196.19409,939.795227,522.465271,1594.77271,1516.04,2488.21729,2611.28857
2019-05-06,1525.96106,1353.73083,796.330383,2193.15723,1619.00,2641.19141,2584.35767
2019-05-07,1785.8833,1671.63623,1212.10767,2998.63159,1986.24,2759.18164,2680.47852
2019-05-08,1567.69763,1847.48877,1582.8125,3437.35938,2562.12,2935.76904,2829.28638
2019-05-09,1140.61377,2017.02686,1847.16772,3301.60986,3207.02,3376.87158,2924.14722
2019-05-10,778.557678,2169.92651,1978.62781,3299.96265,3846.97,4111.80713,3161.31689
2019-05-11,585.860229,1959.11597,2078.53882,3410.3562,3919.52,4892.28271,3621.8667
2019-05-12,576.331299,1475.40552,2223.14111,2941.44507,3647.15,5669.21973,4412.30762
2019-05-13,695.366821,1026.20752,2076.5835,2224.69482,3687.82,6255.16846,5168.25244
2019-05-14,806.371399,762.297668,1634.38806,1786.005,3492.66,6361.02832,5804.79346
2019-05-15,912.609863,750.784424,1201.65723,1797.70117,2915.18,6223.16943,6355.28711
2019-05-16,1025.53284,920.887817,939.591187,2271.80835,2324.74,6124.07129,6466.854
2019-05-17,981.218567,1086.17957,952.246887,2940.25391,2055.89,5813.63818,6353.00781
2019-05-18,807.47821,1178.32104,1145.73267,3441.83374,2254.64,5008.48877,6247.8125
2019-05-19,652.278015,1280.08582,1328.25171,3340.40039,2755.77,4285.31982,5661.98096
2019-05-20,583.390564,1276.25024,1446.54993,2747.7771,3363.01,4120.14062,4731.68359
2019-05-21,555.283508,1096.99707,1521.94336,2121.86108,3663.96,4511.34375,4256.60791
2019-05-22,527.376892,881.954407,1490.64172,1689.27917,3311.09,5065.68408,4360.49365
2019-05-23,584.330261,740.681152,1319.47314,1470.71252,2678.28,5626.3667,4883.35303
2019-05-24,657.547607,678.789368,1097.35376,1380.38257,2134.82,5898.29688,5471.15332
2019-05-25,703.663696,702.76947,925.168274,1364.59534,1832.46,5501.10156,5975.16748
2019-05-26,797.127075,952.144409,854.204224,1382.04895,1734.83,4804.59521,6035.35107
2019-05-27,835.237793,1229.13623,916.943542,1507.4541,1819.19,4204.07373,5465.4502
2019-05-28,761.73822,1334.72229,1223.67908,1725.85938,1828.12,4619.15039,5565.87305
2019-05-29,664.529419,1490.69385,1594.32434,1870.5813,1890.82,3932.60669,4360.37109
2019-05-30,564.455139,1554.4624,1712.91211,1825.73596,2046.00,4192.50537,4127.33105
2019-05-31,479.053802,1326.66187,1757.65515,1636.83887,2164.43,4701.34912,4236.86426
2019-06-01,467.405975,1046.38818,1763.00745,1459.79712,2152.79,5070.5127,4661.62402
2019-06-02,531.899963,861.04248,1549.78699,1383.73425,2069.89,5116.05371,5199.80566
2019-06-03,611.362732,783.209167,1287.3573,1390.69299,1979.32,5111.94434,5437.19971
2019-06-04,695.000244,829.559265,1124.63696,1525.05347,1898.03,5082.48242,5474.80762
2019-06-05,799.950867,1021.49054,1110.28467,1922.84119,2030.88,5067.4209,5475.30566
2019-06-06,896.1875,1287.6792,1252.33899,2356.61157,2232.65,5041.56152,5473.16553
2019-06-07,883.265686,1520.06726,1509.27209,2616.70361,2768.90,5205.33496,5562.89453
2019-06-08,887.273499,1712.5282,1803.99011,2838.30005,3540.86,5695.84863,5751.33154
2019-06-09,1087.5813,1957.53052,2057.21924,3037.91455,3973.56,6174.84668,6140.3418
2019-06-10,1291.55542,2240.82324,2273.83008,3043.93799,4006.16,6733.7085,6644.99951
2019-06-11,1510.89795,2559.7854,2551.83252,3106.21826,3965.75,7489.52344,7024.78662
2019-06-12,1806.41333,3371.14038,2990.48828,3913.20288,3955.94,7890.35938,7673.35059
2019-06-13,1800.64404,4340.58789,3683.88574,5807.59424,3888.94,8021.7085,8409.09473
2019-06-14,1534.15918,4771.86621,4967.10791,7390.04248,4364.27,8488.27734,8941.4834
2019-06-15,1717.38599,4904.17627,6489.01025,7286.12256,6314.93,9492.30859,9472.40527
2019-06-16,2854.26538,5020.30615,7247.95215,6547.20605,9052.37,10985.7832,10505.0654
2019-06-17,4353.05469,5327.01611,7203.71338,6229.4585,10260.70,13330.6104,11934.5625
2019-06-18,5118.09814,5997.55762,6890.03076,6297.79785,9549.67,16524.1953,13583.8672
2019-06-19,4727.30566,7119.27686,6710.78076,6785.62988,8446.90,19402.9453,15978.0791
2019-06-20,3655.04297,8220.90625,7085.93701,7810.06836,7725.23,20010.6074,19010.4004
2019-06-21,2842.8064,8870.65137,8133.05518,8906.69727,7544.24,18709.1738,20863.6172
2019-06-22,2514.573,8806.35449,9260.50488,9010.63281,8210.37,17230.0879,20360.5488
2019-06-23,2365.32275,7864.89746,9967.34277,8008.0918,9753.26,16771.6758,18670.5957
2019-06-24,2199.11865,6747.65088,9969.51562,6577.48242,10912.95,17626.3145,17274.998
2019-06-25,1984.84705,5910.52979,9079.14062,5535.07422,10420.65,19337.4941,17264.7383
2019-06-26,1864.77258,5389.6748,7884.55859,5200.50977,8844.27,21378.6328,18463.248
2019-06-27,1994.85559,5212.86719,7067.49463,5559.40771,7355.99,21788.1699,20070.5645
2019-06-28,2135.4436,4988.57715,6619.97119,6453.83252,6491.98,20678.1289,22488.8945
2019-06-29,2233.21924,4722.90283,6378.78369,7403.81543,6506.62,17918.25,22660.416
2019-06-30,2296.03052,4711.81934,6083.15088,8134.75098,7236.29,15645.5225,20418.4121
2019-07-01,2049.02881,4770.26221,5794.32178,8086.79248,8304.96,14393.7178,17662.9199
2019-07-02,1805.00586,4848.36035,5787.29639,7366.80127,9226.10,14353.082,15868.2266
2019-07-03,1940.08484,4826.43359,5842.24219,7066.49707,9673.61,14866.2129,15262.5156
2019-07-04,2258.09009,4478.09082,5844.36475,6997.07959,9176.36,15700.0811,15489.7217
2019-07-05,2357.0835,4023.50732,5730.77246,6831.79053,8488.93,16503.3262,16189.5068
2019-07-06,2309.41553,3871.48901,5333.10254,6430.35645,8313.79,16874.6133,16977.5742
2019-07-07,2464.34839,4102.28125,4797.30859,6518.31494,8150.24,16375.6709,17633.8535
2019-07-08,2873.3999,4378.40918,4542.5835,7259.88623,7775.55,15698.8125,17682.4883
2019-07-09,3371.96802,4538.30225,4743.03906,7699.05127,7572.46,15414.417,17306.6191
2019-07-10,4455.18896,4721.44824,5106.88135,7665.86768,8009.13,15071.5527,17603.5
2019-07-11,6692.14209,5155.90723,5400.34033,7625.18213,8809.34,14584.1611,17724.4336
2019-07-12,9457.11426,5905.06982,5688.28271,8245.8252,8983.33,14586.4766,17126.1973
2019-07-13,11120.1748,7313.95996,6194.03223,11186.7725,8780.18,15637.5898,16751.7383
2019-07-14,10894.4141,9636.24609,7069.58643,17610.4688,8901.82,16875.2617,17119.707
2019-07-15,9388.56445,12309.5781,8530.2002,24439.7324,10252.54,17350.2695,18506.7793
2019-07-16,7297.31299,14236.5215,10819.6699,28395.998,14603.96,18043.8633,19249.6328
2019-07-17,5368.33936,14331.3037,13526.3076,28261.5645,21659.48,19002.0879,19230.5273
2019-07-18,3940.68018,12833.3945,15601.1025,23723.6699,27693.04,21754.8145,19467.377
2019-07-19,3018.01929,10536.7646,15849.7031,17118.7891,30316.71,28255.873,20393.9453
2019-07-20,2583.61621,8195.73438,14359.1377,11488.1562,28559.30,37618.0312,23986.5859
2019-07-21,2461.92407,6448.75537,11987.7666,7968.61816,22972.32,45014.2148,31659.6504
2019-07-22,2478.60742,5448.66357,9523.81348,6323.25586,16498.22,47172.6602,40878.5312
2019-07-23,2579.18359,5208.61572,7740.80859,6331.21143,11645.36,43700.0234,46730.457
2019-07-24,2758.73315,5605.34229,6774.74414,6979.6499,8972.02,35995.5,47089.9805
2019-07-25,2785.87354,6565.32227,6605.63965,7800.79443,8246.87,27704.2168,42160.0469
2019-07-26,2946.50781,7889.66943,7107.39014,9092.6123,8981.42,21569.0801,34068.7617
2019-07-27,3672.76123,8867.59375,8090.94629,9796.39453,9994.35,18189.7188,26624.2402
2019-07-28,4656.90869,9095.56543,9370.10449,9714.47656,11324.27,16994.1641,21281.0859
2019-07-29,4854.68408,8781.85156,10329.7393,9762.91895,12697.42,18778.6152,18743.4668
2019-07-30,4311.40332,8445.15625,10606.6367,10061.6562,12870.15,20919.6602,19291.5996
2019-07-31,4175.06738,8557.75391,10310.4727,9917.98828,12441.58,23257.1523,20852.9531
2019-08-01,4739.02148,8712.78906,9988.72656,9763.16309,12362.65,25313.9707,22779.6699
2019-08-02,5919.61426,8916.12891,10130.6113,10158.7715,12294.86,25535.3633,25072.7383
2019-08-03,6163.99463,9869.49707,10457.3613,11109.0557,12236.72,24783.0176,26594.0488
2019-08-04,5110.87402,11323.6621,10733.1992,11780.2314,12965.22,24555.7148,26188.293
2019-08-05,4274.77295,12275.0889,11443.4287,11376.1602,13639.36,24743.7285,25365.748
2019-08-06,3793.62036,11908.7178,12686.9795,10643.3291,14241.76,24935.4883,25295.9941
2019-08-07,3504.94019,10590.8145,13641.5908,9751.33887,14219.64,25907.3359,25564.3066
2019-08-08,3365.00269,9369.94531,13650.6406,8434.11719,13436.30,27559.1348,26307.0879
2019-08-09,3394.83936,8583.00781,12570.6074,7347.03125,12778.38,29534.0254,28158.8379
2019-08-10,3387.58105,7932.17188,11164.7832,7201.55957,11847.06,30351.1074,30150.1387
2019-08-11,3084.84644,7386.15967,10200.8223,8162.36426,10439.20,29301.5801,31512.8887
2019-08-12,2766.01221,7358.13428,9526.7666,9024.3623,9478.68,28025.8105,31882.666
2019-08-13,2489.23804,7794.8291,9094.49902,8616.8877,9774.01,26900.7812,31327.459
2019-08-14,2379.42798,7934.85303,9166.24316,7849.21875,11249.17,25153.3125,30356.877
2019-08-15,2513.85205,7777.87061,9883.33105,7536.91406,12173.90,23115.6309,28818.4629
2019-08-16,2613.20679,7450.90234,10367.4922,7488.24463,11815.81,23047.084,26334.7754
2019-08-17,2549.10938,6914.18652,10194.6025,7718.27588,11324.33,24328.8457,24381.5703
2019-08-18,2326.78809,6630.18262,9761.91504,7589.80078,11262.89,25766.6914,24480.1309
2019-08-19,2057.70776,6402.3335,9020.85938,6980.75391,11385.12,25575.6582,26158.3887
2019-08-20,1903.31177,5851.68213,8443.1543,6546.1123,11596.75,24892.7148,27272.0527
2019-08-21,1869.32678,5178.20361,8169.72119,6002.59326,11086.20,24122.9668,26739.2754
2019-08-22,1822.30273,4659.77686,7840.48389,5273.9707,9985.65,23156.5547,25884.7695
2019-08-23,1928.16565,4448.7915,7383.05713,4775.08057,9110.09,22879.7246,24979.752
2019-08-24,2298.15942,4673.90576,6880.0625,4771.84277,8112.27,22633.8066,24319.9688
2019-08-25,2607.45044,5392.65088,6978.77686,5995.33643,7358.90,21968.9375,24305.2441
2019-08-26,2543.59766,6279.32275,7898.68848,7754.25391,7499.25,21132.9004,24184.8027
2019-08-27,2168.34448,6636.68555,9130.68262,8298.2666,8556.29,19989.5547,23572.668
2019-08-28,1849.36218,6332.34961,10222.7275,7499.45898,10556.68,19441.2891,22228.9414
2019-08-29,1832.46655,5715.97314,10383.959,6363.28516,12041.04,20387.5117,20819.1543
2019-08-30,1970.8241,5396.03467,9547.49805,5398.75439,11672.86,22256.7656,20687.2578
2019-08-31,1957.04419,5669.48877,8484.1123,4909.11035,10305.66,26129.3027,21879.9141
2019-09-01,2031.401,5934.0708,7805.94678,5320.45068,8909.29,27803.7383,25057.2383
2019-09-02,2141.45361,5799.49756,7807.10449,6255.55469,7893.37,26498.1895,29561.2676
2019-09-03,2000.32898,5424.02197,8080.47461,6567.7251,7636.67,24044.4375,30301.0938
2019-09-04,1952.80481,5191.2041,8196.01367,6190.92041,8349.06,22009.918,27848.5957
2019-09-05,1962.255,5224.80029,8120.74365,6060.37891,9062.55,20520.1895,24968.6426
2019-09-06,1841.35217,5065.79346,7747.9834,6336.83154,8961.85,19646.2539,22727.1445
2019-09-07,1784.65881,4779.54395,7381.24609,6191.07178,8427.20,19751.1602,21046.6934
2019-09-08,1771.37585,4761.34814,6942.75488,5423.03613,8221.64,19908.6426,20406.2441
2019-09-09,1750.82935,4784.88818,6365.58447,4659.17188,8372.26,19153.6914,20668.043
2019-09-10,1831.25574,4760.66602,6122.66846,4286.44287,7938.89,18019.2988,20571.9922
2019-09-11,2125.21069,4779.77197,6071.29785,4455.5,6962.00,17178.3359,19690.291
2019-09-12,2742.83081,4930.62988,6023.76465,5461.2998,6221.03,16818.1523,18930.2832
2019-09-13,3204.5979,5296.86523,6004.4126,6613.93896,6003.92,16363.1885,18649.8555
2019-09-14,3312.32886,5785.18115,6148.67383,6971.0791,6586.51,15421.8936,18322.0723
2019-09-15,3236.62354,6414.58203,6526.99072,6728.38477,7957.18,14325.916,17479.7188
2019-09-16,3011.79077,6828.11035,7029.07373,6605.41162,9092.85,13945.9287,16316.0488
2019-09-17,2890.63232,6929.24805,7761.25049,7133.39795,9099.66,14815.3662,14952.96
2019-09-18,2836.56616,6848.47754,8379.11816,7753.49902,8773.78,16806.7539,14816.9814
2019-09-19,2612.93286,6547.95605,8541.77344,7553.2959,8814.73,18472.9746,16006.334
2019-09-20,2210.79834,6089.04346,8409.52539,6766.4375,9415.89,19435.3281,18035.916
2019-09-21,1844.59131,5604.93164,8070.36719,5955.34619,9637.92,19879.3008,19561.1562
2019-09-22,1702.79761,5160.07617,7621.00098,5161.12744,8969.32,20217.1309,20632.1348
2019-09-23,1834.83325,4741.79395,7262.97656,4475.4375,8073.21,20858.6191,21423.2266
2019-09-24,2228.47095,4679.14014,7019.95947,4253.33496,7310.89,21213.5898,22285.0879
2019-09-25,2783.85156,5050.41406,6733.99756,4980.68848,6671.48,20665.6211,22742.0137
2019-09-26,3419.52197,5674.3501,6715.89893,6304.82861,6282.84,19483.0703,22671.082
2019-09-27,3693.09985,6300.0874,7213.35059,6983.88818,6415.50,17962.3301,21445.123
2019-09-28,3211.5918,6653.9668,7979.00586,7140.59229,7354.91,17082.9082,20241.8516
2019-09-29,2517.38379,6838.99609,8650.35156,7486.70703,8416.33,16583.0996,18925.4707
2019-09-30,2019.83423,6769.03223,8939.01562,7623.41406,8820.67,16813.6094,17858.0977
2019-10-01,1723.63,6106.86279,8890.80176,6732.12207,8844.99,17855.0117,17452.9688
2019-10-02,1608.54333,5226.42969,8668.50195,5438.91162,9139.78,19247.5781,17772.0391
2019-10-03,1559.67725,4612.18896,8042.55762,4622.69531,8959.90,19779.5742,18863.584
2019-10-04,1525.98901,4220.76318,7129.94775,4169.74219,7916.57,19573.6562,19928.3809
2019-10-05,1450.34302,3932.82251,6388.26953,3799.81982,6870.32,19354.8145,20064.3418
2019-10-06,1347.58899,3835.47388,5848.5542,3495.53809,6371.61,18372.5645,19845.332
2019-10-07,1284.63428,3948.3125,5440.90234,3305.90503,5941.40,16762.6855,19499.5703
2019-10-08,1309.19043,3900.81812,5236.42578,3326.34229,5426.59,15507.3057,18305.8008
2019-10-09,1437.12012,3702.03442,5318.65479,3429.83325,4962.51,14731.3525,16738.6094
2019-10-10,1624.57031,3561.1897,5372.91064,3522.81128,4762.76,13790.5986,15678.1064
2019-10-11,1642.71082,3525.40674,5250.78027,3709.05347,4903.27,12958.0645,14840.3613
2019-10-12,1485.27966,3684.38452,5165.10498,3960.91089,5129.15,12376.2627,13842.7324
2019-10-13,1308.99902,3899.62476,5119.4873,4059.27856,5286.62,11964.1621,13084.9785
2019-10-14,1126.57568,3847.17505,5130.38477,3970.37573,5543.86,11898.2383,12547.8809
2019-10-15,998.673462,3479.56128,5226.05322,3741.82056,5838.25,11950.4463,12304.4102
2019-10-16,926.122986,3072.83057,5179.70166,3398.67188,5845.48,12173.3271,12503.2764
2019-10-17,905.220947,2775.3584,4835.59326,3130.92505,5576.85,12805.3477,12727.6982
2019-10-18,886.143372,2601.39209,4494.5498,2980.68335,5218.49,13549.7549,12955.4209
2019-10-19,846.925781,2461.99292,4318.16016,2900.64233,4863.91,13549.9639,13573.3008
2019-10-20,814.156738,2345.11084,4162.76221,2788.88379,4620.95,12742.002,14072.6699
2019-10-21,777.853943,2237.97363,3891.56714,2591.51123,4439.86,11815.6436,13662.7891
2019-10-22,751.470642,2117.70508,3572.93823,2402.4917,4246.32,11148.873,12671.8916
2019-10-23,753.52124,2017.63538,3317.31128,2281.44897,3976.34,10450.2988,11853.1064
2019-10-24,776.932007,1945.81042,3101.29028,2261.09937,3686.40,9753.44922,11165.4307
2019-10-25,809.238159,1909.72498,2935.55103,2298.23315,3480.93,9067.51855,10462.6104
2019-10-26,1014.69824,1950.28564,2834.95532,2344.16748,3362.87,8344.10059,9762.59668
2019-10-27,1583.11548,2085.3916,2800.45728,2386.97412,3358.06,7704.68506,9058.03027
2019-10-28,2418.65088,2330.13135,2829.11377,2461.17041,3393.95,7272.28027,8352.25684
2019-10-29,3031.20557,3039.17578,2933.42188,2980.96338,3445.05,7048.70264,7817.13574
2019-10-30,2727.43872,4145.9292,3135.33057,4882.11035,3454.16,7002.6626,7400.7373
2019-10-31,1954.11963,5085.51074,3740.04541,7910.97021,3604.20,7015.12793,7142.13721
2019-11-01,1408.62219,5429.83789,4805.34814,9709.03613,4432.22,7168.45801,7167.62109
2019-11-02,1069.88159,4859.73584,5801.39014,8712.7666,6801.21,7477.71436,7304.61816
2019-11-03,938.516479,3765.30811,6209.40918,6344.61621,9681.48,8409.49902,7494.11133
2019-11-04,881.466003,2854.21289,5764.15771,4405.42529,10564.51,10359.1484,7966.96094
2019-11-05,847.596924,2327.79126,4706.48633,3189.63647,8937.41,13523.4707,9219.15137
2019-11-06,834.653564,2090.10449,3720.24902,2635.97046,6661.05,16613.8066,11611.4404
2019-11-07,823.275452,2016.99243,3122.80103,2484.68311,5037.33,16918.832,15006.4268
2019-11-08,776.167297,1992.5437,2815.83081,2498.41602,4050.69,14470.0762,17459.8965
2019-11-09,711.725891,1958.47388,2720.97729,2512.16553,3700.38,11783.7734,16769.2246
2019-11-10,689.260864,1961.45105,2743.85425,2421.95874,3655.46,10159.1279,14249.7891
2019-11-11,719.130127,2038.29663,2821.52197,2265.28833,3644.06,9379.25684,12070.373
2019-11-12,795.983276,2165.07886,2947.43774,2184.98145,3587.12,9228.67188,10640.7686
2019-11-13,840.850525,2232.08228,3159.79858,2200.62939,3468.65,9239.99902,9916.10156
2019-11-14,794.486206,2189.29004,3328.17188,2198.2876,3406.36,9009.20605,9688.80078
2019-11-15,710.865845,2110.90039,3313.53906,2217.41528,3409.60,8571.49414,9528.55469
2019-11-16,646.460205,1995.47876,3139.80713,2311.40918,3348.16,8200.88672,9130.59668
2019-11-17,600.931213,1837.78503,2908.51831,2312.56299,3225.97,7959.71777,8667.97754
2019-11-18,574.649109,1674.04517,2691.63452,2147.14795,3176.21,7716.38672,8338.75293
2019-11-19,559.616943,1552.73022,2481.26367,1977.66235,3190.39,7344.18359,8110.2876
2019-11-20,548.499756,1474.86328,2284.80493,1853.82483,3091.42,6907.58643,7820.94775
2019-11-21,538.194153,1423.27173,2136.68506,1773.67798,2882.83,6586.94629,7367.99414
2019-11-22,526.228149,1384.95093,2038.92468,1729.32532,2716.93,6340.87305,6964.23828
2019-11-23,511.880524,1350.27612,1969.07227,1701.40759,2595.40,6006.2583,6680.0874
2019-11-24,498.218658,1320.21484,1912.61707,1682.67676,2517.74,5645.39795,6413.67383
2019-11-25,487.14093,1290.56226,1863.72424,1665.3927,2466.70,5377.56689,6054.2417
2019-11-26,477.036224,1260.21643,1821.51941,1640.53113,2431.65,5186.49902,5716.8457
2019-11-27,468.209747,1231.27087,1785.51074,1590.81567,2356.58,5072.54102,5488.63574
2019-11-28,459.287872,1205.52808,1743.7832,1568.72607,2339.95,4908.53125,5261.77588
2019-11-29,449.092957,1181.68225,1706.10413,1556.23743,2310.18,4840.51465,5147.0332
2019-11-30,438.556335,1159.22998,1671.38672,1553.35083,2274.26,4782.07568,5067.32861
2019-12-01,428.6297,1136.79541,1639.08875,1543.72144,2265.89,4736.19189,5010.11719
2019-12-02,419.677856,1113.12048,1608.20691,1515.96033,2246.14,4662.56055,4944.30518
2019-12-03,410.789185,1090.12488,1577.77234,1486.26855,2236.61,4484.12744,4875.07227
2019-12-04,401.56366,1068.8009,1546.67114,1457.59119,2213.90,4367.31055,4797.21484
2019-12-05,392.588043,1048.20264,1516.01831,1430.96667,2177.41,4315.4917,4566.92383
2019-12-06,383.832275,1026.07617,1486.50195,1408.41113,2141.35,4273.81934,4501.3877
2019-12-07,375.350128,1003.01465,1457.92615,1392.2406,2106.50,4218.7251,4454.71973
2019-12-08,367.084015,980.671509,1428.1759,1374.8313,2074.29,4150.81934,4410.08691
2019-12-09,359.030792,959.253174,1397.49304,1352.64343,2047.62,4084.27026,4348.30176
2019-12-10,351.177002,939.034424,1367.69531,1330.77209,2025.53,4019.29272,4279.7832
2019-12-11,343.486664,919.206238,1339.22461,1309.30579,2000.27,3955.65601,4213.45361
2019-12-12,335.954468,899.575989,1312.17896,1289.47314,1971.61,3897.04834,4148.31885
2019-12-13,328.786957,880.468018,1286.00195,1270.89136,1911.97,3844.21948,4085.3252
2019-12-14,321.982849,861.725464,1259.61877,1253.26758,1753.23,3789.26025,4028.8916
2019-12-15,314.890045,843.363953,1233.19214,1236.22156,1726.08,3658.30713,3975.61841
2019-12-16,307.670319,825.476685,1207.26855,1219.33081,1700.21,3467.52124,3902.38672
2019-12-17,300.729309,808.39325,1181.78503,1203.44617,1675.25,3411.21606,3718.948
2019-12-18,294.02356,791.527222,1157.03516,1187.81177,1651.00,3356.36719,3596.38647
2019-12-19,287.647247,774.835205,1133.35034,1171.47961,1627.17,3303.16626,3539.96118
2019-12-20,281.41806,758.251892,1110.20496,1155.92139,1604.77,3251.56348,3485.23169
2019-12-21,275.144653,741.693604,1087.41663,1140.96106,1582.16,3201.41821,3432.09155
2019-12-22,268.921112,725.824219,1064.828,1127.17505,1559.35,3152.85742,3380.52197
2019-12-23,262.896606,710.378784,1042.34949,1115.00391,1537.58,3106.1604,3330.44775
2019-12-24,257.055786,695.311523,1020.85834,1100.3938,1516.39,3059.4519,3281.99683
2019-12-25,251.575653,680.913025,1001.06915,1083.43176,1497.14,3012.59985,3235.11084
2019-12-26,246.3797,668.482117,981.866394,1069.70813,1478.47,2967.16089,3187.70898
2019-12-27,241.191818,660.388855,961.808167,1162.7926,1718.47,3275.66846,3497.10864
2019-12-28,244.31897,657.151917,947.056641,1161.63403,1700.04,3286.80249,3495.43848
2019-12-29,278.945374,661.377258,948.659058,1104.46106,1611.86,3197.39917,3383.36377
2019-12-30,316.24469,680.353699,966.735413,1124.74304,1592.82,3154.9834,3333.2832
2019-12-31,301.879395,704.870056,985.879395,1182.90308,1564.03,3083.82178,3279.21191
2020-01-01,265.024872,720.559814,995.022644,1227.24939,1521.58,2950.55493,3113.28687
2020-01-02,238.661102,727.418274,1005.50897,1212.80957,1587.62,2847.37451,2950.37549
2020-01-03,224.787262,710.496582,1031.01538,1175.90759,1649.06,2938.59888,2959.27759
2020-01-04,253.819534,709.570374,1070.56494,1160.7854,1684.28,3123.75757,3008.23584
2020-01-05,392.583313,881.388428,1148.45129,1271.05713,1724.63,3336.01709,3132.28564
2020-01-06,549.411194,1159.02539,1308.79065,1606.82764,1818.68,3485.77246,3338.72656
2020-01-07,548.278809,1302.63403,1575.58972,2189.33496,1990.22,3615.55469,3536.94312
2020-01-08,476.130463,1320.8689,1883.3241,2849.20215,2332.30,3857.20166,3671.90918
2020-01-09,388.58252,1285.70776,2005.8446,3253.75854,2820.18,4201.55469,3819.68701
2020-01-10,314.077667,1141.79712,1878.13611,3241.53149,3443.99,4677.41504,4107.33643
2020-01-11,322.383728,950.411682,1692.61804,2798.16382,4009.25,5355.43018,4475.21533
2020-01-12,321.795837,802.651672,1479.90515,2200.74268,4215.06,5926.64355,5024.0376
2020-01-13,279.472717,697.910034,1238.97192,1770.14221,3886.58,6341.96973,5708.26025
2020-01-14,236.382645,670.539856,1060.26843,1566.18384,3251.31,6557.729,6204.4502
2020-01-15,204.324677,661.033813,940.960632,1476.72974,2632.94,6320.82861,6581.22559
2020-01-16,179.489975,603.522217,890.254272,1367.61938,2241.48,5615.29834,6658.48193
2020-01-17,164.580582,533.097961,871.852966,1247.45667,2074.69,4740.77344,6250.73047
2020-01-18,158.335861,478.530884,812.487183,1139.42761,1975.26,3977.56812,5460.38525
2020-01-19,153.362717,440.245911,731.889099,1057.01892,1798.56,3535.82007,4590.26172
2020-01-20,150.530167,415.11908,667.097412,1001.55981,1556.89,3328.26416,3925.76392
2020-01-21,151.599701,401.295013,622.961121,969.718384,1444.14,3147.61841,3579.41431
2020-01-22,164.868256,391.429565,592.59375,955.583374,1359.24,2884.2019,3399.40503
2020-01-23,185.765106,383.772705,573.888794,948.193054,1302.18,2575.38379,3202.854
2020-01-24,184.527359,380.014435,560.826294,946.006836,1267.75,2415.92798,2895.34741
2020-01-25,166.097122,384.435638,549.593018,978.254944,1249.30,2301.33008,2643.4668
2020-01-26,154.135117,399.279266,542.155273,1086.63281,1237.59,2226.81812,2498.68311
2020-01-27,144.981155,402.364197,541.764038,1156.58398,1237.25,2178.14917,2401.97339
2020-01-28,136.026596,383.118958,552.018799,1174.04761,1520.19,2528.45337,2696.87109
2020-01-29,128.881561,362.736664,556.485107,1052.46558,1572.82,2243.67603,2394.43994
2020-01-30,124.290108,348.611389,537.629517,988.302429,1604.29,2246.69604,2375.02441
2020-01-31,121.197243,335.727448,512.985046,925.115479,1541.15,2309.87524,2361.77954
2020-02-01,124.270462,324.300354,495.661102,881.108521,1478.33,2414.54297,2379.2168
2020-02-02,131.633591,316.104858,480.058228,853.610535,1409.28,2422.4353,2466.72852
2020-02-03,129.578064,309.256439,465.536835,836.553406,1347.80,2338.35059,2549.97754
2020-02-04,122.82756,305.624329,454.248566,845.440918,1307.66,2257.40381,2518.42139
2020-02-05,120.513237,308.819977,444.727295,866.462463,1280.18,2172.0813,2432.17944
2020-02-06,115.374939,306.548523,437.578766,859.287354,1266.84,2097.90283,2352.95801
2020-02-07,112.146004,295.717468,437.592896,853.982544,1280.72,2054.38257,2279.83179
2020-02-08,119.193497,288.339417,434.682953,854.561035,1291.21,2022.75427,2215.60913
2020-02-09,123.067062,281.412476,422.341095,832.500366,1092.62,1832.71399,2027.00598
2020-02-10,130.759552,276.959229,411.658447,814.193298,1088.83,1859.62878,1982.52368
2020-02-11,157.108292,298.667511,402.946777,815.853088,1080.94,1868.52051,1976.10071
2020-02-12,172.502655,337.074249,396.931335,846.344666,1052.10,1839.68848,1990.94177
2020-02-13,154.932388,363.956329,414.547455,947.660278,1039.44,1825.91858,1981.75793
2020-02-14,127.889366,376.660095,453.097961,1119.50073,1052.66,1809.3241,1955.25159
2020-02-15,109.113068,370.752838,482.429077,1170.84509,1100.43,1778.98682,1943.07947
2020-02-16,101.150757,337.543671,492.748688,1050.4126,1229.63,1793.23438,1917.06555
2020-02-17,99.9141006,292.792236,485.225677,914.356934,1382.65,1844.82605,1896.61597
2020-02-18,95.0286255,261.182922,452.550354,811.711182,1374.17,1914.1062,1927.06812
2020-02-19,89.0430679,246.426346,404.786713,750.757446,1243.92,2045.79517,1982.84546
2020-02-20,90.5825195,240.158203,367.358643,726.125,1119.51,2180.8623,2066.61011
2020-02-21,106.448334,232.092606,348.105225,722.947266,1013.93,2133.00684,2219.03638
2020-02-22,109.26812,221.224014,339.104614,731.767395,950.81,1956.60364,2304.12769
2020-02-23,94.7882919,213.53244,329.871002,760.580444,922.66,1799.57959,2193.48071
2020-02-24,92.9892502,222.074799,317.442841,818.786865,916.46,1677.89417,2015.72449
2020-02-25,120.7687,234.054703,307.661743,843.704163,864.27,1612.27271,1861.97449
2020-02-26,156.559555,230.082397,313.308228,816.346069,905.79,1427.84119,1623.40515
2020-02-27,212.564194,245.140915,327.004578,795.119873,976.89,1413.84241,1578.86707
2020-02-28,368.756042,334.734039,330.154327,805.599854,998.54,1419.46814,1554.04651
2020-02-29,533.166687,487.704712,352.358765,842.406494,971.18,1477.27112,1551.71741
2020-03-01,495.938507,628.073303,440.615967,981.337341,975.73,1565.03284,1571.47424
2020-03-02,339.301849,723.987915,590.022095,1304.11816,995.77,1610.01453,1656.5636
2020-03-03,232.187592,803.716187,730.970276,1869.7417,1033.59,1628.6084,1730.68701
2020-03-04,224.366653,760.673523,816.893616,2226.54248,1203.37,1749.50366,1725.88696
2020-03-05,311.807587,594.164429,886.572083,1955.18604,1593.56,1927.83899,1763.46924
2020-03-06,338.061554,469.99234,864.650208,1530.44995,2163.90,2117.72534,1945.85168
2020-03-07,274.648682,432.442474,706.233704,1430.36987,2338.26,2359.79248,2139.28101
2020-03-08,221.170837,485.615753,564.523193,1558.37854,1948.15,2796.8457,2293.67163
2020-03-09,191.024063,519.052856,513.860168,1523.99976,1623.84,3301.93506,2649.82153
2020-03-10,169.952896,463.945038,555.277527,1331.71643,1646.36,3346.00708,3141.677
2020-03-11,152.854797,394.248718,601.17041,1186.8075,1747.26,2860.70557,3518.68848
2020-03-12,131.814056,339.344238,556.755188,1055.39148,1637.51,2492.5603,3322.64722
2020-03-13,107.866508,295.728668,479.82428,977.28125,1453.25,2530.60205,2806.49756
2020-03-14,90.3151474,263.906555,418.011414,943.871582,1307.91,2645.70605,2572.62817
2020-03-15,75.7477264,235.494095,368.948029,891.547852,1175.38,2472.47314,2692.3938
2020-03-16,65.3161392,204.805237,333.442719,831.205261,1111.08,2214.40869,2722.12061
2020-03-17,73.0416489,181.84462,303.462646,788.075012,1069.26,2009.80664,2484.45044
2020-03-18,109.270721,167.452332,271.755981,752.334839,1004.49,1832.21729,2247.60376
2020-03-19,142.486374,157.812683,246.067551,724.374634,945.37,1732.8418,2048.85498
2020-03-20,131.488266,161.31395,229.62085,745.958679,903.47,1659.50574,1894.4668
2020-03-21,102.747849,187.374954,218.053314,891.992737,866.21,1563.20386,1812.83154
2020-03-22,91.952774,220.475143,216.979294,1154.11011,845.47,1480.89111,1732.07874
2020-03-23,117.034698,227.56517,238.198334,1298.23938,897.37,1423.58496,1635.27942
2020-03-24,150.337921,208.50708,272.445526,1215.03381,1087.31,1376.21069,1562.17566
2020-03-25,163.72052,204.357712,288.806152,1066.70679,1349.07,1361.55896,1508.87427
2020-03-26,176.821609,242.324097,274.756653,966.819031,1432.84,1444.1615,1467.29968
2020-03-27,174.718582,295.292084,271.92981,1032.18384,1734.19,3292.55347,3137.38501
2020-03-28,146.542328,327.113037,302.012085,1082.65027,1596.16,2876.9458,2588.22925
2020-03-29,113.702179,322.228882,351.644135,1087.04126,1409.82,2571.65308,2465.68799
2020-03-30,91.3504105,292.371948,385.175934,1079.74304,1378.08,2435.1521,2652.41187
2020-03-31,77.2014313,249.059692,382.358093,966.1427,1444.62,2331.34497,2637.4314
2020-04-01,66.0697632,198.858139,353.938721,839.932739,1522.83,2147.96924,2374.81689
2020-04-02,57.1534882,164.437668,311.757111,751.369263,1475.02,2073.51489,2236.39014
2020-04-03,52.0544777,144.401184,259.933228,740.272339,1347.57,2123.95312,2201.57544
2020-04-04,58.3312149,130.265945,221.414688,785.184265,1228.70,2165.14136,2211.48315
2020-04-05,82.0869751,119.481796,198.367538,789.089233,986.91,1883.04651,2059.62646
2020-04-06,112.118835,110.882652,182.915192,763.670776,861.76,1584.35071,1938.08484
2020-04-07,122.618301,110.964294,171.418304,797.520935,896.99,1430.90088,1800.58191
2020-04-08,124.605026,126.019508,159.570221,957.280029,882.85,1333.34424,1625.91394
2020-04-09,130.738785,156.503815,152.16394,1150.401,864.74,1321.40747,1482.70752
2020-04-10,140.562973,178.150574,162.871216,1192.24316,935.33,1343.61279,1415.18213
2020-04-11,152.001709,187.686188,191.354736,1096.05078,1125.30,1320.9812,1431.11304
2020-04-12,182.88028,193.302704,216.817169,1008.71802,1289.04,1303.68665,1440.70251
2020-04-13,219.423553,204.17897,229.204895,984.223206,1286.57,1390.89893,1411.27148
2020-04-14,207.805099,220.957153,235.850739,1018.41217,1189.36,1609.79419,1418.49561
2020-04-15,164.201263,243.766113,244.74205,1109.76843,1123.09,1795.54919,1555.3689
2020-04-16,121.645027,291.931793,258.012054,1133.203,1125.54,1815.18823,1785.14258
2020-04-17,113.643822,321.251404,277.221863,1050.42859,1190.53,1743.68042,1916.69958
2020-04-18,124.238892,336.55307,326.250427,990.166443,1270.21,1700.19556,1891.73962
2020-04-19,171.473221,394.314026,370.082062,1007.20795,1260.53,1717.39062,1822.73145
2020-04-20,287.838074,478.154572,410.64151,1019.54736,1178.05,1808.38464,1796.59595
2020-04-21,360.27655,514.063721,502.851471,1017.49573,1143.48,1938.11475,1835.93445
2020-04-22,402.671021,512.66217,614.091003,1140.07043,1169.22,1973.44934,1957.32812
2020-04-23,513.550964,592.598877,680.082947,1337.95984,1174.76,1965.18542,2062.5686
2020-04-24,628.362305,674.516357,723.878967,1481.86914,1194.68,2054.86694,2066.17456
2020-04-25,612.782837,745.549072,842.134888,1687.7533,1375.54,2221.21924,2080.60474
2020-04-26,518.132629,909.636047,980.239563,2228.48755,2001.10,3916.66479,3885.35474
2020-04-27,493.342133,1076.50134,1097.39575,2699.21729,2172.84,3878.92432,3824.12036
2020-04-28,464.258179,1100.91296,1283.77026,3006.70654,2486.92,3682.25244,3304.6897
2020-04-29,395.37326,1034.39868,1459.276,3072.4043,3025.12,4142.05273,3517.83276
2020-04-30,382.41217,1043.01831,1482.6842,2944.11328,3542.90,4536.70654,4054.10913
2020-05-01,439.8508,1110.87024,1410.14099,2814.16357,3836.77,5028.88428,4425.97803
2020-05-02,493.059723,1141.67297,1374.17249,2643.01025,3894.18,5744.39307,4796.16895
2020-05-03,451.923462,1133.82214,1418.26794,2471.72852,3769.17,6194.4126,5386.55322
2020-05-04,396.633087,1092.63025,1445.07568,2583.604,3605.56,6385.34668,6066.81885
2020-05-05,429.820435,1022.17389,1427.09607,2735.17725,3342.65,6403.09863,6442.35156
2020-05-06,478.727386,963.294678,1371.10608,2624.43774,3237.21,6399.93945,6537.66406
2020-05-07,488.263519,944.633911,1259.41479,2327.4397,3398.39,6258.92871,6504.20752
2020-05-08,472.571472,985.785278,1160.31677,1985.50488,3453.86,5909.08008,6469.37842
2020-05-09,440.037598,1017.71106,1121.58777,1785.62439,3251.91,5585.06934,6267.30273
2020-05-10,409.490021,999.84668,1136.53943,1763.11511,3018.86,5497.15869,5873.72363
2020-05-11,365.432709,896.851257,1145.09558,1681.00769,2738.66,5361.354,5642.05811
2020-05-12,299.250366,732.41571,1118.698,1460.51025,2454.13,4988.87549,5525.23535
2020-05-13,339.366028,611.319397,1005.8042,1299.22583,2320.65,4656.20215,5266.14746
2020-05-14,576.951904,537.554382,825.262817,1208.53625,2141.37,4358.94141,4956.23047
2020-05-15,868.494507,489.796722,686.764526,1176.56274,1932.51,4104.37988,4688.89111
2020-05-16,1069.57336,558.941223,611.797302,1212.55713,1863.52,3980.01538,4386.33838
2020-05-17,1094.44067,785.700317,560.165588,1407.92297,1850.61,3784.4873,4174.38232
2020-05-18,1064.36523,1064.30505,603.958618,1894.02319,1739.37,3430.49146,3872.56812
2020-05-19,1014.33069,1288.71509,827.324036,2524.72266,1739.70,3355.26294,3621.55737
2020-05-20,815.245605,1391.28491,1192.07214,2811.5918,2042.91,3419.50049,3519.89453
2020-05-21,669.584778,1469.31604,1583.48035,2718.05908,2652.53,3669.78613,3583.97217
2020-05-22,735.130615,1590.78125,1869.40869,2529.97314,3348.31,4184.02002,3657.93604
2020-05-23,926.952454,1613.46826,2049.42383,2369.81567,3700.89,4928.1958,3981.87915
2020-05-24,1032.2207,1549.89612,2153.97461,2390.01611,3807.65,5855.37354,4647.60205
2020-05-25,1026.13489,1504.38977,2096.12622,2488.41187,3637.10,6664.46387,5472.68457
2020-05-26,988.044067,1519.81812,1902.03711,2513.43726,3344.71,7127.11816,6335.39551
2020-05-27,1055.64026,1546.12085,1735.24023,2584.73755,3092.84,7733.82764,7628.89111
2020-05-28,1527.07446,1660.58582,1723.94702,2979.95288,3052.55,7007.39307,7365.72998
2020-05-29,2103.79565,2125.24438,1931.96948,3617.20068,3082.96,6418.86816,7355.02393
2020-05-30,2155.51953,2627.14551,2362.55176,4633.61035,3442.42,6412.41016,7009.58447
2020-05-31,1788.45911,3143.57642,3191.09277,6695.07031,4159.24,6673.5459,6833.44189
2020-06-01,1462.53223,3634.27295,3975.36597,9518.80957,5043.23,7079.62842,7025.72852
2020-06-02,1268.9248,3571.13599,4399.67725,11180.416,6451.12,8090.98828,7316.46436
2020-06-03,1100.36523,3059.44751,4724.3335,10262.3027,8727.00,9860.32227,7762.07227
2020-06-04,1033.47461,2611.48975,4583.43555,7886.58545,11285.85,11320.6289,8990.78711
2020-06-05,1177.11023,2486.1333,3901.47852,5703.48047,12091.93,12910.3789,10719.5576
2020-06-06,1402.95618,2400.03467,3318.59595,4350.29102,10603.08,15313.4639,12130.748
2020-06-07,1554.21106,2334.97925,3162.35742,4108.32227,8377.13,17412.7285,14079.2471
2020-06-08,1724.91028,2466.35156,3162.01733,4869.57227,6574.77,17640.416,16722.002
2020-06-09,1726.6239,2683.14893,3241.75,5752.3877,5844.72,15995.1455,18435.4375
2020-06-10,1509.19385,2881.14233,3496.22925,6335.32959,6965.98,13951.6113,17980.5254
2020-06-11,1423.16064,3167.646,3849.78223,6640.75684,8775.44,12501.4043,15941.7197
2020-06-12,1606.59155,3592.67358,4234.38672,6306.54785,9736.69,11890.8379,13884.5781
2020-06-13,1993.20886,4126.66943,4666.23242,5623.87646,10279.76,13121.1074,12534.9092
2020-06-14,2321.83398,5041.20312,5176.35059,5760.16309,10387.94,15238.3057,12496.9629
2020-06-15,2314.54419,6207.17529,5786.95947,7566.69238,9685.26,16578.9121,14255.5996
2020-06-16,2230.39062,7193.97119,6770.05908,9317.16699,9216.34,17388.8398,16214.2598
2020-06-17,3074.90112,7972.32129,7942.27051,9089.69043,9994.82,17826.8828,17391.3965
2020-06-18,4334.58936,7999.25439,8826.63867,7985.29688,11832.37,17838.1855,18269.8965
2020-06-19,4993.13867,7440.7876,9510.27344,7944.25684,12705.84,18631.0684,18754.0781
2020-06-20,5182.81836,7751.23584,9526.62207,9783.05566,11628.35,20409.8086,19148.5781
2020-06-21,5249.19531,8897.06543,8774.48047,11857.3555,10367.81,22882.2305,20075.7031
2020-06-22,5629.14844,9693.47168,8684.52441,12117.9785,10761.83,24209.6406,21998.375
2020-06-23,6068.34375,9761.65723,9668.46191,10701.9932,12726.15,22755.793,24128.0664
2020-06-24,5872.22266,9576.36523,10514.5381,8889.38867,14085.96,20734.1992,24476.4863
2020-06-25,5051.04346,9570.48828,10658.2754,8073.90723,13519.29,21358.5977,22364.9922
2020-06-26,4488.14404,9786.21875,10527.6162,8981.33691,11495.77,24249.4121,20841.8027
2020-06-27,4382.76074,9531.32422,10517.7959,9949.18066,9941.55,26330.7988,22644.668
2020-06-28,4130.49316,8552.56836,10768.5869,9585.9248,10156.57,26188.6504,25706.5859
2020-06-29,3859.68091,7704.71289,10658.3887,8614.33691,11737.52,24782.5332,26971.1855
2020-06-30,3705.64478,7462.84375,9820.02051,8185.18359,12630.48,23277.666,26348.1719
2020-07-01,3357.83203,7340.0332,8927.9375,8371.25391,11819.32,23294.543,24543.3066
2020-07-02,2923.40894,7143.1626,8616.07715,8528.30762,10911.02,24208.4629,23497.4531
2020-07-03,2644.96533,7307.01221,8564.70117,8577.53223,10701.81,24039.9648,24029.4922
2020-07-04,2589.88281,7679.54688,8412.70312,8544.21582,10875.54,22771.1855,24779.541
2020-07-05,2682.97437,8400.16699,8622.77734,8072.89014,11227.35,22083.4082,24143.1641
2020-07-06,3270.52954,9313.97266,9083.62402,7548.59277,11643.73,21690.2715,23013.8438
2020-07-07,4374.07324,9737.15723,9814.71777,7595.60693,11802.97,21719.7129,22600.8008
2020-07-08,5347.64355,9525.05859,10813.3379,8565.55957,11535.37,22353.2246,22152.748
2020-07-09,6011.4751,9271.84473,11361.2969,9528.8125,11165.80,23124.7305,22344.4551
2020-07-10,6516.21729,9687.28027,11197.1934,10013.1758,11042.65,23925.0352,23069.3398
2020-07-11,6868.51709,10644.9375,10864.9141,11316.7021,11549.11,24444.9453,23831.6445
2020-07-12,6984.40771,11466.0898,11124.7246,12467.3701,11999.29,24355.0059,24615.2637
2020-07-13,6691.77295,11737.1113,12005.7861,12495.626,12652.53,23977.082,25017.5059
2020-07-14,5969.11475,11629.7822,12776.7783,12358.9199,14182.08,24484.9258,24813.7207
2020-07-15,5916.93896,11463.876,13059.5938,13115.2559,15064.45,25335.25,24824.3945
2020-07-16,6525.3252,11505.1494,12989.0508,14101.0664,15007.10,26845.625,25453.8301
2020-07-17,6275.44531,11260.2939,12789.1094,13057.4297,15214.30,28970.4355,26332.5684
2020-07-18,5463.1792,11127.2422,12830.8945,10813.9414,16382.11,29966.5605,28020.3496
2020-07-19,4929.16895,11842.4365,12731.2402,9765.00781,16776.37,29764.7617,29831.582
2020-07-20,4772.16943,11964.4297,12689.6963,10656.9951,14945.13,29893.8359,30521.1953
2020-07-21,5119.6582,11258.6172,13626.7197,12394.4834,12892.83,31263.6758,30533.6523
2020-07-22,5893.19922,10673.8994,14186.6973,13657.875,12919.75,31717.4609,31411.418
2020-07-23,6738.01953,10239.6943,13535.4678,14121.0488,14779.38,30378.8242,33063.3477
2020-07-24,7164.17822,10359.5674,12750.5039,14142.4287,16522.19,29558.3438,32671.5801
2020-07-25,6913.68848,11432.8779,12154.3301,14075.1035,17276.59,30073.4395,31055.5762
2020-07-26,5993.21924,12515.791,12144.373,13167.7715,17607.74,31245.1777,30541.4902
2020-07-27,4857.37207,12854.3662,13300.3027,11212.0771,18039.24,32012.75,30829.0449
2020-07-28,4111.98145,12652.9873,14561.5527,9362.81836,17803.69,32110.2891,31909.7871
2020-07-29,3670.4353,11848.4502,15101.1748,8240.21973,16136.21,33522.8672,32537.1133
2020-07-30,3319.90234,10596.3984,15060.0068,7579.72217,13860.46,35526.3477,33132.9688
2020-07-31,3341.74951,9436.75195,14292.9307,7119.47852,12247.67,36617.1445,34881.8984
2020-08-01,3493.29736,8756.10547,13128.0869,6708.97852,11166.56,35065.8633,36650.0312
2020-08-02,3270.80078,8407.77539,11893.5605,6246.27832,10324.71,32148.1562,36736.375
2020-08-03,2826.7583,8151.29102,10942.2725,5835.71924,9891.08,29592.4941,34620.6445
2020-08-04,2514.98755,7826.33301,10515.2109,5471.48877,9373.59,27507.7578,32127.3418
2020-08-05,2634.91333,7408.31982,10372.0713,5156.72266,8664.04,26244.6543,30875.2305
2020-08-06,3048.59595,7247.67236,10245.9072,5021.81152,8129.57,26259.5488,29701.3027
2020-08-07,3326.6582,7604.69189,10130.2598,5186.58594,7775.17,26177.8555,28554.9219
2020-08-08,3403.98877,7857.65186,10246.6328,5593.51904,7670.77,25422.0742,28313.6133
2020-08-09,3492.89014,7726.07324,10489.7949,6036.57178,7656.54,24142.9492,27502.1523
2020-08-10,4163.46973,7694.76562,10394.7617,6338.66992,7733.57,22615.4355,26269.5449
2020-08-11,5251.53662,8205.07715,9936.44141,7014.93213,7972.51,21824.8965,24399.7832
2020-08-12,5806.92285,9364.84863,9659.4248,8882.1709,8391.63,21552.5352,22920.6895
2020-08-13,5774.73193,10817.5029,10115.9512,11897.3779,9038.20,20908.7227,22322.8574
2020-08-14,5533.00391,12034.8896,11278.9805,14361.6367,10362.73,20385.1406,21942.8652
2020-08-15,5505.26025,12415.7041,12689.5625,14666.748,12763.73,20642.7246,21276.6934
2020-08-16,5567.68262,12002.6748,13833.501,12975.5508,15650.10,22156.0977,21137.9434
2020-08-17,5484.08008,11202.3682,14129.6211,10755.2705,17393.51,25083.5742,22221.9453
2020-08-18,5813.16992,10516.1182,13572.0723,9419.67969,16881.93,28839.6875,24578.168
2020-08-19,7157.04297,10168.9531,12636.9297,9745.79297,14757.30,32490.3516,27566.3906
2020-08-20,8035.44434,10541.2432,11869.4307,12648.6055,12625.50,34151.0508,31408.1797
2020-08-21,6846.99951,12263.1123,11571.9238,18158.5,12029.33,33046.9844,34462.0625
2020-08-22,5155.17773,14156.2949,12040.2051,22155.25,14127.22,29939.6465,35059.5508
2020-08-23,4110.91211,14825.8857,13782.1914,20505.7246,19084.78,26999.8828,33111.6484
2020-08-24,3486.63135,13382.8281,15811.3252,15887.2764,25061.02,26336.0059,30131.3633
2020-08-25,3258.2959,10777.6758,16774.8164,11554.1572,27224.06,29921.9766,28279.7812
2020-08-26,3357.52905,8795.30176,15623.0176,8496.29883,24033.92,38354.957,29288.623
2020-08-27,3387.19897,7604.14258,12951.6582,7382.41895,19304.70,46658.9844,34867.5078
2020-08-28,3177.32056,7183.25635,10631.1562,7731.42725,15112.53,48951.8711,43754.6211
2020-08-29,3033.13892,7029.94629,9124.27246,8314.78125,12158.67,43537.5078,50224.0391
2020-08-30,2854.66553,6738.71338,8457.29785,8396.79785,10874.60,35752.1797,49202.4844
2020-08-31,2658.45728,6280.06396,8216.59766,8171.84229,10892.92,29089.9121,41810.4531
2020-09-01,2629.42554,5938.57227,7983.11719,7609.88574,11065.13,24335.9688,34043.9805
2020-09-02,2815.95337,6032.89551,7696.89453,7496.2168,10960.87,22346.6699,28114.0645
2020-09-03,2839.92944,6486.64844,7544.26074,7797.1626,10743.39,22189.166,24570.7773
2020-09-04,2550.6001,6819.50732,7863.7002,7684.10547,10619.94,22231.6719,23419.6621
2020-09-05,2314.80688,6724.41699,8511.09277,7251.39502,11082.79,21809.4492,23212.1699
2020-09-06,2210.1665,6293.53369,8752.53809,6553.01611,11282.56,21243.9102,22944.5508
2020-09-07,2180.33911,5655.48877,8386.84668,5814.59668,10624.63,21213.7891,22238.9102
2020-09-08,2124.58984,5187.07129,7822.23193,5438.94922,9743.65,21944.2988,21717.3301
2020-09-09,2031.90332,5160.31299,7112.61084,5657.77734,8830.94,22507.3262,22053.3496
2020-09-10,1963.99207,5359.88232,6512.4082,5998.42871,8118.24,21288.9551,22995.9883
2020-09-11,2164.25977,5375.49756,6367.83105,6134.49805,7888.37,19974.8535,22993.916
2020-09-12,2812.67139,5242.63379,6502.1001,6413.55225,8265.63,18307.8008,21515.7637
2020-09-13,3550.47192,5451.63574,6527.13965,7155.7998,8685.35,17091.6855,19941.1152
2020-09-14,3955.13794,6430.58105,6472.86328,8037.22803,8960.11,16555.8125,18216.8047
2020-09-15,4132.61865,7985.80176,6850.1543,8927.70312,9537.19,16934.1777,17189.1113
2020-09-16,4378.95264,9348.69336,7953.01562,9530.2207,10856.05,17337.707,16992.4688
2020-09-17,4501.34277,9999.65918,9618.88086,9337.10742,12527.36,18279.2227,17418.0566
2020-09-18,4308.62988,10009.3076,11171.083,9356.30469,13901.13,19983.1426,17752.5996
2020-09-19,3842.72656,9905.86133,11837.1152,9895.20312,14364.08,22643.4863,19314.5566
2020-09-20,3162.96704,9671.31641,11686.4395,10176.0537,13987.24,26634.0098,21484.9805
2020-09-21,2589.4165,8962.01074,11420.4014,9491.12402,13850.71,29717.7715,25073.8594
2020-09-22,2343.70093,8302.72852,11245.9346,8169.60693,13771.86,30581.9922,29087.2051
2020-09-23,2719.65234,7877.4541,10764.4551,7164.35449,13150.54,29902.6836,31429.877
2020-09-24,4106.75586,7684.02295,10230.6436,6785.04297,11920.10,29418.2871,31621.2598
2020-09-25,5975.97217,7886.9292,9871.32324,7184.11865,10719.99,28737.668,30931.6836
2020-09-26,6773.89014,8410.81348,9624.27344,8667.76074,9855.75,26856.4824,30101.3027
2020-09-27,6651.36084,9798.34082,9674.51855,11593.1094,9743.79,24925.0039,29080.3301
2020-09-28,6823.84277,11523.8359,9989.36523,14379.4844,10539.91,23150.7129,26920.0566
2020-09-29,6931.16797,12090.4404,11059.0049,15671.4756,12353.61,21841.2344,24741.5938
2020-09-30,5930.83643,11566.9707,12634.2588,15828.334,15164.85,21631.998,23073.3477
2020-10-01,4434.99316,11092.4893,13475.4141,15494.542,17393.75,22926.4805,22118.166
2020-10-02,3512.41968,11010.8232,13279.6924,14028.9502,18294.73,26108.3359,22390.0117
2020-10-03,3061.30298,10257.3516,12842.8975,11128.9287,18578.40,30580.7129,24371.9707
2020-10-04,2974.36572,8816.14844,12729.042,8494.70898,18048.33,33592.9297,28136.4668
2020-10-05,2982.5415,7652.29248,12104.0986,6798.38281,16001.29,34192.8945,32388.8398
2020-10-06,3117.38062,6917.32764,10626.499,5841.52588,12890.75,33990.1523,34485.3164
2020-10-07,3423.68701,6758.24121,9230.79395,5676.15771,10498.96,33284.7109,34589.332
2020-10-08,3730.75488,7192.40137,8436.97461,5855.7998,8991.93,30266.9492,34207.6094
2020-10-09,3732.81152,7721.31494,8406.38867,6035.02979,8323.60,25528.1055,32962.0859
2020-10-10,3247.771,7912.66162,8930.64062,6328.58789,8454.21,21799.8965,29054.2324
2020-10-11,2758.3916,7721.7085,9393.64648,6408.19189,8746.63,19615.9043,24426.834
2020-10-12,2473.51636,7204.83984,9467.18652,6005.42529,8791.88,19131.957,21191.9219
2020-10-13,2237.79419,6345.32031,9092.41992,5443.36475,8711.30,19991.627,19507.5801
2020-10-14,2046.9635,5494.90137,8422.60742,4813.87744,8273.34,20710.5977,19558.5117
2020-10-15,1915.30701,4953.94482,7499.88379,4177.4126,7494.58,20387.8242,20506.3945
2020-10-16,1817.68591,4559.13232,6554.60742,3693.81055,6749.05,19495.0801,20926.3535
2020-10-17,1725.54016,4250.64746,5924.99854,3364.14648,5990.94,17951.25,20516.0645
2020-10-18,1651.09387,4025.52002,5503.91553,3157.23145,5335.32,15770.1396,19738.9512
2020-10-19,1643.4729,3896.49121,5185.31006,3032.52271,4875.79,14341.3926,17966.7188
2020-10-20,1812.70483,3841.35547,4944.5957,3013.09204,4567.84,13254.8398,15862.1719
2020-10-21,2124.72461,3979.88257,4851.82471,3246.2832,4376.24,12294.7861,14424.8584
2020-10-22,2415.28638,4334.22168,4922.0332,3738.18262,4288.22,11434.6885,13278.2852
2020-10-23,2815.97534,4952.32471,5263.43506,4347.89941,4524.13,10755.9365,12265.167
2020-10-24,3608.90967,6284.46533,6074.83691,5443.50537,5168.03,10461.6709,11407.1582
2020-10-25,4731.51514,8421.95996,7332.26611,7799.77295,6117.25,10707.0732,10831.5361
2020-10-26,5596.51416,11084.3643,9189.10547,11479.5771,7852.71,11871.4756,10705.9004
2020-10-27,5428.6543,12847.1709,11489.4951,14229.0391,10280.70,13890.1836,11271.6416
2020-10-28,4311.36133,12826.877,13988.8066,14743.5195,12986.84,16374.25,12886.875
2020-10-29,3157.97925,11911.8066,15615.0459,13608.9688,15788.63,20339.541,15456.1357
2020-10-30,2404.44458,10330.4619,15244.2783,11533.3623,17181.95,26115.6895,18569.1973
2020-10-31,1985.6145,8286.57812,13889.5312,9064.22949,16432.75,30778.4102,23244.4238
2020-11-01,1924.40125,6651.57373,12223.3896,6692.75781,14655.90,34183.4883,28786.1328
2020-11-02,2345.66431,5964.2002,10254.9414,5131.90576,12439.38,34619,33152.082
2020-11-03,2957.45679,6057.72998,8636.90723,4458.46826,10060.38,32447.5391,35675.043
2020-11-04,3162.64648,6358.41504,7974.53564,4646.22559,8220.72,29050.248,35006.3281
2020-11-05,2873.03882,6711.27197,8058.48975,5202.6709,7299.41,24983.0547,32139.582
2020-11-06,2446.68701,7092.58691,8201.26074,5608.50977,7082.97,21280.4766,28361.5527
2020-11-07,2108.71387,6973.43896,8328.00391,5626.26123,7536.35,18952.6875,24189.3594
2020-11-08,1827.88806,6253.72998,8518.63184,5009.07227,7927.06,18245.9277,20750.0195
2020-11-09,1630.8667,5369.43604,8339.84082,4242.37402,7914.50,18041.8945,18946.2695
2020-11-10,1521.22046,4644.07617,7571.21729,3679.72998,7386.09,18311.666,18361.0527
2020-11-11,1451.50854,4121.00928,6580.50732,3256.53296,6271.77,18489.0938,18304.9492
2020-11-12,1400.84875,3751.05444,5745.0752,2934.87036,5384.22,17780.6133,18605.6172
2020-11-13,1346.13232,3516.64136,5142.48584,2732.72437,4761.45,16138.1045,18535.582
2020-11-14,1289.55164,3348.87183,4710.93506,2603.44263,4314.09,14104.7471,17466.0098
2020-11-15,1241.10498,3218.25781,4423.62012,2498.85742,3996.63,11948.459,15624.0938
2020-11-16,1201.81067,3096.65942,4221.37109,2414.82593,3798.59,10538.8809,13601.1084
2020-11-17,1164.13013,2976.17627,4063.60498,2338.08911,3652.27,9663.04004,11482.2578
2020-11-18,1130.20837,2871.01758,3922.09595,2274.78662,3527.48,9070.2959,10356.7119
2020-11-19,1120.02356,2780.7688,3782.33008,2228.21191,3426.89,8667.82227,9587.39453
2020-11-20,1124.21484,2698.63892,3657.10278,2187.10498,3337.30,8352.88184,9068.87012
2020-11-21,1101.90442,2621.62793,3549.15063,2149.33374,3268.38,8067.22314,8705.70508
2020-11-22,1066.08777,2566.48535,3451.66724,2131.48218,3213.41,7818.27051,8401.87207
2020-11-23,1034.60352,2551.77734,3359.20874,2149.58472,3161.94,7605.46924,8127.73486
2020-11-24,1013.69641,2536.07178,3284.60376,2167.42383,3117.23,7431.17773,7890.51709
2020-11-25,1014.64532,2498.82837,3250.38379,2150.02026,3100.92,7267.12451,7690.68604
2020-11-26,986.671204,2439.14624,3229.64307,2105.85889,3098.78,7148.54492,7554.02344
2020-11-27,932.336304,2358.62207,3183.67432,2113.4353,3109.51,7001.23779,7349.50928
2020-11-28,909.469971,2302.23901,3115.66284,2201.64795,3078.65,6958.74414,7212.29443
2020-11-29,962.931274,2243.2146,3022.21484,2273.10083,3045.11,6932.57959,7115.9082
2020-11-30,1014.44824,2161.14722,2946.36963,2177.25635,3050.77,6877.76074,7082.82227
2020-12-01,958.820984,2106.323,2878.95972,2046.23999,3149.17,6766.35303,7054.01904
2020-12-02,869.561646,2117.36011,2786.30518,1988.30713,3159.91,6638.73779,6977.44092
2020-12-03,799.934021,2144.427,2710.76416,2016.6781,3019.09,6576.43164,6853.52344
2020-12-04,747.170776,2083.15356,2699.03418,2046.05786,2900.99,6594.10938,6739.25732
2020-12-05,713.782166,1957.68176,2718.17554,1991.08948,2859.69,6511.04395,6711.0166
2020-12-06,691.314697,1845.86292,2665.70435,1900.19702,2893.82,6314.16895,6714.98975
2020-12-07,674.454468,1758.71228,2534.27515,1813.58533,2890.48,6199.71191,6579.82959
2020-12-08,661.170898,1695.25671,2406.79468,1748.28125,2808.01,6164.65967,6392.2251
2020-12-09,651.781128,1647.80505,2305.13208,1702.30408,2708.21,6110.35938,6313.30518
2020-12-10,635.160339,1608.80261,2227.13696,1675.33606,2619.16,5969.37402,6283.10645
2020-12-11,613.796753,1574.62634,2167.24878,1655.89966,2552.42,5757.83789,6201.98389
2020-12-12,596.113037,1544.4646,2116.94165,1632.72937,2504.33,5524.79688,6033.43945
2020-12-13,580.010315,1511.25256,2072.24219,1604.87292,2473.81,5363.20166,5803.21533
2020-12-14,565.644287,1471.86218,2031.70142,1573.6012,2446.12,5238.58691,5594.21191
2020-12-15,552.689819,1434.28882,1990.28613,1545.82336,2413.88,5140.78076,5445.5918
2020-12-16,540.304626,1399.95618,1942.34143,1522.96313,2377.06,5065.14014,5330.30225
2020-12-17,528.066711,1367.64636,1894.81787,1505.77014,2339.13,4996.51611,5240.59766
2020-12-18,516.129089,1337.4281,1851.21289,1489.82483,2305.70,4919.44971,5168.56396
2020-12-19,504.337494,1308.41113,1809.70215,1469.33936,2277.67,4798.21289,5098.03809
2020-12-20,492.675568,1279.94995,1770.56006,1446.21204,2254.51,4601.57422,5016.76025
2020-12-21,481.473541,1252.06885,1732.94312,1423.14514,2194.45,4523.54736,4843.31299
2020-12-22,470.586304,1224.72437,1696.17114,1400.73303,2145.29,4453.15674,4699.59131
2020-12-23,459.934265,1197.82483,1660.08826,1379.69678,2114.84,4389.85254,4623.58008
2020-12-24,449.509338,1171.59753,1624.69568,1359.8385,2081.48,4291.67773,4555.61133
2020-12-25,439.331451,1146.08142,1589.90417,1340.52917,1893.40,4203.63867,4492.8833
2020-12-26,429.517212,1121.15576,1555.23975,1418.71313,2094.82,4290.22559,4528.82178
2020-12-27,420.105865,1096.93469,1522.13342,1400.37073,2069.23,4269.86328,4503.34619
2020-12-28,410.72998,1073.63293,1489.75891,1309.3822,1978.30,4149.63037,4383.87061
2020-12-29,401.391052,1050.48755,1458.21545,1268.06006,1951.36,4083.81348,4309.04395
2020-12-30,392.329712,1027.46643,1427.75061,1254.15393,1926.65,4023.42017,4244.80176
2020-12-31,383.501282,1005.04907,1397.67029,1239.75,1737.10,3964.26953,4182.92627
2021-01-01,374.920288,982.945251,1367.8302,1220.81396,1707.27,3784.62134,4003.92725
2021-01-02,366.555237,961.397766,1338.69397,1201.02429,1686.59,3542.34229,3914.46484
2021-01-03,358.38559,940.442505,1310.00903,1182.18872,1663.61,3473.37573,3813.94922
2021-01-04,350.394592,920.013062,1281.97241,1164.04529,1636.59,3418.41992,3628.86035
2021-01-05,342.582214,900.073608,1254.67615,1146.88049,1610.14,3367.15796,3571.85474
2021-01-06,334.935577,880.596558,1228.03601,1130.41907,1584.53,3314.16333,3517.83545
2021-01-07,327.447021,861.555603,1202.01306,1114.35303,1559.90,3257.93726,3466.14282
2021-01-08,320.130005,842.907227,1176.57117,1098.6405,1536.33,3202.9314,3411.45215
2021-01-09,313.003876,824.699646,1151.70715,1083.27576,1513.49,3149.35156,3354.8125
2021-01-10,306.144775,806.837646,1127.33936,1068.1615,1491.08,3097.46436,3299.91235
2021-01-11,299.360291,789.301758,1103.53516,1053.98706,1469.15,3047.25806,3246.37988
2021-01-12,292.941589,772.311035,1080.2074,1042.17273,1447.67,2998.31738,3195.08032
2021-01-13,287.82251,756.021118,1057.30371,1030.78833,1426.60,2950.37866,3145.65503
2021-01-14,287.910583,739.987793,1034.96594,1018.78442,1407.10,2903.48682,3097.10815
2021-01-15,289.868805,725.078552,1013.46686,1006.88885,1389.84,2859.323,3050.45996
2021-01-16,283.811554,712.872192,992.346924,994.668884,1372.45,2814.19287,3002.9939
2021-01-17,272.377167,704.163635,972.181396,983.240173,1354.83,2771.19995,2956.41626
2021-01-18,261.692993,697.189514,954.704895,972.038086,1337.51,2731.1438,2911.09009
2021-01-19,252.804489,684.088867,940.606201,957.286133,1320.30,2691.47095,2868.71655
2021-01-20,250.932449,663.864563,929.067932,941.24884,1304.33,2653.07568,2828.48022
2021-01-21,273.699921,644.296387,912.981201,932.177856,1287.74,2617.88354,2788.66675
2021-01-22,306.652954,634.455566,889.284058,944.074402,1267.03,2586.42578,2751.2439
2021-01-23,332.021942,641.36792,865.225403,988.917175,1247.51,2557.45093,2716.78174
2021-01-24,347.302979,667.328674,849.140503,1075.74854,1241.81,2520.89893,2686.06958
2021-01-25,319.987885,702.028809,848.931274,1173.12195,1266.40,2474.42163,2654.98438
2021-01-26,272.879364,716.78833,868.10022,1234.2301,1324.93,2431.64185,2614.09448
2021-01-27,240.942032,711.857788,898.562622,1277.12207,1650.20,2801.67749,2942.64551
2021-01-28,218.974289,678.39856,913.60376,1118.12366,1675.68,2565.2915,2640.35303
2021-01-29,207.215469,617.589661,907.24115,1000.60754,1708.57,2645.36182,2643.64307
2021-01-30,200.828247,567.579468,876.0979,915.781616,1658.53,2757.0354,2691.20679
2021-01-31,197.388763,533.78241,814.470398,866.789795,1540.97,2845.56177,2786.31421
2021-02-01,200.664886,511.672638,756.821838,841.335266,1427.05,2865.24414,2895.07861
2021-02-02,211.536209,497.492767,717.405701,821.057251,1351.20,2772.63354,2964.57178
2021-02-03,208.272186,486.78656,689.75238,802.72345,1310.59,2600.11743,2964.49731
2021-02-04,192.414825,479.852661,671.132507,806.901367,1297.21,2440.65234,2834.46094
2021-02-05,180.834564,482.122833,656.665344,867.142944,1273.42,2327.31738,2647.79932
2021-02-06,171.212112,479.590515,645.395447,906.698181,1255.57,2294.07593,2536.86499
2021-02-07,164.859619,461.102814,642.858765,860.745605,1149.56,2178.45093,2381.65796
2021-02-08,162.518494,441.879028,640.27594,801.730164,1127.01,2025.99622,2199.77979
2021-02-09,162.271576,428.708435,621.975281,772.577942,1138.51,1997.12756,2156.92798
2021-02-10,158.750641,422.147705,599.37262,792.762695,1079.00,2012.29163,2119.78784
2021-02-11,153.357834,415.582733,583.66626,811.328186,1041.11,2073.36768,2103.20605
2021-02-12,148.340897,408.145844,574.330933,789.471558,1053.89,2081.22021,2140.604
2021-02-13,143.269806,398.764008,565.039917,772.184937,1103.84,2040.22791,2192.47461
2021-02-14,139.755493,385.435638,553.748291,764.526733,1112.79,2055.44092,2175.17871
2021-02-15,136.691055,373.642822,540.80481,741.976929,1066.36,2153.69971,2141.44946
2021-02-16,133.927109,362.770844,524.321716,708.495056,1026.78,2238.4519,2186.40918
2021-02-17,131.936493,353.719666,508.987366,690.43335,997.80,2179.71411,2296.85693
2021-02-18,129.144958,346.066803,495.248871,680.766113,956.10,2033.55615,2339.91211
2021-02-19,125.700264,338.789215,483.199982,672.226196,916.69,1915.12158,2235.55981
2021-02-20,125.053619,332.469513,473.131104,664.823975,895.38,1833.53259,2091.15552
2021-02-21,138.4758,328.051331,464.957611,666.340271,883.84,1763.71277,1991.45386
2021-02-22,161.871277,333.643494,460.433228,721.106079,882.96,1710.1687,1920.13574
2021-02-23,163.970016,350.490082,461.416443,815.882019,895.49,1685.58044,1854.13049
2021-02-24,146.252747,366.606506,469.575226,915.799133,897.18,1696.55444,1823.4845
2021-02-25,129.423935,380.023407,483.473083,1008.1228,1011.63,1550.50037,1659.81445
2021-02-26,117.046661,373.297668,493.832672,971.618103,1101.81,1561.84802,1663.50354
2021-02-27,111.573921,342.823334,499.328033,844.09082,1173.56,1623.9635,1669.75842
2021-02-28,108.439438,312.710144,489.611298,750.625122,1195.25,1827.01245,1690.35156
2021-03-01,105.215225,291.116699,457.312897,718.931152,1093.55,2008.46912,1841.82556
2021-03-02,103.976768,280.861816,422.377197,703.032715,956.61,2036.2738,2098.43604
2021-03-03,104.313896,275.249695,396.673553,679.009155,874.03,2010.61377,2143.22949
2021-03-04,115.796501,267.648468,382.505096,667.199341,845.80,1850.92383,2151.95435
2021-03-05,134.561676,260.833557,374.616882,662.530273,824.74,1666.95312,2069.41553
2021-03-06,148.201599,257.30899,365.219635,684.773132,801.40,1556.4939,1879.49451
2021-03-07,182.816833,263.071136,355.853577,741.999512,787.43,1513.90454,1717.00977
2021-03-08,233.327942,285.971558,349.725677,791.656128,785.33,1483.41663,1633.04004
2021-03-09,247.304932,309.46875,351.182617,813.257141,816.28,1448.30432,1599.95056
2021-03-10,223.580521,351.556305,370.250397,923.845398,876.03,1422.45276,1565.48792
2021-03-11,218.847137,415.088196,392.342438,1158.82214,912.73,1413.06323,1533.87292
2021-03-12,217.271484,442.30603,428.711548,1288.98572,942.99,1449.03772,1510.61914
2021-03-13,187.321976,427.209961,491.618896,1222.36633,1107.59,1528.99365,1513.61133
2021-03-14,161.235565,406.99057,527.83844,1053.48779,1336.49,1589.80396,1569.06213
2021-03-15,156.086639,390.190735,518.092773,887.902344,1408.73,1670.48987,1650.44519
2021-03-16,182.761276,351.372437,492.807953,777.855347,1293.53,1892.92212,1724.26331
2021-03-17,214.279022,306.266998,473.270996,698.883362,1106.29,2153.69385,1846.31873
2021-03-18,196.20253,287.103973,437.119568,667.584106,973.07,2217.92529,2104.78491
2021-03-19,149.501373,297.232635,388.06897,761.992249,879.51,2084.65503,2300.85107
2021-03-20,114.17524,328.051483,362.089966,962.184753,807.93,1878.79468,2278.55542
2021-03-21,90.3506699,325.692657,365.143677,1009.55157,801.08,1682.83154,2112.39697
2021-03-22,85.262352,284.233124,393.783203,885.690918,942.83,1532.4303,1900.79871
2021-03-23,93.2811737,248.079681,398.954132,769.454468,1117.80,1443.12183,1725.75659
2021-03-24,92.4368591,219.229782,360.765717,688.151184,1093.46,1454.39294,1594.15881
2021-03-25,83.3737106,202.449905,321.675476,650.275818,958.96,1621.42139,1529.65088
2021-03-26,75.1439362,202.031143,291.751404,648.241882,851.65,1783.33093,1586.89185
2021-03-27,67.822731,199.504425,277.552002,773.736633,1210.68,3342.50903,3440.51733
2021-03-28,63.4845009,187.223953,272.703644,803.928772,1184.46,2511.24658,2870.45093
2021-03-29,60.0374336,175.497574,270.160614,688.148254,1085.25,1988.03674,2353.22241
2021-03-30,59.4061623,168.046188,257.732422,641.821167,1110.39,1879.2406,2170.18726
2021-03-31,83.5253296,170.814606,244.875336,618.060852,1130.73,1836.29163,2034.60864
2021-04-01,172.606857,233.903915,237.461578,605.204041,1103.42,1704.14062,1837.12183
2021-04-02,309.337372,365.08786,241.71843,613.628357,1068.24,1652.42285,1757.98547
2021-04-03,388.135132,483.007416,298.043091,704.52533,1066.74,1661.05627,1760.73206
2021-04-04,338.944916,587.871155,427.827942,1016.80023,971.67,1543.62073,1694.23462
2021-04-05,235.709671,671.597717,559.348999,1546.4939,859.95,1379.91272,1532.32422
2021-04-06,154.450287,675.25946,662.401489,1883.40857,1004.55,1476.36816,1531.39661
2021-04-07,106.044487,575.887695,740.292236,1752.50964,1319.97,1567.40564,1509.01843
2021-04-08,86.5034027,420.960266,751.473022,1414.66113,1834.88,1727.09131,1637.65186
2021-04-09,90.5357895,295.37262,660.220764,1143.55005,2036.17,1982.45728,1780.64099
2021-04-10,114.449158,221.447601,509.342621,984.027466,1814.18,2463.27246,1932.80737
2021-04-11,134.208588,190.172333,374.283691,908.477173,1483.79,2999.80273,2241.40332
2021-04-12,152.612335,188.225525,288.869965,890.096863,1239.74,3161.27026,2766.43652
2021-04-13,160.169983,206.056168,248.85965,889.933167,1110.42,2858.06982,3210.80908
2021-04-14,134.750473,227.248703,242.822845,882.527832,1075.34,2387.13013,3197.79077
2021-04-15,102.213699,245.560684,257.516235,954.862915,1079.43,1996.05249,2805.69434
2021-04-16,93.7027969,252.031433,278.384918,1053.39441,1064.58,1795.25769,2341.38135
2021-04-17,96.7905807,229.165833,300.186401,1018.89716,1055.08,1744.86682,2010.54077
2021-04-18,108.473557,195.126892,322.470154,1010.35291,1148.85,1807.60864,1873.52637
2021-04-19,146.424728,197.752747,318.676117,1045.75024,1210.50,1895.5033,1879.86377
2021-04-20,214.053635,225.641617,294.259247,1026.56287,1173.46,1971.323,1968.87292
2021-04-21,247.81517,271.840271,290.037079,1055.46924,1213.63,2101.60571,2039.15259
2021-04-22,206.278366,320.97229,302.095428,1119.49243,1235.31,2126.14844,2124.12646
2021-04-23,149.843628,357.312958,330.973297,1128.38672,1208.78,2059.26123,2231.57422
2021-04-24,110.326553,374.823364,369.768005,1043.83752,1241.57,2124.09717,2193.54688
2021-04-25,83.9202957,324.83786,401.521149,920.078491,1274.22,2125.22485,2161.80688
2021-04-26,65.8527527,246.178207,419.504059,904.48053,1642.00,3570.19409,3715.06836
2021-04-27,53.229332,189.546097,379.020416,809.825134,1528.51,3569.4502,3703.78076
2021-04-28,47.013134,153.959503,299.106964,754.470154,1402.43,2831.62085,3041.05591
2021-04-29,55.7954102,131.739243,238.27298,723.757263,1296.35,2736.92285,2917.72437
2021-04-30,98.2799454,118.327736,207.473022,715.152893,1249.22,2599.96338,2942.19775
2021-05-01,135.809875,123.158882,206.347168,740.25531,1254.46,2476.33789,2892.85278
2021-05-02,169.744812,172.037079,246.824799,791.194092,1225.79,2332.52173,2692.47803
2021-05-03,235.354034,273.045746,327.820068,893.350037,1252.61,2237.98291,2481.50635
2021-05-04,303.268494,367.459869,439.923767,1135.99536,1410.86,2427.73145,2428.3877
2021-05-05,443.931274,454.957977,614.843445,1509.31812,1647.65,2681.56689,2469.19312
2021-05-06,620.683594,711.034424,803.956787,1892.24536,1912.61,2914.86694,2652.91772
2021-05-07,657.402588,1009.71002,959.354309,2350.98828,2329.19,3281.84302,2890.76099
2021-05-08,629.505859,1264.53394,1251.67456,2907.39233,2938.43,3792.61743,3141.27856
2021-05-09,579.164917,1477.00098,1562.60657,3173.30518,3516.25,4283.91455,3611.25195
2021-05-10,510.425507,1503.74536,1803.71155,3171.25684,4052.35,4922.70459,4149.86084
2021-05-11,525.366699,1424.14783,1995.73438,3139.14819,4595.25,5731.92969,4519.07129
2021-05-12,558.328979,1246.71094,1983.86267,2961.65015,4676.90,6464.896,5145.27002
2021-05-13,575.7948,1077.66858,1855.56165,2821.99805,4552.38,7255.66895,6085.95361
2021-05-14,631.883972,1069.13123,1674.60852,2720.36475,4458.10,8190.97607,6852.36035
2021-05-15,734.677368,1155.95386,1523.4635,2551.52856,4256.73,8402.21094,7724.19971
2021-05-16,742.917542,1228.09656,1494.42004,2459.7981,4172.23,8181.3584,8497.62598
2021-05-17,601.612671,1246.77344,1516.9259,2401.00806,4000.37,7807.30225,8476.79883
2021-05-18,435.528381,1247.47925,1521.92224,2227.87964,3704.89,7350.9707,8200.98438
2021-05-19,313.566956,1174.18481,1493.2262,2072.91895,3526.09,7140.15332,7775.43799
2021-05-20,309.582092,977.10437,1452.97058,1989.33606,3355.60,6810.25098,7369.61328
2021-05-21,431.144135,777.902344,1379.06262,1882.84521,3102.44,6308.48877,7179.15771
2021-05-22,536.600464,624.45459,1228.28235,1735.44629,2957.74,5991.99219,6748.41406
2021-05-23,592.274231,566.803955,1063.46411,1618.42419,3002.38,5726.69189,6272.47607
2021-05-24,675.582581,666.067505,912.300354,1745.12622,3003.16,5395.8667,6025.74316
2021-05-25,770.698669,844.388611,840.041016,2489.896,2852.68,5355.13721,5745.37842
2021-05-26,849.608093,1141.94604,937.291443,3459.39453,2621.14,5563.10547,5494.74756
2021-05-27,923.260986,1635.38623,1112.28992,3853.38086,2742.96,5522.34229,5826.59033
2021-05-28,908.194214,2101.5835,1343.97864,3758.89233,3816.77,5295.35254,5717.24316
2021-05-29,806.537964,2239.31372,1762.30298,3303.08276,4945.66,5186.70312,5571.93848
2021-05-30,717.738159,2070.82153,2220.53394,2727.0542,5276.29,5393.08545,5234.68359
2021-05-31,671.822205,1740.29846,2427.70728,2361.03296,4929.98,6618.64697,5189.63574
2021-06-01,669.442627,1396.92554,2341.13892,2212.20117,4246.31,8229.44141,5853.2124
2021-06-02,716.453613,1215.41272,2095.63818,2233.28564,3599.52,8926.56348,7384.48535
2021-06-03,806.127747,1319.93066,1920.34851,2570.23486,3202.93,8754.27539,8667.50293
2021-06-04,889.180908,1620.46753,1870.53394,3051.43042,3197.99,7946.23438,9131.17188
2021-06-05,897.168457,1817.92407,1914.83911,3120.40479,3682.15,6951.82861,8751.99609
2021-06-06,804.957947,1792.01318,2145.38794,2903.5647,4442.19,6543.1543,7898.08984
2021-06-07,770.363464,1663.55273,2359.21509,2808.16577,4810.28,6858.14453,7207.54443
2021-06-08,858.609985,1550.86658,2364.71362,2893.56885,4723.36,7650.27344,7199.11377
2021-06-09,929.953918,1537.28296,2289.0542,3069.44043,4516.01,8703.13672,7683.82617
2021-06-10,1020.90796,1874.15845,2304.30688,3232.09497,4464.63,9403.83984,8602.01758
2021-06-11,1180.68896,2802.10522,2685.33643,3579.22803,4660.07,9596.2832,9764.04492
2021-06-12,1465.23962,4126.09717,3870.74805,4362.80273,5021.38,9836.26074,10487.4287
2021-06-13,1985.90637,5116.58838,5927.44678,5421.78076,5777.40,10326.2207,10777.5957
2021-06-14,2244.83276,5839.49463,8065.47852,6873.12891,6685.84,11073.9814,11044.8145
2021-06-15,2253.70801,6307.81396,8883.67285,8510.93066,7618.58,12568.5254,11470.0273
2021-06-16,2667.63062,6020.26221,8671.5127,9491.60645,8637.21,15305.5986,12469.7471
2021-06-17,3021.14111,5363.97803,8319.4082,9423.22949,9685.61,17666.2266,14643.9707
2021-06-18,2879.84058,4781.33008,7482.87402,8164.02734,10699.88,18814.1953,17998.6094
2021-06-19,2524.01831,4760.54834,6526.23975,6564.12012,11053.98,19641.9824,20341.5312
2021-06-20,2119.47314,5021.04199,5848.16895,5582.12158,10398.17,20386.623,21263.1836
2021-06-21,1875.04297,4919.57178,5736.03369,5081.60547,9056.69,20580.291,21987.3906
2021-06-22,1954.4176,4509.14746,6036.35059,5014.24023,7576.95,19994.293,22165.3438
2021-06-23,2415.302,3917.87842,6078.60596,4980.69043,6682.67,18085.1719,21678.6445
2021-06-24,3130.34961,3473.30005,5753.1167,4609.82471,6219.58,16459.1309,20441.5684
2021-06-25,3779.01685,3433.87012,5079.94287,4089.19873,6132.84,15040.5771,18376.4902
2021-06-26,3783.5459,4021.49878,4437.0957,4049.49023,5760.89,13664.4893,16337.6094
2021-06-27,3338.62573,5438.86426,4240.4248,4831.03906,5270.82,12549.1787,14953.6025
2021-06-28,3099.25684,6862.7168,4748.74316,5879.07568,4878.93,11659.9932,13764.1553
2021-06-29,2904.7207,7135.20068,6210.50537,6433.62012,5268.02,10924.0029,12713.71
2021-06-30,2693.58984,6775.54883,7884.37402,7992.83301,6579.33,10450.5996,11988.5088
2021-07-01,2733.77881,6369.51758,8439.91406,10252.1562,7752.71,11078.9902,11488.7617
2021-07-02,3169.73901,5845.99268,8055.46729,11260.1885,8854.97,13409.7168,11370.8057
2021-07-03,3881.64209,5579.43115,7509.15967,11740.8994,11272.90,16460.7227,12594.2695
2021-07-04,4536.18896,5631.44385,6908.62451,12193.5977,13540.90,18003.2812,15552.1494
2021-07-05,4435.41895,5897.9707,6510.49854,12348.9521,14060.75,18695.7129,18231.2441
2021-07-06,3715.05762,6401.30225,6467.57471,12519.3389,14066.44,20660.0234,19003.8262
2021-07-07,3039.23853,7019.33105,6736.56445,12305.6006,14292.36,22342.793,19883.1797
2021-07-08,2634.1875,7234.30859,7301.25537,11353.1807,14327.93,22775.4668,22107.3438
2021-07-09,2813.43481,7188.42871,7998.75293,10067.999,14504.33,23438.6426,23722.0996
2021-07-10,3109.33984,6995.89893,8418.88574,9300.17578,14188.26,23745.873,24112.4219
2021-07-11,3040.27734,6866.60938,8841.85352,9164.15039,13313.41,24360.1445,24374.6543
2021-07-12,2866.72388,7309.2041,9395.48438,9015.74023,12389.77,25330.4648,24541.7383
2021-07-13,2608.89526,7863.3623,10020.3984,8470.81934,12047.60,26158.1465,25406.2969
2021-07-14,2262.41675,7729.65186,10899.6895,7901.07031,11952.04,26010.1719,26487.8184
2021-07-15,2047.22986,7041.58252,11455.2998,7352.78271,11597.72,25611.2715,26938.9336
2021-07-16,1935.64612,6489.2334,10977.6299,6526.33936,11148.87,25757.166,26472.8887
2021-07-17,1896.20483,6276.9834,9861.71973,5788.3833,10852.51,26321.3887,26156.1016
2021-07-18,2081.87524,6562.07373,8989.43555,5476.24658,10255.74,26136.3887,26571.0117
2021-07-19,2313.94263,6955.09033,8700.75,5549.99609,9359.25,24912.8047,26968.0605
2021-07-20,2330.77051,7028.00684,9001.12402,6098.00439,8928.98,23506.2949,26362.3711
2021-07-21,2263.10596,6903.23926,9431.58984,6909.13037,8849.39,22320.4004,25247.252
2021-07-22,2099.41992,6626.72021,9699.36426,7710.48975,8911.93,21356.6133,24185.7637
2021-07-23,1936.21069,6234.71777,9706.55371,8512.66992,9582.30,21195.8965,23000.0703
2021-07-24,1829.04285,5959.66406,9348.40527,8994.16992,10195.54,21541.9375,22213.1309
2021-07-25,1802.85413,5804.57715,8762.08984,8761.81543,10806.35,21797.6504,22189.6855
2021-07-26,1994.94031,5558.38623,8246.10156,8384.04004,11650.53,22071.4219,22413.6562
2021-07-27,2248.00732,5427.73828,8014.65332,8879.77637,12095.90,22417.0801,23072.8535
2021-07-28,2414.02393,5771.88184,7750.49268,9340.10547,11828.46,22545.873,24317.8301
2021-07-29,2316.87256,5898.15527,7367.20312,8829.20605,12013.82,23212.1133,25471.3398
2021-07-30,2175.53564,5552.73242,7417.20996,8027.82275,12890.49,24207.8613,25736.6914
2021-07-31,2200.05078,5345.8252,7451.37451,8225.33887,12894.05,24031.6797,26104.6094
2021-08-01,2393.96533,5221.50488,7133.65869,9171.15918,11766.10,23980.875,26418.834
2021-08-02,2660.80957,5327.49268,7117.95508,9634.62207,11465.05,24854.3379,25550.9766
2021-08-03,2694.33618,6290.29297,7372.18799,9959.2832,12347.43,24301.4785,26019.8262
2021-08-04,2380.31201,7813.38135,7907.55811,10366.9678,14070.47,22675.0605,26687.2461
2021-08-05,1899.15869,8331.18164,9133.98242,10142.8379,15226.34,22022.0488,25710.2871
2021-08-06,1563.52551,7478.67236,10704.5537,9122.40332,15658.03,23982.2051,24190.0586
2021-08-07,1497.52686,6279.80176,11216.7734,7539.78516,15165.47,27531.3613,25572.8926
2021-08-08,1662.56763,5352.55127,10225.877,5939.74512,13874.06,30758.75,29029.2637
2021-08-09,1845.43469,4882.21045,8859.37402,4894.61377,12026.96,32704.0762,31858.6133
2021-08-10,1860.97693,4710.5625,7808.75977,4499.58594,9889.84,31704.5273,33842.0859
2021-08-11,1808.6676,4665.10059,7086.28711,4608.03955,8041.07,27711.502,34218.4414
2021-08-12,1871.49219,4739.44434,6668.28027,5231.05469,6930.61,23526.6289,31331.1641
2021-08-13,2186.40186,4800.90186,6476.61572,6671.53662,6670.02,19881.125,26941.2246
2021-08-14,2717.20459,4980.11426,6451.10547,8860.76465,7252.91,17497.1816,22793.9453
2021-08-15,3080.50977,5649.36084,6618.12109,11259.958,8948.15,16177.0166,19626.4961
2021-08-16,3223.56616,6923.10352,7021.5791,13358.5537,11772.24,15843.7188,17692.1836
2021-08-17,3612.57422,8231.46973,7789.81885,14210.9277,14877.79,16748.7793,16753.3574
2021-08-18,4625.77979,9647.37207,9185.86328,13512.4912,17396.38,19171.625,16859.6875
2021-08-19,5909.96387,11299.8574,10856.9316,12601.2842,19210.55,22986.8691,18404.9824
2021-08-20,6537.85498,12452.6182,12685.1162,12664.1826,19821.14,28572.5938,21590.6094
2021-08-21,6495.67871,13216.9434,14629.6553,14056.9004,19289.32,34406.8047,26132.4473
2021-08-22,5845.27002,14019.8867,15935.374,16328.6953,19083.64,38908.6172,32400.6426
2021-08-23,4578.18408,14095.9932,16492.2715,17396.4668,20311.71,42229.125,37404.6836
2021-08-24,3385.60352,13034.5752,16873.0664,15592.1133,22145.19,43720.3398,41365.1328
2021-08-25,2680.39185,11376.8418,16725.1055,12499.2646,23285.50,44671.75,43700.0039
2021-08-26,2621.88794,9403.29785,15437.6455,10128.9658,22435.28,45848.3359,44617.4141
2021-08-27,3226.65796,7894.16016,13584.0312,8908.86523,19101.93,45966.1484,45294.082
2021-08-28,4353.78174,7562.7002,11711.2578,9064.00977,15826.18,44514.2812,46436.4219
2021-08-29,5232.146,7999.91357,10656.1426,9855.54883,13995.69,40771.9922,46139.5078
2021-08-30,5128.31152,8628.14551,10881.3047,11077.8672,13562.44,35392.7344,43952.3672
2021-08-31,4434.28662,9491.78125,11619.2236,12304.5684,14001.87,31115.418,39467.1758
2021-09-01,3615.73169,10142.4541,12217.8516,12760.4795,14828.88,30038.8086,34057.0938
2021-09-02,2883.78809,9763.83887,12776.3135,12478.624,15879.40,31112.6582,30943.0801
2021-09-03,2527.34106,8779.02539,13199.6455,11138.6904,16509.68,32474.9863,30978.0898
2021-09-04,2437.43823,7812.16162,12685.0537,9048.25391,16344.56,33551.7969,32336.7578
2021-09-05,2338.21997,6740.23926,11440.2549,7026.09961,15341.99,34634.2539,33535.4961
2021-09-06,2192.61743,5869.09082,10203.9014,5588.93701,13385.26,34800.9258,34494.418
2021-09-07,2064.59497,5531.81641,8942.51367,5044.6748,11006.31,32974.6406,35358.0703
2021-09-08,2056.27344,5534.21289,7865.43164,5135.55127,9051.40,29974.0566,34828.2539
2021-09-09,2070.90039,5460.94141,7328.47217,5345.89014,8105.23,26459.2617,32618.4629
2021-09-10,1949.25916,5250.00195,7214.08936,5587.61914,8136.80,22771.6387,29685.9844
2021-09-11,1832.95264,5075.44775,7161.13672,5689.65039,8373.75,20292.043,26458.707
2021-09-12,1745.00354,4981.0835,7146.60986,5482.93359,8363.35,19511.8223,23263.4473
2021-09-13,1603.93616,4787.35938,7270.49023,5043.42285,8323.92,19683.4883,21216.9375
2021-09-14,1485.13831,4427.83105,7392.22559,4584.65576,8033.31,19610.4512,20669.582
2021-09-15,1414.01379,4079.86963,7127.73779,4272.69043,7440.52,19101.7695,20599.5078
2021-09-16,1371.32751,3777.17407,6513.14209,4095.63062,6804.94,18726.5312,20152.5781
2021-09-17,1431.97656,3666.18457,6045.3457,4120.2959,6428.20,18278.0312,19728.3477
2021-09-18,1596.7533,3764.19067,5917.89893,4192.41895,6481.02,17911.7539,19563.3125
2021-09-19,1761.77502,4146.48486,6116.2998,4624.9458,6904.33,17727.998,19321.2598
2021-09-20,1859.43152,4920.80713,6650.87256,5594.52783,7512.73,17731.3359,18928.5703
2021-09-21,1891.54675,5498.18506,7710.39258,6281.54736,8041.52,17875.0762,18597.6738
2021-09-22,1896.95496,5545.87109,8817.6416,6424.78467,8969.28,18576.8613,18494.2812
2021-09-23,1897.25354,5322.68604,9313.58691,6396.87549,10139.38,19984.5645,18795.8652
2021-09-24,1819.60266,5179.27734,9217.80078,6407.21143,10465.58,21782.1016,20105.4785
2021-09-25,1627.27148,5212.5459,8655.29004,6231.04736,10140.73,23991.6934,22144.1074
2021-09-26,1429.68286,5010.2793,8059.02881,5604.19434,9747.99,25796.9238,24245.9473
2021-09-27,1271.73376,4573.36572,7794.48486,4962.11084,9475.65,25941.0059,26660.1543
2021-09-28,1184.57178,4278.99561,7506.81641,4316.4668,8917.76,25240.666,28191.7793
2021-09-29,1213.58179,4056.87866,7096.86963,3813.96338,8074.37,23867.9297,27650.9902
2021-09-30,1284.88696,3772.95239,6833.31934,3540.64648,7220.95,22375.4219,26372.9492
2021-10-01,1273.14441,3472.96973,6658.81934,3381.60352,6413.84,20588.832,24547.2539
2021-10-02,1173.61011,3238.51221,6377.52148,3244.63379,5835.10,18683.7266,22633.3125
2021-10-03,1060.00171,3158.64355,5968.32422,3177.64673,5493.08,17372.4473,20620.9062
2021-10-04,1041.12573,3189.01831,5498.44531,3220.89062,5232.18,16392.1289,19164.123
2021-10-05,1211.11755,3567.23047,5222.13037,3249.36255,5123.19,15553.9043,18224.5
2021-10-06,1394.44336,3997.52954,5260.43213,3348.56152,5302.07,14598.0361,17225.4961
2021-10-07,1421.78418,4081.62134,5634.42334,3774.94971,5647.89,13277.3896,16093.9678
2021-10-08,1288.47632,3964.41943,6026.84912,4085.50977,5846.07,12807.6758,14863.6875
2021-10-09,1110.62366,3697.71851,5999.65039,3843.24878,5869.84,13333.5195,13452.0977
2021-10-10,1002.25385,3448.52734,5752.28125,3443.83569,6055.22,14465.5527,13485.2393
2021-10-11,917.387756,3199.427,5488.06104,3150.56177,5903.19,15019.2344,14290.8652
2021-10-12,853.436157,2926.59937,5273.20459,2906.65259,5369.23,14709.3408,15342.7822
2021-10-13,799.801147,2698.79858,5026.98242,2747.93188,4941.54,14689.1914,15705.5781
2021-10-14,756.300415,2555.21411,4646.646,2622.93774,4590.26,14367.0762,15573.6953
2021-10-15,737.573853,2428.04077,4285.42529,2494.91333,4261.15,13765.4053,15670.2393
2021-10-16,748.36853,2273.00684,4128.48193,2478.85254,4036.34,13572.6133,15610.4062
2021-10-17,865.578735,2276.97485,4092.74487,2683.48975,3903.01,13361.6123,15603.876
2021-10-18,1044.28308,2545.75464,3987.25366,3234.19702,3971.36,13109.4814,15711.5029
2021-10-19,1153.29553,2790.84106,4044.24316,3748.23584,4252.43,13008.8076,15504.5303
2021-10-20,1131.5304,2818.49194,4385.49805,3850.69165,4787.21,12749.5566,14890.6914
2021-10-21,1136.10522,2805.17627,4730.98047,3723.57202,5531.86,12108.1025,14217.3467
2021-10-22,1595.03345,2914.90015,4874.79541,3734.65308,5836.43,11641.2227,13589.6445
2021-10-23,2366.44727,3115.79712,4752.87256,4089.78711,5639.84,11897.7451,12730.8281
2021-10-24,2632.72485,3472.27319,4618.06934,4850.51318,5363.83,12608.9805,12354.8838
2021-10-25,2190.17114,3966.2915,4625.08545,6755.71094,5389.55,12892.2227,12785.0195
2021-10-26,1602.07397,4495.0459,4824.06299,8722.36133,5805.77,12508.8828,13535.2275
2021-10-27,1183.60303,4639.69238,5212.57324,8637.59375,6879.01,12009.0605,13654.9707
2021-10-28,936.398132,4085.31421,5715.7915,7083.63818,9066.67,11971.2793,12945.1982
2021-10-29,831.029846,3327.57227,5963.91602,5293.25635,10517.56,12911.4678,12372.4209
2021-10-30,790.632935,2744.30371,5577.54492,3912.50122,9874.02,14563.8896,12650.5303
2021-10-31,767.233032,2374.20776,4842.14453,3103.95361,8043.11,17075.2949,13744.666
2021-11-01,743.28418,2152.82153,4132.73145,2726.58813,6244.27,18469.9922,15756.1904
2021-11-02,711.797546,2031.98914,3601.0647,2551.75854,4979.92,16933.2207,18189.6543
2021-11-03,676.361877,1953.96521,3242.85107,2458.04443,4311.85,14200.1084,18560.6777
2021-11-04,649.711121,1906.28516,3037.19434,2383.93359,4029.59,11669.6484,16365.3203
2021-11-05,633.713013,1885.45789,2967.93774,2290.45508,3917.02,9862.16309,13584.958
2021-11-06,617.25293,1855.48303,2993.36548,2237.63672,3866.66,8913.19824,11272.2637
2021-11-07,597.498779,1800.83521,3002.58398,2213.93018,3845.49,8750.02344,9723.06152
2021-11-08,578.626892,1726.64136,2947.47241,2153.49438,3828.16,8853.02344,9051.67188
2021-11-09,562.813904,1651.729,2830.00977,2069.29761,3797.94,8870.05469,9008.28711
2021-11-10,549.141357,1580.58069,2664.5625,1984.22083,3649.40,8767.55859,9089.89844
2021-11-11,537.155823,1525.0155,2515.06396,1915.60608,3399.82,8671.41309,9050.51855
2021-11-12,526.485352,1482.88708,2396.28491,1868.26428,3197.08,8461.13281,8889.96191
2021-11-13,515.890564,1455.50574,2310.59204,1836.26562,3040.96,7850.56055,8840.94043
2021-11-14,504.720123,1460.93787,2260.44995,1834.65735,2969.41,7098.18945,8477.69629
2021-11-15,494.377289,1531.6333,2249.61816,1913.90698,2978.59,6588.00928,7770.23096
2021-11-16,483.80365,1614.94116,2269.48657,2039.39136,3028.64,6275.96191,7092.7085
2021-11-17,472.572845,1657.21008,2361.59521,2185.34668,3212.50,6194.61865,6648.92578
2021-11-18,461.69754,1603.6499,2554.3501,2260.823,3616.45,6217.66016,6415.05615
2021-11-19,450.959137,1480.34436,2665.02856,2172.5874,3861.22,6326.18262,6383.61621
2021-11-20,440.89563,1376.77209,2555.27979,2011.53589,3932.66,6890.79639,6413.17139
2021-11-21,431.690308,1291.97266,2344.65063,1853.99426,3817.72,7794.68506,6626.38867
2021-11-22,422.472473,1236.71167,2146.74854,1741.41418,3507.50,8036.62598,7400.02783
2021-11-23,413.464111,1200.35352,1995.60547,1674.13062,3163.56,7918.3623,8086.58203
2021-11-24,410.19931,1174.67053,1900.99927,1635.72729,2910.31,7570.63477,8202.51855
2021-11-25,422.206085,1149.89783,1842.43262,1609.33508,2751.21,6643.89209,7993.875
2021-11-26,442.062622,1122.03979,1804.83484,1572.0166,2648.90,6010.25391,7547.86084
2021-11-27,435.334015,1098.29028,1765.25842,1564.12744,2612.15,5565.81445,6532.14062
2021-11-28,408.919525,1085.42749,1725.13135,1590.15271,2583.42,5320.25146,5980.07227
2021-11-29,386.726013,1090.36853,1684.18091,1675.55603,2548.44,5178.2959,5625.12354
2021-11-30,366.812592,1081.98572,1655.20483,1712.78613,2518.85,5088.20654,5425.83936
2021-12-01,352.366913,1047.26904,1646.66101,1646.68433,2542.68,5006.18018,5307.69531
2021-12-02,341.812012,1009.68463,1632.62854,1570.15991,2613.51,4920.53418,5218.1792
2021-12-03,333.396729,976.103821,1591.53577,1502.12183,2603.17,4859.68408,5133.16406
2021-12-04,325.985535,947.403625,1543.53772,1445.1167,2514.99,4869.66748,5051.02979
2021-12-05,325.053192,930.717529,1501.9364,1410.89319,2434.54,4914.71387,5008.79785
2021-12-06,339.12796,959.159424,1466.62744,1401.56213,2359.83,4858.32715,5042.12305
2021-12-07,348.222534,1037.12158,1469.27112,1420.46887,2306.92,4723.58984,5063.55908
2021-12-08,348.691925,1176.86694,1577.4978,1464.27832,2299.24,4605.92383,4968.36182
2021-12-09,346.860229,1315.61243,1790.0968,1511.03943,2327.50,4515.19434,4834.146
2021-12-10,332.026459,1317.79285,2057.16919,1538.7074,2387.50,4521.11816,4723.57812
2021-12-11,312.221161,1214.37061,2227.01514,1524.56995,2456.03,4681.02051,4653.31641
2021-12-12,302.488129,1091.73901,2149.21631,1474.46826,2472.55,4951.34033,4710.68457
2021-12-13,306.222931,982.153992,1914.61023,1422.05127,2441.04,5274.24658,4914.21387
2021-12-14,298.883698,898.839966,1679.11255,1373.96375,2371.15,5451.04199,5209.93994
2021-12-15,279.820648,841.757751,1500.80151,1340.87122,2288.81,5303.83691,5511.17725
2021-12-16,264.201691,813.569031,1377.48071,1333.30139,2182.09,4991.64893,5583.06299
2021-12-17,250.576492,791.232788,1298.38062,1316.19482,2022.35,4679.57715,5354.37891
2021-12-18,241.057938,757.571228,1254.505,1266.93213,1982.80,4421.37744,5031.39941
2021-12-19,233.898285,723.185303,1222.40588,1214.72327,1963.69,4178.3999,4733.65576
2021-12-20,228.022537,693.15802,1177.89758,1173.0542,1924.97,3926.05249,4500.79199
2021-12-21,222.734924,670.345337,1128.80566,1141.34949,1859.93,3812.03931,4207.28955
2021-12-22,217.777344,652.602051,1086.96436,1118.78259,1799.02,3644.99048,4040.91772
2021-12-23,214.021393,637.597656,1054.55823,1101.56677,1748.79,3553.26221,3888.65063
2021-12-24,219.62117,627.609741,1029.2063,1094.63562,1710.16,3436.01978,3764.40527
2021-12-25,235.229233,633.860901,1006.99158,1108.3313,1680.92,3332.04492,3659.43823
2021-12-26,234.333511,643.962219,988.297729,1256.00415,1933.41,3600.29321,3892.27759
2021-12-27,222.954269,640.953003,985.860291,1303.90039,1935.06,3586.08643,3842.94995
2021-12-28,216.41951,635.396851,992.348083,1230.89636,1848.55,3471.78369,3700.79541
2021-12-29,206.349579,618.675232,986.106018,1167.97827,1873.78,3431.01196,3618.88306
2021-12-30,195.158844,592.714966,973.250671,1113.26624,1873.40,3456.51001,3577.69531
2021-12-31,185.315689,572.693054,953.624023,1067.74585,1713.21,3309.56519,3413.04956
2022-01-01,178.837357,555.877808,923.008118,1030.36926,1653.61,3220.99487,3342.16406
2022-01-02,174.881653,538.002197,894.424805,998.274536,1583.87,3178.10156,3307.03149
2022-01-03,171.383026,520.705444,870.876587,972.237061,1523.74,3115.45337,3326.33398
2022-01-04,167.101303,506.033142,846.545044,952.933472,1473.01,3012.48706,3301.77441
2022-01-05,162.151413,493.33963,822.920105,943.402893,1431.08,2911.82202,3220.66821
2022-01-06,157.438751,482.816071,801.940735,936.32489,1396.10,2824.93945,3114.67944
2022-01-07,153.275314,471.154175,783.26947,922.435242,1369.98,2748.43701,3018.07227
2022-01-08,149.328262,459.109772,767.128235,904.409973,1353.22,2681.69189,2934.5542
2022-01-09,145.53804,447.949493,750.301147,889.914307,1336.74,2624.69751,2861.8479
2022-01-10,142.037262,437.649567,732.989624,878.382385,1313.67,2578.82495,2798.84619
2022-01-11,138.91098,428.041412,716.46582,863.133423,1288.65,2543.29004,2743.56299
2022-01-12,139.264404,418.314911,701.049866,846.390808,1268.95,2512.1665,2702.18726
2022-01-13,158.917755,410.44986,686.659485,832.658691,1250.28,2482.16138,2683.54492
2022-01-14,198.322891,413.762482,672.034302,823.937988,1227.34,2446.63257,2669.99707
2022-01-15,238.028824,435.292786,659.57489,845.816589,1206.95,2409.74292,2639.4436
2022-01-16,259.074402,497.88681,660.966858,931.082886,1197.47,2391.06323,2606.58447
2022-01-17,247.915604,584.947815,689.329773,1098.79346,1208.38,2409.85571,2595.10205
2022-01-18,226.986099,640.903687,753.893494,1321.76526,1272.31,2438.88257,2603.19531
2022-01-19,199.384476,662.197449,842.274841,1477.26648,1417.47,2479.7561,2615.24194
2022-01-20,164.687378,625.648987,907.940796,1443.67114,1624.80,2558.39038,2628.3374
2022-01-21,155.130615,552.043762,926.445312,1293.2439,1840.88,2700.69727,2662.29663
2022-01-22,202.884323,489.10849,880.336487,1141.76672,1928.44,2931.16138,2742.02026
2022-01-23,256.463196,450.459167,792.589966,1060.6936,1830.70,3201.96582,2903.78418
2022-01-24,246.298767,448.393585,714.784119,1129.32837,1654.39,3388.60767,3156.06738
2022-01-25,214.401489,483.680634,664.112854,1247.1676,1496.08,3337.3584,3411.23633
2022-01-26,190.786621,538.007751,653.264282,1279.42664,1439.82,3091.3479,3535.90112
2022-01-27,173.214661,540.019226,688.086975,1308.20728,1736.75,3080.21533,3617.1936
2022-01-28,156.185349,500.486481,746.387939,1199.28796,1775.38,2619.86743,3101.00586
2022-01-29,149.173187,457.117157,756.167725,1135.80981,1781.67,2581.34644,2861.67822
2022-01-30,154.746613,418.531281,713.671021,1049.92957,1740.11,2722.24316,2708.03076
2022-01-31,143.404404,388.198517,659.417908,964.920654,1676.97,2870.3938,2735.38599
2022-02-01,123.825195,360.102203,610.471191,931.714783,1597.93,2865.77417,2905.55908
2022-02-02,121.141808,354.159058,573.221313,929.155579,1499.97,2781.57642,3093.96729
2022-02-03,155.798721,372.406372,538.964783,916.456543,1436.67,2691.56104,3046.89893
2022-02-04,212.818207,410.191895,525.088257,904.308472,1411.00,2609.27856,2941.45044
2022-02-05,227.827957,441.608978,536.978271,947.726379,1416.37,2473.44116,2826.23242
2022-02-06,256.187164,481.267731,571.492432,1057.05615,1414.13,2360.34033,2691.13843
2022-02-07,394.299011,615.51239,616.502625,1245.67322,1412.89,2326.48804,2552.43433
2022-02-08,511.468384,725.058838,670.4823,1467.58459,1274.67,2316.1394,2465.87427
2022-02-09,446.661285,760.085022,813.5849,1665.2439,1430.14,2193.93408,2295.99878
2022-02-10,304.815918,817.403503,949.063599,1939.90125,1664.07,2237.68872,2289.11426
2022-02-11,202.698105,849.580444,979.201904,2111.30493,1927.46,2378.82935,2330.57031
2022-02-12,136.167816,760.369629,999.305603,1883.93396,2158.92,2711.94067,2390.32275
2022-02-13,111.372269,578.530518,1017.45911,1479.49268,2447.86,3080.88477,2596.52734
2022-02-14,115.248619,431.477722,938.125244,1190.93347,2535.82,3372.31396,2964.85767
2022-02-15,120.356003,333.944885,754.98407,1038.63184,2221.59,3621.33276,3306.46729
2022-02-16,111.229851,283.861084,592.118469,1012.98151,1809.60,3877.28174,3569.25684
2022-02-17,96.9468231,271.304688,484.440552,1103.60681,1489.11,3819.65479,3841.67163
2022-02-18,81.9129562,267.1008,422.135284,1154.34546,1321.45,3308.25635,4027.63843
2022-02-19,71.2663727,253.849808,401.066223,1068.9176,1298.57,2747.42651,3797.69946
2022-02-20,68.0015411,232.644485,393.523926,954.083679,1378.87,2328.37207,3229.42456
2022-02-21,74.6693573,214.86319,379.209656,863.522705,1379.65,2109.6272,2709.24121
2022-02-22,123.088615,209.81012,357.061432,809.549377,1265.16,2070.93115,2356.09253
2022-02-23,211.147186,224.920929,338.347168,804.52832,1155.44,2139.6438,2202.08301
2022-02-24,251.579575,252.906662,330.707428,842.596619,992.32,2102.55884,2191.36792
2022-02-25,210.85907,302.684631,340.877258,969.67926,958.63,1813.63147,2111.2124
2022-02-26,161.627579,379.25412,364.35968,1236.93396,972.23,1691.22058,2052.73193
2022-02-27,155.075623,430.512909,405.957733,1444.26245,1051.18,1616.82446,1914.927
2022-02-28,184.55864,411.036438,475.248657,1353.37097,1226.62,1598.79773,1802.52954
2022-03-01,206.640228,358.273041,531.624817,1140.30383,1492.34,1638.30237,1739.33105
2022-03-02,206.834106,330.029999,522.181213,996.890015,1602.42,1774.71167,1756.5271
2022-03-03,209.108032,328.449921,468.638977,969.566528,1432.10,2037.01221,1838.17761
2022-03-04,178.32338,338.875336,432.562775,1054.91138,1226.18,2378.05371,2017.7085
2022-03-05,125.306328,335.095367,424.894409,1157.79602,1114.86,2456.61572,2295.27222
2022-03-06,92.4703522,326.163757,433.41275,1158.52771,1142.79,2238.74878,2549.84302
2022-03-07,71.5488358,301.049713,431.273071,1090.93762,1275.68,2092.21606,2568.60352
2022-03-08,62.9791908,244.551529,423.200195,1030.86597,1350.46,1964.5907,2351.61328
2022-03-09,59.6822472,200.29805,408.506104,973.435303,1322.15,1965.9137,2143.82129
2022-03-10,57.410675,171.871902,357.019318,930.158081,1256.45,2058.89478,2062.51587
2022-03-11,54.4752541,155.740631,304.09668,899.127625,1199.26,2145.88281,2105.23145
2022-03-12,52.0454941,147.989105,268.727386,869.467407,1145.14,2102.05078,2205.95435
2022-03-13,49.8691635,143.039047,245.385178,845.7146,1100.71,1974.79163,2253.06421
2022-03-14,47.492672,139.360794,232.887222,836.973022,1063.18,1869.09497,2168.05273
2022-03-15,47.2250633,138.548569,225.091949,840.21051,1029.14,1779.24365,2043.08752
2022-03-16,50.604641,142.670471,219.552628,856.737976,1005.54,1707.78833,1943.97021
2022-03-17,56.7292442,147.959641,216.648849,907.264893,1000.68,1652.04675,1858.50891
2022-03-18,56.8665733,157.9935,219.692444,968.457642,1022.25,1604.42712,1793.28101
2022-03-19,51.7398987,170.689438,225.626343,978.496216,1065.42,1573.5304,1739.76733
2022-03-20,47.3016434,181.329254,233.533936,931.358032,1117.62,1569.04895,1696.51477
2022-03-21,43.740551,172.326385,242.83197,870.616333,1155.73,1595.99829,1674.17798
2022-03-22,41.678154,148.584137,253.331192,826.443176,1135.28,1644.46362,1697.55481
2022-03-23,42.1043282,132.681274,250.615112,795.38385,1075.06,1740.23694,1774.89124
2022-03-24,58.5249748,131.406815,250.609222,807.380554,1047.49,1947.65613,1953.39233
2022-03-25,130.890518,144.524704,263.110382,947.74408,1074.12,2246.24048,2236.74854
2022-03-26,207.555435,159.307388,262.812927,1152.33594,1131.42,2485.41968,2541.82495
2022-03-27,297.970093,203.214859,276.040771,1410.16162,1655.19,4108.62402,4311.85303
2022-03-28,516.28717,323.551514,290.210876,1581.59802,1934.07,3577.22949,3804.05225
2022-03-29,701.62677,517.418945,321.328339,1845.09021,2013.40,3135.37964,3405.43774
2022-03-30,617.694885,695.777649,425.272339,2497.38037,2100.71,3261.03491,3316.4436
2022-03-31,411.763245,837.619507,615.918396,3371.22461,2276.85,3522.78418,3291.87744
2022-04-01,266.503204,959.094666,805.157654,3937.6416,2654.02,3578.05835,3511.15723
2022-04-02,205.167908,886.817261,949.25354,3600.74561,3342.67,3493.94165,3603.03931
2022-04-03,317.534943,639.581177,1076.30457,2710.18262,4137.58,3651.50732,3567.05469
2022-04-04,567.293396,433.426666,1059.61914,2146.8623,4433.00,4112.47217,3637.82056
2022-04-05,693.966248,328.894745,841.267944,2248.97485,3850.64,4880.79297,3920.57861
2022-04-06,712.576477,372.96698,605.273254,3117.01001,3014.15,5691.54199,4299.35059
2022-04-07,698.560669,592.268433,465.142944,4300.44971,2658.23,5822.75928,5158.05957
2022-04-08,580.474121,774.242676,461.715088,4834.6543,2823.30,5012.59863,5902.91113
2022-04-09,489.854095,800.593323,648.680603,4844.35449,3815.99,3888.82788,5677.91406
2022-04-10,512.48761,783.080383,849.655273,4873.41064,4908.34,3379.00806,4677.9043
2022-04-11,648.748474,702.520203,884.270386,4636.77197,5233.32,3821.33789,3778.26929
2022-04-12,793.521851,618.209473,871.15387,4122.46826,5294.10,5169.07129,3560.46802
2022-04-13,865.171936,643.538025,823.122375,3631.8728,5333.75,6397.88916,4339.77637
2022-04-14,824.454102,831.260925,739.240173,3404.37988,4969.13,6718.31885,5777.8916
2022-04-15,860.541748,1098.69702,746.310181,3231.1001,4407.18,6805.62695,6697.16211
2022-04-16,1127.03015,1285.52808,909.217346,2925.88403,3963.49,6785.7832,6843.63232
2022-04-17,1205.83423,1312.87097,1163.33777,2708.24805,3778.62,6353.81445,6940.91309
2022-04-18,1020.94403,1322.25793,1360.69128,2802.19165,3540.56,5929.59814,6779.71582
2022-04-19,1094.48694,1577.42969,1414.03052,4144.92432,3284.19,5770.28027,6288.3916
2022-04-20,1464.16699,1765.16785,1430.2793,6122.88721,3241.51,5766.91846,5959.56396
2022-04-21,1729.45874,1677.96472,1666.08472,6812.41748,3809.64,5624.77539,5889.979
2022-04-22,1730.63391,1774.91724,1925.74475,6708.70117,5743.56,5458.85693,5888.65723
2022-04-23,1402.50146,2179.95532,1907.83643,6565.49805,7638.82,5521.47754,5741.66504
2022-04-24,1000.65997,2455.55688,1957.19971,5875.39844,8032.34,6495.08936,5616.17725
2022-04-25,791.684753,2383.25488,2342.21118,4797.05664,7922.13,8817.53613,5860.78564
2022-04-26,686.059875,1967.34692,2653.052,3809.59302,7600.91,11673.2627,8584.80566
2022-04-27,616.814575,1405.69446,2597.48022,2980.92505,6486.87,12111.9521,10787.5898
2022-04-28,588.655334,1032.55286,2202.06812,2541.94385,5221.24,12208.8584,12004.1787
2022-04-29,620.459473,867.355835,1609.69019,2391.95703,4120.79,11776.8828,12003.251
2022-04-30,670.108093,791.513733,1160.01367,2336.71094,3366.51,10009.0986,11937.9082
2022-05-01,873.927429,790.243164,959.559631,2311.62793,3065.26,8203.50879,11199.0479
2022-05-02,1156.94434,910.36261,881.986816,2349.31006,3103.42,6517.93066,9588.0459
2022-05-03,1197.23694,1082.74646,885.217224,2360.2688,3278.29,5429.83154,7795.48486
2022-05-04,1398.99927,1436.56213,1028.97119,2589.0061,3435.26,4969.85742,6211.32959
2022-05-05,2427.29663,2036.82568,1278.27905,3058.87109,3735.53,4952.95752,5316.80176
2022-05-06,3296.99048,2515.94141,1669.84985,3687.18311,3924.83,5396.27344,5154.56055
2022-05-07,3025.68872,2904.91772,2305.73291,4998.6875,4308.23,6209.70947,5373.75391
2022-05-08,2264.26392,3727.38037,2881.0603,6655.3584,4864.64,7076.04248,5921.28271
2022-05-09,1634.63171,4479.26367,3293.73145,7466.26855,5476.01,7921.51514,6901.52246
2022-05-10,1293.71252,4296.76465,4044.76538,7152.44482,6830.11,9220.36133,8014.45996
2022-05-11,1207.40369,3653.28833,4923.31494,6339.31934,8409.28,10408.373,9261.16211
2022-05-12,1317.3656,3216.02051,5031.68701,5631.43896,9187.11,11600.21,10653.2949
2022-05-13,1441.90149,2989.15308,4542.61475,5484.104,9282.35,13932.6816,11656.5684
2022-05-14,1487.75098,3035.48218,4156.91064,6007.73926,9159.90,16366.7529,12946.9297
2022-05-15,1612.61633,3454.17505,3907.60156,6779.26172,9071.89,17068.0059,15344.4238
2022-05-16,1924.56262,3762.92944,3822.12183,7491.24854,9258.10,16509.9414,17223.4336
2022-05-17,2523.7666,3759.4021,4109.54004,8462.58789,9980.66,15573.5635,17339.8105
2022-05-18,3266.00854,3922.02026,4428.24756,9378.15918,10911.86,14941.5615,16494.3555
2022-05-19,3498.71899,4458.27441,4477.2207,10197.1348,11817.16,15171.3408,15638.8184
2022-05-20,3072.15308,5173.52393,4646.36914,10809.8857,12737.33,16853.1152,15209.0811
2022-05-21,2469.94067,5893.16016,5196.85303,10011.7158,13259.41,18781.0898,16016.8018
2022-05-22,2005.18555,6054.21484,5906.62939,8601.02539,13638.72,19701.6523,18197.2422
2022-05-23,1704.91626,5377.38525,6620.1748,7476.73291,13502.36,20673.8262,19821.4277
2022-05-24,1493.09082,4425.79688,6855.02539,6389.99756,11963.24,21452.8457,20728.041
2022-05-25,1367.2002,3722.17969,6384.54492,5468.81201,10381.13,22472.752,21774.5781
2022-05-26,1307.6178,3423.57129,5868.63037,4866.19385,9270.63,23198.3223,22777.2852
2022-05-27,1426.20654,3394.15479,5489.27539,4426.8125,8223.27,22093.0039,23926.5684
2022-05-28,1677.45496,3472.20947,5209.39355,4100.2207,7571.30,20365.9746,23854.1426
2022-05-29,1730.93677,3461.68823,5040.53955,4144.0376,7219.52,18963.8301,22141.8848
2022-05-30,1544.09851,3341.20605,4773.84863,4609.11084,6773.60,17206.6543,20469.5898
2022-05-31,1294.83923,3282.60352,4417.17627,5138.22266,6184.74,15634.3154,18902.998
2022-06-01,1131.46326,3196.92188,4083.95581,5179.60986,6124.38,14458.5488,17060.1797
2022-06-02,1198.91296,2995.32202,3938.77979,4657.75146,6494.20,13311.1562,15569.29
2022-06-03,1498.02661,2957.12158,3909.51807,4253.88184,6811.55,12246.8975,14538.8154
2022-06-04,1851.66406,3229.25635,3819.81885,4306.2915,6670.88,11951.4463,13458.3789
2022-06-05,2087.9707,3777.35425,3833.84326,5003.69238,6249.11,12330.5957,12682.7197
2022-06-06,2134.92358,4406.50244,4094.94971,6404.32422,6238.35,12661.3604,12756.1943
2022-06-07,1962.61963,4794.6123,4590.09424,7655.72754,6713.31,12163.7256,13241.6816
2022-06-08,1799.15015,4941.52051,5139.38721,8031.85498,7712.95,11598.2441,13244.5225
2022-06-09,2124.53857,5011.10596,5509.46533,7613.54639,9122.11,11957.2812,12324.6348
2022-06-10,2822.76904,5205.05127,5672.57373,6961.90967,10124.40,12918.6035,12094.8047
2022-06-11,3315.7959,5602.98779,5818.76904,6560.8208,10247.30,14365.1543,12803.4033
2022-06-12,3499.99072,6334.39795,6111.85645,6651.6543,9821.17,16041.2061,14174.249
2022-06-13,3553.52319,7224.5249,6534.17139,8039.43408,9296.47,17188.4512,15967.3467
2022-06-14,3407.30811,7722.67529,7217.75244,10093.6689,9022.57,17620.4941,17605.5332
2022-06-15,3171.67969,7911.49365,8103.19531,11358.4824,9481.92,17630.9062,18336.291
2022-06-16,3160.00415,7917.5293,8710.25391,11704.5654,11096.40,17645.8125,18336.0605
2022-06-17,3639.56812,7582.6123,9061.78711,11455.9893,13046.97,18195.7773,18183.5234
2022-06-18,4648.62646,7236.61963,9252.85449,11567.0879,14346.95,19527.8477,18416.4473
2022-06-19,5397.646,7416.104,9013.41113,13161.3965,14836.33,21739.0059,19330.9492
2022-06-20,5433.65527,8216.28125,8657.31836,15467.96,14794.45,24294.6309,21086.1777
2022-06-21,4823.17578,9410.0459,8806.96387,16020.3174,15341.54,25861.459,23557.9434
2022-06-22,4111.86963,10008.6113,9579.56934,14655.6025,17153.81,26035.3848,25798.8398
2022-06-23,3699.11084,9632.48145,10761.6885,12756.4941,18728.19,25777.8965,26782.0684
2022-06-24,3525.09521,8762.15723,11452.7402,10378.3828,18191.81,26608.9277,26540.4414
2022-06-25,4035.38452,7818.59473,11075.252,8278.04883,16308.65,29106.9727,26436.1309
2022-06-26,4722.50928,7468.62256,10156.0518,7195.77148,14171.25,31057.3184,27331.6973
2022-06-27,4948.96924,7907.97412,9190.38477,6900.125,11966.56,31311.2227,30706.3574
2022-06-28,4762.08594,8855.27539,8784.65039,7215.80371,10581.80,28690.8125,32346.3984
2022-06-29,4668.125,9792.91406,9297.82422,8359.70801,10105.25,25671.3789,31008.5312
2022-06-30,5108.83643,10247.1758,10385.9932,9598.75879,10078.59,22746.5391,28150.2891
2022-07-01,5382.64307,10184.4111,11581.915,10310.7852,10767.12,21532.0762,25109.0605
2022-07-02,5060.11377,9934.29004,12360.0537,11045.4668,12425.53,22293.6133,22900.2969
2022-07-03,4389.54736,10084.0752,12537.6348,12018.2393,14167.33,23756.2773,22764.002
2022-07-04,3630.84326,10308.7314,12241.5283,13179.3896,15689.94,25698.0059,23992.4395
2022-07-05,3326.34155,9691.4873,12174.3643,13936.5264,16890.56,28289.4941,25460.8145
2022-07-06,3399.10596,8666.72461,12537.7305,13296.752,17795.52,30183.918,27478.3477
2022-07-07,3181.45093,7796.01123,12383.5703,11620.3945,18763.86,31237.2148,29855.1133
2022-07-08,2834.06519,7147.69043,11723.9922,9858.44336,19003.08,33038.9688,31531.0566
2022-07-09,2715.2561,6814.92188,10872.9229,8355.00879,17666.65,35106.8242,32842.1641
2022-07-10,2661.80469,6534.42529,9832.19531,7506.99316,15727.61,35938.5586,34692.2891
2022-07-11,2506.95312,6255.3335,8976.29297,7251.5127,13404.48,35634.1875,36235.1641
2022-07-12,2355.94604,6014.62012,8327.4043,6929.02295,11565.99,33411.1797,36713.8398
2022-07-13,2186.54248,5783.50244,7866.36133,6312.71338,10717.92,29795.2578,35734.5469
2022-07-14,1953.8291,5481.14941,7597.9248,5741.56348,10587.67,26060.834,32781.0703
2022-07-15,1804.0647,5049.45996,7417.91846,5358.28467,10113.61,22738.3125,28846.5723
2022-07-16,1735.20691,4723.23584,7216.95508,5287.00684,9199.35,21092.0137,25288.0566
2022-07-17,1674.10559,4560.59326,6857.2998,5347.30908,8564.84,21080.084,22467.9863
2022-07-18,1665.05884,4561.3584,6525.74854,5155.01416,8496.68,20838.0898,21491.5391
2022-07-19,1789.07678,4591.87305,6280.87402,4914.0293,8745.36,19636.6895,21576.8379
2022-07-20,1995.17578,4392.54834,6141.78809,4588.4585,8631.96,18613.668,20943.25
2022-07-21,2360.82349,4304.53076,6118.71582,4348.16309,8073.46,18120.9707,19655.1797
2022-07-22,2783.43433,4847.91748,6034.72656,4839.09033,7504.38,17871.7285,18879.6641
2022-07-23,2887.29175,5839.61621,6214.55225,5894.62939,7052.29,17550.1426,18692.0703
2022-07-24,2688.25903,6596.31006,7043.14844,6782.86279,7135.91,17006.1152,18707.7285
2022-07-25,2667.146,6980.93994,8302.16406,7506.25,7987.54,16691.2461,18380.4336
2022-07-26,2804.73242,7213.97021,9232.36035,8084.73926,9360.96,16945.418,17814.9492
2022-07-27,2771.3208,7128.8457,9593.80176,8278.93164,10705.84,17963.8789,17425.3867
2022-07-28,2754.68408,6791.92432,9727.53516,7956.60547,11752.62,20007.2188,17760.3379
2022-07-29,2718.53735,6509.02441,9490.85352,7333.2666,12159.54,22051.7402,19166.7773
2022-07-30,2537.7356,6309.90381,8960.28613,6665.96484,11645.68,23827.4492,21197.8008
2022-07-31,2323.25122,6277.11426,8508.68262,6030.36133,10794.96,24914.0508,23208.9609
2022-08-01,2215.85059,6527.40967,8197.51758,5744.20947,10045.89,24749.0801,24699.584
2022-08-02,2170.34863,6730.60889,8119.01123,5630.24463,9551.38,23236.4043,25391.4668
2022-08-03,2118.73071,6455.78467,8372.85352,5518.06299,9233.25,21880.5469,24691.4414
2022-08-04,2065.92627,6155.01953,8787.99316,5724.5332,9037.93,21376.1875,23092.4434
2022-08-05,2010.71069,6349.33594,8866.47656,6142.77539,8722.17,21394.0684,22066.4258
2022-08-06,2071.19385,6426.27246,8749.59766,6522.05957,8635.71,21820.4473,21736.4004
2022-08-07,2166.98926,6163.99023,8915.70801,7009.38477,9048.88,22135.4004,21906.6113
2022-08-08,2074.12061,6003.17188,8926.0293,7521.59912,9504.44,21510.459,22466.0391
2022-08-09,1937.57568,5966.22998,8579.0752,7673.11035,9952.64,21299.8887,22593.7363
2022-08-10,2143.40039,5837.67383,8295.07812,7258.5835,10666.02,22091.4414,22161.4297
2022-08-11,2629.48779,5405.09668,8198.16016,6661.63428,11123.06,22409.084,22780.4629
2022-08-12,2817.1311,4819.53271,8021.36865,6430.95752,10998.82,22450.9316,23643.4805
2022-08-13,2526.16479,4709.20898,7532.63281,6891.01758,10345.90,23133.8105,23633.9219
2022-08-14,2529.19482,5315.58838,6842.89111,7672.75684,9775.47,23757.502,23932.2129
2022-08-15,3178.87231,5864.40771,6531.76416,7409.72461,9804.36,23557.2383,24821.2676
2022-08-16,3398.91846,5793.88477,6955.62939,6394.16162,10435.46,22193.0605,25125.582
2022-08-17,2820.17285,5597.82275,7492.48682,6102.43408,10844.29,20575.7754,24472.3672
2022-08-18,2178.95703,5821.02539,7479.81299,6499.30518,9872.22,20593.4668,22869.9414
2022-08-19,1788.27551,5949.35303,7172.02783,6469.20605,8739.07,22413.5684,21835.7441
2022-08-20,1754.34106,5470.78613,7220.06982,5843.99121,8643.81,23265.9648,22554.9316
2022-08-21,1831.19861,4887.8877,7354.48926,5142.22852,8875.29,21382.8516,24162.9199
2022-08-22,1741.82214,4481.99609,6909.38672,4682.64258,8584.79,19185.3926,23944.3965
2022-08-23,1654.90491,4347.92578,6289.93262,4896.36182,7856.96,18537.0566,21560.5176
2022-08-24,1952.12207,4439.63379,5927.38965,5338.05225,7169.78,18452.0625,19654.582
2022-08-25,2386.43384,4391.104,5866.26318,5554.52734,7287.77,17548.0508,19191.5547
2022-08-26,2408.08936,4180.00146,6050.61816,5489.25684,8259.94,16306.9473,18754.1934
2022-08-27,2229.35913,4129.56396,6062.55127,5186.2251,8861.17,15213.9287,17467.3184
2022-08-28,2379.66211,4499.5293,5877.82812,5436.00439,8827.09,15589.8105,16621.9199
2022-08-29,2679.93384,5365.23682,5899.01758,6096.28906,8543.43,17051.1426,16202.1914
2022-08-30,2678.11792,6439.4707,6387.91943,6624.88477,8928.98,17911.957,16881.4824
2022-08-31,2418.59131,6973.01318,7271.18555,6582.19971,10156.49,17805.541,18176.0527
2022-09-01,2100.26099,6912.04883,8271.01074,5860.71973,10746.69,17623.3477,18479.0215
2022-09-02,1866.0011,6572.27002,8878.81055,5180.8667,10476.14,19087.0684,18119.5352
2022-09-03,1717.51208,5964.9873,8933.90527,4746.86963,9680.54,22215.1016,18133.3047
2022-09-04,1668.95654,5554.00391,8644.09375,4468.19092,8574.78,23792.7559,20496.1094
2022-09-05,1873.66284,5253.4834,7968.2998,4366.22803,7745.16,23310.0664,23318.4102
2022-09-06,2428.97119,4872.97363,7407.13379,4508.3916,7072.52,21932.2461,24075.3203
2022-09-07,3186.97241,4805.00977,7069.1709,5110.62695,6672.77,20060.6914,23238.6406
2022-09-08,3510.74878,5250.76611,6708.01562,5792.41504,6716.80,18528.1543,21705.5098
2022-09-09,3090.17749,5977.10938,6630.16309,6232.44824,7519.55,17403.8965,19964.4434
2022-09-10,2427.22485,6601.94043,7075.4624,6776.56445,8509.94,16751.959,18633.2578
2022-09-11,1910.88135,6756.4751,7939.12451,7265.8501,8876.30,16909.9355,17719.2305
2022-09-12,1682.94556,6198.35303,8963.68555,7023.76562,9197.91,18601.791,17509.0449
2022-09-13,1703.12292,5381.65918,9645.58398,6364.53223,9886.35,21002.7754,18294.2305
2022-09-14,1734.0874,4792.0752,9419.74219,5958.06104,10279.37,22800.9023,20480.3965
2022-09-15,1877.672,4353.79102,8565.16895,5517.94238,9792.59,24086.1289,22650.7598
2022-09-16,2166.39551,4083.96582,7674.05713,4957.979,9027.29,24725.0625,23951.5605
2022-09-17,2192.25024,4029.34814,6847.63477,4623.22852,8376.91,23911.5898,24904.791
2022-09-18,1976.49744,4272.9458,6215.36963,4671.28516,7621.52,21733.9297,25031.9551
2022-09-19,1775.38562,4958.83643,5930.91504,5020.08301,7020.17,19657.1152,23604.4707
2022-09-20,1657.24023,5283.28906,6003.57227,5187.65039,6883.58,17974.8457,21280.0195
2022-09-21,1677.92578,4863.69336,6595.91992,4992.49463,7098.21,16421.6719,19513.0273
2022-09-22,1997.19617,4300.46826,6959.31006,4943.91602,7360.46,15542.917,17696.7734
2022-09-23,2310.71411,3993.55347,6523.83691,5032.68604,7182.15,15619.209,16402.7109
2022-09-24,2335.72046,4185.15674,5946.51514,5046.06982,6794.84,16575.0156,15826.9424
2022-09-25,2375.41333,4864.42676,5670.12842,5176.32959,6865.09,17070.9023,16329.8955
2022-09-26,2512.79272,5445.104,5858.7417,5339.50146,7010.98,16056.9141,17327.7695
2022-09-27,2513.06787,5729.40869,6578.12646,5721.17871,7125.34,15433.5166,17620.1367
2022-09-28,2239.89819,5833.30664,7217.63525,6072.15918,7190.64,15497.4326,16947.9453
2022-09-29,1929.82935,5604.29297,7431.65527,5970.89355,7335.27,15984.3691,16382.667
2022-09-30,1747.19446,5209.76514,7391.4751,5452.95654,7593.95,16700.3457,16670.2207
2022-10-01,1574.48572,4695.32471,7054.80518,4752.55322,7719.01,17572.6484,17676.041
2022-10-02,1374.33142,4197.6958,6780.48682,4048.04443,7385.46,18261.6289,19086.9727
2022-10-03,1342.98853,4113.39844,6727.50391,3593.53833,6843.91,18654.2324,20234.7676
2022-10-04,1748.08301,4486.34229,6715.07861,3572.54175,6308.16,18719.1895,20719.2773
2022-10-05,2236.23096,5048.1709,7080.98096,3763.06763,6018.91,18583.1914,20402.6797
2022-10-06,2442.9292,5541.57227,7782.35498,4206.92236,6205.92,17877.3438,20129.7715
2022-10-07,2544.08252,5895.59619,8187.76367,4914.04102,6602.34,16984.7363,19483.6289
2022-10-08,2487.96118,5916.59375,8278.04102,5287.27002,6666.09,17022.2949,18479.4219
2022-10-09,2182.14087,5641.49219,8256.4248,5255.8252,6872.13,18290.9453,17632.5391
2022-10-10,1932.53711,5424.74854,7973.40723,4997.75879,7228.58,18864.3984,18137.7266
2022-10-11,1997.31677,5328.84131,7527.04639,4595.89502,7243.11,18799.5352,19271.5684
2022-10-12,2351.98657,5107.49756,7261.79834,4386.74756,7089.22,18797.916,19655.1328
2022-10-13,2667.99585,4837.61768,7187.2749,4623.17725,6784.67,18652.9453,19515.4883
2022-10-14,2558.81641,4958.13232,7002.03418,5411.27588,6451.50,17964.7168,19398.1016
2022-10-15,2239.96021,5262.86816,6768.83984,6461.37402,6394.60,17353.6055,18929.3477
2022-10-16,1968.90808,5307.52344,6886.84424,6798.32568,6791.13,16747.0488,18174.8418
2022-10-17,1677.19739,4898.78418,7130.39551,6086.63867,7618.65,16236.1348,17671.3672
2022-10-18,1408.74048,4257.98535,7089.16553,5050.41846,8383.21,15946.748,17088.6035
2022-10-19,1268.52075,3800.53931,6659.39844,4202.28955,8224.29,16264.6543,16694.3281
2022-10-20,1287.11792,3528.24902,5996.33838,3642.73022,7272.14,17031.334,16350.1592
2022-10-21,1342.65515,3328.16235,5471.17725,3346.5686,6398.31,17580.9648,16806.5547
2022-10-22,1263.52295,3158.53955,5100.54932,3288.65698,5740.19,16833.8145,17543.9824
2022-10-23,1113.19617,3036.24292,4781.80859,3226.13892,5145.80,15099.1025,17687.8711
2022-10-24,1021.88202,2962.15576,4533.81641,3033.29053,4729.02,13563.6914,16495.9824
2022-10-25,1222.08972,2973.78809,4479.34424,2799.88477,4576.03,12024.9287,14774.9492
2022-10-26,2075.11768,3465.8208,4622.0459,2566.08179,4416.09,11571.585,13381.5742
2022-10-27,2920.61938,4534.59668,4890.39355,2489.16724,4171.30,11408.4658,12468.8066
2022-10-28,2861.77734,5570.47461,5430.27148,2913.70532,4086.81,11284.8945,12116.6836
2022-10-29,2254.66016,6269.57617,6267.52148,3683.97192,4013.26,10992.1357,11906.6162
2022-10-30,1665.6377,6378.25049,7068.79248,4857.7627,4004.34,10720.7275,11534.2979
2022-10-31,1252.80151,5678.31055,7556.7334,6034.93164,4502.83,11003.7744,11155.5879
2022-11-01,1032.69617,4545.60205,7550.41016,5944.52051,5268.15,11781.9219,11010.4824
2022-11-02,945.799377,3523.31567,6874.49707,4824.98096,6435.31,12681.9854,11426.4668
2022-11-03,911.993286,2872.71997,5723.43848,3712.43994,7263.58,13492.0557,12318.0752
2022-11-04,890.153625,2521.75073,4615.0918,2927.90747,6656.81,14026.2422,13137.5293
2022-11-05,862.948792,2361.29077,3879.30688,2508.66748,5475.88,14225.9912,13869.1396
2022-11-06,810.944336,2282.78711,3463.62939,2334.37549,4435.63,13780.4238,14292.7188
2022-11-07,759.055664,2213.10059,3248.73047,2262.17798,3762.11,12076.2402,14387.5947
2022-11-08,728.221985,2133.55591,3136.60083,2210.55371,3415.88,10160.0117,13486.4902
2022-11-09,707.352966,2034.17957,3055.62183,2166.25806,3271.21,8692.21191,11565.6836
2022-11-10,689.171875,1933.2417,2957.83716,2088.71045,3198.57,7788.90381,9766.72168
2022-11-11,672.302795,1858.29919,2836.75781,1989.43677,3134.06,7351.65869,8482.66602
2022-11-12,656.369629,1804.03467,2714.79175,1922.17175,3074.76,7138.63232,7749.95996
2022-11-13,641.012878,1760.21814,2616.0249,1880.2854,2971.69,6947.16309,7415.70996
2022-11-14,626.10022,1720.8407,2543.28394,1846.10181,2870.27,6718.39648,7225.29688
2022-11-15,611.523682,1683.87854,2484.06543,1815.94568,2803.71,6481.91748,7017.50781
2022-11-16,597.255676,1647.89209,2430.51733,1787.84839,2756.14,6242.10742,6788.56641
2022-11-17,583.528076,1612.01892,2379.79321,1760.83582,2714.40,6053.76855,6543.04639
2022-11-18,570.243042,1576.87231,2330.67822,1734.71387,2676.33,5922.43213,6320.3252
2022-11-19,557.325623,1542.33948,2281.78198,1709.25513,2640.19,5821.17383,6161.82178
2022-11-20,544.748657,1509.19812,2233.51929,1684.26819,2605.03,5734.22363,6053.38184
2022-11-21,532.500244,1476.96631,2186.44312,1660.26941,2570.90,5648.38037,5957.73193
2022-11-22,520.56781,1445.5719,2140.93945,1637.09912,2537.40,5559.56641,5863.87451
2022-11-23,508.950165,1414.70105,2096.61304,1614.07275,2504.50,5475.20459,5770.31934
2022-11-24,497.629883,1384.30835,2053.37134,1591.33655,2472.88,5394.51221,5677.26172
2022-11-25,486.586456,1354.59399,2010.73535,1569.32874,2441.94,5317.19531,5591.59424
2022-11-26,475.796173,1325.51331,1971.70312,1534.04639,2397.02,5284.38281,5538.81885
2022-11-27,465.241455,1297.08752,1927.52222,1519.23962,2375.01,5162.88623,5419.15918
2022-11-28,454.909546,1269.26404,1887.19983,1504.00647,2352.28,5087.20361,5345.94287
2022-11-29,444.797089,1242.04504,1847.74487,1482.51904,2324.32,5011.84375,5269.68945
2022-11-30,434.90097,1215.38257,1809.14612,1461.59497,2295.95,4939.89014,5202.06982
2022-12-01,425.208313,1189.31165,1771.35657,1441.34778,2266.76,4875.85693,5129.68652
2022-12-02,415.743134,1163.94946,1734.44446,1424.9447,2237.93,4827.71777,5057.3999
2022-12-03,406.558929,1139.80212,1698.85388,1425.63965,2210.01,4780.23047,4999.82812
2022-12-04,397.579407,1116.55786,1666.47693,1422.09009,2184.83,4711.54297,4953.1748
2022-12-05,388.700256,1092.73682,1638.07471,1395.34937,2175.36,4631.04102,4895.86865
2022-12-06,379.947235,1068.6604,1606.84265,1364.29541,2145.29,4556.23438,4817.28271
2022-12-07,371.375671,1044.99438,1570.59229,1335.57056,2132.49,4492.89014,4734.81006
2022-12-08,363.025116,1021.81708,1534.18518,1311.76489,2097.47,4463.88379,4661.40283
2022-12-09,354.872375,999.347046,1498.8916,1291.88074,2008.86,4433.18115,4605.30273
2022-12-10,346.914124,977.574036,1465.43994,1273.38989,1860.35,4282.62354,4592.00098
2022-12-11,339.136932,956.4021,1433.80542,1255.0061,1811.50,4106.27783,4528.69873
2022-12-12,331.524567,935.600586,1403.63757,1236.30664,1773.20,3869.11279,4329.48096
2022-12-13,324.08313,915.258606,1374.45544,1217.87744,1739.31,3758.11206,4152.76904
2022-12-14,316.804169,895.368652,1345.37134,1199.43213,1708.79,3667.88965,3945.72632
2022-12-15,309.689331,875.988647,1316.43762,1182.00647,1680.80,3595.27246,3850.07397
2022-12-16,302.735229,857.050293,1288.13904,1165.41028,1654.31,3530,3766.2688
2022-12-17,295.939789,838.422852,1260.74573,1149.17432,1628.24,3468.37012,3696.32739
2022-12-18,289.295441,820.210999,1234.13293,1133.31494,1602.65,3409.60596,3632.1814
2022-12-19,282.83548,802.41864,1208.0271,1120.70642,1578.55,3352.59937,3571.15723
2022-12-20,277.412903,785.078979,1182.47278,1114.82825,1554.90,3296.39868,3512.85156
2022-12-21,274.486145,768.560181,1157.49573,1111.38611,1533.67,3242.53564,3455.77148
2022-12-22,272.414154,755.328125,1133.08264,1105.04248,1519.47,3191.03491,3400.09619
2022-12-23,266.426025,751.179749,1109.53003,1095.09204,1511.02,3140.89917,3346.9397
2022-12-24,257.711853,743.617615,1088.5365,1077.24695,1501.97,3096.76855,3295.21191
2022-12-25,249.802765,725.754944,1076.6532,1053.97742,1487.65,3064.43726,3245.96387
2022-12-26,243.166168,706.207642,1063.65393,1129.10132,1727.27,3385.53491,3558.03027
2022-12-27,250.7043,684.780396,1040.9408,1107.28882,1701.63,3390.65234,3562.78052
2022-12-28,315.152527,669.065674,1015.49457,1012.70416,1597.88,3290.47412,3455.95264
2022-12-29,395.730682,681.74939,988.329773,993.345337,1549.57,3241.49634,3417.177
2022-12-30,400.605896,723.99939,966.553284,1069.14612,1458.21,3126.3772,3325.20435
2022-12-31,347.956787,793.790222,971.622925,1324.84534,1341.77,2961.21069,3170.79175
2023-01-01,289.822937,855.602783,1007.57806,1639.54089,1367.38,2787.11206,3002.95557
2023-01-02,248.128738,843.855896,1071.74768,1689.82263,1500.72,2709.78101,2908.7771
2023-01-03,225.796875,769.003662,1130.59619,1481.75464,1794.60,2713.36182,2851.37012
2023-01-04,213.302658,682.098755,1123.80225,1243.21094,2047.10,2797.08423,2818.96606
2023-01-05,204.83905,616.187256,1049.08728,1070.96033,2001.81,3008.26758,2844.97314
2023-01-06,198.3797,577.106873,953.569946,975.373108,1766.56,3337.66235,2965.17773
2023-01-07,192.314987,554.051147,877.108582,934.022522,1535.57,3549.9873,3225.71558
2023-01-08,184.810272,536.99884,828.563232,914.303284,1365.11,3416.63745,3551.35303
2023-01-09,177.742111,521.966064,798.65918,898.17804,1272.57,3084.86597,3652.77979
2023-01-10,172.656952,507.359467,776.107971,879.89209,1227.39,2780.46606,3423.74219
2023-01-11,168.551056,492.264526,756.122925,855.257141,1200.77,2564.51123,3086.41089
2023-01-12,164.756409,478.069733,736.756165,830.254089,1178.04,2441.53931,2808.40039
2023-01-13,161.04068,465.984558,717.085632,813.806641,1152.40,2372.3208,2625.38794
2023-01-14,157.602737,455.435547,698.265747,803.305298,1121.81,2324.19604,2524.58789
2023-01-15,154.264893,445.576294,681.49231,793.839172,1094.06,2279.92505,2464.72876
2023-01-16,151.598801,436.034241,666.560608,784.523254,1075.13,2232.83325,2418.49268
2023-01-17,149.495407,426.72702,652.509888,778.214661,1060.22,2182.59912,2373.34717
2023-01-18,146.039932,417.729584,638.902771,774.092651,1046.42,2138.37964,2325.75146
2023-01-19,141.893707,409.150787,625.588257,767.653015,1033.68,2103.63403,2275.82642
2023-01-20,138.158569,401.601013,612.698364,758.450745,1024.39,2073.40161,2233.67383
2023-01-21,134.632568,393.490021,600.197998,746.923584,1016.11,2044.67041,2200.39209
2023-01-22,131.431488,384.245972,588.796753,732.949768,1004.62,2017.39404,2170.44775
2023-01-23,128.435577,375.34137,577.274597,718.609375,991.05,1993.8811,2141.59888
2023-01-24,125.560417,366.771698,564.576111,706.64502,975.03,1972.02234,2115.14111
2023-01-25,122.766594,358.623383,552.086182,695.972046,956.78,1948.04114,2092.1687
2023-01-26,120.198128,350.828308,540.038147,685.186096,939.57,1921.26758,2069.60938
2023-01-27,117.665871,343.28421,528.4599,732.728333,1185.48,2287.90063,2431.51025
2023-01-28,114.957008,335.931274,517.326416,664.224548,1113.99,1989.07227,2138.07764
2023-01-29,112.273361,328.850952,506.5224,657.148987,1100.56,1959.82593,2111.51929
2023-01-30,109.681618,322.002533,495.980835,654.429382,1087.32,1933.25842,2080.55566
2023-01-31,107.173462,315.098755,485.749817,649.384277,1075.40,1907.92273,2051.96484
2023-02-01,105.114799,308.244049,475.849792,640.022705,1067.37,1882.74841,2025.65112
2023-02-02,112.337608,302.127594,466.0065,632.841736,1062.38,1857.9646,2000.10901
2023-02-03,146.212021,299.683716,456.43512,628.710815,1053.67,1834.93103,1974.69971
2023-02-04,170.449997,304.254486,449.624451,626.22644,1043.09,1828.8772,1963.67834
2023-02-05,156.008575,317.547455,447.401337,623.738525,1035.59,1866.31067,1992.62512
2023-02-06,143.292801,355.46463,449.415314,630.095886,898.27,1743.15344,1886.12463
2023-02-07,138.327423,380.503601,456.667847,658.312988,815.76,1624.00586,1750.18982
2023-02-08,125.009338,357.714081,486.589417,669.84491,811.93,1615.85706,1731.68152
2023-02-09,120.187996,326.006104,511.98526,645.045898,822.14,1616.43481,1719.55627
2023-02-10,135.319702,308.691498,493.329437,617.786194,846.77,1626.22131,1716.05151
2023-02-11,143.804825,292.779114,456.94635,603.956543,842.84,1652.25586,1716.02954
2023-02-12,138.663101,279.109863,434.607269,603.892517,810.34,1672.91699,1730.20166
2023-02-13,129.285965,286.928741,417.163452,625.889404,784.09,1664.0282,1759.97485
2023-02-14,112.350853,297.510986,399.043396,643.682373,770.71,1625.71716,1772.92346
2023-02-15,98.6753464,292.547668,400.705017,628.042908,773.99,1573.81445,1752.71423
2023-02-16,90.1387329,279.918457,410.625183,596.62793,796.15,1527.50366,1707.0415
2023-02-17,85.9647675,261.058807,405.96579,565.757568,802.01,1499.44373,1656.32446
2023-02-18,86.483345,241.754303,391.860291,554.0672,775.84,1509.14197,1622.91248
2023-02-19,87.6028137,229.732635,372.248138,558.07782,741.11,1536.41174,1627.90051
2023-02-20,85.7681503,222.54277,350.001465,557.127747,711.93,1532.65637,1666.44739
2023-02-21,87.6524582,219.165771,334.734161,562.675232,704.87,1492.4397,1682.43884
2023-02-22,94.7850113,219.881058,324.961914,598.380676,706.98,1438.54041,1650.57764
2023-02-23,104.507568,219.683823,318.906921,608.645935,702.93,1392.79614,1591.24255
2023-02-24,165.602509,220.389099,317.125916,572.125122,681.72,1403.71375,1570.41187
2023-02-25,283.932495,227.571075,315.499054,564.340271,714.27,1240.63611,1378.4071
2023-02-26,331.381653,234.279388,313.772339,624.519897,705.78,1230.47559,1362.2782
2023-02-27,270.49704,267.747223,317.990234,917.747498,672.64,1242.24133,1352.70264
2023-02-28,196.315186,366.30719,323.052551,1573.58862,681.45,1270.81372,1347.95068
2023-03-01,177.842911,444.388214,346.429871,1966.72705,784.85,1261.8667,1371.20801
2023-03-02,197.475616,414.566925,432.730377,1754.49915,1226.33,1283.02075,1441.14758
2023-03-03,176.289352,332.215485,522.054382,1399.55164,1896.65,1316.11255,1431.4574
2023-03-04,131.402023,283.832367,510.238556,1158.99036,2100.03,1461.37939,1394.59509
2023-03-05,101.851387,293.317169,428.478516,1028.75476,1787.81,2004.06189,1437.52917
2023-03-06,80.1419067,288.844513,368.292328,894.241333,1435.57,2758.82568,1695.83179
2023-03-07,68.9181213,245.176727,368.551331,769.679565,1226.67,2937.19556,2377.31958
2023-03-08,66.7951508,206.993912,370.395691,683.872498,1092.18,2540.95947,2997.4082
2023-03-09,70.6351089,180.26474,329.715759,630.596497,949.18,2135.27295,2927.31079
2023-03-10,69.1068192,164.518768,286.95755,598.282471,833.59,1922.66003,2482.8374
2023-03-11,61.8001442,159.802597,257.52179,597.140442,757.35,1767.12207,2137.83228
2023-03-12,54.4066849,160.894913,238.125183,632.742859,711.38,1575.18262,1967.27271
2023-03-13,49.0932121,159.44249,230.635696,643.52124,685.45,1420.94678,1798.67932
2023-03-14,54.5572205,151.367722,229.978134,611.549377,700.45,1317.78918,1612.36926
2023-03-15,70.1948166,140.866989,228.713486,566.534729,739.59,1258.73108,1476.8396
2023-03-16,111.605316,142.74559,224.730026,549.434937,742.83,1231.66455,1387.76514
2023-03-17,215.944824,193.132538,225.473068,589.027893,717.29,1253.62256,1341.54297
2023-03-18,277.343353,252.803299,244.523804,671.331848,713.11,1302.95496,1329.92871
2023-03-19,254.140823,303.110199,304.564972,860.127869,807.88,1330.67859,1367.90576
2023-03-20,231.370422,398.053497,371.220612,1150.73608,962.04,1356.01135,1412.5481
2023-03-21,283.32486,480.499054,426.610962,1317.94177,1056.42,1434.64221,1436.73071
2023-03-22,450.808868,530.367065,522.844299,1322.63989,1237.66,1693.05933,1469.14221
2023-03-23,589.59491,576.642761,620.150391,1350.36646,1520.38,2021.66443,1593.94031
2023-03-24,608.435364,641.149658,679.27301,1527.72571,1683.05,2188.39966,1903.98267
2023-03-25,580.771729,731.826477,720.660645,1873.2915,1691.15,2385.65674,2201.12305
2023-03-26,486.899811,810.502747,764.841736,2282.93994,1743.18,2704.32715,2343.31787
2023-03-27,336.839111,799.385132,828.536743,2737.39331,2305.75,4371.87012,4067.5188
2023-03-28,236.960907,733.168274,893.049377,2920.25464,2616.92,3840.33643,3970.28003
2023-03-29,220.786423,651.430725,885.115051,2553.61865,2893.01,3417.70312,3514.42163
2023-03-30,248.398209,505.349091,813.343994,1940.85779,3179.10,3609.7085,3480.94019
2023-03-31,259.202881,390.87677,734.582642,1490.77417,3221.61,3945.03418,3542.01245
2023-04-01,254.591385,367.864777,596.21991,1326.23987,2797.67,4226.13574,3790.90649
2023-04-02,243.290695,391.717682,472.172089,1350.42664,2220.74,4449.04004,4146.229
2023-04-03,268.756653,419.069885,447.590271,1385.70862,1854.04,4349.41992,4427.22314
2023-04-04,353.271118,437.523468,486.229797,1375.65381,1760.61,3679.25562,4449.9292
2023-04-05,428.567444,442.561005,524.477966,1343.1853,1686.14,2916.19116,4073.76953
2023-04-06,413.027008,457.79245,540.768494,1335.2937,1596.57,2414.35376,3305.27393
2023-04-07,340.235352,502.016266,538.284973,1417.07422,1496.57,2300.31128,2677.94189
2023-04-08,266.117859,555.44812,533.770508,1588.46179,1454.12,2330.13306,2368.48364
2023-04-09,187.960632,549.179199,555.494873,1633.96252,1453.65,2360.91968,2367.5874
2023-04-10,134.618973,466.367584,602.701172,1483.76685,1570.38,2331.42432,2432.71436
2023-04-11,106.928909,372.562988,608.104248,1269.62341,1729.65,2291.76831,2444.08765
2023-04-12,93.8408813,281.914917,531.48877,1056.08386,1702.76,2324.63159,2402.82397
2023-04-13,89.3389511,210.46434,433.322723,890.80072,1514.36,2479.51514,2378.62793
2023-04-14,85.7187424,169.559326,340.006042,791.634399,1289.50,2611.89624,2451.16211
2023-04-15,79.8219528,148.374969,261.119934,747.066589,1083.22,2496.50366,2626.66626
2023-04-16,74.2522583,138.826202,213.734634,729.392212,934.62,2213.7583,2688.68311
2023-04-17,72.3025436,134.816956,188.722427,725.151123,852.84,1896.69849,2496.65796
2023-04-18,80.2751923,130.373779,176.714661,716.349548,817.60,1620.75598,2193.84546
2023-04-19,129.779007,123.670609,171.677933,693.662231,806.35,1434.28784,1882.35278
2023-04-20,181.359314,122.108711,167.352524,679.618347,803.17,1334.14221,1635.0835
2023-04-21,235.889847,129.741531,161.062729,709.894897,792.23,1289.77356,1480.91162
2023-04-22,352.151062,191.667816,167.44191,851.298462,783.00,1277.74329,1405.04968
2023-04-23,466.811646,290.64328,203.171951,1004.65387,804.19,1291.51746,1375.92822
2023-04-24,541.734253,370.089661,290.876282,1057.74023,937.22,1337.34045,1384.24182
2023-04-25,652.251282,511.780273,424.22226,1234.16211,1206.90,1453.98621,1418.80566
2023-04-26,687.652222,753.300476,527.217346,1847.61914,1836.69,3313.96582,3236.75659
2023-04-27,566.90271,928.906128,627.872131,2379.18359,1909.76,3437.17114,3112.05591
2023-04-28,432.214355,992.134399,827.927979,2556.72656,2146.42,3252.32324,2707.36353
2023-04-29,347.252808,975.566162,1006.883,2356.05078,2646.75,3497.72656,3029.81812
2023-04-30,325.915588,815.925232,1061.04956,2000.95911,3032.36,3644.6709,3455.84375
2023-05-01,349.000153,611.066833,1043.677,1706.56641,3024.16,4004.0437,3649.60669
2023-05-02,370.08313,491.302765,915.200867,1478.81433,2716.32,4389.88037,3696.56299
2023-05-03,418.172516,483.031219,743.048462,1334.9939,2342.48,4682.25928,4127.92529
2023-05-04,537.302429,562.005615,656.849121,1385.75732,2110.39,4660.84961,4619.42334
2023-05-05,634.825623,646.134399,661.893982,1507.58716,2019.47,4357.49219,4845.29443
2023-05-06,583.83313,699.735962,746.083862,1655.94226,2101.20,3995.16357,4714.80811
2023-05-07,452.23172,763.066589,837.618835,1757.39026,2196.56,3816.93604,4332.46924
2023-05-08,356.049255,829.916199,867.049561,1828.12842,2246.31,3921.10034,3975.19678
2023-05-09,271.043304,787.138733,880.67334,1771.41284,2302.03,4201.71143,3900.19019
2023-05-10,202.403549,621.659302,915.265869,1590.36389,2326.59,4268.95557,4127.26074
2023-05-11,172.365891,471.039978,873.902527,1400.88135,2327.73,4109.49561,4325.81738
2023-05-12,177.423096,365.890564,712.030701,1237.89526,2069.46,3830.9209,4128.14258
2023-05-13,219.94751,299.834961,640.047852,1117.00012,1944.41,3868.42603,4015.74438
2023-05-14,290.95694,395.307648,905.88147,1195.73059,2137.00,4143.00391,4069.90039
2023-05-15,612.275208,806.449524,1614.32788,1817.6698,2571.41,5208.4873,4486.229
2023-05-16,1720.20007,1561.54016,2812.43628,2941.96899,3203.37,7569.83643,5382.35938
2023-05-17,2698.95288,2381.27441,4117.57324,4020.15332,4367.45,9977.57227,6901.44482
2023-05-18,2482.6709,3035.90234,5203.22998,5338.27539,6308.76,11619.3232,9194.41797
2023-05-19,1851.01624,3844.1355,5889.65039,6971.48535,7851.09,12761.3418,11163.4443
2023-05-20,1298.16333,4384.35645,5760.33936,8173.09277,8122.20,13721.6924,12426.665
2023-05-21,847.523132,3872.18018,5540.78418,8218.90723,8555.29,15343.8926,13303.0732
2023-05-22,635.093018,2862.88354,5545.52295,6737.16162,9316.04,16632.3398,14358.7578
2023-05-23,609.811829,2003.09265,4866.64502,4731.88184,9652.91,16603.5469,16032.7314
2023-05-24,629.634216,1382.0354,3708.53931,3173.78394,8957.51,16183.4795,16978.1992
2023-05-25,630.387939,1052.77417,2746.13452,2260.1499,7042.78,16661.6641,16442.416
2023-05-26,675.967102,989.783081,2052.2561,1997.99915,5108.51,16003.6494,16530.6699
2023-05-27,688.638977,1063.54956,1636.13062,1996.8075,3468.64,13933.8896,16543.084
2023-05-28,623.952271,1156.76172,1539.34094,1990.63171,2890.45,11077.8057,15473.3164
2023-05-29,559.194885,1222.46997,1596.44434,1910.56897,2873.48,8425.7207,13220.1729
2023-05-30,477.78537,1181.2196,1653.56421,1728.60327,2928.77,6689.98779,10158.335
2023-05-31,394.485596,1023.86743,1688.56128,1525.29041,2854.53,5513.69238,7925.02246
2023-06-01,345.732544,852.92804,1635.34253,1344.49963,2595.16,5673.61572,6567.06445
2023-06-02,357.001892,733.97229,1477.46228,1219.94788,2277.79,5915.37598,6112.23779
2023-06-03,487.035736,738.425659,1408.34717,1219.75232,2068.41,5987.17773,6470.71729
2023-06-04,594.783875,916.299133,1557.07129,1357.58276,2054.44,5793.07227,6672.60693
2023-06-05,591.749268,1242.37939,1766.02478,1527.54028,2254.14,5783.58008,6615.7002
2023-06-06,544.889709,1568.51318,1929.19763,1723.95276,2818.03,6335.34814,6470.85938
2023-06-07,483.042084,1621.45422,2201.18115,1868.07275,3338.79,6950.79639,6692.45654
2023-06-08,493.733124,1545.00647,2611.99854,1872.04651,3384.35,7320.55762,7342.3501
2023-06-09,594.381897,1738.01453,2885.22339,1964.68579,3429.48,8062.31982,7763.04834
2023-06-10,1035.15723,1992.98096,3023.78223,2231.77466,3496.59,8927.71289,8035.33691
2023-06-11,1759.58362,2039.43945,3360.90356,2935.71313,3599.61,9392.32031,8844.38477
2023-06-12,2346.87036,2255.65576,3634.77466,4086.27808,4000.46,9655.81641,9500.32715
2023-06-13,2989.10205,3218.83643,3520.27515,4995.4248,4627.04,9662.46777,9892.28906
2023-06-14,3937.1062,4725.53223,3496.43384,5482.64697,5539.10,9750.82129,10164.4531
2023-06-15,4633.57471,6316.20654,4189.10205,6425.47217,6583.66,10104.1748,10457.8721
2023-06-16,4737.9458,7949.85156,5626.38184,8358.89648,7316.54,10554.6807,11233.6367
2023-06-17,4507.40186,9240.53516,7359.61426,10526.915,7920.96,11600.8311,11785.5117
2023-06-18,3906.18799,9820.14844,9041.56543,11896.1045,9252.51,13537.0801,11975.2354
2023-06-19,3229.8252,9527.47461,10395.6162,12416.8633,11305.75,15838.7812,12996.8086
2023-06-20,2734.17188,8606.41113,11226.7988,11941.7734,13431.34,18104.418,14936.4268
2023-06-21,2336.50806,7393.51514,11224.9102,10338.6035,14547.33,21122.6348,17162.9414
2023-06-22,2111.26562,6253.47363,10410.2158,8595.75586,14780.27,24210.1602,19733.3027
2023-06-23,2137.55566,5508.74072,9143.39453,7620.49219,13890.05,26751.4785,22700.5234
2023-06-24,2428.6958,5256.08984,7939.45117,7845.8916,12061.72,27685.416,25951.1348
2023-06-25,2553.14917,5449.33643,7291.7876,8907.7627,10651.84,26931.1953,28256.9766
2023-06-26,2362.28467,5641.93652,7193.73828,10250.4609,10368.45,23993.3594,28410.4746
2023-06-27,2138.68408,5637.63281,7335.4043,10654.8281,11460.56,21971.9883,27148.6621
2023-06-28,1963.22729,5452.11914,7354.19727,9791.41797,12592.67,20338.3828,24632.7363
2023-06-29,2091.09351,5053.86279,7174.87256,8371.67773,13273.03,20112.832,22171.5625
2023-06-30,2289.57153,4527.64648,6872.93408,6928.1748,12783.11,20988.4238,20734.8652
2023-07-01,2191.39111,4097.58691,6439.75586,5909.09717,11499.58,21948.1699,20829.0957
2023-07-02,1906.48047,4037.77734,5848.91162,5440.35352,9931.39,22413.0156,22010.1133
2023-07-03,1649.39624,4274.47461,5356.07031,5361.10547,8716.57,21507.5234,22667.5371
2023-07-04,1599.30518,4513.47656,5229.5249,5268.00635,8095.01,19557.7637,22562.8145
2023-07-05,1812.91272,4528.18359,5451.9043,5276.41064,8078.92,17602.2031,21284.3926
2023-07-06,2220.38452,4523.59473,5744.4043,5585.22314,8213.71,16166.6162,19356.791
2023-07-07,3175.86548,4764.22021,5772.39355,5664.23145,8039.89,15696.8066,17717.791
2023-07-08,4568.28223,5067.9751,5684.26807,5376.41553,7946.29,15934.5879,16671.7031
2023-07-09,5667.99902,5468.92969,5803.38916,5269.729,8034.79,16080.0615,16368.4307
2023-07-10,5981.28564,6660.00146,6132.52344,6134.91211,7731.18,15682.2402,16540.4609
2023-07-11,5456.87256,8712.9248,6755.79883,7652.58447,7381.94,15649.4102,16552.8457
2023-07-12,5199.21289,10542.5977,8332.95312,8425.15918,7589.30,16248.0742,16252.6074
2023-07-13,5746.01465,11424.9717,10855.7461,8251.62891,9086.89,16510.3496,16775.9648
2023-07-14,7113.36963,11268.0859,13036.2295,7894.00195,10995.13,17202.1504,17316.1699
2023-07-15,8359.84375,11255.9375,14091.8076,8554.90137,11875.10,19619.4141,17804.3262
2023-07-16,8060.73047,11864.8057,13825.2891,10925.6152,12139.79,23843.2227,19114.5117
2023-07-17,7900.75879,12682.9385,13443.0967,12860.0117,12555.58,28458.1035,22093.5684
2023-07-18,8292.75,13618.1211,13815.2256,12174.4648,13805.30,30346.2715,26415.0586
2023-07-19,7186.57959,13679.9619,14455.4766,10221.1514,15819.63,30069.2207,30148.2148
2023-07-20,5363.42383,13277.1396,15191.0664,9111.36426,16292.32,30219.541,30859.3223
2023-07-21,4386.96875,13166.0215,15273.583,9811.13574,14284.03,31640.8379,30403.6074
2023-07-22,4387.10254,12409.8633,14831.4707,11081.5459,12197.94,33779.7891,30944.6562
2023-07-23,4339.41162,11077.0771,14761.5615,11833.5342,12336.72,34508.2266,32716.3652
2023-07-24,4015.80688,10201.7246,14353.3135,12106.8438,14641.26,32279.5176,34717.918
2023-07-25,3843.64819,9900.44434,13208.6533,11753.0322,16202.36,29994.8379,34527.6016
2023-07-26,3581.72998,9594.53516,12238.9932,10844.6875,16357.25,30610.9863,31850.125
2023-07-27,3369.42603,9008.23438,11619.9463,9305.71387,15828.59,32872.6641,30099.5586
2023-07-28,3182.41187,8433.29297,11079.7598,7781.68262,14517.21,33529.4297,31625.3633
2023-07-29,3008.06055,8017.41553,10395.835,7081.77051,12869.62,32727.457,33667.4727
2023-07-30,2924.21094,8013.94287,9724.42285,7339.12891,11069.73,30891.7676,33677.6641
2023-07-31,2895.93506,8375.56836,9307.41016,7524.71924,9962.97,28252.4121,32578.543
2023-08-01,2785.99414,8554.3418,9365.85254,7140.87598,9880.81,25285.0664,30600.9414
2023-08-02,2709.2793,8305.88965,9856.71289,7151.94385,10677.93,22787.8496,28398.0371
2023-08-03,2882.84058,7888.93213,10321.3154,8009.64502,11129.30,21906.4141,26727.2891
2023-08-04,3192.00708,7438.89795,10249.749,9089.92188,11004.09,22539.7715,25620.5117
2023-08-05,3737.48022,7065.43359,9662.48242,10015.627,11528.12,24131.4922,24708.4277
2023-08-06,4526.29004,7272.79932,9050.02441,10488.7832,12704.38,24752.9355,24968.2832
2023-08-07,5072.84961,8057.42139,8544.0127,10265.4346,14177.63,24491.6465,25818.2441
2023-08-08,5304.47461,9010.71582,8544.0332,10521.3389,15077.58,24814.6504,25596.6309
2023-08-09,5220.61426,10042.2822,9226.69727,11996.0322,14773.34,25326.3438,25757.8652
2023-08-10,4952.36328,10915.5713,10182.4443,12977.5127,13978.16,26406.2031,26321.3555
2023-08-11,5225.89307,11266.0488,11357.8281,12895.8418,14402.28,27461.2617,27054.7969
2023-08-12,5738.16943,10833.5352,12507.9619,12851.7139,16002.25,27743.5,27955.168
2023-08-13,6002.3501,9852.94141,13148.0107,11952.3125,16820.17,27543.584,28454.457
2023-08-14,6376.83594,9712.22266,13010.6406,10313.0615,16906.29,28835.6445,28275.4102
2023-08-15,6378.2749,10723.3359,12086.3818,10256.9326,16603.29,31296.6445,28290.0605
2023-08-16,5438.48926,11676.625,11640.7646,11786.5088,15034.06,33087.5781,30156.6621
2023-08-17,4448.88477,12005.9023,12571.29,13203.2236,13526.08,33196.1797,32645.5234
2023-08-18,3719.22778,11735.167,13958.96,13078.2109,13817.65,31897.7539,33890.457
2023-08-19,3050.3728,10600.8535,14731.3672,11456.0098,15354.60,30048.2617,33457.0547
2023-08-20,2814.30908,9014.52246,14554.0098,9276.92188,16250.13,29619.3301,31702.3262
2023-08-21,2997.17944,7629.45703,13312.9385,7340.44775,15497.53,30892.1504,30142.8359
2023-08-22,3314.16089,6600.42285,11478.835,6159.83057,13561.25,32909.875,30319.4492
2023-08-23,3914.92261,6696.71533,9977.66113,5999.90869,11430.87,33892.875,32158.9844
2023-08-24,4839.52539,8110.98291,9199.58008,7297.55908,10006.17,32203.9746,34381.7578
2023-08-25,5300.85449,9615.37988,9675.44336,9901.76855,9843.34,28810.9375,34601.1172
2023-08-26,4981.21094,10844.5713,11386.54,12814.9961,10835.20,25519.2148,32092.4062
2023-08-27,4475.90283,11817.9482,12889.1699,14018.3535,12587.27,23537.2617,28366.7656
2023-08-28,4357.21729,12046.3838,13728.541,12650.8789,14799.55,24602.1426,25273.416
2023-08-29,5055.70117,11338.3125,14224.0664,10402.6621,16742.74,27370.6719,24263.9004
2023-08-30,5866.46338,9917.12891,14271.8975,9013.31836,16780.71,29829.873,26073.543
2023-08-31,5582.7627,8843.37793,13613.3389,8688.30664,14767.17,32067.8164,28863.0996
2023-09-01,4542.34766,8897.16211,12270.6836,9452.7666,12790.61,34261.1719,31019.5137
2023-09-02,3566.75879,9436.91797,11150.8232,10390.9805,11936.53,34831.9609,33242.9805
2023-09-03,2897.08545,9489.91504,11154.0967,10215.4121,12019.48,32809.7031,35235.3711
2023-09-04,2521.43286,8824.12012,12039.9795,9048.2002,13121.94,30258.9707,35042.1836
2023-09-05,2297.59814,7693.84277,12510.6143,7966.73584,13825.14,29456.2246,32821.5898
2023-09-06,2130.08301,6525.53076,11994.7578,7104.54248,13082.92,31160.834,30888.3828
2023-09-07,2058.27319,5694.72705,11075.4385,6098.15674,11751.25,34809.668,31274.5352
2023-09-08,2024.15247,5215.98145,10055.7676,5548.58496,10699.02,35944.1758,33830.1133
2023-09-09,2000.20068,4994.64453,9115.97852,5502.48926,9705.58,34226.3359,37404.0508
2023-09-10,2003.33447,4979.77783,8641.78613,5645.91455,8875.89,31276.7031,37081.5234
2023-09-11,2013.66602,4957.49756,8573.61035,6088.11865,8907.51,28005.1719,34752.0664
2023-09-12,2069.80688,4924.29688,8510.49902,6260.02441,9253.80,25327.0586,31509.4707
2023-09-13,2188.66724,4987.01758,8163.41211,5901.27588,9435.43,24072.4922,28251.6035
2023-09-14,2308.83228,5021.5752,7663.77393,5384.31543,9751.71,24295.8984,25849.6699
2023-09-15,2385.78125,5035.54346,7384.62158,5144.63281,9792.26,24386.6328,25189.9102
2023-09-16,2258.34546,5187.91846,7290.9082,5579.2251,9401.32,23418.4609,25599.7188
2023-09-17,1947.36157,5355.26855,7196.29639,6578.68994,9040.76,22395.1855,25165.127
2023-09-18,1731.81641,5260.47754,7259.07373,7165.42969,8954.88,21725.5762,24083.6777
2023-09-19,1792.33105,5096.47119,7612.15576,6843.13965,9383.86,21573.1758,23343.0293
2023-09-20,2102.19287,5265.76123,7922.38916,6524.68018,10163.42,22032.6367,22925.5098
2023-09-21,2408.8689,5887.2583,8084.29443,6825.12598,10639.43,22966.4902,22817.1055
2023-09-22,2775.7207,6644.60059,8461.8291,7232.22412,10630.53,23905.248,23324.5293
2023-09-23,3081.38232,7172.93848,9027.66211,7084.69043,10529.59,23917.0723,24213.3633
2023-09-24,3032.6897,7222.8125,9504.10938,6665.20068,10852.47,23561.0703,24653.7012
2023-09-25,2743.61865,6936.05322,9788.31445,6600.84131,10961.96,23436.5957,24285.7051
2023-09-26,2421.16528,6609.23828,9663.51562,6478.27539,10164.92,23427.0703,23765.8359
2023-09-27,2112.06909,6170.68018,9218.37988,6038.97559,9421.67,24173.582,23969.7129
2023-09-28,1799.3219,5600.47266,8743.23633,5404.1377,9019.17,24409.457,24590.9629
2023-09-29,1588.66943,5018.93408,8188.64844,4797.40186,8496.38,23353.9355,25904.9238
2023-09-30,1474.57666,4593.29248,7659.37402,4345.41016,7749.09,22455.6816,26449.9648
2023-10-01,1449.49878,4358.42578,7383.80811,3980.66528,7004.46,21994.1035,25587.5918
2023-10-02,1467.54846,4214.84668,7389.09619,3724.48193,6414.02,20986.6055,24638.9297
2023-10-03,1483.74011,4096.96094,7410.41406,3695.93262,6010.33,19726.5879,23587.1836
2023-10-04,1479.63843,3970.90112,7160.90332,3815.15137,5644.99,18641.0977,22062.7363
2023-10-05,1433.8761,3745.00684,6709.17773,3978.68359,5367.36,17744.7871,20519.4824
2023-10-06,1404.08313,3564.36548,6175.30664,4110.43311,5327.23,16633.2031,19245.0703
2023-10-07,1530.04883,3603.68823,5633.05957,4137.31592,5401.89,15464.1318,18105.9551
2023-10-08,1914.34741,3862.02832,5532.73486,4178.11328,5512.90,14334.2529,16944.3359
2023-10-09,2111.83667,4078.16821,6039.15381,4272.27783,5764.45,13401.4492,15969.0557
2023-10-10,1960.49084,4240.87549,6479.93115,4527.22412,5979.30,13344.9258,14923.1436
2023-10-11,1769.63867,4481.52148,6491.71875,4963.10449,6302.75,14321.2324,14232.3252
2023-10-12,1568.26025,4576.49609,6431.29834,5317.89648,6554.59,15933.1895,14822.4111
2023-10-13,1442.60327,4702.92969,6536.26416,5685.01611,6920.31,16975.8145,16544.3789
2023-10-14,1424.98755,4887.61523,7052.71729,6882.01855,7892.99,17708.4277,18057.7832
2023-10-15,1469.31897,4995.24951,7670.38428,9093.96777,9722.29,17967.2539,18667.5723
2023-10-16,1445.05261,4836.16455,7744.56299,11039.5312,12393.92,18708.9473,18850.0078
2023-10-17,1307.24438,4266.42188,7446.07568,11084.2256,14754.76,20458.5,18834.6953
2023-10-18,1155.60913,3729.17456,6877.98779,9173.09668,15987.53,23522.5781,19693.0723
2023-10-19,1020.79498,3330.94043,5974.6377,6814.18848,15885.86,26509.9531,21763.2598
2023-10-20,932.775574,2975.2124,5163.32031,5018.08154,14019.27,28333.6348,24949.3418
2023-10-21,879.102722,2689.53394,4638.06836,3933.15918,10972.76,27537.4375,27773.1367
2023-10-22,843.42865,2482.84326,4220.27637,3362.84009,8184.31,24955.4648,28754.0527
2023-10-23,815.544922,2339.57593,3890.52856,3022.57324,6577.78,21262.5703,27162.5176
2023-10-24,799.694702,2292.33276,3722.69751,2865.87012,5675.85,17540.0273,24320.7129
2023-10-25,853.428223,2520.07153,3781.3606,2818.45386,5046.32,14868.8232,20542.3008
2023-10-26,1050.25732,3170.94556,4174.08545,2931.80347,4750.93,13539.6846,17284.0352
2023-10-27,1285.55896,3855.82886,5123.19775,3153.70996,4776.97,12640.0908,14786.5781
2023-10-28,1318.08667,4059.95044,6354.79248,3535.88989,5090.15,11845.2178,13788.2734
2023-10-29,1146.64624,3856.31787,7002.62256,3812.79712,5349.18,12147.8672,12970.5859
2023-10-30,951.00769,3519.85278,6716.95654,3723.66284,5380.13,13365.625,12494.0068
2023-10-31,808.752686,3132.52344,5912.33447,3430.49414,5468.18,14460.6367,13078.1299
2023-11-01,721.011353,2703.96045,5114.55811,3104.6333,5448.33,14841.7598,14215.502
2023-11-02,677.539185,2344.91919,4478.93994,2796.27539,5067.70,13947.4609,15380.8633
2023-11-03,656.249878,2111.5752,3943.24463,2543.95532,4629.63,12991.3857,15177.8828
2023-11-04,641.596863,1970.45984,3525.16235,2370.3103,4257.58,11806.6797,14094.7178
2023-11-05,626.073303,1880.05505,3243.03101,2257.00928,3925.14,10772.916,13156.9355
2023-11-06,606.649597,1805.93799,3058.28613,2178.05981,3675.05,9966.91211,11731.9707
2023-11-07,586.504517,1742.24194,2914.56421,2118.44678,3509.75,9427.9502,10770.9219
2023-11-08,570.081177,1690.0686,2784.71094,2062.81494,3382.25,8857.76172,10034.583
2023-11-09,556.756836,1645.40002,2679.21851,2014.88367,3227.55,8276.94824,9459.01855
2023-11-10,544.223877,1604.39795,2598.14062,1992.14856,3126.15,7781.5708,8841.91797
2023-11-11,532.070007,1567.2196,2530.71411,1980.60828,3054.17,7305.83301,8288.86426
2023-11-12,520.382446,1533.51477,2469.43335,1950.30615,2999.47,6873.98389,7792.35303
2023-11-13,509.00589,1501.5752,2412.85742,1909.1864,2973.42,6592.12207,7331.18799
2023-11-14,497.843323,1470.27893,2360.40869,1870.95288,2946.60,6404.61182,6919.80615
2023-11-15,486.848267,1439.6665,2310.71753,1835.82019,2899.27,6266.32129,6688.43652
2023-11-16,476.126831,1411.42847,2270.54517,1807.05408,2850.12,6173.55713,6522.43164
2023-11-17,468.240509,1425.59338,2292.49854,1831.4115,2825.16,6133.76562,6415.76465
2023-11-18,501.785492,1640.17566,2543.1521,2114.54688,2923.94,6252.96924,6369.2251
2023-11-19,674.877197,2094.47534,3097.1123,2624.22827,3247.35,6849.45508,6484.28662
2023-11-20,865.451965,2542.05493,3818.2854,3113.63306,3864.12,7791.29248,6864.29346
2023-11-21,820.805542,2711.41797,4478.30469,3597.72827,4848.45,8805.59668,7562.77344
2023-11-22,662.625488,2643.05835,4779.04541,3951.15112,5682.85,9828.22266,8453.19824
2023-11-23,553.281616,2476.58789,4565.1123,3906.27271,5966.36,10911.5244,9433.06934
2023-11-24,476.806305,2167.4436,4091.83984,3515.91431,5864.91,12127.0801,10367.5273
2023-11-25,434.931091,1809.00891,3647.52539,2986.99365,5613.87,12616.7334,11551.2295
2023-11-26,412.93689,1553.59497,3212.00732,2479.26221,5121.09,12268.5449,12502.4277
2023-11-27,400.933105,1399.74097,2775.92578,2178.3252,4543.16,11588.3711,12707.3916
2023-11-28,390.776123,1309.10022,2456.33301,1991.34497,3939.80,10809.1475,12210.4082
2023-11-29,380.639648,1250.85132,2255.54297,1873.35864,3468.96,9811.50879,11530.5928
2023-11-30,366.14859,1206.28943,2121.94873,1797.34058,3169.55,8578.37695,10644.6992
2023-12-01,352.880157,1179.67468,2036.54407,1742.06262,2985.42,7209.61963,9614.89453
2023-12-02,345.724243,1158.16638,1976.8783,1702.74878,2854.82,6523.86768,8165.1499
2023-12-03,338.29248,1126.24963,1939.68628,1685.1698,2775.36,6105.18262,7101.99951
2023-12-04,330.459106,1095.79895,1910.07214,1677.80945,2725.88,5850.16504,6505.87646
2023-12-05,322.904022,1074.24927,1874.18701,1649.75928,2683.58,5660.7417,6159.12842
2023-12-06,316.507721,1059.01416,1853.93713,1619.60608,2663.87,5537.02832,5930.67773
2023-12-07,315.617554,1053.68201,1848.15259,1597.6908,2651.77,5462.25781,5765.1626
2023-12-08,367.909027,1140.18994,1862.66809,1598.83289,2626.17,5429.81934,5665.73291
2023-12-09,565.664062,1488.59436,1954.39795,1710.11938,2622.68,5511.7666,5636.4458
2023-12-10,733.911987,1826.55066,2203.95654,1985.4939,2670.77,5681.69971,5781.04199
2023-12-11,680.951782,1866.74158,2642.49634,2414.95752,2836.71,5804.87402,5981.0166
2023-12-12,539.893799,1871.22546,3007.33032,2990.99097,3088.68,5941.72119,6079.88281
2023-12-13,418.444885,1829.42285,3002.56372,3179.41748,3371.96,6220.51172,6119.63916
2023-12-14,336.59671,1611.90137,2826.44775,2907.47729,3762.56,6704.70996,6229.30859
2023-12-15,301.213226,1349.30896,2643.01685,2611.11328,4140.32,7177.13184,6529.70459
2023-12-16,302.254791,1141.97498,2361.60938,2222.18066,4070.95,7313.21631,7038.67334
2023-12-17,301.064789,1012.13025,2045.78906,1883.27551,3722.76,7418.55322,7404.23779
2023-12-18,286.28714,944.672729,1800.31458,1761.33948,3397.36,7517.43115,7474.07373
2023-12-19,272.640167,921.6297,1644.92383,1821.10095,3014.96,7090.96191,7632.81641
2023-12-20,254.472809,901.487244,1554.51575,1830.7616,2728.65,6428.17383,7578.75244
2023-12-21,241.169632,869.977173,1508.59961,1705.24744,2648.21,5913.38184,6997.85449
2023-12-22,234.325485,839.799133,1475.37488,1574.00879,2689.69,5416.18311,6382.47998
2023-12-23,229.637985,809.541382,1431.74792,1460.09875,2627.76,5024.98291,5880.08154
2023-12-24,226.35759,786.019409,1389.69946,1394.67932,2476.29,4873.1123,5399.79932
2023-12-25,228.559998,784.386841,1352.99646,1379.55286,2341.61,4852.58057,5080.99902
2023-12-26,243.331818,809.892517,1324.68689,1513.51941,2330.10,4754.21191,5044.18994
2023-12-27,263.358673,879.771667,1320.5321,1749.59644,2289.85,4578.53857,5048.26074
2023-12-28,257.884216,973.122314,1339.57703,2124.45312,2268.82,4356.24756,4802.56055
2023-12-29,234.969742,975.572021,1390.55701,2304.229,2391.99,4192.47021,4565.94922
2023-12-30,219.493759,906.337463,1470.62854,2134.36426,2712.02,4152.03857,4403.54248
2023-12-31,206.638382,833.167908,1476.55872,1837.63965,3091.36,4217.49268,4300.93506
