Date,Chiang_Saen,Luang_Prabang,Chiang_Khan,Mukdahan,Khong_Chiam,Pakse,Stung_Treng
1/1/2001,738.040344,912.451538,1219.52856,1599.05029,1784.03918,1702.25208,3079.37207
1/2/2001,713.065002,873.579102,1172.65515,1562.75427,1747.90076,1657.47986,2971.93164
1/3/2001,688.115112,843.207764,1129.64563,1526.48511,1710.47559,1618.48511,2874.98413
1/4/2001,664.343018,815.928467,1093.18994,1489.22327,1679.19104,1586.75134,2790.82227
1/5/2001,640.850403,787.434631,1061.24768,1456.29834,1646.79187,1557.91492,2709.07397
1/6/2001,619.106018,758.922058,1028.68896,1460.28589,1606.57373,1518.70056,2618.74219
1/7/2001,598.903748,729.437073,993.199646,1516.05664,1563.17224,1465.03992,2527.25879
1/8/2001,579.540527,701.873169,955.904907,1562.6283,1534.84644,1416.56055,2442.10229
1/9/2001,562.188416,676.695068,919.979004,1545.85815,1568.70081,1409.88904,2364.85376
1/10/2001,547.601501,652.757996,886.678894,1453.85327,1652.09119,1474.69519,2295.07617
1/11/2001,530.567322,630.46283,855.533752,1325.59412,1709.75806,1555.23083,2227.29517
1/12/2001,511.415436,609.39624,825.589661,1221.56311,1690.97156,1583.25122,2158.69678
1/13/2001,493.68161,590.560669,796.120789,1147.48218,1584.39307,1540.36304,2096.25488
1/14/2001,476.312531,574.161316,767.27771,1091.80505,1443.96936,1429.64868,2056.18188
1/15/2001,459.207947,558.647339,739.616333,1047.67249,1323.53833,1293.198,2048.73535
1/16/2001,445.110504,542.517151,714.452271,1010.94122,1233.02295,1175.43262,2062.05542
1/17/2001,443.932281,528.575256,691.171082,977.432312,1168.07458,1097.77197,2067.10571
1/18/2001,446.130585,514.931763,667.77356,946.212952,1121.44299,1059.97681,2037.88452
1/19/2001,430.972961,498.383759,645.271606,915.823181,1087.78296,1036.0531,1964.65503
1/20/2001,407.437531,488.001068,624.920898,884.055481,1059.50354,1016.77264,1858.42847
1/21/2001,387.404907,484.169128,606.263489,857.231934,1031.90991,972.067322,1742.61475
1/22/2001,371.607574,483.826141,588.856262,827.869812,998.147522,923.192566,1641.19116
1/23/2001,358.752563,477.122192,573.326294,795.426392,962.250244,903.713928,1558.47351
1/24/2001,346.054535,456.237061,560.302246,766.429565,930.984985,856.43927,1486.2699
1/25/2001,334.128357,433.322296,546.17218,738.30957,896.897461,822.203247,1419.25476
1/26/2001,322.306396,413.431,532.079041,715.10614,862.723389,793.569519,1348.65344
1/27/2001,310.663788,396.933624,521.40979,702.78656,831.504456,767.171875,1277.69031
1/28/2001,301.700226,382.13858,513.019409,698.098267,802.813049,750.801941,1212.65674
1/29/2001,307.280975,368.098816,505.028076,684.881287,780.891663,756.402832,1151.42371
1/30/2001,317.612671,355.180511,494.456757,665.83783,771.052185,768.432495,1094.84045
1/31/2001,305.985016,343.13562,479.266602,647.304688,765.709351,732.856873,1043.46484
2/1/2001,282.752838,335.08139,460.543793,624.572815,751.425903,710.61792,997.153381
2/2/2001,263.371246,338.594208,441.810028,603.773682,737.39679,695.851074,960.261292
2/3/2001,247.896454,353.965851,424.349823,588.372131,719.652344,673.601257,936.276306
2/4/2001,237.231064,353.787811,408.506805,578.819763,699.506165,666.542053,917.677246
2/5/2001,229.052673,329.664764,394.167969,588.619507,697.969971,673.274963,894.697205
2/6/2001,222.084412,302.422668,380.981293,595.621338,710.339783,685.447632,869.267151
2/7/2001,215.498474,279.962128,370.242767,612.453796,728.946472,692.106995,844.093201
2/8/2001,208.74585,263.614594,364.806488,683.684753,753.19165,697.164978,820.341614
2/9/2001,201.318497,252.057343,365.050018,726.370789,761.208069,700.441833,803.427673
2/10/2001,193.977371,242.787582,364.880798,674.972656,790.169373,703.684204,796.158447
2/11/2001,187.538925,234.516754,357.522339,591.076294,854.477234,759.717041,796.100891
2/12/2001,181.686996,226.425156,342.46875,522.541382,854.635071,821.071106,799.682007
2/13/2001,176.39827,217.93367,323.566376,476.061066,771.535522,798.322571,804.252808
2/14/2001,171.602264,209.165237,304.8013,453.337097,679.807922,743.341309,808.318848
2/15/2001,167.192352,201.259232,288.599884,441.073883,620.597351,666.140869,817.69873
2/16/2001,162.95517,194.276718,275.460754,432.457275,582.139526,567.270935,842.127258
2/17/2001,158.680496,187.993179,264.666046,426.760559,550.964417,519.387817,871.10907
2/18/2001,154.713776,182.343704,255.158463,415.156586,528.510193,506.769318,880.958557
2/19/2001,150.738205,177.212967,246.002945,395.35376,513.718018,499.314819,861.02417
2/20/2001,146.241028,172.463425,236.80806,373.159912,502.008942,474.639923,811.033936
2/21/2001,141.942001,167.856461,227.842758,353.079712,484.589752,445.358704,745.043091
2/22/2001,138.293808,163.516556,219.502426,335.98819,461.349304,416.941315,686.881104
2/23/2001,135.413193,159.473206,211.934402,322.593903,438.040283,395.848145,646.9823
2/24/2001,133.259796,155.064285,205.134369,312.848755,417.932495,389.531921,618.481689
2/25/2001,131.547897,150.249878,199.060638,316.386963,403.800232,399.649933,591.45929
2/26/2001,130.41478,145.726013,193.448563,360.076019,399.036255,421.584351,562.67981
2/27/2001,130.525528,141.9328,188.123001,431.243622,407.186829,500.558044,533.300964
2/28/2001,131.981125,139.014099,183.120422,449.497711,445.572662,630.725037,508.859283
3/1/2001,137.861984,136.720169,178.366379,402.6185,516.236755,726.402954,496.347015
3/2/2001,143.784882,135.043442,173.902252,349.407043,575.662048,598.661011,497.607086
3/3/2001,141.822632,134.475174,170.131409,309.774384,565.851501,431.960236,518.405518
3/4/2001,140.155533,135.600769,165.812012,287.491486,509.397675,387.401459,568.872864
3/5/2001,140.640274,138.416992,160.852203,293.74826,467.353058,368.83847,645.450012
3/6/2001,137.935562,145.700134,156.625153,305.21347,444.515076,364.470184,702.874268
3/7/2001,135.310638,148.82402,153.270599,333.895966,436.98877,369.244019,689.469788
3/8/2001,137.266266,146.269775,152.502747,421.257233,443.171967,389.970551,619.471069
3/9/2001,149.379059,153.654984,179.87413,508.949524,449.387512,414.837585,543.138855
3/10/2001,180.748581,235.957596,289.236633,536.111023,504.166412,450.126495,486.826233
3/11/2001,231.072632,418.062286,374.853638,500.385315,625.928589,559.730225,455.697845
3/12/2001,275.96701,571.745911,435.844574,469.151337,731.459106,715.435547,450.372284
3/13/2001,316.546692,642.188232,467.647491,506.393555,758.200012,841.919312,463.385529
3/14/2001,388.105133,715.941284,430.807587,626.49353,717.085938,988.593323,484.714966
3/15/2001,446.446747,785.347351,398.023499,751.075684,697.348816,1129.79272,519.67157
3/16/2001,475.592896,845.102051,377.638275,851.319885,781.912903,1438.41699,581.955444
3/17/2001,490.480255,913.511414,421.12796,961.685852,973.937012,1518.02551,674.301086
3/18/2001,499.836121,990.038818,507.088348,1016.95288,1161.40503,1541.46313,803.992065
3/19/2001,519.168396,1074.7926,615.682434,1036.52478,1304.14099,1643.55322,1018.33044
3/20/2001,564.8703,1134.00391,781.909912,1061.09595,1433.48193,1706.05212,1374.22937
3/21/2001,630.847534,1156.67285,922.516174,1145.00867,1526.04602,1802.69482,1775.22449
3/22/2001,636.960876,1142.29346,1025.57275,1291.1217,1603.9375,1869.36328,2015.08276
3/23/2001,616.175354,1121.23352,1090.44897,1422.49658,1679.81213,1986.31421,2097.21533
3/24/2001,635.560974,1107.62292,1105.55994,1568.56201,1781.83191,2237.37695,2130.38745
3/25/2001,687.603394,1108.03638,1139.92126,1756.56042,1953.69373,2536.59424,2131.07593
3/26/2001,945.678955,1144.52722,1174.45337,1978.70874,2162.24707,2785.0022,2125.28296
3/27/2001,1293.30103,1221.28943,1197.1156,2301.95972,2425.03979,3299.25586,2245.18311
3/28/2001,1310.99524,1379.8667,1203.80286,2626.13086,2798.12207,4041.70898,2671.32031
3/29/2001,1088.41638,1566.8313,1198.22571,2779.92603,3329.71777,4841.98242,3312.61426
3/30/2001,875.457214,1770.94482,1200.68286,2798.04565,3929.05957,5054.89697,3791.57104
3/31/2001,718.566467,2042.58044,1210.31909,2716.7063,4341.44336,4699.03174,4026.125
4/1/2001,641.900513,2199.71021,1217.92126,2654.10156,4450.53076,4444.50391,4317.97461
4/2/2001,686.009888,2096.59961,1252.48804,2639.07129,4360.05762,4062.66357,4911.479
4/3/2001,760.291992,1838.96948,1328.58643,2556.97388,4183.99414,3874.17017,5656.52393
4/4/2001,780.768127,1583.87476,1441.2771,2429.6604,3988.2085,3638.36279,6092.27051
4/5/2001,768.870056,1394.17896,1594.48218,2325.08447,3779.73828,3201.77734,6056.66992
4/6/2001,719.211487,1291.27747,1780.1825,2252.91626,3525.05322,2909.86768,5764.03613
4/7/2001,655.910095,1273.75403,1943.5415,2205.96777,3273.05615,2736.75244,5375.05518
4/8/2001,618.963745,1274.59595,2009.40857,2219.13477,3072.19775,2686.7334,4986.94043
4/9/2001,605.282776,1244.09753,1955.41956,2281.62549,2920.32886,2659.83545,4621.54102
4/10/2001,580.717224,1180.73022,1815.58313,2356.25171,2834.31567,2677.23486,4222.58545
4/11/2001,546.529053,1098.13208,1648.17041,2443.04761,2840.93359,2850.2915,3838.91333
4/12/2001,516.910767,1052.13831,1504.32495,2550.25049,2904.91821,2994.73706,3533.90479
4/13/2001,533.091431,1071.95752,1411.23645,2674.36035,2994.44946,3179.31201,3327.7041
4/14/2001,685.147766,1107.4082,1369.73914,2780.03149,3099.57837,3427.11426,3232.88354
4/15/2001,878.702148,1086.44897,1353.13721,2789.39136,3222.13794,3674.00342,3287.71777
4/16/2001,888.256653,1017.02887,1316.22534,2662.97168,3369.40552,3849.24341,3435.14087
4/17/2001,758.075317,959.898987,1259.4729,2457.81372,3518.84473,3836.69946,3544.64307
4/18/2001,623.386902,1018.33881,1213.53064,2249.79761,3571.34302,3542.87354,3640.83618
4/19/2001,521.656616,1209.7113,1186.71692,2088.31055,3450.1875,3101.66113,3769.24854
4/20/2001,462.961365,1329.0415,1169.94678,1968.7583,3195.84399,2683.36597,3902.03296
4/21/2001,427.920288,1261.65845,1147.14844,1879.78589,2895.34106,2454.59766,4015.59155
4/22/2001,405.930878,1128.53992,1109.02844,1823.61853,2637.76123,2320.46899,4052.33789
4/23/2001,384.853821,995.587891,1066.88904,1752.02832,2456.26782,2279.52319,3953.19775
4/24/2001,360.687042,879.594299,1061.58435,1673.61218,2352.61377,2273.34717,3725.72607
4/25/2001,333.169891,803.949463,1125.20605,1636.93945,2292.43335,2150.4375,3443.60181
4/26/2001,311.146515,744.993958,1220.44751,1661.42224,2210.86133,2070.11206,3188.6228
4/27/2001,300.901367,699.999207,1282.61475,1758.83325,2153.36182,2212.24219,3002.3125
4/28/2001,290.715363,659.421875,1280.6012,1983.83997,2145.39209,2167.97192,2884.58447
4/29/2001,279.595764,614.514465,1203.48047,2297.31104,2161.42358,2390.56519,2803.97607
4/30/2001,281.819611,572.489014,1092.08276,2529.30542,2259.40405,2852.24585,2723.94336
5/1/2001,335.159302,563.791199,1008.72949,2684.76221,2524.05762,3403.67578,2659.90479
5/2/2001,442.794617,656.619263,983.519836,3127.19312,2859.23584,3504.66016,2673.67798
5/3/2001,553.035583,872.444214,1013.97845,4095.1814,3125.32593,3598.5188,2817.53564
5/4/2001,680.304443,1124.97656,1133.83008,5279.38037,3425.58228,5033.04834,3128.2522
5/5/2001,828.242432,1479.03784,1199.91919,6033.06592,4247.7749,7340.87012,3594.3269
5/6/2001,1067.06726,1785.51733,1203.2323,5828.06055,5542.87451,8443.36426,4057.18481
5/7/2001,1348.91284,2025.05481,1202.11951,5211.47363,6766.39258,8488.44531,4354.5332
5/8/2001,1489.26746,2272.90649,1148.84802,4882.64014,7389.36914,6769.35059,4639.97119
5/9/2001,1592.94604,2533.99072,1153.75928,4669.82617,7218.62256,6639.60986,5303.88721
5/10/2001,1759.34595,2830.60815,1258.91919,4415.87598,6996.76465,6977.32471,6436.75391
5/11/2001,1914.95862,3071.09644,1460.6283,4184.64404,7027.93359,7016.82471,7586.57568
5/12/2001,2066.96021,3257.88306,1716.15906,3979.60571,7009.6792,6657.12354,8180.72168
5/13/2001,2323.05249,3364.97388,1948.31421,3764.84668,6881.69678,6593.96094,8183.01123
5/14/2001,2708.78735,3484.10522,2177.65479,3601.75391,6669.32666,6098.354,8194.9375
5/15/2001,3064.80225,3565.9126,2453.52393,3480.74463,6358.4917,5998.24121,8598.71875
5/16/2001,2980.87671,3673.86401,2765.00146,3376.53247,6094.46631,6237.06006,9149.96191
5/17/2001,2654.99243,4031.36499,3134.37402,3372.84058,6042.85449,6634.39307,9568.2832
5/18/2001,2455.302,4486.9126,3421.74365,3552.97217,6063.86084,6768.32031,9796.27539
5/19/2001,2431.08838,4965.84766,3571.6377,3909.78467,6282.90234,8112.79297,9837.00781
5/20/2001,2668.01807,5329.77588,3710.25317,4220.00928,6923.98828,9511.36133,9816.38477
5/21/2001,2970.38135,5403.24756,3802.83496,4664.66553,7857.09619,10232.4258,9771.3291
5/22/2001,3332.85181,5197.31348,3923.00098,5414.05664,8635.34375,9855.78027,9693.12305
5/23/2001,3531.05518,5031.00977,4127.07373,6026.05811,9139.74902,10938.5654,9777.99023
5/24/2001,3336.55322,5204.14111,4431.58594,6636.44287,9830.42969,11979.0186,10266.3389
5/25/2001,3102.08496,5585.82812,4855.4458,7459.90479,10522.9863,11435.5488,10980.2773
5/26/2001,3020.83032,6112.37207,5292.4126,8239.31543,10844.3135,11753.9697,11488.5205
5/27/2001,3029.35083,6672.26514,5575.4541,8496.07715,11233.9482,12935.7744,11804.4453
5/28/2001,3116.38916,6969.11523,5705.57324,8192.43164,11759.001,12797.29,12215.1357
5/29/2001,3144.47827,7077.36816,5738.44043,7983.52588,12008.8408,11740.5908,12700.3135
5/30/2001,3062.09961,7034.96875,5773.87744,8204.41895,11766.4375,10961.7129,13113.6064
5/31/2001,3072.35498,6804.74121,6055.56055,8868.82227,11446.5361,11887.4824,13638.2109
6/1/2001,3198.47827,6680.49219,6546.83936,9741.16992,11513.3945,12785.3604,14222.0215
6/2/2001,3223.15259,6753.20312,6952.05518,10632.5547,12035.3271,14385.1377,14439.5
6/3/2001,3157.32959,6804.43457,7267.0752,11702.4229,12895.8105,14955.5186,14174.4414
6/4/2001,3128.36035,6796.60156,7512.68848,12780.4326,13743.5684,15680.0322,13844.333
6/5/2001,3088.47778,6905.81934,7536.60352,13586.8457,14643.5342,17604.7207,13958.3262
6/6/2001,3070.51904,7065.99707,7457.89453,13898.7979,15891.4062,19135.6797,14574.7578
6/7/2001,3140.62378,7112.07471,7371.42334,13857.3115,17104.4121,19360.2051,15467.9541
6/8/2001,3289.0061,7044.63281,7315.09863,14007.6182,17936.6289,19170.8691,16406.7363
6/9/2001,3374.75464,6991.08984,7324.52539,13938.8525,18251.9141,18356.5391,17429.8516
6/10/2001,3385.18384,7027.28662,7392.62256,13561.3594,18306.209,19499.2012,18677.1484
6/11/2001,3453.34961,7075.95703,7520.95752,13327.7061,18484.5938,18537.5645,19832.9121
6/12/2001,3558.04956,7046.40869,7691.04785,13286.4053,18337.9199,17734.4883,20529.416
6/13/2001,3680.7002,6997.51514,7783.66748,13490.4102,17991.5723,17797.748,20733.5352
6/14/2001,3824.72021,6931.69385,7694.55469,13790.3438,17891.2617,18675.3496,20760.1797
6/15/2001,3933.97925,6842.4375,7537.86377,14095.4277,18106.9863,19375.584,20840.7422
6/16/2001,3965.10913,6807.71631,7414.44824,14305.7432,18613.5234,20211.4453,20690.9062
6/17/2001,3840.3103,6826.43848,7339.52344,14546.4092,19167.3398,20376.6406,20374.8945
6/18/2001,3612.89795,6833.12695,7293.17236,14573.2266,19630.0781,20609.5078,20294.7324
6/19/2001,3420.94922,6817.76514,7242.27881,14099.7988,19904.0527,20265.5957,20519.1797
6/20/2001,3255.7168,6730.63916,7184.81543,13290.4043,19848.3438,18983.1992,20955.1836
6/21/2001,3119.7373,6528.70801,7107.69092,12229.7812,19277.8359,17251.0781,21443.6094
6/22/2001,3026.72095,6201.80762,7039.02148,11314.333,18224.7539,15626.7051,21956.5234
6/23/2001,3036.94214,5877.64062,7017.01953,10716.4463,16917.3008,14124.373,22523.1934
6/24/2001,3104.44092,5639.75684,7059.2876,10545.8867,15653.0039,14023.1084,22882.3008
6/25/2001,3144.46924,5416.91553,7142.84863,10804.208,14739.0947,13523.0703,22834.2695
6/26/2001,3162.37329,5231.02783,7205.59473,11076.4639,14229.9297,14940.4629,22326.7637
6/27/2001,3110.91577,5145.06348,7215.50732,11091.7373,14401.6895,16773.2871,21354.3242
6/28/2001,3035.54297,5154.04297,7103.13818,11084.0303,15300.3164,18237.3105,20326.3691
6/29/2001,3034.24609,5274.15332,6874.10059,11429.8555,16318.8496,18322.0527,19611.2148
6/30/2001,3114.21851,5495.9375,6598.05762,12210.5908,17155.8262,19437.959,19367.9258
7/1/2001,3319.94849,5508.47314,6354.44873,13133.2715,17889.9395,20144.5996,19874.4102
7/2/2001,3611.92188,5334.57275,6149.31494,13583.0146,18711.5879,21766.873,20826.2871
7/3/2001,3704.70508,5244.47217,5949.48145,13701.209,19698.916,22019.6328,21645.9199
7/4/2001,3677.48975,5300.37744,5814.82373,14241.3408,20394.9395,21133.709,22221.8008
7/5/2001,3803.62231,5686.24121,5785.57568,15105.9609,20536.4473,21091.0859,22731.8066
7/6/2001,4112.38037,6416.53809,5844.0918,14892.3965,20745.5684,23069.4043,23390.7852
7/7/2001,4807.76318,6852.26318,5920.45312,14095.4082,21477.2676,23916.1406,24186.5098
7/8/2001,5693.03174,6849.87891,5870.47119,13752.8066,21862.7383,20360.8535,24729.9863
7/9/2001,5925.43701,6908.92285,5742.81396,13203.7051,21030.252,19039.0508,24969.7812
7/10/2001,5808.93164,7230.74023,5804.10596,12630.6738,20111.6426,19844.9785,25740.1348
7/11/2001,6028.10938,7902.98584,6123.32227,11962.4033,19491.6348,18185.7207,27222.1855
7/12/2001,6318.06934,8935.18652,6499.73145,11129.1328,18658.3945,17790.1699,27988.0469
7/13/2001,6348.89014,9596.70508,6792.04883,10601.4033,17839.9902,15858.3057,27076.375
7/14/2001,6153.34961,9500.33105,6965.77881,10512.7803,16762.8223,14691.377,25537.6758
7/15/2001,6027.60352,9488.43164,7080.87061,10465.999,15755.4697,14820.8145,24328.9805
7/16/2001,5987.0874,9844.80859,7362.62061,10408.2793,15305.4609,15715.3779,23215.8887
7/17/2001,5943.40625,10154.4092,7854.38379,10749.4512,15250.7158,15317.9932,21999.2598
7/18/2001,5810.88184,10236.7207,8455.61621,11206.334,15179.5381,15211.9639,20670.8848
7/19/2001,5537.5835,10222.9062,9038.31445,11558.6787,15143.8252,15798.5127,19494.9082
7/20/2001,5297.35889,10379.9414,9445.30273,11784.0293,15336.3545,16594.6895,18809.373
7/21/2001,5136.09424,10609.6592,9837.95508,12009.5254,15622.0859,17009.5898,18507.4492
7/22/2001,5019.71094,10699.6553,10321.7695,12547.543,16007.0049,17242.0645,18383.5879
7/23/2001,5023.87549,10597.8594,10802.333,13172.1562,16297.8418,17469.7578,18570.5098
7/24/2001,5070.27979,10418.8213,11070.9346,13568.9502,16710.1562,19358.9941,19351.0859
7/25/2001,5052.89404,10388.707,11154.3965,13828.624,17544.3047,19818.334,20364.2715
7/26/2001,5011.31592,10560.416,11186.4873,14123.668,18276.8242,19763.2344,20892.4336
7/27/2001,4909.24316,10910.127,11217.6475,14663.2637,18739.5801,20016.1406,20905.4863
7/28/2001,4772.58643,11443.0859,11393.1768,15794.0508,19182.0547,20630.2695,20988.8828
7/29/2001,4657.00732,11893.5654,11544.3096,16824.3652,19659.625,21990.4844,21516.4648
7/30/2001,4586.61719,11838.6094,11468.8223,17140.834,20755.9688,25366.3125,22173.4355
7/31/2001,4605.53027,11323.8555,11288.2656,16966.543,22302.6133,24542.0059,22562.0723
8/1/2001,4681.26611,10748.5264,11210.0273,16604.1172,23112.1602,23530.2207,22710.6445
8/2/2001,4791.23682,10383.3896,11352.6357,16408.8594,23116.127,22335.123,22947.2031
8/3/2001,4967.00635,10185.3008,11716.5566,16480.9238,22687.3047,21875.0254,23712.7949
8/4/2001,5273.84521,10212.165,12180.6074,16774.8047,22201.6289,22101.0859,24815.5547
8/5/2001,5471.83203,10559.6553,12528.3037,17196.1289,22031.5527,22752.5645,25539.959
8/6/2001,5385.47217,10837.5078,12664.7598,17948.5273,22111.6445,22845.9902,25816.2148
8/7/2001,5256.42773,11006.2129,12533.6494,18476.5723,22271.7422,23439.4219,25984.418
8/8/2001,5178.23975,11398.6699,12196.2324,18694.2207,22690.1387,25675.8711,26290.1211
8/9/2001,5100.25977,11847.6953,11834.6318,19059.123,23608.6758,26685.1797,26865.0195
8/10/2001,4970.27441,11945.3955,11671.1406,19427.8672,24493.3984,27193.6602,27490.2559
8/11/2001,4824.8916,11545.0654,11979.0439,19862.7656,25409.752,27967.7285,27891.0859
8/12/2001,4785.09473,11070.6523,12885.8447,20464.8906,26176.6523,28197.2051,28440.9102
8/13/2001,4807.03662,10768.543,13480.3926,21812.9473,27036.0586,31296.2871,29669.0898
8/14/2001,4803.15918,10330.1807,13490.3916,23430.5918,28286.6406,31411.3418,31213.3184
8/15/2001,4767.09082,9773.72168,13429.8516,23997.082,29507.2969,34594.6992,32335.7285
8/16/2001,4741.31104,9436.30566,13182.8037,23649.457,31234.7715,35636.1211,32859.4023
8/17/2001,4790.83447,9490.71484,12842.8086,23230.8926,32649.584,33594.2266,33441.0312
8/18/2001,4816.94531,9708.55078,12501.9531,22904.5078,32682.7383,31234.4375,34493.0391
8/19/2001,4735.44775,9659.81445,12111.9941,22700.2812,32061.4414,31763.6523,35929.9062
8/20/2001,4591.9541,9477.38281,11588.2646,22345.3145,31504.8066,30832.5996,37773.9453
8/21/2001,4488.95752,9349.88672,11071.3574,21599.4609,31029.6074,31067.0293,39049.707
8/22/2001,4526.78564,9167.20605,10626.4912,20776.7598,30658.6523,29707.5996,38808.8945
8/23/2001,4580.59912,8879.04199,10333.7783,19925.3262,30067.7363,28311.9082,37810.5117
8/24/2001,4525.53125,8491.35156,10212.2666,19130.4258,29099.6113,26894.0391,36960.2109
8/25/2001,4415.71484,8051.61475,10143.8438,18478.875,28027.9961,26140.8457,36225.7539
8/26/2001,4329.31787,7804.21533,10039.3916,17888.748,26891.1074,24856.5078,35537.1133
8/27/2001,4346.83984,7831.2876,9979.69922,17500.377,25802.7754,24206.4512,34781.6484
8/28/2001,4594.73828,7709.69189,10040.4082,17333.5996,24862.8027,23788.459,33886.2148
8/29/2001,4819.95312,7439.39697,10043.209,17066.8359,24335.3145,24651.4961,33115.4531
8/30/2001,4735.5874,7250.22754,9881.99316,16870.2812,24063.6992,23445.1953,32536.002
8/31/2001,4512.48047,7166.23779,9482.93359,16713.7734,23598.082,22960.3652,32057.4023
9/1/2001,4297.94287,7338.25342,8996.86719,16626.2012,23207.0859,23558.7422,31628.7168
9/2/2001,4182.77295,7691.98535,8677.69727,16648.9355,23169.4141,23962.7461,31289.457
9/3/2001,4371.59277,7951.41797,8452.34277,16499.0996,23294.3926,24360.9629,30892.2891
9/4/2001,4819.19287,7949.45312,8304.29688,16296.8447,23539.9785,24581.1758,30142.6621
9/5/2001,5567.24658,7726.99023,8313.40625,16061.2305,23679.248,23948.8906,29319.4492
9/6/2001,6043.70752,7614.93945,8313.84668,15765.6572,23702.5039,24569.1914,28914.2129
9/7/2001,5709.59814,7804.95312,8302.20508,15377.6455,23683.8672,23774.3125,28972.7188
9/8/2001,5195.44336,8325.98926,8410.06152,15051.8789,23449.7852,23937.0352,29184.5918
9/9/2001,4887.62402,9130.21289,8586.78418,15114.7803,23150.0352,22987.3066,29050.7656
9/10/2001,4839.96924,9914.24414,9027.16602,15310.2246,22780.3145,22602.3984,28620.0137
9/11/2001,5103.97363,10048.5303,9354.07422,15214.1484,22507.3477,23351.1406,28268.0078
9/12/2001,5281.73682,9516.5752,9158.16699,14895.1309,22734.3867,24509.6289,28037.8125
9/13/2001,5163.91748,8974.02734,8881.52344,14600.9346,23100.293,23816.4453,27890.4375
9/14/2001,5011.46826,8735.67871,8916.07812,14888.2949,23243.8984,24118.9258,27660.6133
9/15/2001,4873.01465,8772.4375,9257.0918,16066.2598,23300.0625,23569.6465,27350.7461
9/16/2001,4745.46729,8780.63574,9692.34375,16717.3125,23271.2617,24624.2461,27242.8672
9/17/2001,4643.05811,8566.58887,9974.45215,16359.6582,23758.6641,27078.2305,27345.9531
9/18/2001,4537.02344,8103.35205,9964.92578,15871.1943,24712.0586,25649.0762,27522.2031
9/19/2001,4491.3623,7600.43066,9786.68359,15041.4424,24815.9668,23540.5918,27879.6484
9/20/2001,4479.75635,7186.35107,9585.30566,14048.0771,24223.3066,23186.2305,28396.2129
9/21/2001,4465.34326,6868.28711,9426.93945,13580.1631,23454.8789,20930.6699,28966.1309
9/22/2001,4480.09277,6650.41162,9295.62891,13656.0615,22158.4121,19521.2852,29318.1953
9/23/2001,4428.15576,6509.5376,9125.79492,13895.1533,20858.3516,19510.6504,28900.8867
9/24/2001,4378.3291,6513.63379,8861.0918,14021.7109,20154.377,20187.252,27975.4512
9/25/2001,4368.33057,6595.38428,8502.88477,13854.8945,19920.9316,19908.7363,26975.2305
9/26/2001,4363.36426,6627.81104,8130.73584,13459.4023,19779.5957,19532.9316,25809.4355
9/27/2001,4377.93018,6559.08057,7809.58447,13023.0527,19563.8008,18797.4199,24764.1309
9/28/2001,4328.70068,6378.43604,7499.41699,12574.9219,19164.4766,18356.7129,24293.5215
9/29/2001,4230.07129,6198.07959,7203.60303,12114.2812,18691.0703,17874.7637,24246.5723
9/30/2001,4124.34521,6064.64111,7012.86475,11647.0791,18228.9199,17323.9277,24044.666
10/1/2001,4043.9917,5998.47021,6909.27832,11150.6172,17712.209,16578.2559,23494.6191
10/2/2001,4017.15259,5912.02686,6849.41162,10593.1611,17122.2832,15778.0186,22779.9844
10/3/2001,3988.99048,5706.10303,6778.06738,10015.8418,16445.3125,14817.3516,22000.0273
10/4/2001,3935.95532,5442.48584,6688.77588,9515.92871,15654.04,13848.5176,21213.0938
10/5/2001,3911.10083,5205.95508,6606.95215,9091.68945,14765.2236,12923.4932,20493.3359
10/6/2001,3864.19189,5056.27637,6514.24121,8790.81836,13897.2725,12457.3477,19918.0586
10/7/2001,3739.19336,4944.81592,6431.85107,8863.25195,13157.0908,12008.8828,19469.7617
10/8/2001,3582.27637,4837.11084,6316.48682,9025.60156,12575.4121,12073.5078,18981.4121
10/9/2001,3454.69556,4814.22998,6144.79297,8931.5957,12335.9883,13233.8701,18375.4688
10/10/2001,3467.61401,4984.24805,6046.81445,8837.10547,12603.3613,13580.7207,17854.6191
10/11/2001,3865.14575,5281.44873,6002.99902,8852.61426,12840.3564,12791.8281,17419.8008
10/12/2001,4413.20166,5523.75439,5848.46875,8891.02637,12781.0605,12896.0615,16857.8281
10/13/2001,4530.18066,5577.88184,5719.24268,8870.74707,12780.4932,13239.251,16413.3086
10/14/2001,4279.04395,5562.10645,5577.2207,8819.20996,12872.5605,13334.2305,16277.2559
10/15/2001,3904.53052,5672.02881,5389.80566,8813.49707,12950.3398,13044.3369,16144.2529
10/16/2001,3612.06909,5969.23828,5388.48779,8690.44238,12923.9248,12760.7129,15870.8125
10/17/2001,3567.75708,6221.92822,5530.2168,8387.0166,12804.7227,12528.0693,15599.1562
10/18/2001,3616.06665,6100.77295,5676.16504,8040.52393,12573.4639,11673.7812,15416.3809
10/19/2001,3586.20166,5696.56201,5753.69189,7668.49121,12101.7402,10775.8984,15253.9756
10/20/2001,3501.90356,5248.67676,5776.16895,7367.63135,11477.6621,10271.7871,15026.2314
10/21/2001,3412.23877,4959.84326,5793.75928,7122.9458,10840.2129,9574.69629,14740.834
10/22/2001,3309.60742,4895.43457,5893.51514,6925.9209,10233.8506,9379.16504,14395.5479
10/23/2001,3226.64209,4897.11621,6047.15332,7043.76855,9781.93848,9408.71289,14003.6289
10/24/2001,3177.92383,4830.77588,6188.64502,7583.06348,9589.80664,10081.3516,13752.6885
10/25/2001,3166.51172,4733.48193,6269.4585,8434.59668,9660.75879,11281.6699,13771.542
10/26/2001,3211.09863,4551.80811,6173.14062,9084.79297,10270.5293,13304.4561,13967.2373
10/27/2001,3404.70679,4346.99561,5914.27002,8931.69336,11324.501,14093.9258,14017.8701
10/28/2001,3663.09351,4291.88477,5628.47314,8582.83008,12300.6113,13730.2363,13972.7773
10/29/2001,3912.43945,4377.15771,5431.23193,8648.53125,12626.0498,11725.4854,14258.1582
10/30/2001,4207.16064,4568.51855,5355.87109,8974.13281,12275.835,11964.7891,14861.6699
10/31/2001,4404.35693,4875.20508,5336.93799,9313.0293,12048.7373,12738.4619,15664.1777
11/1/2001,4540.26367,5283.90088,5200.375,9356.2832,12251.8408,13814.6318,16293.1621
11/2/2001,4629.50049,5667.39453,4962.72852,9055.88184,12775.6641,14013.8076,16103.0039
11/3/2001,4718.57715,6063.62207,4786.92725,8609.50293,13199.834,13214.7988,15292.6289
11/4/2001,4849.47803,6416.63428,4685.99316,8259.14062,13119.3223,12020.1953,14665.5703
11/5/2001,4896.42969,6550.21777,4689.33643,8052.06494,12627.2627,11410.2979,14542.793
11/6/2001,4869.36963,6559.50342,4812.96631,7954.21436,12050.999,11163.3799,14760.3574
11/7/2001,4777.12988,6507.83447,5041.58887,7874.90479,11604.0361,11020.0703,14926.626
11/8/2001,4689.00977,6459.47412,5342.5708,7650.47852,11267.1631,10669.5049,14706.8926
11/9/2001,4659.27393,6410.31738,5674.896,7269.10156,10977.541,10259.2686,14168.8135
11/10/2001,4655.43506,6299.94336,5991.83301,6870.12207,10619.0508,9433.9873,13562.0459
11/11/2001,4659.31055,6145.07227,6242.31348,6541.85938,10085.5156,8730.70898,13007.1553
11/12/2001,4680.93652,5962.02295,6400.00977,6353.72803,9454.33008,8249.96973,12550.6855
11/13/2001,4678.48389,5811.6626,6473.44873,6404.73975,8864.73535,7940.26904,12214.123
11/14/2001,4591.88965,5714.26318,6491.54443,6700.21582,8424.03516,8198.63184,11967.1338
11/15/2001,4422.30664,5651.40576,6477.65039,7036.37842,8314.53711,9029.47363,11869.9629
11/16/2001,4212.39307,5613.87891,6433.58105,7365.43994,8582.46191,9890.6123,11881.7686
11/17/2001,4002.41382,5574.52295,6343.97998,7742.4292,9126.93457,10764.5938,11610.9678
11/18/2001,3819.8689,5485.85303,6216.43066,7929.25488,9801.5752,11325.3486,11024.7939
11/19/2001,3665.8833,5314.65723,6078.57959,7943.59033,10486.1348,11827.0381,10661.5137
11/20/2001,3519.37671,5083.91064,5952.24707,7915.57812,10956.9316,11099.9873,10754.998
11/21/2001,3385.78735,4839.75586,5850.11475,7809.36572,10981.1475,10515.2705,11180.0039
11/22/2001,3275.06079,4614.92139,5772.97266,7688.54541,10707.5674,9965.74219,11777.5879
11/23/2001,3166.93457,4422.7085,5709.04004,7556.89648,10312.8965,9517.41211,12356.6816
11/24/2001,3049.84741,4248.12793,5633.88574,7406.74951,9898.97656,9216.45898,12686.1123
11/25/2001,2935.71094,4079.65234,5522.32129,7242.28662,9551.65039,8957.5957,12622.8467
11/26/2001,2830.95825,3927.67993,5364.44873,7089.11084,9251.24121,8651.12891,12266.3584
11/27/2001,2735.09985,3787.84033,5170.50684,6957.17627,8987.6709,8334.18164,11784.2393
11/28/2001,2645.06641,3642.01831,4961.86084,6845.85449,8729.9668,8067.12061,11307.4307
11/29/2001,2553.89038,3491.32227,4757.31201,6755.80566,8451.72461,7860.02832,10906.5576
11/30/2001,2459.47876,3346.68652,4565.19971,6669.25586,8185.21484,7703.39258,10557.5234
12/1/2001,2363.53149,3211.48022,4385.90186,6567.22656,7961.35254,7572.17529,10226.085
12/2/2001,2268.17554,3084.70972,4218.66309,6422.68555,7781.43799,7444.85938,9901.8457
12/3/2001,2175.36646,2961.58301,4061.11865,6230.64795,7622.28516,7275.23242,9594.21387
12/4/2001,2087.19434,2837.21436,3908.06055,6011.125,7456.17578,7017.80957,9314.42773
12/5/2001,2003.86206,2711.5376,3756.13867,5799.60205,7263.90332,6729.57031,9072.78125
12/6/2001,1924.33533,2586.71484,3606.40991,5589.3833,7033.35938,6444.21094,8861.40234
12/7/2001,1848.35596,2464.9126,3461.58228,5368.51025,6774.79541,6171.76904,8654.80957
12/8/2001,1776.79468,2348.53027,3323.32617,5162.23486,6516.25928,5935.26318,8430.76953
12/9/2001,1709.70703,2239.0271,3191.72998,4976.30908,6255.8125,5737.1084,8173.69873
12/10/2001,1643.98364,2136.05469,3063.28076,4788.97705,5999.14551,5526.9126,7887.67529
12/11/2001,1579.70496,2039.70959,2935.38696,4569.75391,5772.6123,5341.25488,7591.63867
12/12/2001,1518.88989,1951.34827,2808.6377,4325.81934,5569.45166,5057.9751,7309.75098
12/13/2001,1461.29895,1868.96802,2683.55762,4114.80811,5369.54639,4868.62012,7052.1123
12/14/2001,1406.88269,1788.18188,2561.66748,3940.68188,5160.82568,4807.1543,6814.3291
12/15/2001,1355.3999,1709.49463,2444.5127,3797.15698,4989.14062,4828.57666,6606.07227
12/16/2001,1306.3573,1635.11975,2333.07935,3648.02979,4849.59961,4494.59717,6441.34277
12/17/2001,1259.05627,1565.53174,2228.18213,3482.30762,4672.91553,4315.07422,6336.86475
12/18/2001,1213.40112,1500.76135,2130.98242,3325.80322,4475.24609,4044.60278,6236.94922
12/19/2001,1169.37268,1440.34497,2039.25305,3167.67969,4269.76807,3847.79712,6141.53613
12/20/2001,1127.07361,1384.55347,1951.17664,3021.42529,4060.18066,3648.24805,6116.34619
12/21/2001,1087.96863,1333.34265,1866.83752,2887.02319,3866.11475,3487.65308,6046.33008
12/22/2001,1053.11914,1283.73865,1785.745,2767.0791,3684.20703,3308.8335,5788.94678
12/23/2001,1018.85376,1234.80103,1708.9425,2663.40356,3515.302,3198.17407,5415.75586
12/24/2001,985.699585,1186.93335,1636.77588,2563.42896,3363.90723,3067.85303,5061.729
12/25/2001,950.855225,1141.91968,1569.31641,2462.99463,3231.26489,2971.60132,4752.15479
12/26/2001,913.183411,1105.09473,1507.11877,2380.13501,3108.24121,2821.37085,4487.02197
12/27/2001,881.107117,1080.54871,1450.62585,2320.25513,2986.58008,2680.47095,4265.56396
12/28/2001,860.542114,1058.50195,1398.13281,2231.73389,2862.55298,2577.28076,4078.03784
12/29/2001,840.043884,1031.92297,1348.49792,2120.75439,2757.35181,2577.47778,3904.2395
12/30/2001,807.539246,1000.0296,1298.09851,2036.17529,2659.23315,2356.25366,3727.20532
12/31/2001,770.44812,962.19397,1247.57544,1965.79919,2529.85352,2247.85107,3544.85571
1/1/2002,736.825439,926.626953,1202.76746,1888.4823,2395.68066,2175.1958,3367.69409
1/2/2002,710.931091,902.172607,1166.18225,1807.17773,2290.51831,2105.17358,3221.90137
1/3/2002,691.937988,884.578979,1138.04456,1731.85535,2200.55566,1957.09985,3097.39087
1/4/2002,671.464844,857.816895,1113.12329,1658.23022,2110.58667,1872.89685,2966.2666
1/5/2002,649.91272,824.758484,1083.08118,1602.06274,2019.12927,1788.52686,2839.52026
1/6/2002,630.477478,799.266418,1047.87244,1589.37878,1922.39087,1725.36414,2722.28271
1/7/2002,605.873352,779.632996,1012.45612,1633.57971,1831.698,1663.45459,2601.77271
1/8/2002,582.157898,759.248169,979.299683,1678.03711,1770.44617,1597.95276,2477.59131
1/9/2002,566.739014,727.442749,950.306274,1671.89368,1778.38647,1575.5874,2359.48462
1/10/2002,567.577271,691.072876,922.700989,1599.35291,1842.69446,1639.61096,2254.5686
1/11/2002,610.98645,659.197327,894.234741,1478.53894,1892.32422,1736.15601,2162.67285
1/12/2002,651.373535,627.794861,866.608887,1362.74719,1879.3114,1787.98108,2081.40796
1/13/2002,653.188049,610.744812,842.204407,1270.92493,1782.29443,1740.66443,2011.25439
1/14/2002,717.528076,629.960022,826.084595,1202.7948,1636.224,1588.60059,1967.59692
1/15/2002,831.302673,702.232117,809.671326,1155.07166,1495.87073,1429.20496,1964.21582
1/16/2002,825.241943,789.063538,789.001038,1123.74438,1383.8252,1309.44836,1991.24268
1/17/2002,757.96228,824.258301,762.754578,1094.3158,1303.05237,1232.78577,2015.49927
1/18/2002,740.195312,845.894104,725.365173,1057.42944,1251.02686,1220.95325,1999.08252
1/19/2002,726.093201,941.653625,693.915833,1025.13635,1224.66504,1210.56396,1927.94666
1/20/2002,720.012207,1007.22095,685.208862,1007.66455,1202.73035,1134.52905,1821.85791
1/21/2002,742.04895,956.773254,705.430481,999.985657,1165.33386,1097.56409,1709.25586
1/22/2002,781.598511,900.566162,746.77301,982.293396,1129.59448,1103.86353,1615.09631
1/23/2002,812.755554,869.079712,790.059265,947.460388,1109.57788,1095.45569,1554.8728
1/24/2002,810.024231,836.326782,831.481018,904.784424,1093.09668,1044.14868,1511.2384
1/25/2002,768.963013,822.789368,881.82312,860.494751,1065.14514,979.720825,1460.59546
1/26/2002,714.097717,840.387329,930.013611,828.05188,1024.245,925.628662,1410.17725
1/27/2002,670.263184,875.576111,950.079834,822.644653,977.859192,878.023315,1369.78333
1/28/2002,620.967651,897.71283,942.058472,848.822021,933.130127,865.744934,1332.87158
1/29/2002,564.055481,885.604919,920.618774,897.249084,904.95166,900.781921,1289.62805
1/30/2002,514.652405,842.116455,897.88623,947.651367,905.35321,972.638184,1236.24292
1/31/2002,474.07962,788.806946,879.857361,991.610291,936.925232,1055.28064,1178.10181
2/1/2002,444.192902,740.70929,872.074219,1036.26953,989.028259,1107.3761,1124.16016
2/2/2002,420.819824,695.740234,879.126282,1074.92566,1043.3457,1145.44348,1085.83716
2/3/2002,400.119202,653.963379,891.782593,1088.2168,1091.10669,1205.30579,1073.40881
2/4/2002,379.516785,618.049927,896.012451,1079.32056,1137.92383,1228.87561,1088.6012
2/5/2002,361.373901,581.84082,882.495056,1073.45166,1183.32434,1202.72986,1122.43066
2/6/2002,345.853119,546.100159,852.42334,1059.1394,1212.70056,1175.99011,1161.32922
2/7/2002,332.691315,516.499634,813.170044,1069.20667,1226.23718,1146.03955,1201.84839
2/8/2002,321.555786,490.860077,770.724426,1157.75037,1232.4325,1128.01416,1244.75146
2/9/2002,311.382599,467.979523,728.905579,1232.79822,1223.40381,1158.5188,1278.51672
2/10/2002,301.655426,447.533234,689.55426,1210.86047,1255.02588,1221.76721,1292.00769
2/11/2002,291.99176,429.286682,652.341064,1133.33875,1344.33655,1315.21021,1287.10449
2/12/2002,282.537811,412.316681,616.589539,1050.50854,1377.94568,1371.50012,1271.65063
2/13/2002,273.308502,396.205566,582.916321,977.169495,1314.72498,1325.57495,1257.82385
2/14/2002,264.460022,380.766724,551.985413,917.935486,1214.8949,1207.34595,1260.29712
2/15/2002,256.9104,366.122314,524.047668,868.873169,1122.86987,1084.63025,1286.96875
2/16/2002,268.272888,352.275299,499.2742,820.987061,1048.14795,983.497864,1331.81531
2/17/2002,317.898285,341.335297,477.128815,776.326111,989.786072,902.981934,1368.52832
2/18/2002,339.444855,339.364838,456.901642,735.121582,937.91626,834.932129,1365.56531
2/19/2002,319.272003,347.300507,438.908234,693.741272,887.889832,795.418335,1314.12244
2/20/2002,301.804382,359.718964,422.438812,655.042053,843.86084,760.661255,1230.96948
2/21/2002,288.64093,410.739136,407.390717,621.964966,802.157715,721.457825,1138.19165
2/22/2002,300.66983,487.325378,392.77359,593.362305,760.530762,683.643982,1050.76379
2/23/2002,332.194031,489.36795,379.723175,568.260986,723.420166,657.524902,977.947144
2/24/2002,369.960205,437.48822,372.073944,544.894714,692.618713,631.865601,922.805542
2/25/2002,398.409637,396.327606,370.267822,522.075562,665.332153,610.842163,880.18103
2/26/2002,382.291992,377.757477,376.988373,501.470459,639.629272,582.96521,842.11438
2/27/2002,342.729156,390.090393,399.888885,483.462952,613.931152,559.751404,805.31665
2/28/2002,312.595062,421.361237,435.772156,468.369965,589.26532,543.998413,770.230347
3/1/2002,286.520203,460.161835,461.446198,460.697449,568.653992,533.97522,737.591248
3/2/2002,267.021973,466.113495,463.029327,477.841461,552.347839,540.303162,707.763672
3/3/2002,252.856934,430.83902,446.014648,509.094971,547.036011,608.635864,679.331848
3/4/2002,243.200851,389.611938,424.646362,525.013306,582.195129,752.4375,652.626038
3/5/2002,237.576279,355.406708,414.922424,547.2901,675.643738,877.021667,632.971313
3/6/2002,235.551773,329.937714,421.655243,577.913269,785.550171,895.472717,618.00293
3/7/2002,234.700851,312.715332,439.044403,633.358215,865.974915,903.317566,616.719788
3/8/2002,234.99379,301.688141,453.911041,737.856018,918.815002,941.78302,651.874207
3/9/2002,239.830353,295.341492,452.645325,824.230652,954.142273,993.37207,725.270813
3/10/2002,240.88504,293.282471,434.045624,838.19574,1025.40637,984.57196,810.586731
3/11/2002,237.187225,293.01593,406.742157,769.179565,1139.3053,1023.14215,875.559326
3/12/2002,229.778732,292.277557,378.651459,660.292175,1216.03064,1101.1532,917.723083
3/13/2002,218.534775,294.444611,354.831604,580.975281,1207.25842,1147.32129,952.215576
3/14/2002,209.715485,298.178345,337.06134,544.663696,1109.18726,1118.2467,981.245178
3/15/2002,203.035355,298.224976,324.845581,532.521851,976.568237,1013.0097,1004.83313
3/16/2002,197.455887,294.034027,316.951752,521.489502,866.198608,887.735474,1037.28308
3/17/2002,192.413834,284.152161,312.015656,502.407379,787.855896,778.966919,1082.9165
3/18/2002,191.026352,271.802002,311.188904,524.115051,730.920044,694.919678,1121.56458
3/19/2002,197.459412,262.4664,318.713928,704.526306,690.037659,642.485229,1129.79407
3/20/2002,220.712021,256.958862,323.885284,906.305603,670.514954,829.969055,1110.02649
3/21/2002,309.46405,250.059937,320.01947,940.197327,760.396851,1367.29895,1073.60583
3/22/2002,498.21048,242.072052,313.955719,855.373962,981.181396,1444.80273,1003.52222
3/23/2002,639.252869,241.241425,307.933594,727.069641,1145.43787,1210.23376,904.163086
3/24/2002,593.285278,260.975098,308.767822,649.406982,1156.82544,977.497986,845.507629
3/25/2002,505.40976,337.208862,331.689117,712.203613,1080.27625,888.15155,916.473877
3/26/2002,479.977844,500.253265,346.987335,894.714844,989.803467,908.5177,1099.1449
3/27/2002,456.734955,690.409302,326.628754,1054.86145,959.594482,1175.28748,1241.59741
3/28/2002,416.117554,734.15564,298.660645,1072.54285,1042.98706,1459.11243,1263.23608
3/29/2002,368.577484,644.656555,279.428436,987.213562,1207.74573,1582.51526,1208.69727
3/30/2002,331.277832,579.894043,278.280762,912.903809,1335.35083,1432.64331,1145.14783
3/31/2002,314.102905,556.592224,313.090393,907.660278,1379.15369,1394.55786,1149.18018
4/1/2002,311.069366,549.178589,406.362305,949.091858,1396.20129,1803.93127,1256.87756
4/2/2002,307.526184,528.018616,532.606262,994.020325,1581.83972,2418.03027,1421.00879
4/3/2002,307.716064,486.478241,624.469177,1030.14465,1807.99939,1920.38818,1547.3064
4/4/2002,308.099304,447.961426,654.743896,1102.00134,1852.53528,1944.97949,1587.08887
4/5/2002,296.709167,425.640503,637.321106,1169.5083,1896.24695,2068.05615,1640.06567
4/6/2002,281.181854,415.296997,604.916077,1167.06543,2010.11511,2374.87451,1825.94104
4/7/2002,271.634308,412.042267,578.221375,1173.92432,2147.31885,2283.03149,2029.99463
4/8/2002,264.479034,420.395599,555.522095,1247.76367,2224.47778,2137.96191,2101.58105
4/9/2002,255.75975,428.435913,531.053833,1352.52441,2211.09399,2048.87695,2125.5542
4/10/2002,249.911942,425.973206,503.9151,1414.98413,2204.36426,2022.25134,2187.30469
4/11/2002,245.393707,421.518555,478.295105,1413.83521,2252.79883,2106.68408,2261.84473
4/12/2002,256.322693,435.473816,457.931519,1360.35889,2303.60596,2108.46289,2293.2478
4/13/2002,302.215485,479.371429,449.73056,1267.93091,2286.14209,2023.48621,2268.99487
4/14/2002,427.280701,528.373535,450.780548,1140.88599,2205.34814,1985.98096,2229.29126
4/15/2002,678.928833,578.226501,461.052673,1021.31097,2097.76343,1974.29492,2199.06372
4/16/2002,761.778442,655.487488,470.250153,946.813232,1966.13464,1931.48181,2187.0271
4/17/2002,629.135437,765.543213,472.384064,910.475891,1810.34985,1760.80115,2167.73413
4/18/2002,531.259827,878.631775,478.410858,904.615356,1665.22876,1603.98364,2137.9856
4/19/2002,455.796875,1091.65356,494.455505,936.600159,1561.24133,1551.58691,2114.62231
4/20/2002,423.819336,1282.40125,528.208496,984.77533,1502.58179,1572.03296,2099.25464
4/21/2002,428.511047,1204.26782,569.99115,1015.7652,1501.43823,1784.71704,2068.77954
4/22/2002,431.748077,1017.50366,619.020935,1014.57367,1575.5061,1863.92383,1992.33569
4/23/2002,427.485413,878.019165,689.588684,998.919678,1650.84119,1769.20837,1885.49377
4/24/2002,457.919159,819.088623,795.533813,1100.74561,1669.55725,1685.74634,1796.56909
4/25/2002,544.130493,828.128906,946.328735,1375.86914,1650.04529,1691.94092,1773.26074
4/26/2002,633.02356,843.952637,1106.90576,1710.03772,1660.18994,2036.22546,1827.49377
4/27/2002,693.535095,827.126831,1186.74048,1923.55872,1814.21729,2600.54443,1906.20776
4/28/2002,701.663818,813.99176,1162.13257,1925.43921,2135.95288,3085.08374,1968.33887
4/29/2002,710.772095,849.158325,1087.59229,1915.55872,2512.6792,3171.83618,2003.89209
4/30/2002,696.787415,925.934326,1023.2334,2005.79333,2756.1665,2878.11206,2030.45337
5/1/2002,639.42688,1021.83856,986.125671,2193.36255,2830.95483,3056.75439,2151.85425
5/2/2002,604.278748,1066.99744,978.526489,2678.8313,2913.92188,3335.39014,2432.8833
5/3/2002,574.126343,1075.91882,979.111023,3191.56421,3042.71436,3571.4397,2766.62769
5/4/2002,569.67804,1060.85754,980.733765,3410.11499,3324.08618,4769.63818,2984.39478
5/5/2002,586.264893,991.935974,998.286743,3443.53931,3894.76782,5167.20215,3067.05396
5/6/2002,643.761475,938.034546,1009.79102,3310.2688,4420.07568,5052.95264,3137.79224
5/7/2002,706.652222,925.614563,1039.40295,3106.854,4694.76562,4811.34766,3276.90039
5/8/2002,741.144897,919.633911,1083.12793,2935.82251,4749.7041,4458.36914,3596.44995
5/9/2002,827.587524,962.821777,1107.45813,2837.99561,4610.91357,4238.18555,4143.56836
5/10/2002,959.989929,1083.49646,1112.60547,2866.18921,4428.88721,4192.01758,4700.35352
5/11/2002,1109.15613,1234.69702,1112.69763,3079.98511,4336.99951,4372.07129,5058.55566
5/12/2002,1291.93774,1354.22339,1144.77417,3397.60815,4426.14404,4916.94287,5182.03369
5/13/2002,1456.68567,1446.51526,1295.52588,3621.21094,4717.87744,5788.61035,5170.87842
5/14/2002,1619.62354,1657.60388,1471.71118,3829.40161,5194.87451,6418.78125,5210.13818
5/15/2002,1765.20117,1931.84106,1643.66492,4186.9541,5648.63867,6493.99854,5352.90527
5/16/2002,1875.28101,2216.85962,1840.56738,4691.88525,6005.8501,7319.92969,5506.16309
5/17/2002,2147.09204,2612.0874,1917.15979,5371.69238,6556.83447,8726.65234,5725.23877
5/18/2002,2639.66724,3350.04956,1937.63623,6641.57422,7325.48291,9362.67676,6130.1748
5/19/2002,3222.3291,4260.81934,2095.75439,8021.07471,8126.2417,10372.7598,6629.57373
5/20/2002,3700.5835,4900.70312,2409.59888,8732.54883,9167.38477,12970.4102,7175.11377
5/21/2002,3860.29199,5284.06348,2653.13086,8897.30371,10665.916,14122.8506,7854.65479
5/22/2002,3665.12085,5785.49121,2795.30591,8511.85254,11958.5977,13592.29,8612.53125
5/23/2002,3447.36182,6660.14307,2965.06299,7691.66504,12559.4365,12848.4531,9404.20801
5/24/2002,3341.25049,7447.05957,3249.15161,6756.46338,12546.4521,11529.9893,10526.0771
5/25/2002,3315.66187,7910.18896,3765.64209,6084.89111,11910.9443,10058.0127,11990.2969
5/26/2002,3403.43457,7932.95264,4463.88184,5956.95459,10984.1475,9781.46484,13169.1182
5/27/2002,3442.42505,7434.58838,5160.19629,6260.83789,10322.874,9922.31055,13825.2871
5/28/2002,3428.16357,6891.72266,5778.83887,6669.53564,10042.4658,10502.9219,14231.4932
5/29/2002,3372.96338,6542.68506,6378.57764,6958.41699,10177.4697,11659.6436,14239.7852
5/30/2002,3217.98804,6373.5957,7005.27393,7295.74463,10796.5518,12449.1992,13691.2178
5/31/2002,3082.59497,6378.38184,7574.94775,7718.96826,11439.0186,12463.5088,13010.8906
6/1/2002,3132.52637,6431.14355,7949.44873,8236.09082,11892.6387,13012.7578,12534.918
6/2/2002,3285.91309,6370.73535,7953.18945,8919.90332,12313,13361.3184,12409.1074
6/3/2002,3266.25049,6146.75439,7637.50049,9586.13281,12679.5547,13793.0596,12708.001
6/4/2002,3116.29614,5893.5293,7282.96289,10105.3057,13091.5635,14530.3232,13231.7402
6/5/2002,2970.75928,5894.13721,7020.30273,10804.2715,13617.501,15199.4912,13893.375
6/6/2002,2850.53442,6106.31445,6984.29346,12062.792,14139.4893,15179.3984,14663.1533
6/7/2002,2784.56543,6188.52832,7084.7085,13431.6475,14580.9883,16471.1777,15390.9053
6/8/2002,2720.0188,6059.92383,7090.5708,14078.7969,15444.834,19086.1816,16022.167
6/9/2002,2658.56372,5879.60742,6997.71191,14137.4678,16848.8066,20165.1641,16559.4316
6/10/2002,2628.83887,5728.20898,6877.02539,14371.9873,17963.7246,19237.8965,16959.6465
6/11/2002,2611.33789,5602.86572,6863.24316,14784.376,18473.0703,19908.9082,17312.6367
6/12/2002,2534.63281,5515.67188,6882.87793,14782.2246,19074.1992,21345.5723,18117.5117
6/13/2002,2429.56714,5517.1709,6837.01123,14820.1895,19806.3125,21251.627,19580.0195
6/14/2002,2391.2312,5604.10986,6764.93164,15033.1113,20115.875,20085.0332,20959.0801
6/15/2002,2417.7605,5752.92285,6672.16357,14696.7334,20082.9492,20638.2402,21663.7207
6/16/2002,2496.99805,5813.75537,6510.69287,13863.3516,20188.6895,20815.1113,22045.1797
6/17/2002,2578.66968,5641.05225,6285.6416,12900.1748,20187.8516,18937.4258,22323.3633
6/18/2002,2631.77173,5351.12109,6105.32617,12287.3467,19498.8125,16981.3516,22327.0762
6/19/2002,2659.68799,5144.16846,5980.75879,12071.0127,18344.0039,15717.0645,22304.3809
6/20/2002,2628.23462,5127.95361,5946.03027,11983.2998,17178.791,15787.2031,22536.9375
6/21/2002,2592.66284,5205.57617,5989.50537,11785.3799,16419.082,15914.6514,22588.6094
6/22/2002,2603.02759,5258.17822,6011.30713,11555.1914,16031.6562,15806.8672,22027.8613
6/23/2002,2585.78174,5259.83105,5958.6123,11304.2393,15764.2734,15580.7646,21127.7559
6/24/2002,2566.83252,5212.68848,5815.05664,11141.8115,15529.1729,15574.8242,20362.9277
6/25/2002,2580.90137,5069.61328,5638.14307,11427.0156,15322.1768,15022.5156,20131.3242
6/26/2002,2570.3894,4947.479,5560.83301,11835.5215,15125.7637,15791.2285,20282.4414
6/27/2002,2557.55981,4930.01611,5587.87842,12210.209,15322.1914,17789.6543,20281.1328
6/28/2002,2552.47192,4866.19434,5675.67773,12476.2012,16098.7041,18469.4707,20008.5918
6/29/2002,2527.31982,4829.15479,5792.57275,12490.4678,16859.6152,18411.9395,19488.2578
6/30/2002,2470.59351,4830.1543,5789.39648,12298.8965,17368.2441,18148.1133,18990.1562
7/1/2002,2403.29761,4766.21777,5639.48242,11834.0029,17516.3203,17336.3633,19133.7871
7/2/2002,2370.08203,4796.76514,5457.20557,11462.0674,17262.7676,16891.1973,19877.0527
7/3/2002,2405.42871,5118.19922,5304.54443,11554.2861,16816.3633,16149.7402,20543.5508
7/4/2002,2525.15552,5418.45703,5225.43262,11910.1416,16313.9658,16675.334,20862.4688
7/5/2002,2654.47388,5543.68994,5244.13916,12432.1982,16286.666,18666.1953,20995.3008
7/6/2002,2734.95581,5650.05127,5244.77002,12878.0264,16899.9688,19945.7695,21047.957
7/7/2002,2879.39429,5771.76709,5185.42725,13227.1748,17892.9082,22000.1367,21021.2148
7/8/2002,3210.50732,6016.34424,5227.58594,13664.6396,19038.498,21736.6211,21095.0156
7/9/2002,3614.43481,6414.27295,5389.11768,14182.6406,19716.4414,21526.0352,21770.3672
7/10/2002,3959.56836,6742.02246,5562.03223,14350.7842,20120.6914,22613.248,23173.5117
7/11/2002,4048.15552,6972.5835,5720.30371,14015.2031,20811.2441,24473.9941,24965.1641
7/12/2002,4045.6377,7365.25537,5849.8418,13578.5996,21722.7891,23851.5977,26672.3477
7/13/2002,4142.31055,7938.69287,5958.88135,12924.4795,22074.2637,22445.7012,27649.1309
7/14/2002,4200.9668,8384.21387,6105.81299,12031.7148,21710.4531,21324.4746,27959.4785
7/15/2002,4205.74414,8441.23535,6319.03662,11201.5078,20962.3164,18873.1094,28126.5371
7/16/2002,4137.37695,8355.21094,6602.2793,10678.8447,19545.2832,16402.4922,28187.9043
7/17/2002,4163.85449,8404.97461,6920.82422,10364.8516,17867.9551,15203.3613,27974.4473
7/18/2002,4340.09424,8419.37988,7365.41846,10247.1172,16467.748,14849.0508,27589.041
7/19/2002,4345.21875,8404.19922,7898.35742,10645.2676,15515.7256,14590.0459,26966.7461
7/20/2002,4148.63428,8451.50684,8279.40234,11342.125,14901.167,14450.1494,25621.2227
7/21/2002,4144.77539,8548.78223,8515.06348,11791.4297,14689.2695,15902.6348,23530.3574
7/22/2002,4324.59326,8831.95117,8965.21191,11998.2861,15147.1934,17222.082,21350.0312
7/23/2002,4480.61182,9241.98828,9568.4209,12105.7266,15797.8828,16871.1172,19665.1348
7/24/2002,4539.82861,9409.57324,9822.79492,12232.4863,16097.2783,16455.6211,18593.3535
7/25/2002,4364.05176,9365.79785,9755.22363,12618.084,16067.7734,16124.0938,18185.7598
7/26/2002,4165.38574,9487.22266,9517.80176,13297.2686,15911.8174,16116.0586,18456.0957
7/27/2002,4163.67188,9539.24316,9273.87305,13826.9434,15899.2275,17175.2832,18998.5801
7/28/2002,4217.31885,9404.95117,9263.05957,14262.6104,16304.6943,18344.584,19260.6953
7/29/2002,4274.14941,9095.40039,9433.10449,14985.5879,16931.4238,18181.0039,19165.7812
7/30/2002,4268.6333,8599.17676,9715.12207,15820.6289,17433.8887,19111.3633,19250.916
7/31/2002,4133.99561,8223.03223,10047.3711,16481.5371,18170.2539,21655.291,20135.4805
8/1/2002,3947.2605,8085.4375,10191.2041,16600.0879,19587.8027,23882.2773,21492.0039
8/2/2002,3864.79199,8122.63623,10130.5469,16286.2793,21184.4414,24336.418,22386.625
8/3/2002,4002.96851,8247.77637,10126.9775,16032.377,22189.5371,23177.3301,22683.0684
8/4/2002,4401.50781,8471.33887,10115.4189,16082.6357,22422.5332,22304.791,23008.0039
8/5/2002,4788.06201,8650.74414,9833.74512,16263.6592,22222.873,22306.6719,23892.043
8/6/2002,4749.00635,8764.4834,9423.98828,16472.6328,22045.1758,22678.3965,25171.1348
8/7/2002,4569.01611,8880.74512,9098.27441,17010.9785,22064.7871,22927.5781,26142.5234
8/8/2002,4533.56152,9091.1582,8884.22363,17988.8574,22230.6719,23428.4141,26407.7969
8/9/2002,4532.30371,9590.28711,8788.74121,18663.3906,22679.7559,24864.5859,26207.4023
8/10/2002,4569.24219,9824.42383,8773.62012,18650.0742,23611.1953,26583.2852,25879.5059
8/11/2002,4592.04541,9628.39355,8835.34961,18391.4277,24716.6562,26010.0859,25596.4492
8/12/2002,4771.19092,9580.31348,8968.97559,17867.3301,25107.8398,24238.7402,25550.0469
8/13/2002,5193.08594,9562.33203,9174.28027,16933.5605,24647.7012,23479.5957,25876.3262
8/14/2002,5638.05908,9465.15332,9450.87988,15947.2656,23909.1504,22467.5566,26604.9863
8/15/2002,5906.64404,9400.80566,9756.68652,15345.002,22839.8828,20419.9199,27534.084
8/16/2002,5820.03027,9457.98535,10023.7227,15079.2939,21570.5605,19815.2969,28181.9043
8/17/2002,5676.90869,9747.73438,10133.8613,15112.0879,20646.6973,20385.873,28394.9492
8/18/2002,5674.22314,10241.9658,10101.5068,15442.1162,20318.5059,21232.5293,28396.3555
8/19/2002,5737.35986,10781.6025,10192.7871,15892.7441,20428.5547,22190.2109,28063.1504
8/20/2002,5888.82617,10921.0645,10549.5156,16653.7871,20902.1445,23110.8555,27332.957
8/21/2002,6028.53027,10706.001,10731.5371,17637.7344,21557.6738,24252.25,26951.7441
8/22/2002,6128.37305,10526.8896,10678.6963,18080.0293,22492.8203,27439.3496,27618.7383
8/23/2002,6337.91699,10511.6855,10749.8115,17841.6543,24074.5879,29383.7812,28892.4531
8/24/2002,6754.01709,10665.4297,11001.1416,17365.7383,25608.8008,28202.9824,29810.6367
8/25/2002,6933.52832,10887.5205,11366.1523,16900.0723,26219.8145,26957.8262,30193.5137
8/26/2002,6817.0957,10968.4863,11694.7393,16496.4473,26128.959,26027.0918,30709.6035
8/27/2002,6662.78613,11018.4941,11803.7314,16260.6963,25696.4766,25093.2109,31773.4355
8/28/2002,6465.84912,11375.9531,11663.9355,16102.4727,25079.748,24662.4609,32820.0234
8/29/2002,6350.89307,11907.7793,11639.3203,16150.4072,24589.0078,24536.4707,33050.9609
8/30/2002,6371.80566,12028.8057,11852.6787,16667.0723,24299.3477,24262.0312,32341.9277
8/31/2002,6418.05908,11637.4297,12008.752,17146.0469,24140.0039,24733.543,31139.3477
9/1/2002,6295.28076,11035.3623,11953.7529,17283.7969,24320.5664,26077.7637,29981.5117
9/2/2002,6041.3335,10449.4014,11899.1934,17386.5723,24868.793,26355.457,29139.791
9/3/2002,5774.56152,10058.8184,12089.0986,17463.9434,25284.416,26051.7461,28644.0391
9/4/2002,5534.66846,9880.77051,12607.3027,17651.0977,25461.7754,26570.9023,28475.6309
9/5/2002,5419.37646,9728.57422,13085.9756,18050.4355,25733.291,27197.0918,28706.0605
9/6/2002,5267.99902,9391.45312,13369.0615,18359.2949,26186.7832,28243.7891,29250.1758
9/7/2002,5000.97705,8951.55371,13295.6621,18395.1621,26852.3418,29155.9648,29741.2031
9/8/2002,4773.97119,8534.01074,12811.9922,18193.9082,27637.1895,30012.2051,29990.2754
9/9/2002,4664.54883,8241.49121,12207.9482,18135.5547,28406.9219,30028.8418,30145.793
9/10/2002,4630.07129,8090.11279,11695.5488,18365.0391,28844.668,29531.4238,30535.2031
9/11/2002,4592.22168,7858.87158,11275.1523,18690.8262,28985.7598,30021.8164,31433.2715
9/12/2002,4524.76025,7575.2085,10753.166,18862.1602,29177.5469,30299.5176,32573.4902
9/13/2002,4394.94141,7390.25488,10238.8887,18657.75,29405.9941,30469.8398,33401.0078
9/14/2002,4249.15576,7339.72314,9763.53516,18078.2168,29610.5508,30246.2461,33747.3984
9/15/2002,4160.56348,7291.32666,9379.35254,17379.2598,29666.8184,29642.2227,33882.7578
9/16/2002,4136.78662,7167.63525,9133.31641,17245.6133,29399.8457,28294.709,34102.1758
9/17/2002,4225.05176,7081.12695,8977.43555,18242.0527,28794.1641,28053.123,34362.2617
9/18/2002,4410.11963,6887.43213,8940.13086,18934.2676,28447.5352,29713.9199,34597.4414
9/19/2002,4481.00781,6628.18652,8897.65527,18663.2266,28880.6211,31541.4219,34844.1758
9/20/2002,4372.76611,6492.43066,8743.02734,18120.5,29486.166,29201.7285,34831.0664
9/21/2002,4171.84717,6461.00684,8572.75977,17389.998,29132.9629,26813.123,34440.2969
9/22/2002,3979.66162,6595.00293,8429.52832,17143.0781,28050.0527,25916.5879,34242.9297
9/23/2002,3893.22388,6773.51465,8293.9668,17842.2871,26995.0977,25838.959,34705.168
9/24/2002,3854.09155,6735.45117,8024.90479,18282.9238,26305.1699,26995.1426,35266.2266
9/25/2002,3775.81567,6459.74756,7640.00293,17656.5254,26571.6777,29756.4785,35007.25
9/26/2002,3657.93213,6047.71875,7300.06836,16696.334,27539.3633,28990.6953,34049.8594
9/27/2002,3532.42944,5653.6499,7070.18066,15632.042,27988.3203,27082.9902,33122.4492
9/28/2002,3413.67041,5382.5127,6970.49756,14651.417,27551.5977,25787.0195,32657.8926
9/29/2002,3314.72241,5164.23535,7014.59473,13912.2744,26673.207,24471.8398,32811.7852
9/30/2002,3229.12329,4955.97852,7200.45703,13327.0586,25465.4102,22984.248,33163.5859
10/1/2002,3180.15552,4794.8916,7241.2876,12785.3418,24134.6699,21488.6543,32919.3125
10/2/2002,3249.65747,4670.80176,6988.04102,12243.0059,22771.2871,19971.7266,32041.5391
10/3/2002,3353.41748,4573.56885,6619.25781,11766.417,21400.002,18778.5918,30960.709
10/4/2002,3366.7749,4515.57422,6231.77539,11506.6162,20105.0215,17576.707,29746.6738
10/5/2002,3402.69165,4510.16699,5889.15527,11481.2373,18914.1113,16789.5449,28348.459
10/6/2002,3485.85547,4614.42188,5609.41162,11480.9629,17950.832,16769.0645,26780.3594
10/7/2002,3570.9519,4858.30713,5434.77979,11315.0928,17345.998,16791.832,25165.3184
10/8/2002,3614.1687,5059.15332,5406.37939,10876.7354,16984.2598,16333.4961,23632.9316
10/9/2002,3532.35205,5084.3208,5355.96973,10190.0742,16617.9766,15710.3145,22289.3887
10/10/2002,3478.97485,5103.271,5176.80469,9399.51367,16130.9141,14815.7451,21249.6973
10/11/2002,3448.59326,5140.82715,4994.02148,8668.68164,15462.3076,13740.4297,20495.3281
10/12/2002,3385.89014,5143.08057,4903.92041,8154.26416,14597.5078,12549.5459,19895.2344
10/13/2002,3347.28003,5058.49463,4928.10596,7833.04248,13609.6064,11535.6572,19361.4883
10/14/2002,3270.19873,4890.25146,5016.09668,7559.63379,12647.1621,10985.1768,18762.4219
10/15/2002,3149.10254,4740.51855,5098.81152,7292.26514,11869.3027,10594.8994,17982.2559
10/16/2002,3008.93213,4585.17871,5153.89502,6992.02393,11243.6943,10027.6582,17029.6855
10/17/2002,2883.68433,4433.37891,5189.26611,6634.65918,10688.0586,9659.44238,15961.7041
10/18/2002,2781.53955,4291.22705,5200.86426,6315.60889,10205.9521,9286.95996,14930.8145
10/19/2002,2695.53931,4119.28418,5173.13916,6127.7749,9717.48242,8883.91797,14118.3506
10/20/2002,2622.38232,3931.67383,5121.94336,6087.47461,9275.86523,9001.34961,13517.4414
10/21/2002,2568.36548,3760.30322,5037.86768,6148.37012,8989.1748,8686.03906,13053.2441
10/22/2002,2527.21777,3625.02051,4976.76855,6316.97021,8766.30176,8740.47461,12733.3682
10/23/2002,2497.57227,3544.94067,4991.7041,6721.60254,8674.67188,9061.55469,12570.5059
10/24/2002,2473.375,3549.59351,4890.95459,7179.78174,8799.3877,9543.10645,12537.4756
10/25/2002,2445.13696,3565.52197,4688.43066,7899.72119,9065.68652,10042.9668,12510.9316
10/26/2002,2410.68604,3572.75317,4490.35498,8780.99707,9375.67676,10055.3369,12376.8857
10/27/2002,2353.21655,3575.91772,4263.01904,9354.94434,9736.50586,11557.2939,12094.5459
10/28/2002,2286.50098,3579.4165,4114.6582,9485.89941,10471.8457,12711.834,11841.0938
10/29/2002,2245.80176,3634.53052,4111.26855,8976.01562,11312.8828,12873.8496,11924.7266
10/30/2002,2289.82642,3720.17236,4111.9502,8153.23535,11841.0156,12350.0146,12335.2715
10/31/2002,2369.2561,3736.23071,4064.20996,7336.81348,11853.2871,10596.4648,12847.9941
11/1/2002,2383.61353,3687.88672,4011.58984,6726.25732,11215.4688,9620.53125,13527.0586
11/2/2002,2382.86255,3625.81763,3939.22583,6482.7793,10418.7295,9246.33301,14369.502
11/3/2002,2574.82227,3567.27222,3911.90088,6432.50732,9803.79297,9133.63574,14940.3447
11/4/2002,3134.47681,3582.90771,3936.77075,6380.84033,9449.37988,9456.10059,14893.0596
11/5/2002,3503.32007,3633.16235,3977.63379,6382.09521,9413.60645,9675.89355,14251.5635
11/6/2002,3343.67212,3651.31836,3993.20654,6230.13281,9450.25684,9179.25,13311.8496
11/7/2002,3048.13916,3884.85327,3959.56738,5897.36279,9355.19629,9032.25781,12426.3633
11/8/2002,2768.65015,4848.69629,3892.83228,5628.61084,9122.36621,8087.45801,11923.7666
11/9/2002,2567.12476,6242.45508,3815.05933,5426.27051,8652.46777,7472.40527,11768.334
11/10/2002,2525.2168,6645.9624,3762.10425,5318.28174,8099.38184,7219.54639,11689.8174
11/11/2002,2608.2876,5890.32031,3740.20483,5273.59277,7667.48389,7060.46387,11625.041
11/12/2002,2660.15137,4960.91797,3756.69165,5237.36963,7341.94775,6906.85791,11416.2812
11/13/2002,2606.30054,4197.44629,3901.89258,5178.75977,7120.34033,6682.90723,10858.3447
11/14/2002,2473.1543,3728.84814,4337.15186,5100.90967,6940.63232,6443.96045,10165.8027
11/15/2002,2318.87793,3560.42212,5033.99902,5004.61621,6733.26709,6272.58203,9651.99023
11/16/2002,2206.93726,3526.46558,5635.50732,4897.86865,6511.18945,6103.1123,9311.02344
11/17/2002,2147.13892,3466.30444,5825.79395,4820.60889,6304.97314,5954.47412,9027.35938
11/18/2002,2117.25513,3341.62231,5657.14453,4791.17969,6127.0083,5899.0625,8735.16113
11/19/2002,2111.05005,3215.91968,5260.6958,4819.91309,6009.11914,5934.2998,8438.95215
11/20/2002,2127.15332,3144.3186,4765.92236,5018.41016,5962.8374,5989.5498,8159.16113
11/21/2002,2096.71045,3094.24146,4354.44922,5548.7373,5964.68018,6086.90039,7910.9751
11/22/2002,2018.57166,3030.3186,4067.40942,6386.74951,6032.04688,6515.60791,7708.77979
11/23/2002,1946.88757,2945.5293,3866.84082,7156.4873,6289.1167,7525.06445,7564.27246
11/24/2002,1884.73499,2862.69946,3715.20728,7407.66602,6864.31396,8785.33594,7485.61182
11/25/2002,1842.22021,2801.67749,3584.28931,7125.35889,7671.74121,9293.9668,7476.27344
11/26/2002,1841.02417,2723.44385,3465.48315,6562.01709,8290.47168,8510.83691,7556.93945
11/27/2002,1964.36938,2643.07007,3373.34692,5935.71338,8341.89648,7383.66797,7825.71875
11/28/2002,2416.87573,2592.36426,3328.54639,5425.9043,7907.2876,6493.74316,8398.04395
11/29/2002,2973.79126,2606.59473,3308.39697,5082.82471,7246.70068,5813.17529,9146.5918
11/30/2002,3206.2793,2698.80176,3248.47192,4850.89111,6575.24463,5476.27393,9654.9873
12/1/2002,3092.96729,2867.29736,3144.17944,4684.9043,6051.50439,5269.75488,9634.02344
12/2/2002,2880.66919,3221.39331,3024.10767,4548.84424,5693.98779,5087.44336,9186.1582
12/3/2002,2805.17993,3853.92603,2913.64185,4435.6875,5442.85205,4963.69824,8566.68262
12/4/2002,2887.09546,4464.47998,2859.11816,4344.09277,5257.47607,4857.96484,7949.73193
12/5/2002,2947.52393,4512.3877,2879.53052,4285.71387,5118.3501,4819.92188,7433.85205
12/6/2002,2834.14868,4169.96338,2943.95215,4242.87988,5006.41504,4782.96289,7041.9917
12/7/2002,2630.26709,3879.66772,3027.95947,4153.66699,4903.46631,4708.47998,6752.98242
12/8/2002,2445.72729,3748.80762,3179.86523,4027.3186,4825.08203,4720.91699,6548.87305
12/9/2002,2333.07446,3743.4585,3471.45239,3922.16626,4746.00439,4560.54346,6385.52441
12/10/2002,2268.79834,3653.01196,3845.2312,3876.22607,4621.76367,4409.31104,6232.88232
12/11/2002,2233.26294,3428.42969,4123.62061,3862.00439,4507.76123,4443.77002,6089.56689
12/12/2002,2302.26245,3184.71167,4206.82178,3867.83789,4455.38281,4538.47998,5963.62695
12/13/2002,2319.50049,3019.91943,4136.20312,3888.60571,4473.87402,4660.78467,5851.87402
12/14/2002,2152.06885,2921.1228,4021.3938,3919.73535,4540.21484,4705.78662,5736.25439
12/15/2002,1920.24365,2876.56274,3925.13916,4031.37476,4610.88232,4780.89062,5622.21729
12/16/2002,1713.62415,2904.70703,3822.87012,4278.48291,4692.7793,4916.37549,5541.80078
12/17/2002,1576.55432,2978.11792,3685.14233,4611.00586,4796.5083,5120.46143,5524.12842
12/18/2002,1479.53455,2935.29907,3518.16602,4871.68262,4948.76855,5494.22705,5549.45605
12/19/2002,1400.05579,2686.52368,3346.41431,4936.12891,5183.27441,5809.61475,5581.03711
12/20/2002,1324.14844,2391.00391,3196.30078,4808.13428,5430.58496,5751.50342,5617.44922
12/21/2002,1252.57739,2157.56006,3087.66064,4607.25098,5560.62207,5395.60693,5675.42822
12/22/2002,1182.27429,1993.36914,3032.15308,4459.91992,5502.30078,5031.49951,5788.0083
12/23/2002,1109.61865,1870.2489,3017.24683,4331.80566,5297.43848,4841.01074,5976.68213
12/24/2002,1049.36792,1765.72595,2989.02075,4161.23779,5067.02832,4817.06445,6179.53467
12/25/2002,1008.19049,1678.27063,2893.81006,3971.84839,4903.80127,4683.2998,6285.32275
12/26/2002,1016.73578,1662.15125,2733.08374,3785.70581,4756.16309,4350.47461,6232.9292
12/27/2002,1027.52649,1848.32251,2544.53052,3626.97559,4561.57275,4087.51831,6058.02979
12/28/2002,995.659973,2141.21582,2361.12549,3522.44556,4350.00098,3896.14404,5864.7124
12/29/2002,978.124512,2412.104,2218.81152,3469.89087,4151.97656,3795.77344,5712.16748
12/30/2002,956.97345,2611.50342,2090.23242,3464.09839,3994.08423,3771.25342,5553.75439
12/31/2002,933.568909,2694.49707,1962.67639,3460.17798,3893.04907,3777.0415,5341.80225
1/1/2003,963.346497,2587.55811,1896.19922,3376.01611,3837.97876,3810.18335,5097.26318
1/2/2003,1010.79572,2341.021,1920.22034,3214.95166,3821.08496,3773.07227,4856.354
1/3/2003,1030.82288,2150.97852,2038.9165,3009.34595,3792.81592,3530.02148,4655.38525
1/4/2003,1021.14056,2003.62341,2223.2832,2800.83301,3695.25122,3299.68555,4518.23047
1/5/2003,1002.12085,1920.22595,2414.57446,2641.9729,3530.14453,3035.46899,4434.71875
1/6/2003,1088.95569,1912.29175,2547.61011,2544.62817,3315.53833,2829.60327,4376.97607
1/7/2003,1550.8761,1968.72351,2586.58057,2505.09546,3100.07983,2715.4375,4295.1543
1/8/2003,2155.00781,2057.47314,2533.71216,2514.6936,2932.05273,2586.0564,4149.25879
1/9/2003,2467.99634,2055.49341,2417.82568,2595.12427,2829.46167,2481.36816,3948.24194
1/10/2003,2564.41162,1999.41797,2275.02271,2741.16699,2785.72021,2573.47314,3721.21069
1/11/2003,2295.97363,2207.45679,2149.00293,2881.53589,2799.20435,2862.27588,3504.448
1/12/2003,1894.55603,2809.98364,2076.03906,2988.89697,2892.9707,3196.271,3323.63745
1/13/2003,1739.05212,3308.68628,2058.05981,3052.0332,3036.88794,3434.35571,3178.2207
1/14/2003,1644.04761,3482.96582,2074.12061,3034.43579,3164.97754,3570.59839,3082.67456
1/15/2003,1525.04272,3346.24268,2087.17505,2931.271,3256.65308,3508.97217,3076.06299
1/16/2003,1395.78821,2897.11987,2097.31616,2774.34155,3286.91479,3263.51392,3175.24146
1/17/2003,1292.26636,2519.45874,2187.74268,2598.87427,3220.0813,2963.6084,3345.77612
1/18/2003,1239.77808,2323.17896,2431.23657,2443.81543,3074.05713,2727.91968,3524.5874
1/19/2003,1266.24084,2170.2771,2766.94629,2342.41895,2890.68433,2481.91724,3650.9375
1/20/2003,1317.04993,2015.54651,3054.71313,2297.0752,2695.06787,2334.35962,3675.3916
1/21/2003,1309.57849,1875.13428,3179.86523,2290.11621,2529.8894,2303.18335,3583.81982
1/22/2003,1232.03943,1780.07849,3101.54053,2291.86426,2428.86255,2329.53711,3412.08447
1/23/2003,1131.53369,1751.63074,2891.26123,2295.45703,2385.62646,2368.56152,3209.64941
1/24/2003,1051.36035,1786.28418,2658.54224,2369.07495,2377.52319,2357.72046,3010.8208
1/25/2003,980.390381,1812.9198,2453.15503,2584.24194,2373.01221,2351.26416,2842.48779
1/26/2003,923.638245,1773.32629,2279.98438,2894.76709,2383.10352,2559.58618,2725.02002
1/27/2003,876.848633,1682.81042,2134.38843,3171.26245,2486.41113,3025.53613,2659.17432
1/28/2003,832.169434,1593.04102,2015.3313,3299.62671,2729.62573,3462.94531,2623.35205
1/29/2003,787.925964,1516.20044,1929.85107,3234.97241,3038.71875,3637.98315,2596.5813
1/30/2003,745.315247,1448.62061,1882.61743,3035.31006,3283.87036,3514.5415,2602.00659
1/31/2003,704.437378,1393.63123,1859.03223,2802.85669,3364.90649,3165.84692,2706.24146
2/1/2003,663.281006,1343.6731,1831.974,2592.78711,3260.96338,2815.24414,2935.55273
2/2/2003,624.87207,1292.73499,1785.02502,2414.50439,3050.54199,2582.88647,3217.2561
2/3/2003,589.754944,1238.98438,1719.62646,2265.05713,2823.2832,2413.86646,3430.6438
2/4/2003,557.370728,1182.03296,1645.84961,2143.93506,2620.95947,2258.39062,3487.18018
2/5/2003,528.816223,1120.55688,1573.16138,2071.43823,2460.24707,2127.3313,3376.29736
2/6/2003,504.306946,1056.07007,1507.35962,2034.65625,2336.7251,2045.60437,3164.88892
2/7/2003,507.242279,993.749207,1449.19458,2036.44495,2246.34888,2026.31946,2933.38306
2/8/2003,647.324402,940.74408,1396.2334,2095.21143,2199.32935,2068.05884,2721.69385
2/9/2003,854.697571,894.193726,1344.9718,2113.19312,2178.13745,2106.10132,2538.68286
2/10/2003,955.158997,851.923523,1290.04688,2021.8855,2200.66187,2095.30347,2385.45654
2/11/2003,969.856018,841.875488,1230.85425,1876.50098,2254.6438,2092.40039,2265.01953
2/12/2003,889.729675,954.621033,1169.58704,1739.21692,2229.57275,2073.4751,2183.77393
2/13/2003,830.260437,1174.52258,1112.54785,1631.38403,2099.83423,1971.35925,2140.45142
2/14/2003,880.015015,1364.25,1082.39417,1551.82959,1936.72681,1813.22656,2119.38208
2/15/2003,922.191467,1470.46924,1073.5022,1495.21204,1795.8396,1685.06982,2106.17871
2/16/2003,890.860901,1446.52905,1059.94958,1455.87146,1691.18323,1585.5791,2096.28784
2/17/2003,795.858521,1335.40234,1029.36743,1449.61792,1619.95801,1535.76855,2076.46387
2/18/2003,686.613159,1275.65405,1027.10034,1499.79797,1575.48694,1525.66638,2024.79126
2/19/2003,585.664978,1262.80103,1098.02979,1607.31177,1565.95508,1675.37634,1944.61084
2/20/2003,515.716187,1222.22778,1213.01453,1707.43835,1613.86902,1881.83569,1862.7605
2/21/2003,475.774231,1136.4563,1325.62927,1698.02625,1744.27295,2215.08667,1796.0863
2/22/2003,451.52948,1022.97491,1388.53284,1591.36145,1925.48486,2255.19556,1754.05237
2/23/2003,434.472626,903.290588,1389.72327,1470.76074,2046.84009,2070.04272,1761.50635
2/24/2003,412.05426,799.422729,1357.84473,1370.6416,2042.94946,1848.7738,1839.56519
2/25/2003,387.07254,723.273926,1320.03027,1311.10437,1952.7146,1757.62085,1988.09827
2/26/2003,367.1987,669.907898,1278.70325,1343.80298,1852.76184,1704.55579,2164.17188
2/27/2003,352.414062,632.555725,1224.99475,1539.60339,1772.50647,1700.5343,2264.95972
2/28/2003,340.704041,599.938416,1153.22864,1829.8125,1754.30896,2006.75623,2234.54858
3/1/2003,332.254547,565.472961,1066.30017,2003.58398,1877.422,2454.76245,2123.39233
3/2/2003,325.100311,534.308472,971.944885,2030.15564,2131.75317,2746.81738,2004.31641
3/3/2003,318.510834,509.479401,879.872742,2027.86792,2363.37427,2549.31055,1918.53455
3/4/2003,312.635773,489.086365,800.999207,2009.13782,2460.37817,2423.1272,1916.45044
3/5/2003,307.775635,472.933777,738.545349,1962.74792,2475.88965,2470.04175,2054.78003
3/6/2003,304.023438,459.933258,689.210815,1854.96704,2492.30078,2485.56836,2290.64941
3/7/2003,301.246277,447.820557,647.271362,1705.11743,2494.39697,2346.77563,2490.79321
3/8/2003,299.331268,435.680817,609.660339,1611.30725,2441.0459,2094.49243,2564.95728
3/9/2003,298.501099,423.327576,576.406433,1548.42993,2303.47974,1805.88074,2555.9502
3/10/2003,299.217712,410.982758,549.647888,1473.77783,2152.93945,1708.01379,2541.11499
3/11/2003,301.838074,398.977722,527.658264,1363.11353,2088.63135,1720.06946,2516.04492
3/12/2003,305.544556,388.826294,510.501404,1223.4668,2047.40747,1828.31091,2443.11523
3/13/2003,310.758911,390.42926,495.144928,1106.66235,2002.83484,2026.21057,2303.16333
3/14/2003,333.524261,412.095673,481.386505,1002.03149,1950.27466,2058.28687,2127.67334
3/15/2003,409.170654,472.726898,493.655975,909.358032,1873.65308,1950.63477,1981.86316
3/16/2003,486.696411,549.544006,522.187927,851.862305,1774.82446,1643.39417,1905.59534
3/17/2003,508.969849,616.188293,531.677124,850.929199,1626.85986,1361.20569,1911.39575
3/18/2003,479.567566,683.151672,525.999023,923.141724,1456.08264,1222.2981,1972.52466
3/19/2003,427.767334,759.523621,505.711761,1044.92993,1323.92224,1268.72046,2016.55212
3/20/2003,395.523407,848.06958,488.451721,1181.34619,1281.13367,1454.17334,1980.88806
3/21/2003,378.770233,891.332214,513.485107,1263.38049,1341.61951,1746.69727,1859.83777
3/22/2003,368.343262,860.921326,597.602539,1318.13525,1518.29419,2154.74097,1703.72351
3/23/2003,358.654297,791.526001,674.09668,1384.15271,1765.40894,2243.37622,1581.32166
3/24/2003,361.382874,745.688721,739.809753,1465.70447,1959.60388,2355.7041,1549.16064
3/25/2003,381.23053,749.817688,821.055176,1506.5144,2113.94556,2557.58618,1630.14893
3/26/2003,393.677216,756.274963,890.539246,1450.0144,2319.58057,2971.4585,1808.27161
3/27/2003,402.154114,727.568665,927.681763,1368.55066,2553.29346,3128.23071,2027.41687
3/28/2003,412.403198,685.748535,928.781433,1321.65491,2747.02197,2991.27344,2215.2417
3/29/2003,426.646729,667.797058,924.640808,1343.84412,2810.84741,2725.28003,2369.78271
3/30/2003,468.492279,674.436279,960.779297,1423.16272,2770.40503,2628.67358,2559.50342
3/31/2003,550.01062,708.681763,990.872192,1596.66565,2707.43604,2679.16357,2808.61182
4/1/2003,648.722534,777.060608,984.394714,1828.58118,2664.54077,2897.96094,3022.17749
4/2/2003,707.110352,844.181519,951.757202,2002.19507,2760.71045,3460.18066,3094.10132
4/3/2003,688.722717,890.961243,877.969482,2121.21558,3045.48071,3938.56152,3040.84961
4/4/2003,631.680664,966.749023,811.36615,2178.80249,3386.93188,4241.40967,2951.81641
4/5/2003,587.505127,1052.00818,765.312256,2160.06909,3760.33716,4606.72412,2916.57349
4/6/2003,558.261902,1093.59094,756.458679,2079.37378,4146.68018,4672.08691,3020.78027
4/7/2003,537.17218,1074.49744,786.127502,1961.56995,4364.21143,4387.0415,3303.81885
4/8/2003,518.348511,997.846313,829.90564,1883.5072,4378.4248,4061.74707,3700.37622
4/9/2003,492.038605,914.001282,872.097717,1810.24219,4217.53418,3673.72876,4129.63135
4/10/2003,457.721924,850.830139,921.295715,1701.80823,3961.78857,3322.2373,4503.43359
4/11/2003,447.266144,818.97821,982.627319,1663.73181,3712.97632,3078.11035,4686.42334
4/12/2003,525.359558,837.255188,1032.56934,1861.73853,3468.86426,2899.53662,4649.87891
4/13/2003,636.680176,906.011719,1052.69922,2127.77881,3268.57349,3069.4646,4474.88086
4/14/2003,632.823547,926.920288,1041.32629,2100.33984,3257.11133,3654.34912,4195.84326
4/15/2003,551.44104,904.984619,1001.1203,1874.23267,3455.66846,3778.52002,3855.9314
4/16/2003,483.830872,945.68689,950.120728,1681.63269,3538.95215,3142.44043,3542.20361
4/17/2003,449.90155,1086.30676,916.90448,1586.39502,3333.0708,2849.94067,3336.29688
4/18/2003,457.158569,1248.57971,928.278992,1595.34802,3047.22559,2826.104,3335.69409
4/19/2003,453.744537,1398.60364,960.101379,1660.87891,2843.48633,2842.28394,3510.36426
4/20/2003,457.106567,1461.71777,1002.61865,1839.46631,2757.37183,2855.71362,3608.97095
4/21/2003,481.263275,1415.76697,1042.64954,2086.48022,2740.72168,2822.29565,3490.73218
4/22/2003,483.437042,1374.95325,1077.50232,2349.05005,2783.44482,3173.62793,3302.15112
4/23/2003,448.676331,1320.33252,1145.38989,2588.72729,2942.17798,3474.15527,3169.97266
4/24/2003,410.6521,1269.19653,1254.93359,2774.91357,3175.61035,3869.03418,3095.78394
4/25/2003,407.66156,1256.31775,1395.4104,2866.24951,3432.14673,3926.95654,3055.47534
4/26/2003,419.425232,1226.30273,1488.63037,2743.19629,3640.17236,4087.72583,3074.2937
4/27/2003,420.73111,1129.74963,1509.37012,2517.59448,3796.45483,4058.29175,3220.89038
4/28/2003,432.79071,1038.35669,1495.2262,2339.71558,3856.47583,3684.02954,3463.20874
4/29/2003,454.975159,1015.59998,1463.26538,2234.99878,3752.83789,3539.44189,3707.99341
4/30/2003,485.168091,1025.79907,1428.58557,2217.78735,3651.00928,3677.15771,3904.97485
5/1/2003,504.943726,1016.50677,1412.50903,2286.64575,3604.40405,3531.92725,4040.6355
5/2/2003,536.500122,1035.64856,1393.57532,2373.88379,3565.40845,3657.62378,4062.70923
5/3/2003,614.035706,1126.67273,1343.25793,2424.66187,3595.17822,3958.73218,3966.03955
5/4/2003,733.438599,1221.44312,1286.24146,2439.35156,3741.95605,4456.52979,3891.81274
5/5/2003,750.803223,1299.79565,1220.41394,2471.0647,3972.979,4425.76709,3979.74805
5/6/2003,662.424744,1357.76331,1158.21875,2661.81836,4121.41895,4347.04688,4267.90674
5/7/2003,602.960999,1430.94287,1119.41467,2984.28174,4144.75146,4504.45557,4676.78857
5/8/2003,541.050781,1552.93481,1107.76929,3152.84253,4245.93506,5056.82129,5040.55566
5/9/2003,498.086761,1601.92212,1134.34644,3232.10474,4493.14014,5096.92627,5222.50781
5/10/2003,476.818085,1510.75183,1205.29126,3294.56177,4687.6626,4675.05566,5217.77881
5/11/2003,484.766724,1371.18091,1305.89636,3141.23413,4745.39111,4940.75293,5215.99756
5/12/2003,537.912964,1269.23743,1394.80505,2845.41406,4850.47217,5006.13086,5365.62109
5/13/2003,597.421631,1194.70129,1502.19849,2665.83179,4824.75879,4248.76416,5569.83594
5/14/2003,655.582947,1152.05652,1606.5459,2674.67871,4534.7959,3970.38135,5686.88184
5/15/2003,738.152527,1167.08972,1686.1875,2751.67871,4275.63623,4733.91455,5806.09814
5/16/2003,906.656494,1254.35657,1723.75696,3116.71387,4421.39209,5845.92773,6017.6499
5/17/2003,1004.45093,1398.53552,1672.72363,3919.07227,4960.56104,6363.89844,6071.80957
5/18/2003,971.561646,1548.66431,1577.76062,4491.9585,5552.57666,7270.59131,5825.91699
5/19/2003,929.539734,1687.65955,1463.85742,4449.3457,6360.37744,8922.19141,5607.21777
5/20/2003,865.892456,1792.40417,1365.3772,4205.19189,7262.83398,8674.55273,5775.15771
5/21/2003,832.050049,1864.53931,1315.98303,4045.40649,7633.18213,7425.3623,6354.83838
5/22/2003,836.291138,1868.47192,1345.07434,3942.18652,7385.53174,6856.74219,7239.6123
5/23/2003,848.231812,1791.77405,1470.19983,3788.1897,7019.75879,7030.58447,8404.08887
5/24/2003,853.008118,1669.31311,1630.33057,3554.68237,6833.3418,7256.87598,9618.65625
5/25/2003,864.457886,1559.80859,1780.47742,3464.29297,6756.63281,6975.40332,10291.9541
5/26/2003,934.883179,1539.44067,1926.56946,3862.48755,6679.09277,6622.53955,10260.1338
5/27/2003,1002.84985,1558.96985,2045.98975,4494.58838,6602.82178,7196.06689,10017.2861
5/28/2003,1026.45959,1565.36279,2085.99585,4939.2915,6814.90625,8661.6543,9917.36719
5/29/2003,1045.39441,1564.31946,2023.29126,5405.14844,7500.77686,9727.10449,9955.63867
5/30/2003,1057.56042,1616.77966,1956.12402,5686.84326,8179.9541,9358.94824,10094.293
5/31/2003,1081.36877,1729.828,1971.22119,5614.82422,8623.8291,10364.0166,10394.8691
6/1/2003,1133.0332,1774.46765,2038.62085,5574.3418,9087.66992,10313.5391,10917.4961
6/2/2003,1185.42053,1771.77637,2189.23413,5597.51025,9440.58008,10486.0127,11578.499
6/3/2003,1218.93567,1803.29907,2287.18091,5534.03516,9673.62793,10734.0576,12245.1348
6/4/2003,1228.76721,1898.11597,2331.70361,5634.41162,9926.2793,11062.4668,13074.5781
6/5/2003,1284.34509,2137.40161,2418.4231,6029.73096,10124.2197,10859.9873,14138.2725
6/6/2003,1337.32971,2413.71289,2491.08765,6436.89453,10288.4443,11492.6895,14926.6152
6/7/2003,1390.39124,2569.12769,2511.12354,6784.88623,10595.1807,12098.6338,15107.0811
6/8/2003,1489.55701,2608.27026,2390.53149,7237.89941,11087.5029,12596.2783,14944.4736
6/9/2003,1536.00464,2587.50708,2274.9834,7614.38477,11523.0391,12461.8086,14604.9717
6/10/2003,1511.09619,2577.12158,2284.17993,7542.12256,11898.7832,13144.7031,14179.0107
6/11/2003,1504.71838,2536.26807,2339.70093,7195.08447,12265.1221,12823.0254,13938.0967
6/12/2003,1587.83691,2525.09546,2418.3269,6778.66748,12333.624,11612.5166,13934.4004
6/13/2003,1701.24268,2602.37524,2514.95264,6267.95654,11879.0957,10304.9648,14026.3789
6/14/2003,1755.06653,2645.17896,2587.45874,5761.0918,11129.3018,9630.53906,14148.7051
6/15/2003,1767.30969,2588.1853,2628.68335,5390.10303,10315.1787,8568.23438,14254.0215
6/16/2003,1862.75977,2539.51196,2675.9248,5231.10254,9430.58887,7836.29053,14093.7744
6/17/2003,2087.6543,2617.22534,2842.16602,5282.71387,8659.54004,7633.99219,13518.5088
6/18/2003,2295.09204,2731.448,3073.8772,5411.43066,8178.91748,8061.07422,12758.2158
6/19/2003,2396.20898,2779.94116,3169.29077,5610.67676,8050.66846,8455.51953,12065.1895
6/20/2003,2412.48145,2830.39966,3130.82471,5897.35352,8108.05908,8594.28418,11525.2451
6/21/2003,2356.15332,3025.62427,3010.62915,6192.85645,8246.90625,9208.35742,11203.5781
6/22/2003,2295.05981,3329.71045,2883.98804,6621.85693,8559.74512,9722.56836,11166.3672
6/23/2003,2242.27612,3593.89307,2994.51587,7153.99951,8932.44824,10039.1445,11380.1943
6/24/2003,2244.80566,3753.89868,3446.66089,7449.84814,9401.35352,11096.4092,11667.6377
6/25/2003,2400.36182,3713.62207,3661.46631,7686.82129,10018.2041,11537.7148,11862.9717
6/26/2003,2496.43945,3544.73682,3516.36304,8189.82471,10552.1582,11338.1494,11981.8037
6/27/2003,2446.19531,3412.72485,3418.06079,8351.26465,10793.9482,11427.5762,12033.8447
6/28/2003,2434.05103,3370.6875,3400.54395,7975.01904,11092.4111,12639.709,12160.2881
6/29/2003,2459.69482,3550.89429,3533.93213,7720.62061,11476.3213,11516.1982,12520.126
6/30/2003,2485.06665,3930.31226,3842.09814,7721.23926,11379.2568,10560.8828,12891.9268
7/1/2003,2571.20312,4299.65332,4306.0918,7842.95801,10985.9707,10744.8223,13127.7646
7/2/2003,2705.84351,4537.06152,4780.23438,7960.56152,10805.5391,11469.4062,13439.873
7/3/2003,2804.53589,4652.48975,4931.99805,7858.78027,10951.8525,12105.7559,13758.6289
7/4/2003,2856.15015,4727.56348,4731.39844,7789.74121,11371.2744,12710.415,13804.4062
7/5/2003,2849.63818,4747.31299,4489.61084,7952.43848,11756.6191,12052.416,13873.0146
7/6/2003,2767.78467,4779.56836,4403.22217,8171.5,11867.8369,12415.5859,14262.4668
7/7/2003,2660.17725,4888.69531,4504.8877,8288.80469,12023.7188,13013.0244,14821.0654
7/8/2003,2650.61035,4984.37793,4706.36768,8283.50586,12354.5811,13429.3467,15295.5576
7/9/2003,2828.25366,5014.78271,4916.89014,8328.36133,12651.6641,13088.1709,15434.0957
7/10/2003,3042.9126,4939.40625,5063.82764,8221.27832,12716.9238,12515.8877,15242.0176
7/11/2003,3185.09595,4771.97119,5108.5874,7828.91943,12575.6826,12577.377,15023.8418
7/12/2003,3195.63501,4626.02002,5103.06738,7657.81787,12386.0684,11946.4883,14977.9033
7/13/2003,3115.60181,4675.01807,5148.15527,7957.22314,12001.2393,10890.4844,15040.8467
7/14/2003,3094.53101,4935.13721,5312.53125,8325.20117,11520.9775,11485.4365,15081.084
7/15/2003,3214.33496,5202.38477,5459.00439,8532.26855,11420.1152,12298.2012,15043.752
7/16/2003,3330.12036,5382.03613,5470.28174,8718.63184,11649.8809,12386.6758,14835.2334
7/17/2003,3240.07837,5490.08838,5356.42578,8842.03125,11852.0449,12255.999,14337.1191
7/18/2003,3057.27832,5517.42529,5201.18555,8730.58594,11987.3691,12486.3545,13872.25
7/19/2003,2869.84863,5512.62305,5091.45557,8416.40332,12114.6846,12422.6445,13869.1973
7/20/2003,2750.30518,5525.28906,5070.91699,8136.21582,12101.3066,11710.0713,14195.7139
7/21/2003,2675.41772,5402.97754,5188.67969,8090.0083,11802.1299,11129.9062,14515.4561
7/22/2003,2626.38721,5135.00439,5393.26562,8321.0918,11363.2529,11052.0752,14728.9502
7/23/2003,2702.51782,4959.19824,5692.94141,8818.99707,11096.707,11523.9541,14808.2773
7/24/2003,2894.53345,4866.67041,5988.08203,9320.60156,11196.293,12702.7695,14682.5879
7/25/2003,3413.10278,4871.36523,6272.10059,10276.2305,11737.2793,14004.0078,14400.127
7/26/2003,3727.88306,4967.74951,6449.60791,12089.123,12489.7773,14214.8682,14127.8867
7/27/2003,3458.15771,5191.64258,6411.47852,12886.5361,13120.3389,15779.2207,14117.1855
7/28/2003,3133.89136,5589.88037,6225.43652,12382.7676,14380.4424,19648.459,14614.2441
7/29/2003,2904.17407,6198.29785,5968.81982,12027.1836,15988.5146,17110.7441,15502.6455
7/30/2003,2974.07959,6945.4585,5791.66992,11949.5723,16289.8037,14994.957,16372.5615
7/31/2003,3338.97485,7063.6499,5752.18945,11862.7637,15679.4238,15008.1924,17374.4043
8/1/2003,3521.44385,6486.08398,5746.79053,11751.207,15312.4814,15872.5303,19054.6191
8/2/2003,3448.97461,5886.00293,5731.38965,11562.1631,15248.4766,15767.0566,20637.9844
8/3/2003,3405.70654,5640.72656,5870.01465,11150.5166,15226.3467,15798.1992,20760.8398
8/4/2003,3439.81763,6045.76855,6286.37402,10765.0938,15255.1123,15368.1582,19904.8965
8/5/2003,3446.71802,6681.1499,6905.41113,10525.3232,15179.2793,15074.2734,19370.7891
8/6/2003,3385.27124,6932.2876,7323.26025,10444.7061,14988.5859,15052.9619,19569.1641
8/7/2003,3330.28052,6912.58496,7247.58057,10453.7041,14827.0693,15202.8076,20040.0566
8/8/2003,3295.42944,7035.771,6865.78467,10543.6797,14739.6152,15163.8252,20256.8184
8/9/2003,3329.83398,7189.78516,6527.14697,10693.0898,14699.1865,14955.71,20124.6465
8/10/2003,3589.84155,7066.0376,6445.07715,10883.6084,14711.5273,15709.9248,19822.4414
8/11/2003,3854.86987,6793.60938,6633.08789,11293.6709,14931.3066,16057.4736,19521.6113
8/12/2003,3941.44214,6549.46826,6911.17822,11945.9082,15176.5557,16168.1807,19115.6758
8/13/2003,3931.53491,6435.59766,7107.06396,12517.0635,15511.6943,17523.0117,18812.8672
8/14/2003,3884.85913,6604.49609,7227.62061,12434.6846,16201.7861,19259.9727,19058.6055
8/15/2003,3856.47681,6944.05225,7338.64648,11787.6182,17224.627,20027.8652,19601.9414
8/16/2003,3747.04053,7079.48584,7345.67725,11243.7646,17972.0234,18135.6992,19859.998
8/17/2003,3633.66772,7034.40479,7221.74609,11293.7949,17799.9863,16304.4609,19997.8906
8/18/2003,3715.97119,7023.70703,7209.17334,11762.0029,17015.0703,15824.6807,20506.1992
8/19/2003,3846.98218,7016.28125,7389.2666,12072.4082,16448.166,17187.3887,21357.916
8/20/2003,3905.1311,6913.67627,7562.30518,12162.623,16527.0547,17810.5098,21932.0059
8/21/2003,3926.35254,6734.48779,7700.52393,12453.6436,16788.6406,17516.6387,21701.4609
8/22/2003,3880.74609,6660.9165,7822.15186,13110.2148,16921.5684,17786.1465,21003.873
8/23/2003,3902.74683,6793.90039,7860.59766,13735.1611,17342.9746,19882.2539,20642.9746
8/24/2003,4093.25708,7029.38867,7915.51855,13861.5547,18308.9922,21774.8594,20919.3496
8/25/2003,4319.54053,7254.66064,8006.9375,13598.7559,19571.6113,22601.5488,21376.1289
8/26/2003,4566.81592,7310.20752,7923.02832,13387.0898,20531.5664,21842.5645,21781.9082
8/27/2003,4855.34131,7238.07031,7663.72998,13338.1943,20957.8242,21874.1309,22487.6094
8/28/2003,5090.49072,7316.97266,7415.91943,13276.1826,21125.6738,21763.2461,23579.3477
8/29/2003,5078.74512,7516.46436,7272.75928,13123.3164,21202.6914,21768.9688,24629.5371
8/30/2003,4959.95703,7689.95703,7283.87061,12858.751,21142.3574,21015.5137,25134.2461
8/31/2003,5090.50635,8000.63135,7432.4707,12541.7158,20857.2188,20189.6719,25127.1855
9/1/2003,5314.14453,8403.13965,7665.06348,12610.9248,20302.6797,18985.2637,25112.0723
9/2/2003,5336.78613,8576.03125,7849.20312,13219.582,19544.7188,18491.4648,25224.5488
9/3/2003,5340.55322,8480.40234,8059.5918,13647.5615,18947.5098,19572.5449,25123.5137
9/4/2003,5456.94873,8477.17676,8234.55176,13627.9678,19006.2949,21143.459,24682.1074
9/5/2003,5455.1416,8759.24219,8393.62793,13924.2568,19491.2676,20668.2324,24099.9492
9/6/2003,5477.93408,9028.09961,8657.20508,14863.5703,19768.6094,20721.7598,23539.7324
9/7/2003,5712.85156,9168.93457,8994.75098,15621.8799,20082.4766,23051.2324,23298.1348
9/8/2003,5734.0625,9331.16113,9259.77734,16029.3916,21311.6426,26774.2012,23682.2227
9/9/2003,5491.35156,9558.01758,9348.10352,16369.3066,23172.1133,27185.9336,24384.9824
9/10/2003,5252.26758,9923.43164,9525.9707,16811.7559,24627.8633,27446.793,24984.7832
9/11/2003,5031.69385,10574.082,9793.24219,17263.2832,25534.416,27394.5469,25706.3379
9/12/2003,4825.41553,11107.1484,10099.3018,17618.4609,26170.6055,28511.9414,26992.7734
9/13/2003,4557.35156,11014.2803,10481.0967,18026.0156,26698.3379,28082.2539,28646.1133
9/14/2003,4333.60742,10541.5352,10663.2559,18570.5605,27074.9941,28776.709,30096.3887
9/15/2003,4173.29004,10230.2002,10783.3604,18983.7383,27447.2598,29350.6426,31261.9199
9/16/2003,4057.71265,10090.4346,10998.7969,18931.834,28149.4434,31232.0156,32291.2734
9/17/2003,3941.88721,9677.03223,11157.3945,18745.9531,29095.7656,31199.8047,33105.5586
9/18/2003,3811.86401,8973.23145,11300.377,18487.9434,29637.2129,30225.8828,33459.1328
9/19/2003,3758.29907,8378.9502,11350.6943,18189.2617,29549.3809,29542.9414,33577.4453
9/20/2003,3727.04321,8010.56445,11268.7627,17883.1914,29258.7109,29177.5957,34020.4102
9/21/2003,3713.93018,7719.41504,11073.6445,17632.5254,28833.1387,28117.6562,34833.6914
9/22/2003,3731.81714,7393.47559,10840.999,17625.2402,28242.2324,27252.7754,35444.9414
9/23/2003,3740.98413,7073.67432,10566.9775,17744.291,27546.5,26283.4199,35308.75
9/24/2003,3740.44482,6829.8833,10130.3066,17850.4883,26890.7305,26424.3926,34597.125
9/25/2003,3735.59668,6699.96436,9577.58496,17839.4766,26447.791,25764.8633,33734.9297
9/26/2003,3733.27563,6659.54688,9068.2627,17499.002,26044.5586,25417.8555,32834.5039
9/27/2003,3683.61987,6551.36328,8631.08008,16912.5645,25579.5371,24564.207,31914.1035
9/28/2003,3584.56421,6370.4082,8246.38379,16192.5928,25028.8652,23898.8457,31176.8672
9/29/2003,3457.25659,6155.5,7889.71875,15368.5664,24394.9258,23206.1562,30695.6191
9/30/2003,3385.40771,5976.08252,7563.35791,14481.376,23614.9395,21796.0059,30334.4727
10/1/2003,3388.51782,5890.62891,7327.59814,13587.6748,22603.8262,20447.0098,30047.3203
10/2/2003,3405.36621,5765.38428,7201.91162,12699.5459,21463.4766,19312.1484,29670.0449
10/3/2003,3444.0354,5588.7417,7115.60303,11976.1289,20290.8633,18111.7676,29031.2031
10/4/2003,3481.03613,5390.74512,6955.05176,11435.9229,19100.8398,16929.9355,28174.6367
10/5/2003,3473.31787,5196.95215,6723.89648,10874.0811,17997.0234,16436,27115.207
10/6/2003,3443.65967,5028.45068,6494.03223,10322.1172,17201.959,16340.4873,25897.4746
10/7/2003,3422.14307,4887.23438,6287.92041,9926.55957,16679.5391,15873.7295,24579.5293
10/8/2003,3432.94312,4812.30127,6116.75098,9670.54199,16188.8643,15143.9883,23247.4082
10/9/2003,3458.20557,4727.59082,5948.83301,9439.38184,15646.9648,14699.1836,22036.6621
10/10/2003,3466.44141,4591.58447,5768.9375,9179.80859,15093.7568,14138.333,21041.5312
10/11/2003,3452.62939,4448.4082,5581.51855,8839.68555,14509.583,13252.0576,20235.9629
10/12/2003,3441.36987,4335.81445,5396.82861,8434.22754,13851.9326,12494.4805,19542.9434
10/13/2003,3459.93994,4266.65771,5230.09912,8089.88818,13131.832,11683.6611,18934.0918
10/14/2003,3541.09326,4252.81152,5144.36963,7849.57178,12389.9971,11039.0518,18455.8613
10/15/2003,3792.06128,4363.51611,5216.57129,7712.93896,11700.6279,10786.1875,18063.7656
10/16/2003,3947.39893,4533.18115,5256.96484,7610.1875,11158.4912,10690.9551,17607.3848
10/17/2003,3994.19189,4623.81641,5146.6748,7622.91943,10809.5166,10631.917,17057.1035
10/18/2003,4136.94043,4692.9585,4940.58887,7785.44092,10610.6162,10736.8496,16447.2715
10/19/2003,4193.38184,4974.23389,4712.79932,7821.73926,10641.8037,11879.041,16131.6846
10/20/2003,4083.8562,5429.80615,4580.56738,7721.11328,11006.7656,12361.8701,16239.6982
10/21/2003,3999.41919,5575.15771,4543.30762,7564.47314,11428.1006,12180.6348,16310.9199
10/22/2003,4090.8877,5507.21045,4579.08252,7326.42236,11600.0986,11536.3691,16273.3877
10/23/2003,4161.48438,5450.00586,4642.30664,7046.0874,11459.2148,10782.4629,16536.1465
10/24/2003,4097.06494,5248.23926,4724.91943,6709.09668,11047.5791,9999.39258,17008.7734
10/25/2003,3941.68237,4999.16016,4872.13477,6345.68213,10468.5947,9215.54785,17186.834
10/26/2003,3777.48511,4883.95654,5089.30029,6026.05371,9820.42676,8470.21777,16893.5234
10/27/2003,3656.44312,4890.15771,5295.26367,5827.91309,9160.79688,7821.58447,16079.416
10/28/2003,3577.45679,4835.01172,5416.75195,5740.99072,8541.7998,7422.36426,14911.2021
10/29/2003,3511.64136,4684.55908,5448.2124,5726.52783,8029.8335,7281.45264,13717.3145
10/30/2003,3434.49243,4479.84131,5387.6543,5745.71045,7665.05908,7213.88867,12598.1504
10/31/2003,3349.29443,4274.25488,5259.57275,5780.89893,7443.39551,7146.17334,11589.9473
11/1/2003,3255.54907,4120.12939,5128.93408,5875.79395,7310.06738,7051.94287,10725.7705
11/2/2003,3164.4917,4006.69214,5036.5791,6044.39062,7185.1958,7001.24365,10032.0068
11/3/2003,3087.67432,3905.47607,4964.08936,6215.41553,7092.2168,7122.89209,9504.59961
11/4/2003,3028.26929,3804.18774,4872.74268,6314.76123,7091.12939,7346.55811,9114.92969
11/5/2003,2970.84717,3703.99146,4742.17334,6324.96826,7169.22607,7415.46143,8825.80664
11/6/2003,2914.26147,3598.60132,4580.3623,6244.30713,7244.3125,7305.93652,8607.72559
11/7/2003,2877.41284,3495.88965,4414.05225,6096.48145,7252.35107,7128.16846,8476.85059
11/8/2003,2841.32959,3409.85547,4263.51318,5942.21338,7178.50537,6878.96729,8461.17676
11/9/2003,2789.56958,3334.81909,4132.58105,5826.12256,7022.74316,6608.6748,8539.12793
11/10/2003,2731.23853,3260.80664,4016.72412,5734.90576,6818.59375,6425.42773,8633.18262
11/11/2003,2678.58911,3200.75806,3909.10425,5627.44971,6625.44238,6333.94189,8679.89355
11/12/2003,2634.87183,3150.65552,3803.3252,5487.21143,6475.24121,6225.15234,8658.73047
11/13/2003,2593.81641,3085.81787,3698.54297,5333.04004,6347.16064,6086.34473,8581.35742
11/14/2003,2544.04468,3008.20776,3603.39062,5167.91602,6229.88672,6053.05078,8502.80469
11/15/2003,2478.79321,2930.85645,3526.62378,5002.81104,6150.25244,6083.49609,8501.95801
11/16/2003,2402.08496,2862.53271,3452.85718,4854.11279,6071.74756,5710.30566,8732.75781
11/17/2003,2321.93311,2802.81201,3372.72705,4723.1748,5901.87451,5468.021,9169.87012
11/18/2003,2245.89795,2742.14233,3297.47046,4620.67383,5693.02881,5323.90186,9563.81543
11/19/2003,2178.53564,2670.19287,3225.67871,4541.2832,5514.49268,5227.09863,9670.21875
11/20/2003,2118.84766,2585.01587,3152.57007,4444.99463,5361.60205,5211.53613,9432.4209
11/21/2003,2062.00854,2492.91748,3078.62817,4339.89258,5267.88574,5230.12305,9053.18652
11/22/2003,2004.72473,2401.78589,3006.42822,4242.43799,5191.63086,4937.1123,8639.71973
11/23/2003,1946.13025,2318.40845,2937.95508,4134.42188,5064.58252,4769.54834,8320.21387
11/24/2003,1886.84753,2244.88281,2871.85938,4031.22998,4919.97266,4618.16162,8173.1582
11/25/2003,1828.68213,2177.99561,2803.58228,3942.00415,4776.26562,4438.35938,8053.15234
11/26/2003,1772.95557,2113.26514,2728.87207,3859.5979,4618.8418,4298.85205,7846.94727
11/27/2003,1720.13611,2048.28369,2647.55371,3776.56372,4473.67822,4207.56348,7513.97168
11/28/2003,1670.11523,1982.71411,2562.20532,3686.48926,4349.86963,4099.23877,7113.33984
11/29/2003,1622.604,1917.71191,2477.00049,3560.41479,4236.48438,3966.02808,6728.49365
11/30/2003,1577.41516,1854.89832,2395.84155,3386.24219,4129.81738,3795.89233,6387.70752
12/1/2003,1534.54285,1795.21826,2320.22705,3219.04785,4019.79614,3639.84082,6150.61914
12/2/2003,1494.00146,1738.88464,2249.22632,3086.90454,3870.07642,3465.44775,6039.75049
12/3/2003,1455.70557,1685.8927,2180.9021,2973.56665,3681.39258,3342.16577,5941.56641
12/4/2003,1419.46411,1636.4834,2113.70117,2876.35059,3515.17261,3233.78516,5789.68604
12/5/2003,1384.94324,1590.29004,2047.1355,2800.44141,3393.4021,3139.00659,5614.91064
12/6/2003,1351.85815,1546.15625,1981.69055,2720.96851,3291.83618,3053.11377,5414.02637
12/7/2003,1320.14758,1503.29797,1918.23462,2653.53906,3196.69971,2963.59741,5196.54932
12/8/2003,1289.45667,1462.3075,1857.51343,2615.9751,3108.54346,2874.39893,5001.33789
12/9/2003,1259.2522,1423.81567,1799.96179,2533.40845,3011.68701,2813.2688,4838.19531
12/10/2003,1229.59497,1387.651,1745.66785,2434.84448,2945.17603,2755.22827,4699.88135
12/11/2003,1200.53284,1353.34705,1694.43689,2377.55713,2901.93384,2750.6626,4586.01758
12/12/2003,1171.60547,1320.55542,1645.86304,2316.4082,2821.24243,2779.99243,4497.82568
12/13/2003,1141.49951,1288.75525,1599.49585,2264.92725,2755.21265,2771.27197,4460.04541
12/14/2003,1109.16699,1257.54602,1555.16541,2198.29688,2703.85864,2617.25806,4464.90527
12/15/2003,1075.56787,1227.13147,1512.97681,2103.73608,2633.15674,2539.29395,4427.03467
12/16/2003,1043.39697,1197.33435,1473.01306,2016.91467,2547.20825,2322.57422,4324.35205
12/17/2003,1014.33557,1167.29712,1435.38147,1933.71484,2430.09424,2184.71509,4212.08301
12/18/2003,988.113892,1135.70288,1400.3374,1863.83179,2301.61963,2071.57397,4094.45703
12/19/2003,963.856567,1102.24304,1366.48877,1802.89502,2186.56128,1986.99402,3959.38208
12/20/2003,940.49408,1068.70679,1332.8468,1754.34692,2087.25879,1910.16479,3805.26953
12/21/2003,917.632141,1037.50574,1300.1189,1713.99561,2002.05188,1852.20203,3623.51514
12/22/2003,895.465088,1009.47913,1268.26733,1674.93677,1932.08374,1828.2843,3430.23755
12/23/2003,873.967957,984.257446,1236.89893,1635.64917,1884.08459,1817.24573,3247.63721
12/24/2003,852.422119,960.486328,1205.36743,1597.47034,1845.6123,1751.12158,3085.02051
12/25/2003,830.230408,937.041382,1173.14282,1561.63831,1801.54639,1703.74866,2949.23364
12/26/2003,807.707397,914.25708,1140.43201,1522.00647,1757.08508,1681.20361,2835.69849
12/27/2003,785.082581,892.37439,1108.1731,1478.26514,1718.75928,1637.99829,2740.92261
12/28/2003,761.369141,870.870911,1077.39355,1436.68542,1677.3252,1569.74487,2659.12476
12/29/2003,736.813843,848.95282,1048.62073,1399.11194,1627.54175,1517.42651,2575.44653
12/30/2003,712.848572,826.511047,1021.78168,1363.66956,1578.41956,1497.76904,2487.80542
12/31/2003,689.129395,804.117676,996.367737,1329.86084,1538.82019,1470.95911,2401.5481
1/1/2004,665.271057,781.300659,971.968018,1297.03601,1503.3678,1426.04797,2319.42041
1/2/2004,642.693848,757.334045,948.387634,1265.01453,1466.60449,1394.63525,2239.60889
1/3/2004,622.933655,733.207825,925.403748,1231.13147,1431.40466,1364.03772,2164.45264
1/4/2004,605.501282,709.612854,902.701538,1196.11633,1403.25903,1336.62903,2103.61279
1/5/2004,588.239746,685.929016,880.044434,1170.63782,1374.47375,1292.27014,2050.42993
1/6/2004,569.275757,662.585327,857.33429,1187.27808,1333.44531,1250.36243,1991.75745
1/7/2004,548.276855,641.207825,834.407349,1261.14026,1290.4397,1204.58386,1930.77698
1/8/2004,526.225403,622.510864,811.054504,1329.03235,1267.23022,1173.2002,1870.78308
1/9/2004,504.530823,605.206543,787.335632,1333.23059,1310.73181,1183.83618,1811.69177
1/10/2004,484.247833,587.173889,763.631165,1259.48254,1409.6521,1270.47937,1751.57349
1/11/2004,465.291809,567.203857,740.739807,1150.84644,1486.42358,1385.20581,1689.78003
1/12/2004,446.337952,545.871521,720.625427,1072.39746,1486.09326,1437.53101,1629.36841
1/13/2004,428.912354,531.84021,703.041138,1022.3067,1397.75916,1410.21997,1581.25244
1/14/2004,420.501709,544.956421,685.97699,1001.52863,1282.70203,1364.84473,1567.93152
1/15/2004,414.048309,584.006348,676.842957,996.58429,1203.47705,1331.83789,1613.5376
1/16/2004,402.005127,591.49884,682.36145,994.909241,1180.02368,1367.98828,1703.32739
1/17/2004,393.421875,557.442383,671.384155,972.851501,1203.89001,1357.31531,1783.52051
1/18/2004,387.352234,532.903992,637.49585,926.527283,1246.01758,1354.20166,1831.39014
1/19/2004,379.583099,514.774109,610.674011,896.210266,1266.39795,1236.53894,1849.84485
1/20/2004,376.795959,488.432037,598.364197,887.217896,1243.04651,1172.48364,1842.8457
1/21/2004,386.504425,464.323059,599.685791,884.464478,1200.1134,1174.50269,1828.47424
1/22/2004,405.713867,446.921814,602.741333,893.433899,1181.68433,1264.85608,1800.03101
1/23/2004,423.338776,431.579498,595.750793,900.273254,1197.6925,1253.36292,1731.26282
1/24/2004,430.442383,418.185364,579.53949,880.496155,1217.16016,1275.37122,1630.05908
1/25/2004,425.556152,413.363312,559.342163,837.392456,1231.88232,1260.24194,1537.37317
1/26/2004,413.053009,420.474945,536.578186,787.167542,1237.82947,1203.58081,1486.50134
1/27/2004,397.20636,434.87384,512.985474,757.409058,1198.04077,974.90564,1473.96631
1/28/2004,381.49826,445.068604,492.040802,747.177917,1099.80139,873.974976,1479.04077
1/29/2004,369.543976,444.088898,473.853882,744.222839,996.754944,854.42334,1482.8717
1/30/2004,361.781799,433.829803,458.340424,735.507812,927.973694,857.240112,1468.46338
1/31/2004,355.963531,418.951935,447.26355,717.452515,886.315186,839.938171,1414.42517
2/1/2004,347.198456,404.154724,443.094482,693.397461,860.684021,816.785461,1313.14001
2/2/2004,339.805664,391.955841,445.702911,668.246704,839.97406,773.777161,1201.28638
2/3/2004,339.749146,382.230194,450.857025,657.30957,812.179138,759.340881,1115.25696
2/4/2004,340.796387,374.390381,453.72287,844.198669,785.272339,818.272156,1058.5658
2/5/2004,338.929169,365.643738,452.091644,1339.61829,811.719727,1108.51636,1019.66791
2/6/2004,335.591766,357.355377,450.767426,1701.12122,988.729736,1919.69348,986.007996
2/7/2004,332.380341,358.67868,526.560791,1951.0719,1487.9397,3284.92896,956.935059
2/8/2004,329.658539,368.452515,693.873718,2101.64697,2220.99683,3524.54663,950.418152
2/9/2004,327.356293,379.160126,748.983887,2097.31714,2868.66626,3930.54663,1006.25049
2/10/2004,324.230408,378.57016,667.405823,2102.76343,3228.66064,2818.77661,1218.88208
2/11/2004,317.354034,367.754761,570.909424,2230.05518,3256.19482,3084.60938,1710.57788
2/12/2004,305.809723,359.278229,483.807251,2430.76367,3146.47266,3067.15918,2386.69556
2/13/2004,294.965942,355.003601,431.901611,2533.68091,3086.30591,3774.49414,2974.00049
2/14/2004,285.176514,354.096893,410.269318,2719.72412,3191.43848,3722.88232,3278.98413
2/15/2004,274.163513,351.031799,406.589905,2633.2439,3328.16504,3620.49072,3271.74243
2/16/2004,263.307556,341.834686,405.62207,2201.08154,3451.91089,3944.85181,3197.73413
2/17/2004,252.966446,328.539734,401.994629,1760.86121,3574.77393,3136.33838,3249.86572
2/18/2004,244.328995,316.476868,392.624725,1404.16052,3344.37622,2122.19067,3412.57739
2/19/2004,237.876556,305.379181,380.252716,1175.19922,2826.57324,1680.12476,3566.95386
2/20/2004,234.27887,293.085999,372.958954,1056.28333,2319.00854,1447.03613,3664.14966
2/21/2004,235.591721,281.159058,368.035828,1005.09814,1911.9187,1334.81714,3661.02051
2/22/2004,238.615067,272.526123,364.533813,968.462708,1642.11646,1274.60083,3357.09131
2/23/2004,238.047791,267.530701,360.394531,931.858643,1482.90967,1223.94373,2832.24097
2/24/2004,237.174255,261.926697,353.40271,884.991089,1380.3905,1161.12573,2331.33398
2/25/2004,238.429535,257.586823,341.910339,829.665222,1288.39893,1084.22021,1958.72192
2/26/2004,240.858887,258.268982,327.498383,784.882568,1197.83643,1010.4411,1724.26355
2/27/2004,244.858826,257.75235,314.11203,747.823425,1104.68127,940.639404,1584.05261
2/28/2004,250.348389,254.767792,302.795135,711.161499,1020.34155,892.930481,1487.16077
2/29/2004,257.225037,253.408707,293.734344,675.373535,958.535889,847.445007,1403.12964
3/1/2004,265.104645,253.497437,286.086639,642.235046,907.473267,800.514648,1323.43811
3/2/2004,272.976166,254.981918,279.851715,611.45575,858.349548,754.146179,1241.55005
3/3/2004,279.80777,258.091736,275.516541,583.611511,817.279968,718.424316,1159.99158
3/4/2004,285.454681,262.788025,272.403442,574.089355,791.131226,692.69989,1091.42603
3/5/2004,290.163513,269.000397,269.656128,568.876099,774.328125,673.357666,1031.91211
3/6/2004,294.164551,276.247437,267.304901,583.191895,760.809326,663.437683,970.956848
3/7/2004,297.777069,283.351959,265.831696,657.658569,753.516296,668.193298,911.278992
3/8/2004,301.117401,289.561371,265.465515,733.691833,744.807739,674.192261,858.110291
3/9/2004,304.10553,294.952698,266.43396,754.169678,784.27417,694.10498,814.617798
3/10/2004,306.606842,299.676544,268.866028,701.939758,891.26001,783.435608,781.251099
3/11/2004,308.583923,304.001465,272.763428,601.602295,982.064575,902.954224,758.834717
3/12/2004,310.286041,308.148987,277.91098,518.210205,994.994934,969.106018,746.734131
3/13/2004,311.957001,312.107605,283.830566,468.995056,911.799316,939.378967,744.303467
3/14/2004,313.31073,315.703003,291.229095,440.468079,782.808105,828.572205,759.271362
3/15/2004,313.837097,318.89035,302.6474,424.668884,674.71106,704.884766,802.256714
3/16/2004,313.657715,325.488281,314.443787,417.447144,601.818115,599.244873,866.864929
3/17/2004,316.752594,342.337128,334.525269,413.812439,555.382446,535.444458,923.723572
3/18/2004,335.654846,365.927246,355.133972,410.549683,528.458679,513.388489,939.390503
3/19/2004,355.515381,385.212006,366.431519,412.774384,517.850586,534.557983,903.534424
3/20/2004,365.210419,396.889893,369.162628,434.023926,516.152649,512.891846,833.334778
3/21/2004,381.773529,396.19754,363.170807,477.73053,513.380249,565.366455,754.05249
3/22/2004,378.993195,394.347687,360.127472,543.572021,520.087891,626.046936,686.156738
3/23/2004,362.700958,405.728516,368.391296,641.097839,558.348694,724.820068,643.183044
3/24/2004,359.278992,417.112061,380.491913,801.840332,632.128174,904.757446,634.350769
3/25/2004,356.198059,436.433044,388.491486,1042.60242,761.126282,1222.9397,662.801514
3/26/2004,351.030487,454.40155,396.774231,1141.26477,964.02771,1542.63696,713.876953
3/27/2004,345.056152,449.444611,400.953308,1039.18433,1233.9292,1969.35486,765.981628
3/28/2004,340.850861,441.416687,402.883942,908.689331,1489.22986,1635.90881,840.628357
3/29/2004,339.188385,438.008301,406.787537,795.693848,1539.40381,1238.62,987.599243
3/30/2004,341.020081,433.084991,414.188629,736.00293,1403.82544,1028.96838,1220.65833
3/31/2004,344.409119,427.173798,425.873444,728.882446,1229.6189,945.348267,1516.57397
4/1/2004,351.241852,424.296173,439.420807,766.213867,1075.27612,928.593201,1774.25647
4/2/2004,372.927582,431.812378,449.976288,881.821289,988.656616,975.632446,1852.47534
4/3/2004,407.755157,451.369781,457.45929,1479.93091,993.133972,1168.21985,1765.2251
4/4/2004,419.046509,470.453552,483.401337,2450.31689,1088.93762,1560.63135,1617.21277
4/5/2004,410.194946,491.957855,520.997864,2833.17041,1407.61487,3234.08984,1474.05261
4/6/2004,410.350372,518.173096,570.169373,2805.81885,2276.70215,4865.75879,1374.41309
4/7/2004,419.708344,549.862793,596.961182,2837.03784,3221.07812,3699.17017,1346.92102
4/8/2004,448.716034,588.13208,574.570984,2765.39819,3498.52637,3272.25317,1442.85327
4/9/2004,478.249969,639.970154,555.032776,2587.87036,3494.2583,3282.15088,1824.97754
4/10/2004,532.324341,736.218628,552.763489,2333.44238,3517.3335,3197.21167,2627.64014
4/11/2004,627.174683,861.2323,565.077393,2111.65088,3450.25464,2948.43628,3427.25537
4/12/2004,734.991394,949.009766,577.102722,1981.71594,3286.63477,2656.10278,3735.06396
4/13/2004,765.207581,1012.0968,591.176147,1926.09924,3052.87036,2598.76172,3738.59521
4/14/2004,702.773926,1071.81506,614.635071,1868.12842,2860.03882,2751.96533,3650.8584
4/15/2004,653.150208,1163.34229,642.460754,1806.61365,2747.75146,2889.80737,3479.16406
4/16/2004,625.800781,1298.56531,691.690979,1781.99207,2680.55908,2767.08569,3298.31982
4/17/2004,616.617615,1351.42151,762.779297,1747.10229,2589.36597,2573.35083,3170.10156
4/18/2004,636.797668,1292.62805,841.937439,1706.75366,2484.64062,2475.07495,3134.01074
4/19/2004,701.336853,1264.44775,938.059998,1655.84705,2389.87427,2313.99707,3188.22192
4/20/2004,921.663269,1290.4436,1077.56653,1605.22949,2283.97974,2233.646,3244.74609
4/21/2004,1272.453,1333.42334,1226.70654,1705.32825,2176.62354,2033.67395,3185.26709
4/22/2004,1524.05151,1336.60608,1344.00562,2018.51855,2059.28516,1937.43909,3040.66455
4/23/2004,1585.99268,1328.62708,1400.56494,2355.47412,1996.17676,2330.2334,2908.88037
4/24/2004,1505.12915,1428.9762,1395.32104,2571.6499,2144.9895,3030.34204,2790.08887
4/25/2004,1480.24316,1699.70703,1378.33813,2701.52417,2473.47266,3367.24023,2636.77246
4/26/2004,1578.73523,2023.02795,1373.32874,2860.11108,2855.81226,3582.43457,2462.18237
4/27/2004,1660.05286,2207.26123,1377.56091,2995.34644,3125.54956,3501.12476,2381.5083
4/28/2004,1698.72424,2192.1875,1394.72107,2978.16504,3337.29639,4135.7417,2513.85425
4/29/2004,1741.61133,2104.61279,1432.96045,2884.35791,3661.92212,4404.28711,2821.65186
4/30/2004,1825.14783,2145.39062,1542.76123,2772.42285,3971.42627,4392.70703,3144.49341
5/1/2004,1835.20142,2213.84302,1705.02051,2667.91846,4126.41113,4263.70898,3388.01147
5/2/2004,1749.41235,2230.552,1864.88391,2621.16284,4137.40234,4085.33276,3606.27783
5/3/2004,1653.23987,2271.34302,2032.49573,2945.09741,4074.229,3856.44922,3896.02197
5/4/2004,1560.54919,2433.5625,2194.75293,3797.86865,3996.82056,3947.0498,4213.9458
5/5/2004,1517.56775,2625.66968,2297.79761,4289.60742,4039.17603,5267.13281,4462.09814
5/6/2004,1602.1106,2661.16455,2388.24072,4332.9668,4638.91113,7180.03125,4619.11816
5/7/2004,1806.17505,2646.76611,2475.95581,4439.64941,5544.13086,6480.86279,4640.92383
5/8/2004,1990.81482,2694.63574,2567.58643,4388.89502,5955.93115,6666.02686,4569.43604
5/9/2004,2034.33142,2835.36255,2646.46021,4388.28271,6192.82764,7054.396,4707.56787
5/10/2004,1998.62549,3023.38379,2658.71704,4530.79248,6507.3374,7039.01416,5355.54004
5/11/2004,1995.00256,3246.84521,2685.80322,4619.1626,6761.70459,7754.97949,6244.60059
5/12/2004,2029.63208,3511.37671,2713.53125,4619.69287,7124.98828,7979.26709,6879.43213
5/13/2004,2098.23169,3639.61646,2727.36719,4564.10303,7408.85889,7784.13184,7336.97754
5/14/2004,2121.6626,3575.71289,2755.54175,4461.38965,7492.9585,7685.15723,7736.67822
5/15/2004,2108.58276,3508.18286,2834.7937,4330.7417,7490.98291,7514.56299,8007.99609
5/16/2004,2237.34253,3570.27783,3012.08911,4245.53613,7420.27832,7260.91504,8280.93945
5/17/2004,2387.5061,3709.37354,3254.70605,4267.38525,7250.68506,6933.93262,8574.08691
5/18/2004,2477.14478,3915.47461,3500.91821,4639.36426,7024.19531,6757.30273,8860.14062
5/19/2004,2534.66089,4114.82031,3681.86987,5091.53223,6836.72803,6954.24072,9091.47754
5/20/2004,2594.43994,4262.64111,3779.81763,5317.05859,6870.854,8030.12012,9124.11523
5/21/2004,2771.89575,4553.11768,3871.12573,5613.49512,7211.94482,8226.2959,8980.66699
5/22/2004,3009.15527,4780.46436,3991.63135,6237.49658,7590.40234,8687.86328,8698.29492
5/23/2004,3171.09766,4830.3208,4083.3894,7048.43896,8024.44678,9885.18066,8407.02539
5/24/2004,3197.03516,4881.75439,4141.65234,7768.04639,8826.9707,11400.2969,8374.41016
5/25/2004,3248.66846,5003.92822,4220.94092,8016.56885,9763.28516,11711.7207,8699.04688
5/26/2004,3330.25049,5284.98877,4335.93164,7823.17725,10538.5713,12273.4668,9267.57031
5/27/2004,3398.06177,5583.15576,4523.33105,7572.31787,11054.3926,11497.1104,10011.5928
5/28/2004,3462.57104,5737.78857,4838.02051,7520.31006,11160.502,11129.7891,10954.0488
5/29/2004,3410.9021,5747.64795,5106.97998,7666.33057,10968.5781,10667.0107,11903.1836
5/30/2004,3323.08008,5692.46045,5283.8877,7933.62451,10792.4639,11353.9287,12586.9414
5/31/2004,3292.99536,5662.61523,5433.56641,8526.95801,10863.1816,11678.0469,12891.334
6/1/2004,3318.21899,5715.43359,5639.91162,9412.83496,11167.0938,12664.4092,12814.1533
6/2/2004,3387.44897,5832.80811,5919.30518,9983.92969,11706.3896,13588.7627,12600.4434
6/3/2004,3485.5127,5911.84668,6213.99756,10063.1191,12543.9502,15218.7119,12566.0107
6/4/2004,3614.02979,5984.80371,6463.40479,10014.2461,13403.9736,14488.5918,12916.2393
6/5/2004,3563.51221,6065.61719,6434.22363,9716.29297,13760.9873,14019.2168,13660.4463
6/6/2004,3345.76953,6211.00635,6250.39648,9370.64062,13780.876,14266.9258,14576.4746
6/7/2004,3180.26807,6513.22754,6121.57812,9162.87207,13792.3906,14321.4863,15578.8418
6/8/2004,3092.66821,6736.48242,6118.53857,9105.40625,13765.5703,14068.9336,16576.9141
6/9/2004,3045.53687,6690.15527,6246.19385,9299.59863,13707.9229,13706.2188,17292.207
6/10/2004,3019.97412,6429.59961,6459.18604,9513.72168,13591.3594,13829.8066,17717.9121
6/11/2004,3016.40137,6075.17676,6695.5752,9523.24902,13645.3066,14839.7568,18062.8438
6/12/2004,3021.9729,5797.84619,6884.92188,9346.69531,13964.8086,15000.7246,18256.0508
6/13/2004,3036.83301,5683.05713,7043.48828,9289.3252,14278.0957,15036.4541,18234.8652
6/14/2004,3017.33521,5694.22754,7179.86133,9614.71875,14451.9824,15194.3262,18294.6367
6/15/2004,2977.13281,5713.6084,7311.27051,10609.959,14674.3525,16398.6328,18778.4277
6/16/2004,2971.31689,5664.28467,7618.70752,11862.8428,15229.4551,18479.5879,19729.9648
6/17/2004,3051.75952,5624.7124,8625.58008,12623.8828,16535.3945,21685.8262,21042.4883
6/18/2004,3113.11377,5572.61035,9011.8291,12478.2988,18269.8574,21749.5684,21951.2598
6/19/2004,3091.52295,5477.86719,8166.24854,12082.3945,19693.9492,22583.375,21875.7285
6/20/2004,3046.89038,5395.29443,7381.23096,12171.2139,20466.582,20630.334,21882.5059
6/21/2004,2992.13135,5419.98975,6754.61133,12523.9902,20509.6309,20990.375,22735.6582
6/22/2004,2952.11792,5510.6123,6323.97852,13083.1562,20495.9492,21464.2852,24056.6035
6/23/2004,2927.63696,5477.44385,6105.4082,13369.0898,20654.3418,21464.9746,25332.9336
6/24/2004,2949.85889,5276.91113,5982.03516,13413.6904,20807.0488,21428.8398,26077.2305
6/25/2004,2953.45557,5011.29395,5877.91211,12865.8965,20831.123,20187.7715,26125.8027
6/26/2004,2887.81958,4786.35547,5778.67578,11511.5088,20465.8457,19505.5215,26015.1016
6/27/2004,2808.17676,4637.875,5704.10938,10279.8604,19828.7207,17517.0605,26001.8281
6/28/2004,2783.64185,4588.06104,5658.5459,9598.53711,18486.834,14294.708,25809.1426
6/29/2004,2896.60815,4669.47021,5726.47754,9638.11035,16585.1738,13274.1406,25359.293
6/30/2004,3013.86865,4763.42285,5775.34717,9878.22461,15062.4131,13510.3447,24773.0762
7/1/2004,3038.09937,4719.646,5649.51953,9964.21973,14338.5479,14772.0195,24216.627
7/2/2004,3014.16577,4726.03857,5437.93164,9977.90137,14277.2754,14277.8408,23113.7578
7/3/2004,3016.7334,4924.52393,5226.49463,9753.56348,14235.4307,14054.1455,21125.9668
7/4/2004,3120.77954,5156.75342,5076.90186,9494.33789,14115.667,13965.7979,19236.8711
7/5/2004,3213.88477,5244.03613,5058.28711,9298.6377,14003.5361,13894.7217,18308.293
7/6/2004,3225.01562,5180.54346,5115.21338,9279.11816,13817.4766,13668.7168,18107.4375
7/7/2004,3190.17725,5116.96924,5223.56445,9770.55371,13618.667,13633.8379,18002.4219
7/8/2004,3080.07422,5183.0332,5375.29297,10268.6709,13500.9443,14417.4297,17745.127
7/9/2004,2949.93408,5257.01465,5498.90918,10484.166,13816.3701,16136.1895,17339.3105
7/10/2004,2993.34888,5308.74365,5574.51172,10595.2217,14479.2666,15674.4297,16933.0254
7/11/2004,3342.83984,5552.50195,5632.13721,10485.4619,14917.127,15962.5527,16730.4844
7/12/2004,3687.66016,5916.27051,5753.59619,10419.1934,15295.5469,16661.2773,16746.9746
7/13/2004,3857.43286,6157.50928,5932.76807,10454.2939,15737.6484,16331.3857,17044.9727
7/14/2004,4003.28784,6439.0249,6068.53857,10515.2568,15857.9219,16048.7217,17512.3184
7/15/2004,4035.72192,6896.28271,6107.95264,10870.8701,15865.1348,16344.752,17854.2305
7/16/2004,3894.76636,7399.79199,6099.25879,11245.4395,15957.6582,16537.6426,18125.7441
7/17/2004,3614.48364,7637.04395,6111.5835,11307.6445,16234.8389,17891.0273,18359.6875
7/18/2004,3323.18848,7628.68652,6174.14209,11322.3975,16783.0879,17787.9141,18421.9883
7/19/2004,3111.28589,7642.15918,6349.47412,11361.0156,17124.1836,17377.7871,18485.7812
7/20/2004,3016.38794,7516.75537,6596.68115,11219.7676,17151.3027,17368.7559,18661.7734
7/21/2004,3032.45825,7140.61182,6921.61035,10942.0723,17174.1172,17566.9941,18971.7012
7/22/2004,3162.33862,6637.92529,7436.87891,10884.0264,17129.0586,16826.8359,19512.4336
7/23/2004,3436.11743,6274.0752,7938.38672,11490.8994,16858.7598,16469.8223,20065.5098
7/24/2004,3676.77783,6088.82471,8250.68945,12236.1162,16556.873,16965.9609,20434.1758
7/25/2004,3861.32764,6068.0166,8389,12419.3135,16781.9805,19871.9805,20731.9453
7/26/2004,3937.92993,6283.53564,8375.55762,12455.5908,17765.4785,20954.5215,20872.7402
7/27/2004,3791.14014,6600.74951,8246.68848,12736.2666,18818.2871,20702.0527,20690.7305
7/28/2004,3573.97974,7033.15088,8016.83398,13139.5156,19486.998,21693.2676,20679.7383
7/29/2004,3354.8291,7415.38086,7751.57178,13740.7295,20332.5254,23950.1973,21613.5098
7/30/2004,3168.49805,7508.70068,7450.57812,14335.8848,21490.6367,25004.5195,23332.9844
7/31/2004,3038.68921,7341.33594,7210.41455,14782.6162,22718.7578,26587.4668,24775.3164
8/1/2004,2962.54053,6991.91162,7204.26074,15332.0908,23957.4023,26703.375,25568.2246
8/2/2004,2980.04932,6656.92725,7347.15625,15776.7305,24885.1738,27207.0977,26295.0977
8/3/2004,3062.84546,6349.88721,7562.61523,15567.4277,25542.6211,27723.8301,27315.6777
8/4/2004,3210.69019,6059.26416,7788.85303,15018.8623,26183.1309,28036.3457,28583.2129
8/5/2004,3400.45215,5904.35205,7895.54395,14642.3252,26354.0156,25365.0977,29767.8184
8/6/2004,3559.48901,5951.22461,7878.85547,14174.5713,25663.2383,24321.8066,30472.6914
8/7/2004,3699.45337,6127.19971,7733.44873,13649.6143,24689.1172,23346.0801,30875.75
8/8/2004,3863.71533,6298.10303,7503.41943,13205.8105,23769.2832,22435.7715,31206.5879
8/9/2004,4089.81226,6557.96875,7287.94824,12934.3271,22781.0996,21121.7812,31155.543
8/10/2004,4430.68262,6943.64893,7171.70947,13058.3125,21816.5566,20432.3672,30551.3848
8/11/2004,4579.65332,7365.62256,7083.63086,13480.2842,20971.5547,19872.7988,29736.9023
8/12/2004,4456.1626,7663.146,6962.85547,13588.2637,20463.998,20839.2129,28906.9824
8/13/2004,4339.05664,7975.65576,6881.2749,13325.8848,20526.1211,21570.4082,27971.1172
8/14/2004,4255.95068,8442.3457,6827.74561,12910.6045,20761.9473,20605.4512,26918.0469
8/15/2004,4302.31006,8738.55371,6867.89551,12455.6475,20558.6562,19423.4297,25800.748
8/16/2004,4500.83105,8740.90039,7068.33838,12315.2812,19962.9199,18599.0039,24872.0371
8/17/2004,4701.93262,8564.29395,7365.08887,12340.8779,19232.5449,18033.1484,24394.6797
8/18/2004,4926.71533,8368.6084,7719.16406,12320.0352,18628.0293,18620.5469,24114.6934
8/19/2004,5093.12354,8270.14746,8083.96533,12131.5986,18356.3164,18335.0332,23610.9883
8/20/2004,5155.96631,8385.51562,8451.78027,11824.6514,18219.3887,18286.6875,22963.8418
8/21/2004,5167.42676,8668.43164,8824.20996,11714.7607,17995.0684,17433.4746,22410.9277
8/22/2004,5022.83057,8915.43457,9077.19043,11892.9443,17668.7227,17679.9004,22147.0078
8/23/2004,4845.82617,9040.19238,9166.18066,12258.7119,17475.1367,18310.0938,22132.2246
8/24/2004,4730.39746,9015.5293,9192.97461,12815.125,17661.7441,19566.5859,22141.0508
8/25/2004,4705.3291,8905.38574,9160.48828,13406.3184,18203.9336,20484.7246,22092.2988
8/26/2004,4799.86377,8694.60059,9159.75391,13997.9609,18975.0488,21570.2598,21910.3066
8/27/2004,4861.33105,8360.46875,9229.19141,14655.9541,19614.3672,20756.1172,21812.5352
8/28/2004,4854.15527,8045.78516,9295.83301,14951.999,19923.2598,21414.1387,22029.2539
8/29/2004,4838.77588,7851.42871,9394.17188,15200.8379,20323.6562,22403.6172,22671.0195
8/30/2004,4831.81396,7835.96924,9487.02246,15785.4375,20776.3477,21895.0391,23844.3848
8/31/2004,4891.39746,7945.03223,9514.74902,16189.457,20965.4121,22812.8359,25038.541
9/1/2004,4979.94385,8026.45654,9449.0459,16573.4707,21495.2578,24206.5762,25789.3516
9/2/2004,5012.44189,8054.35254,9328.85352,16917.8691,22071.9688,22935.0117,26332.0449
9/3/2004,4940.87158,7996.52637,9126.36914,17111.5879,22320.8008,24090.668,26625.1836
9/4/2004,4794.63037,7943.13232,8925.81152,17089.5039,22595.5703,23354.9414,26665.3496
9/5/2004,4647.32275,7948.37891,8984.5752,16898.3145,22858.793,24454.3984,27001.2578
9/6/2004,4509.85889,7934.65625,9187.38672,16725.7285,23097.8652,23604.8828,27422.4668
9/7/2004,4408.19385,7879.79297,9127.48145,16293.1318,23153.5195,23753.2676,27410.8164
9/8/2004,4427.79443,7796.84473,8891.84082,15834.8701,23061.4414,22958.4004,27179.1348
9/9/2004,4670.25244,7963.04297,8749.92773,15681.2666,22848.2559,22755.625,26898.0371
9/10/2004,5087.67236,8251.92676,8755.79199,16346.6152,22603.7891,22651.3027,26716.4805
9/11/2004,5610.35352,8171.13184,9093.63281,18279.7402,22517.2832,23436.6289,26741.4141
9/12/2004,5918.88281,8040.75049,9488.21875,20008.4453,22739.5137,25451.8281,26780.2285
9/13/2004,5692.21338,8159.76709,9519.84082,20464.1953,24016.6973,29967.7949,26586.3633
9/14/2004,5367.72656,8491.03418,9358.16797,19914.4766,25927.9648,28539.5137,26295.5371
9/15/2004,5324.33496,9120.49023,9150.87988,18581.5586,26883.6582,27063.2617,26375.4375
9/16/2004,5460.77979,9807.3916,9070.80176,17301.2129,26630.4922,24360.541,27059.875
9/17/2004,5633.67383,10025.1816,9303.09082,16233.3408,25436.459,22449.2949,28636.7715
9/18/2004,5645.40332,9764.22656,9469.91602,15539.4189,23903.2695,21641.5098,30544.0391
9/19/2004,5374.77979,9527.21582,9356.32715,15196.791,22621.582,20868.9688,31456.7695
9/20/2004,4984.83008,9508.41113,9341.98438,14951.2334,21652.0156,20839.1523,31098.3086
9/21/2004,4656.83643,9651.5752,9598.66113,15122.3838,21108.0957,20821.375,29858.4688
9/22/2004,4436.28125,9769.37207,9956.19727,15746.3203,20874.375,21433.4004,28292.668
9/23/2004,4364.17578,9645.63184,10199.2158,16379.9287,21033.1855,22741.6562,26954.5371
9/24/2004,4351.89844,9171.46289,10241.9551,16434.9434,21509.0527,23000.834,25945.5723
9/25/2004,4292.021,8545.51172,10131.2539,15966.9092,22037.4297,23472.8027,25264.0547
9/26/2004,4196.67041,8019.99854,9985.67383,15464.6426,22276.7871,21530.3613,24919.0273
9/27/2004,4098.32324,7717.91113,9934.2041,15042.6611,21835.3223,20109.9883,24963.7012
9/28/2004,4042.09082,7535.43555,9934.3877,14732.6445,20972.5078,19196.4629,25292.5605
9/29/2004,4036.88281,7304.16846,9889.7041,14456.7207,20061.2461,18617.873,25553.5176
9/30/2004,4086.37598,7032.53369,9711.44141,14130.0664,19273.0703,18068.1211,25389.2988
10/1/2004,4049.64673,6737.81494,9356.95508,13725.6826,18622.582,17415.1836,24571.9512
10/2/2004,3889.08667,6491.9375,8905.11621,13318.4102,18004.1992,16604.4902,23398.6875
10/3/2004,3760.3042,6334.97363,8492.86621,13014.6328,17337.0117,15827.5576,22352.9336
10/4/2004,3691.23169,6212.46338,8164.11719,12921.0469,16630.752,15241.9111,21553.8066
10/5/2004,3647.84668,6090.22461,7875.81396,13071.3057,16011.752,15356.6133,20910.7422
10/6/2004,3620.95264,5849.07959,7589.9751,13072.7441,15742.6875,16503.3906,20282.6367
10/7/2004,3638.92456,5551.68262,7300.63818,12615.0088,16013.3604,17345.6953,19604.8164
10/8/2004,3686.91528,5319.6543,7021.33252,11887.5488,16298.8574,15587.5127,18902.5684
10/9/2004,3725.89868,5146.71826,6778.99707,11104.4258,15931.9443,14114.1201,18330.6055
10/10/2004,3741.87183,5023.14355,6582.33838,10414.6826,15071.7227,12964.3906,18164.8828
10/11/2004,3700.70142,4941.93359,6411.98193,9877.60449,14060.7295,11990.2373,18453.9434
10/12/2004,3671.70386,4964.37207,6232.59521,9444.55566,13052.4219,11250.7168,18670.0371
10/13/2004,3842.1333,5081.43311,6020.12109,9053.30957,12207.832,10680.7432,18250.6875
10/14/2004,3999.83862,5158.31494,5797.64355,8681.59277,11504.4131,10157.3359,17291.1211
10/15/2004,3895.68359,5136.3623,5583.44043,8334.79688,10890.3525,9668.24707,16094.0439
10/16/2004,3689.08887,5114.90527,5393.49219,8028.90723,10355.2666,9233.76172,14877.5791
10/17/2004,3496.1604,5218.26123,5259.97754,7775.94092,9865.6084,8865.38086,13830.6768
10/18/2004,3366.99585,5404.0752,5197.83887,7556.33105,9417.80469,8589.21875,12972.6689
10/19/2004,3328.55444,5385.24463,5194.32275,7333.41602,9032.41699,8346.30469,12258.2578
10/20/2004,3342.66626,5090.42578,5212.47803,7084.44971,8709.91602,8093.20361,11634.5117
10/21/2004,3365.95361,4734.80762,5223.23486,6826.79639,8415.93652,7793.09863,11071.5146
10/22/2004,3382.26904,4436.27686,5226.06055,6579.79346,8118.1792,7439.59375,10568.5674
10/23/2004,3365.66064,4249.11328,5256.83203,6359.29395,7805.92627,7137.65479,10145.2412
10/24/2004,3303.15503,4167.46484,5323.14746,6191.30713,7498.45654,6864.32617,9800.98047
10/25/2004,3226.48218,4130.354,5354.25049,6095.52539,7212.87549,6652.60449,9510.64648
10/26/2004,3166.48999,4094.81738,5276.68896,6069.63721,6966.2002,6544.11279,9250.76367
10/27/2004,3115.09814,4040.09668,5092.8125,6073.29346,6784.97266,6561.08447,8982.56445
10/28/2004,3060.63379,3945.10059,4857.01709,6069.43066,6685.80127,6630.03467,8682.40625
10/29/2004,3006.42383,3826.83252,4631.58447,6052.5957,6655.51465,6650.5835,8377.45996
10/30/2004,2957.66846,3708.38379,4457.45752,6054.22461,6640.59424,6561.45361,8114.85791
10/31/2004,2919.11914,3599.99658,4340.40283,6089.88916,6599.79297,6490.5127,7916.76221
11/1/2004,2882.96045,3509.8335,4264.47607,6100.50732,6550.13086,6527.46582,7793.55811
11/2/2004,2834.64111,3456.32251,4206.52734,6016.46924,6534.26465,6609.18262,7732.50781
11/3/2004,2782.07349,3410.83203,4135.39502,5828.81738,6545.75293,6538.70361,7685.78613
11/4/2004,2729.82373,3345.05005,4036.86816,5587.92676,6517.33984,6272.71533,7609.30664
11/5/2004,2674.70703,3284.55493,3923.24731,5355.35596,6392.74414,5921.0083,7513.2334
11/6/2004,2624.48975,3210.27002,3808.67529,5168.98584,6177.18799,5608.05811,7436.9585
11/7/2004,2582.32764,3119.76465,3705.66162,5040.73877,5921.44043,5389.57129,7377.22314
11/8/2004,2545.30127,3037.72095,3621.45386,4957.35303,5681.80566,5268.52832,7282.78711
11/9/2004,2504.46802,2962.23169,3551.67627,4887.5376,5495.44922,5218.40576,7103.58301
11/10/2004,2452.10156,2890.46338,3486.99365,4801.77539,5370.07959,5175.61182,6841.54346
11/11/2004,2386.8457,2829.31714,3422.23901,4691.13086,5281.81494,5084.83887,6543.8252
11/12/2004,2309.26196,2779.61768,3353.69263,4565.80859,5196.14941,4960.42529,6264.25146
11/13/2004,2221.61743,2727.34155,3279.08228,4440.6377,5091.97314,4811.66943,6036.95264
11/14/2004,2129.50024,2661.87646,3199.83154,4328.27734,4966.12354,4672.8501,5867.79248
11/15/2004,2040.57532,2583.41528,3119.74292,4236.24121,4829.92773,4549.08203,5732.20459
11/16/2004,1960.12537,2495.27612,3043.21851,4158.97705,4700.37256,4475.90967,5599.32764
11/17/2004,1888.90247,2398.86548,2973.28662,4090.36963,4596.2417,4446.1543,5455.73828
11/18/2004,1825.83923,2298.22852,2910.54248,4029.96338,4523.93701,4463.09863,5310.86035
11/19/2004,1769.41101,2200.43652,2852.83057,3968.17505,4494.03027,4527.81104,5166.43164
11/20/2004,1717.8584,2110.45752,2797.20923,3887.48779,4479.36572,4420.30029,5016.56934
11/21/2004,1668.8092,2025.58142,2739.25928,3761.82788,4428.52295,4255.48682,4892.87451
11/22/2004,1624.36658,1945.72595,2664.27563,3577.04541,4342.19287,4016.92749,4820.79932
11/23/2004,1587.77563,1874.9574,2571.74756,3385.21606,4222.65088,3733.85522,4798.58154
11/24/2004,1558.46667,1811.91394,2474.87988,3235.0874,4039.81714,3522.37939,4795.35059
11/25/2004,1536.35205,1754.26624,2377.14453,3123.70801,3799.39404,3352.33105,4753.96338
11/26/2004,1535.07031,1709.19409,2282.36133,3050.15552,3571.70728,3263.73462,4676.29736
11/27/2004,1557.94238,1688.68628,2201.45898,3047.875,3403.32373,3231.53491,4627.84912
11/28/2004,1579.47095,1703.88879,2162.56396,3143.08569,3306.77295,3446.33203,4617.99512
11/29/2004,1578.33679,1759.50342,2135.1145,3298.98438,3417.19873,4714.36719,4548.90381
11/30/2004,1610.25647,1807.81128,2070.62964,3287.14795,3990.26978,5966.07959,4402.33545
12/1/2004,1801.84985,1875.7522,1981.19519,3091.44629,4644.09375,5113.64746,4422.83105
12/2/2004,2014.06519,1949.87158,1896.09363,2888.21069,4819.7749,4329.36182,4523.13525
12/3/2004,2077.02002,1980.08105,1837.82141,2711.40601,4568.52344,3618.66235,4796.11426
12/4/2004,2062.3186,2023.71729,1805.8158,2614.41626,4137.55908,3289.24487,5562.16357
12/5/2004,1974.31677,2176.46558,1803.18237,2557.81909,3721.82959,3071.33472,6384.27979
12/6/2004,1900.96594,2430.50366,1828.56995,2520.26855,3388.44092,2914.927,6599.60059
12/7/2004,1924.4856,2569.10083,1870.9364,2479.73364,3163.86401,2798.59473,6223.38525
12/8/2004,1952.62927,2523.13306,1919.15588,2365.02148,3000.58887,2673.59595,5582.97998
12/9/2004,1924.89648,2384.70508,1961.79248,2232.08008,2884.50635,2506.48291,4881.51172
12/10/2004,1862.65845,2224.20654,2009.552,2150.31226,2767.35034,2420.08887,4338.26758
12/11/2004,1813.87146,2141.54956,2094.36084,2112.88525,2590.2373,2375.18555,3962.63062
12/12/2004,1792.39844,2135.32104,2226.98218,2113.24707,2433.93945,2337.89624,3706.47485
12/13/2004,1783.3988,2113.11499,2361.39404,2139.81445,2342.73267,2328.7981,3508.18408
12/14/2004,1759.41162,2048.11328,2436.99683,2176.90259,2304.6731,2327.6521,3317.61719
12/15/2004,1703.43811,1973.8645,2432.16772,2211.21069,2299.57178,2345.73779,3138.07324
12/16/2004,1621.06787,1923.97839,2366.67139,2236.2688,2313.90576,2384.823,2983.85132
12/17/2004,1523.59131,1898.31042,2285.63037,2261.33057,2339.02222,2397.36841,2866.97192
12/18/2004,1426.67053,1875.5564,2223.49707,2319.00635,2360.74829,2398.73633,2784.53857
12/19/2004,1342.11816,1831.71777,2179.20557,2424.02295,2377.21704,2427.6145,2730.91772
12/20/2004,1271.86902,1758.83716,2135.87646,2533.67896,2402.81567,2550.8999,2700.70215
12/21/2004,1211.23999,1665.10828,2086.20288,2592.73364,2468.19824,2724.31689,2687.5437
12/22/2004,1154.77087,1563.43726,2034.87097,2580.09351,2572.3623,2817.30151,2682.08862
12/23/2004,1100.37231,1468.16931,1988.69641,2510.64307,2666.82178,2776.86646,2682.46069
12/24/2004,1048.54126,1386.68225,1948.30981,2423.36377,2704.85718,2650.05127,2702.91016
12/25/2004,1000.74152,1317.72351,1906.53516,2351.70386,2673.44238,2499.74487,2763.75781
12/26/2004,957.15802,1255.88574,1854.17041,2298.3645,2593.70483,2399.53418,2856.06299
12/27/2004,917.015869,1197.08801,1786.55823,2249,2505.91699,2360.4856,2936.27856
12/28/2004,881.283264,1140.28528,1705.40894,2196.26855,2436.87207,2325.43677,2964.16284
12/29/2004,851.569641,1086.40234,1617.57715,2147.75098,2382.98755,2264.48804,2929.24951
12/30/2004,827.035461,1036.43298,1531.24902,2108.33789,2330.40283,2197.76074,2852.45874
12/31/2004,803.873657,989.95636,1451.66943,2067.44067,2275.93701,2170.35913,2770.00171
1/1/2005,778.650452,947.0979,1379.82349,2019.99866,2230.88428,2170.05566,2705.95532
1/2/2005,750.74292,909.490356,1314.0166,1963.99072,2193.37451,2118.41211,2658.20459
1/3/2005,721.536621,877.969788,1252.2251,1893.99158,2155.84302,2070.8186,2617.56982
1/4/2005,692.773682,850.326294,1193.50403,1818.47253,2112.30591,2002.34705,2580.39697
1/5/2005,665.376953,822.72699,1139.25244,1777.92725,2051.93335,1903.651,2551.22388
1/6/2005,639.467224,792.96106,1092.00525,1794.06238,1975.19031,1777.94604,2527.68115
1/7/2005,614.787659,761.357971,1045.40002,1807.76123,1901.12158,1674.44727,2492.56665
1/8/2005,591.028137,729.556763,998.31311,1763.57104,1886.34583,1629.33508,2441.95581
1/9/2005,567.967041,698.966553,956.750793,1646.85107,1927.33594,1670.12158,2376.32031
1/10/2005,545.619263,670.133179,920.02478,1492.62964,1950.57446,1736.15906,2291.23608
1/11/2005,523.424438,643.001099,887.048462,1360.73303,1903.26526,1746.84192,2190.97607
1/12/2005,500.828278,617.414124,855.696106,1264.62903,1769.2218,1661.38708,2094.92578
1/13/2005,479.368469,593.547974,824.472534,1196.57568,1598.3656,1511.31567,2029.07092
1/14/2005,461.059265,570.285583,792.937256,1142.63611,1450.11157,1367.50146,2008.36267
1/15/2005,446.601501,547.264343,761.541931,1101.58923,1344.0553,1279.20312,2019.29578
1/16/2005,435.978699,524.779724,730.918823,1077.64807,1283.06348,1261.92236,2022.41724
1/17/2005,428.178131,502.597137,701.432861,1043.62671,1264.52429,1283.22607,1983.12317
1/18/2005,420.589935,481.93692,673.678711,991.988037,1255.66895,1176.15491,1895.03613
1/19/2005,412.856476,464.186371,647.614563,943.450012,1218.54712,1087.9751,1779.92798
1/20/2005,406.130768,450.373718,622.657349,900.666626,1154.33948,1002.6004,1673.02576
1/21/2005,399.914062,440.726837,598.534119,862.425537,1082.83093,959.050781,1596.78931
1/22/2005,394.183472,433.455872,575.963501,828.023315,1021.24689,920.496399,1538.58887
1/23/2005,389.405914,426.366882,553.637085,796.12854,972.219299,882.887451,1471.26416
1/24/2005,385.430237,419.623291,531.589233,766.02063,931.608704,849.667297,1389.93689
1/25/2005,381.890717,413.459412,511.18042,737.807129,896.116333,819.285339,1305.14709
1/26/2005,379.803192,408.486511,494.055328,711.094666,863.367493,791.315186,1226.2655
1/27/2005,377.517426,403.775208,480.450531,685.034607,832.31842,765.610046,1157.88696
1/28/2005,373.97168,398.390717,468.294739,660.236633,802.516418,741.83667,1098.45227
1/29/2005,370.717133,393.278046,457.335876,636.766846,774.528809,718.271606,1046.68616
1/30/2005,367.368134,389.39151,447.644592,613.309204,748.233643,695.886597,1000.80505
1/31/2005,363.821045,386.967743,439.357422,589.996643,723.451477,677.222168,959.465088
2/1/2005,360.329651,383.962799,432.199768,568.200195,700.590942,656.696899,921.923645
2/2/2005,357.142914,380.543365,425.834991,549.294678,677.249268,636.458923,887.794373
2/3/2005,354.295807,377.338135,420.118439,535.828369,653.840698,616.49231,856.576538
2/4/2005,351.67981,373.805023,414.733032,542.125,641.069275,603.517578,827.611389
2/5/2005,349.053467,370.104645,409.729187,551.598206,641.338196,603.602356,800.354797
2/6/2005,346.146149,366.542908,405.624725,580.572144,651.632812,612.141174,773.976685
2/7/2005,343.019897,364.06723,402.226074,672.100281,675.294495,634.408386,748.506592
2/8/2005,339.87915,362.307434,398.593567,736.3125,694.080688,665.825073,724.981323
2/9/2005,336.597992,360.745941,394.72876,702.477173,743.880188,706.889404,705.942566
2/10/2005,333.160828,358.336395,390.941132,638.092346,835.503296,795.290344,694.021545
2/11/2005,329.8237,354.837524,387.214081,584.343567,859.350342,859.712891,690.648682
2/12/2005,326.525238,350.990265,383.801422,539.659729,792.752319,854.360901,696.766541
2/13/2005,323.244354,346.862976,380.674286,515.448242,714.016785,758.370117,712.941895
2/14/2005,320.107452,343.262909,377.847046,504.306915,652.392456,658.999634,743.466125
2/15/2005,317.224792,340.066895,375.314362,492.812592,607.90094,607.987549,789.709656
2/16/2005,314.491089,337.049652,372.714935,480.162018,586.193604,583.840698,834.497253
2/17/2005,311.832153,334.039154,369.737579,467.100891,574.984924,554.24353,850.320312
2/18/2005,309.360046,330.982605,366.318878,453.322327,562.213623,536.346619,824.234131
2/19/2005,307.27182,327.98645,362.603943,442.923523,548.545715,523.559998,770.949829
2/20/2005,305.727539,325.022064,358.829529,436.59079,533.728027,513.367676,716.386658
2/21/2005,304.718048,322.031006,355.20462,431.750183,519.131104,504.52121,671.93866
2/22/2005,304.082184,319.020508,351.798706,427.710632,509.080383,497.808838,637.216736
2/23/2005,303.600555,316.212219,348.622803,424.011993,503.010254,495.179443,611.588867
2/24/2005,303.096588,313.820984,345.448975,420.393402,499.151581,495.949036,592.846863
2/25/2005,302.483215,311.956451,342.200653,416.825928,496.793671,491.810944,577.416504
2/26/2005,301.800018,310.569336,339.000732,413.052856,494.353119,490.311401,564.200012
2/27/2005,301.142212,309.480103,335.813599,408.760162,491.315002,483.377899,553.270569
2/28/2005,300.56601,308.485809,332.668549,403.821381,486.955688,481.137604,545.369202
3/1/2005,300.173981,307.453613,329.630768,398.961548,482.027008,478.41629,540.528015
3/2/2005,300.135956,306.360657,326.814972,395.962524,478.183472,473.850647,536.622803
3/3/2005,300.538483,305.286591,324.343262,400.250183,475.085815,476.435242,532.754517
3/4/2005,301.332092,304.312073,322.417114,427.969147,482.637665,496.257111,532.583374
3/5/2005,302.352509,303.509827,320.795776,454.599579,508.577301,556.302795,532.956665
3/6/2005,303.483032,303.034424,319.249176,487.680756,551.899719,594.567017,532.441833
3/7/2005,304.896698,303.13739,317.860077,571.598206,597.435852,594.120911,533.000916
3/8/2005,307.103363,303.795807,316.542297,654.696472,620.257568,584.454712,534.428467
3/9/2005,310.684143,304.62796,315.279846,676.302795,674.481323,600.745972,545.783569
3/10/2005,316.024139,305.511719,314.06366,619.110413,787.109985,697.714478,570.1875
3/11/2005,323.464874,306.664032,312.968628,523.646973,881.314087,820.813049,595.318665
3/12/2005,333.217529,308.266418,312.103241,449.272125,887.556885,875.50946,610.226379
3/13/2005,343.127228,311.033081,311.700104,404.51712,793.637817,827.904602,618.759644
3/14/2005,353.688812,320.942017,314.420349,383.118195,664.032104,707.468628,638.296265
3/15/2005,382.854431,360.994995,320.386963,374.415161,559.802368,591.526184,686.236267
3/16/2005,492.056152,412.725922,329.833832,371.692108,495.441895,512.481689,754.526611
3/17/2005,650.19696,477.404846,353.499878,373.296478,463.666321,470.362518,810.296875
3/18/2005,715.667419,548.951721,375.995544,380.017426,450.682892,454.166229,821.054443
3/19/2005,727.122681,597.294922,388.773407,401.438293,448.105072,469.623108,779.3927
3/20/2005,759.802979,706.35553,391.097717,443.582031,452.818359,494.438263,707.160034
3/21/2005,739.902832,915.805786,390.125153,474.981171,461.829895,532.446472,633.479187
3/22/2005,713.843689,1080.61462,408.375977,484.119171,488.074127,627.241028,579.095459
3/23/2005,739.226807,1094.57739,445.361938,499.736267,531.432861,629.412109,553.20459
3/24/2005,753.941101,1077.62122,498.319519,556.068542,571.875183,701.037964,556.490112
3/25/2005,752.916809,1053.2146,559.101074,618.054016,620.866516,798.833862,578.729248
3/26/2005,746.199829,1007.28284,642.017151,625.272156,692.421814,955.695496,609.544617
3/27/2005,773.330322,1004.66541,771.549133,584.14447,776.714966,969.445129,652.031555
3/28/2005,853.41095,1001.69592,904.55481,541.858337,832.663025,859.352783,708.311584
3/29/2005,926.101318,981.902161,990.857483,563.460876,820.130981,711.171082,775.002808
3/30/2005,975.791626,960.729858,1033.72083,647.265259,770.579163,748.519958,843.581604
3/31/2005,954.091919,949.873169,1042.78259,751.769287,759.642761,926.165405,906.791016
4/1/2005,901.515808,982.632385,1031.94092,838.787659,822.182129,1079.88928,939.456543
4/2/2005,901.324341,1048.94287,1019.48254,906.285645,924.375366,1165.66211,919.364563
4/3/2005,918.262512,1112.5498,1013.69049,1000.67004,1027.97131,1191.37952,883.271973
4/4/2005,945.419983,1144.224,1030.04163,1130.74792,1115.87329,1232.64111,900.348694
4/5/2005,1010.78998,1162.21472,1063.70093,1230.14636,1199.4093,1419.58472,983.674866
4/6/2005,1108.37793,1237.07556,1088.17004,1311.08923,1314.26428,1599.32166,1092.64136
4/7/2005,1204.7384,1363.85693,1130.51904,1442.86816,1456.73499,1678.29688,1188.31665
4/8/2005,1251.73352,1471.14172,1164.34827,1580.09143,1575.2782,1712.38074,1249.70972
4/9/2005,1291.73792,1607.76709,1168.01038,1664.1532,1713.52332,1801.22571,1303.22522
4/10/2005,1293.26489,1747.79919,1173.36011,1708.21631,1916.03845,2002.1123,1389.43079
4/11/2005,1262.41394,1783.12476,1182.9917,1702.58008,2102.64844,2133.90381,1500.53882
4/12/2005,1311.89038,1773.1499,1216.85352,1629.52734,2216.49756,2214.32886,1604.46973
4/13/2005,1371.32031,1781.40222,1283.68018,1543.71545,2250.97559,2237.55225,1697.22876
4/14/2005,1389.34778,1804.33765,1387.43347,1612.34436,2198.26709,2217.17139,1801.26221
4/15/2005,1402.22705,1811.68103,1511.78943,1875.90955,2068.87598,2100.49341,1935.94336
4/16/2005,1434.79675,1844.47583,1619.51599,2042.87805,1964.62061,2389.77466,2081.06152
4/17/2005,1473.55615,1890.06458,1699.05969,2009.5863,2076.64526,2930.96118,2195.53271
4/18/2005,1495.24927,1884.57397,1746.23669,1947.92297,2310.22412,2625.25879,2260.271
4/19/2005,1482.60217,1897.55103,1769.547,1949.65698,2388.74316,2356.48096,2270.54077
4/20/2005,1436.15234,1947.78003,1793.2019,2001.01746,2354.82764,2424.76489,2280.81616
4/21/2005,1377.96753,1978.57495,1825.75562,2053.13184,2349.03906,2568.68115,2405.88721
4/22/2005,1323.12573,2014.78418,1895.84631,2109.98389,2375.08325,2577.68164,2583.89355
4/23/2005,1277.55054,2011.26416,1975.4906,2216.08154,2409.00977,2563.65356,2632.86084
4/24/2005,1237.79675,1935.83105,1994.65625,2349.6814,2442.52832,2583.39478,2584.6123
4/25/2005,1199.10669,1837.57214,1984.3728,2434.64209,2496.39429,2814.67456,2558.08618
4/26/2005,1159.22876,1750.12292,1985.31067,2509.93774,2627.46094,3071.79517,2560.89062
4/27/2005,1129.80713,1698.41077,2000.11963,2611.98193,2804.95728,3207.36646,2571.46899
4/28/2005,1125.99487,1660.41418,2033.57458,2715.60547,2969.99658,3360.82959,2589.34082
4/29/2005,1112.16162,1638.05225,2059.80151,2849.84033,3131.94287,3506.44727,2646.99316
4/30/2005,1065.00549,1609.18115,2039.51257,3062.32104,3287.24756,3617.89917,2794.89453
5/1/2005,1011.77948,1554.83728,1989.43311,3224.72632,3425.28418,3791.29688,3022.76514
5/2/2005,969.193787,1545.57788,1927.00903,3239.19897,3598.98413,4176.63672,3264.15942
5/3/2005,955.067261,1593.35925,1861.276,3199.52246,3814.49731,4128.44629,3449.96802
5/4/2005,985.467773,1639.39868,1842.01819,3188.53662,3940.74561,3923.104,3564.38281
5/5/2005,1030.80957,1633.40625,1861.59058,3205.60498,3943.84033,3820.27539,3655.18726
5/6/2005,1052.04041,1579.37097,1830.72424,3265.552,3905.98657,3812.25928,3780.81616
5/7/2005,1097.74634,1546.81165,1763.93579,3342.27197,3880.4165,3847.02612,3935.38989
5/8/2005,1312.00793,1641.62292,1729.41882,3349.47876,3873.51196,3979.23779,4025.29395
5/9/2005,1648.97473,1832.50073,1736.60693,3367.66797,3946.56177,4106.7915,4040.7207
5/10/2005,1869.92615,2017.68921,1763.67004,3583.74658,4084.38354,4084.1936,4082.6333
5/11/2005,1947.42957,2170.00073,1790.21899,3929.07739,4194.94043,4526.70508,4255.28906
5/12/2005,1878.84888,2347.63647,1774.45312,4117.83301,4425.53564,5515.0874,4536.91748
5/13/2005,1772.98755,2649.21484,1752.56775,4051.74194,4853.06348,5931.47119,4747.17432
5/14/2005,1717.65247,2939.13306,1906.30359,3869.77832,5228.48438,5705.20654,4852.45605
5/15/2005,1637.31702,3059.53809,2119.64941,3813.81079,5364.92578,5279.47314,4978.59229
5/16/2005,1552.77454,2996.93774,2239.85254,4100.66113,5262.8457,5086.95264,5234.26318
5/17/2005,1450.63354,2841.79639,2323.06348,4559.68066,5125.85303,5688.0791,5581.92529
5/18/2005,1342.54871,2719.29443,2393.75879,5122.56055,5265.97754,6726.90137,5838.56543
5/19/2005,1244.12512,2612.01904,2521.23828,5577.75,5765.67529,7659.52002,5948.86475
5/20/2005,1168.05017,2476.73682,2733.44751,5599.70166,6532.26172,8862.10938,6038.32422
5/21/2005,1123.25903,2328.96411,2936.0437,5402.86182,7381.35596,9033.45312,6283.98877
5/22/2005,1102.63123,2219.00415,3057.84741,5214.00293,7968.08789,8520.73047,6753.44336
5/23/2005,1079.7262,2125.99438,3090.40186,5087.75293,8139.60986,8205.82324,7317.94434
5/24/2005,1053.80176,2017.55286,3018.84668,5103.1958,8092.18213,8162.04785,7983.13721
5/25/2005,1025.90088,1939.75964,2896.31665,5367.03906,8027.24902,8303.19922,8776.11719
5/26/2005,978.981995,1900.55078,2756.30786,5819.08447,8046.91357,8492.65039,9420.22461
5/27/2005,941.502197,1868.19739,2599.23975,6144.41846,8194.05566,9037.05957,9707.55762
5/28/2005,938.650696,1856.60242,2458.65039,6046.98389,8543.3418,9855.17383,9725.40918
5/29/2005,968.085999,1835.80774,2352.03076,5800.83057,9031.71289,9858.66406,9699.44727
5/30/2005,978.286865,1774.60608,2303.39014,5841.18457,9279.25879,9037.00781,9808.1582
5/31/2005,971.114258,1725.84888,2308.64819,6055.23047,9179.33984,9069.26465,10003.8213
6/1/2005,983.202515,1756.89941,2319.54785,6185.19141,9080.54688,9297.95117,10272.3291
6/2/2005,1033.57471,1852.03625,2339.04077,6091.31641,9080.82812,9348.67969,10590.2139
6/3/2005,1180.77478,1915.17114,2305.62012,5827.0293,9099.11719,9280.73828,10714.5068
6/4/2005,1263.93445,1894.29541,2236.40625,5575.67871,9078.15625,8752.18945,10600.291
6/5/2005,1251.3136,1859.16028,2157.24829,5345.45947,8911.21484,8399.33691,10464.5654
6/6/2005,1259.67102,1866.85229,2070.67334,5181.82812,8670.0332,8173.43652,10415.2412
6/7/2005,1258.59302,2080.10571,2034.38855,5048.99268,8428.80078,7921.34961,10384.2148
6/8/2005,1305.16943,2476.47461,2082.59521,4893.30664,8156.5874,7755.97852,10258.2939
6/9/2005,1445.31592,2813.24976,2415.12085,5031.29834,7895.24854,7388.74072,10004.748
6/10/2005,1616.30164,2965.07495,2904.99243,5570.86719,7606.83594,6999.50293,9758.68945
6/11/2005,1717.6875,2955.07349,2982.53467,6088.82568,7410.74365,8019.70654,9646.2998
6/12/2005,1707.62085,3035.10474,2780.4502,6203.58594,7660.85986,9341.21094,9754.81543
6/13/2005,1612.10754,3279.6145,2737.57104,6195.22217,8255.90918,9674.54492,9986.65723
6/14/2005,1535.6261,3494.41724,2820.30444,6503.08789,8709.64062,9062.81055,9900.56641
6/15/2005,1525.12732,3560.45972,3009.88452,6832.9292,8834.24512,9148.32422,9599.86914
6/16/2005,1535.01807,3492.8396,3189.86792,6984.37646,8977.12402,10094.4316,9705.42578
6/17/2005,1617.34619,3522.61816,3307.29785,7162.1084,9337.87402,10157.002,10217.2754
6/18/2005,1841.8418,3770.7583,3480.50732,7290.02637,9546.68945,9640.39746,10652.0693
6/19/2005,2189.28345,3970.5105,3722.8999,7477.86475,9567.90723,9945.66699,10808.665
6/20/2005,2440.1958,3991.84839,3995.68848,7787.02783,9656.56934,9937.07812,10926.4502
6/21/2005,2448.67041,3896.64282,4187.80908,8014.6123,9749.32812,10364.1299,11129.8203
6/22/2005,2451.30371,3846.57983,4232.06396,8118.97998,9966.58594,10847.6719,11197.4453
6/23/2005,2620.30151,4051.05762,4226.02002,8165.08057,10293.6777,10998.2061,11154.5088
6/24/2005,2863.80322,4392.88672,4271.65137,8252.27246,10495.0547,10801.2529,11239.79
6/25/2005,3062.05469,4699.19238,4447.78467,8597.74902,10597.29,11050.4268,11466.0107
6/26/2005,3068.37573,4929.87061,4667.72705,9061.80371,10760.5,11934.3135,11760.7979
6/27/2005,2900.01538,5220.58398,4732.86621,9344.92969,11129.5039,12644.2422,12039.1768
6/28/2005,2774.6582,5587.47266,4771.16455,9594.29492,11627.8066,13131.4072,12248.7969
6/29/2005,2707.09619,5791.07373,4766.12012,10399.833,12169.8838,13852.9219,12475.666
6/30/2005,2640.63428,5786.5874,4755.5874,11204.1621,12789.7246,15197.5508,12873.1396
7/1/2005,2583.38037,5622.0332,4896.03955,11416.5469,13857.9014,18155.6484,13504.0791
7/2/2005,2521.3855,5426.97705,5088.95117,11441.7061,15458.085,18741.1309,14281.4004
7/3/2005,2467.99854,5288.04248,5378.50879,11556.4102,16616.043,17741.1973,15105.1631
7/4/2005,2488.71606,5225.82715,5743.51465,11962.041,17021.8965,17520.2227,15995.3086
7/5/2005,2502.09839,5130.94287,6039.12646,12152.2832,17088.3535,17480.916,17208.1504
7/6/2005,2488.42065,4960.61572,6222.51465,12074.9668,17120.1953,17999.9629,18579.5938
7/7/2005,2478.74854,4850.04541,6211.82324,11944.0049,17173.1738,17093.3242,19442.0664
7/8/2005,2416.55151,4811.01758,6044.98047,11648.7314,16965.6816,16584.0547,19692.0137
7/9/2005,2316.31152,4756.479,5859.79883,11219.3428,16684.291,16460.9258,19766.0957
7/10/2005,2230.49121,4687.12891,5688.8623,10897.9189,16459.5371,15999.7354,19903.6621
7/11/2005,2226.07544,4692.3833,5603.43945,10798.5342,16154.5342,15506.7734,19971.248
7/12/2005,2256.1626,4678.9873,5571.3833,10669.3545,15868.0176,16035.9121,19742.6582
7/13/2005,2303.19653,4575.19043,5540.10059,10462.749,15807.6709,15914.7324,19312.3281
7/14/2005,2435.74951,4491.59863,5534.21777,10254.9785,15709.7441,15224.9941,18865.3691
7/15/2005,2647.5813,4483.50488,5599.57715,10263.5801,15438.1523,15007.1191,18405.2656
7/16/2005,2824.42969,4537.58838,5583.76074,10345.0342,15153.2588,14865.8252,18122.1621
7/17/2005,3021.60596,4568.67822,5429.75635,10064.0781,14944.0693,15515.6074,18147.9434
7/18/2005,3112.65967,4638.09766,5250.72217,9583.37598,15050.8672,15807.1016,18142.5488
7/19/2005,3027.0354,4882.36133,5074.8667,9198.75488,15184.0596,14806.9248,17927.1016
7/20/2005,3045.73145,5141.271,4987.87598,8975.56836,14901.1152,13681.9248,17657.8691
7/21/2005,3276.32495,5401.47412,5053.1123,9067.00684,14327.7744,13229.3906,17417.7539
7/22/2005,3729.552,5655.83984,5170.72266,9582.52344,13757.5996,13151.4258,17339.416
7/23/2005,4266.40869,5780.85107,5245.99072,10430.6631,13350.9541,13776.7773,17276.7656
7/24/2005,4601.18896,5922.79736,5347.01074,11074.7461,13520.668,16020.6377,16948.2266
7/25/2005,4656.25098,6306.23047,5428.25439,11718.417,14418.4697,17503.2441,16501.7207
7/26/2005,4731.92432,6981.78125,5576.05859,12645.2451,15543.1494,18037.3535,16266.7441
7/27/2005,5135.97852,7828.20312,5926.94531,13819.4316,16580.8027,20079.1113,16448.752
7/28/2005,5516.0376,8622.66504,6230.96973,14631.9443,17980.7988,23053.248,17227.8906
7/29/2005,5467.79297,9054.86426,6289.58154,14359.6318,19889.5469,25499.998,18686.2227
7/30/2005,5178.66797,9140.73828,6308.55664,13612.8281,21847.832,25669.4941,20441.291
7/31/2005,4844.86768,9289.67871,6479.86133,12952.1533,22940.1426,22976.0527,22379.4062
8/1/2005,4854.34082,9655.58887,6867.66553,12929.6514,22697.5996,22055.2832,24710.6992
8/2/2005,5718.62744,10621.1699,7541.22754,14516.2236,22091.123,22010.7324,27292.002
8/3/2005,6370.42432,11546.2705,8332.86719,16201.0938,21683.7246,23124.1055,29495.1582
8/4/2005,6055.38379,11437.832,8877.06348,15878.46,22073.7227,26981.7441,30515.7715
8/5/2005,5350.64307,11062.3359,9181.33398,14904.7363,23599.0469,26412.2148,30094.1582
8/6/2005,4602.93359,11235.3613,9403.90918,14060.958,24148.1875,21357.6875,29118.6992
8/7/2005,4176.14795,11789.9805,9655.94824,13437.5186,22982.2578,20718.5254,28765.2598
8/8/2005,4099.54492,12050.458,10144.457,13608.5781,21713.9727,19979.7207,29558.2852
8/9/2005,4166.76953,11596.9854,10759.1318,14077.3564,20682.4023,20166.6055,30949.6348
8/10/2005,4141.01221,10584.6309,11192.7305,14335.2246,20167.2617,21034.916,31478.1074
8/11/2005,4075.59302,9555.13672,11385.9775,14460.7646,20236.1699,21340.668,31048.8887
8/12/2005,3966.35156,8864.66211,11525.9023,14774.126,20447.166,21600.7734,30605.0645
8/13/2005,3824.53613,8535.16113,11800.1201,15273.9375,20682.6074,22168.2578,30027.7227
8/14/2005,3829.29834,8348.6084,12295.3408,16507.918,21122.6895,23603.6777,29364.6602
8/15/2005,3877.22534,8116.31201,12607.9775,18561.75,21769.0605,24018.9199,28889.7305
8/16/2005,3945.31592,7997.20605,12244.1738,20159.4453,22346.9316,25456.2363,28495.0469
8/17/2005,4008.41113,8008.9751,11440.3252,21127.0098,23464.998,28857.8711,28272.1816
8/18/2005,4023.29053,8350.0127,10670.1807,21913.5195,25045.8555,28554,28321.9707
8/19/2005,4083.47656,8909.87598,10099.7607,22194.5762,26227.7402,28621.9902,28621.6543
8/20/2005,4216.49463,9162.24707,9781.34375,22313.0859,27171.2754,30314.8047,29135.9375
8/21/2005,4364.66406,9066.27539,9683.76953,22444.0215,28147.0938,30747.9863,30228.6953
8/22/2005,4400.78613,8766.80176,9457.5332,22274.0938,28804.3867,30314.0859,31593.9355
8/23/2005,4445.93115,8542.09668,9175.03809,21832.1055,29117.4238,29965.0273,32282.3164
8/24/2005,4740.87646,8608.27832,9141.73828,21240.4961,29175.1777,29337.6289,32518.3867
8/25/2005,5014.02393,8776.01465,9271.32227,20314.8379,28936.0996,28081.1523,32792.9375
8/26/2005,5122.20752,8833.45312,9452.16699,19032.7871,28333.6875,26789.9375,32881.5078
8/27/2005,5210.68701,8837.70312,9547.55664,18056.6758,27360.3398,24541.7891,32789.8711
8/28/2005,5191.85889,8916.25586,9545.97461,17445.5293,25972.1172,22698.5664,32610.6484
8/29/2005,5133.43848,9073.70312,9544.70117,16735.9902,24429.5137,22329.7285,32339.1035
8/30/2005,5154.71924,9151.26758,9536.87695,16019.9727,23309.1797,22070.4004,31909.2188
8/31/2005,5230.06836,9192.34473,9616.72266,15886.5439,22452.9355,20820.7773,31214.7969
9/1/2005,5320.59912,9248.75293,9858.71484,16946.5957,21628.9688,21250.7207,30197.2812
9/2/2005,5385.41064,9191.93262,10047.1455,18174.8066,21366.1738,24286.666,29037.2676
9/3/2005,5311.70166,9083.66602,10084.4287,17906.9941,22260.2031,27412.2402,28132.0117
9/4/2005,5111.63086,8985.16895,10159.7217,16925.9355,23922.7012,27117.3887,27418.0273
9/5/2005,4965.24902,8859.1748,10227.2529,16261.0771,24662.1152,23191.2988,26972.8672
9/6/2005,4897.26758,8721.66406,10130.0303,15947.2051,23942.8516,22413.0117,27259.6113
9/7/2005,4864.8252,8539.21973,9976.36621,15774.2432,23048.8457,22690.5293,28448.0879
9/8/2005,4828.38477,8246.41895,9856.22363,15553.9893,22596.2188,23397.6484,29857.4551
9/9/2005,4789.50146,7947.53223,9855.26367,15323.3857,22570.2305,23534.1699,30227.4434
9/10/2005,4762.55859,7734.25439,9974.25391,15079.3604,22696.3633,23312.3477,29429.7422
9/11/2005,4731.98145,7528.47754,9999.55078,14939.9785,22711.9023,22875.6211,28508.8105
9/12/2005,4672.80615,7319.07764,9872.4248,14912.7373,22596.1855,22821.5938,28096.9512
9/13/2005,4578.85693,7143.48193,9665.63086,14982.4648,22507.7012,23431.8574,28092.0879
9/14/2005,4426.62207,7069.45508,9394.98633,15220.084,22670.5469,23987.8242,28147.9668
9/15/2005,4279.24463,7127.85742,9062.49512,15792.001,23017,24571.0957,28318.252
9/16/2005,4232.39062,7207.42236,8708.56738,16358.6885,23538.9609,25818.8633,29416.582
9/17/2005,4272.03271,7154.92627,8373.38574,16471.7715,24270.5352,26335.5234,31521.1074
9/18/2005,4277.4834,6918.59082,8092.11719,16283.9609,24907.4805,26174.4121,32558.7617
9/19/2005,4234.18213,6655.40869,8111.10791,16007.6064,25095.918,25210.707,31668.2422
9/20/2005,4249.57666,6640.10107,8526.96094,16212.5654,24883.6426,24741.8379,30689.5469
9/21/2005,4396.40576,7005.6582,9019.41992,17477.7109,24596.8496,25440.8945,30523.6484
9/22/2005,4492.27393,7307.33936,9587.89941,18520.4434,24752.1133,27705.0078,30763.3477
9/23/2005,4394.42578,7302.7749,9526.14062,18000.6719,25606.9551,29668.6309,30836.2852
9/24/2005,4273.73633,7337.64844,8799.65918,16628.2656,26838.6465,28790.875,30484.8867
9/25/2005,4212.18457,7496.84619,8233.73145,15450.752,27147.0859,24747.8555,30134.5879
9/26/2005,4166.89941,7641.69922,7819.40479,14863.1338,25891.1113,21933.6875,30207.3848
9/27/2005,4085.10449,7576.24365,7682.41357,14691.7402,24048.8359,21025.1816,30872.1113
9/28/2005,4027.19092,7303.146,7804.61621,14965.5674,22536.7324,21087.6074,31751.8145
9/29/2005,4067.28564,7237.65967,8429.09766,16501.2598,21677.7695,21332.2676,31731.6426
9/30/2005,4361.50879,7393.88135,9039.6875,17742.8516,21428.4707,22447.4805,30316.1426
10/1/2005,5012.58252,7420.54785,9090.10352,17276.8711,22005.4004,26143.5215,28265.3184
10/2/2005,5256.27734,7331.30762,9016.14551,16698.6152,23500.2246,25288.0703,26488.9766
10/3/2005,4904.56543,7446.60498,8740.66406,16319.6533,23952.1426,21286.918,25365.6953
10/4/2005,4561.30762,7872.9834,8350.25391,15963.2939,22953.3789,21295.5293,24970.748
10/5/2005,4375.81934,8488.75977,8116.50244,15633.1152,22106.3789,20883.752,25498.7051
10/6/2005,4357.89014,8905.24805,8001.02002,15399.335,21400.1973,20382.5293,26597.7285
10/7/2005,4345.82422,8565.91992,7919.35107,15110.9902,20787.3828,19586.1055,26881.0234
10/8/2005,4284.76904,7733.41992,7833.68213,14412.9697,20286.3398,19721.8574,26083.5801
10/9/2005,4162.21533,7019.37744,7831.60303,13734.7051,19997.0176,19324.5918,25149.1348
10/10/2005,4009.56372,6603.5249,7991.08203,13400.0244,19588.8379,18374.2793,24294.793
10/11/2005,3873.74927,6325.96094,8285.04785,13529.8477,19095.7383,18850.1582,23466.1113
10/12/2005,3761.73486,6064.26514,8560.88965,13471.1826,18893.8516,19549.8672,22833.834
10/13/2005,3666.97607,5802.56543,8613.54297,12921.835,18930.7891,19457.7305,22449.2305
10/14/2005,3589.95215,5530.5542,8354.68359,12324.8652,18851.6172,17715.4297,22157.4805
10/15/2005,3561.65356,5254.33594,7956.61475,11744.3428,18291.9727,16741.1836,22028.4082
10/16/2005,3541.07104,4992.14746,7539.50049,11239.8262,17471.4512,15690.3428,22300.6523
10/17/2005,3489.01929,4776.05371,7117.80859,10881.8486,16527.3535,14657.1133,22789.3594
10/18/2005,3413.41699,4608.22754,6764.89844,10735.374,15571.5908,13773.4951,22823.9316
10/19/2005,3339.41235,4496.99609,6454.27246,10682.1709,14708.8564,13368.0566,22071.875
10/20/2005,3286.56641,4422.95508,6139.13037,10526.7725,14070.8643,13314.0303,20965.9082
10/21/2005,3235.93604,4325.78369,5835.06006,10145.0381,13711.0518,13460.4023,19803.9336
10/22/2005,3197.3811,4183.16699,5539.51807,9623.12012,13551.5264,13220.3789,18585.5273
10/23/2005,3179.32495,4027.19507,5265.98633,9099.40723,13331.8633,12323.4736,17438.0293
10/24/2005,3167.24927,3909.6394,5031.89258,8599.02539,12832.4102,11352.6689,16596.4375
10/25/2005,3165.38916,3814.7666,4846.80127,8161.86816,12135.3516,10535.2441,16144.1748
10/26/2005,3197.38672,3722.48315,4702.32031,7778.42969,11366.9453,9787.93359,16046.0664
10/27/2005,3205.74023,3651.48145,4582.48096,7413.75195,10615.3887,9321.38672,16201.2207
10/28/2005,3139.12305,3596.88306,4472.69678,7052.64941,9980.37891,8962.95703,16026.6084
10/29/2005,3071.12109,3557.89429,4345.94141,6694.02197,9474.2334,8488.31934,15111.6279
10/30/2005,3100.04688,3565.88037,4206.30713,6361.97217,9029.1123,7993.58105,13899.5938
10/31/2005,3174.88525,3612.7627,4084.18994,6075.78564,8587.74707,7567.90283,12793.248
11/1/2005,3368.23413,3650.30493,4004.59595,5848.14062,8146.11621,7291.19287,11902.9385
11/2/2005,3711.85962,3688.92993,3973.47217,5672.15186,7762.44287,7115.88525,11246.4463
11/3/2005,4081.30444,3799.01416,3954.19409,5601.20215,7480.30908,7037.81885,10744.6387
11/4/2005,4094.40601,4019.40381,3889.82935,5832.45068,7284.7085,7124.12451,10346.251
11/5/2005,3903.65503,4293.96973,3814.58838,6131.31445,7268.60449,8322.25879,10034.2236
11/6/2005,3945.35303,4643.04053,3806.95605,6046.84033,7720.55957,9812.52734,9814.44531
11/7/2005,3965.50464,5087.38916,3823.61694,5679.68066,8433.16895,9358.1748,9662.9541
11/8/2005,3860.78296,5243.32422,3857.24878,5340.36865,8694.96875,8033.6792,9833.66602
11/9/2005,3696.23584,4984.22949,3978.46582,5147.31348,8393.59082,7530.03613,10282.1963
11/10/2005,3579.05225,4804.13135,4164.90283,5059.53369,7976.42871,7688.58203,10974.6094
11/11/2005,3571.69873,4791.17822,4392.78369,5005.00391,7784.11426,8207.21582,11979.9609
11/12/2005,3602.5105,4706.83203,4621.16016,4988.22949,7917.43164,8771.47656,12602.8838
11/13/2005,3582.61987,4555.71484,4846.88184,5002.58789,8241.66113,8891.72461,12218.749
11/14/2005,3439.20728,4416.28955,5042.41016,5048.33643,8517.61816,8769.08789,11260.1279
11/15/2005,3220.09106,4324.53662,5095.1626,5291.89258,8606.2959,8372.08789,10534.8359
11/16/2005,3028.88721,4292.65381,5032.94922,5794.17676,8486.4375,8048.97656,10252.6123
11/17/2005,2854.91455,4265.44043,4945.37695,6135.88721,8284.9248,8299.54395,10303.3574
11/18/2005,2686.66138,4138.15479,4859.28125,6240.57617,8298.93848,9091.83496,10431.2285
11/19/2005,2530.40381,3912.79858,4759.42822,6355.95459,8495.48047,8537.51855,10438.3037
11/20/2005,2400.78662,3676.33667,4650.50977,6437.92773,8501.87402,8196.45215,10293.7676
11/21/2005,2302.00806,3473.5166,4549.93311,6464.08594,8377.35742,8232.05469,10171.2295
11/22/2005,2226.96265,3285.25854,4468.71338,6377.17725,8285.05762,8162.50928,10289.7617
11/23/2005,2174.96655,3107.8877,4399.36182,6202.96582,8179.54639,7945.89697,10452.2412
11/24/2005,2138.02979,2951.96362,4308.29834,6028.33154,8046.4873,7517.60889,10355.0469
11/25/2005,2085.86475,2828.74927,4170.88965,5884.1543,7814.83008,7097.5459,10136.334
11/26/2005,2018.00452,2738.97168,3994.87183,5747.8335,7502.7373,6855.15137,9945.49707
11/27/2005,1957.7135,2673.13037,3801.91553,5609.8418,7211.96875,6694.31885,9748.81836
11/28/2005,1901.98328,2627.23267,3607.15112,5484.83984,6971.68555,6514.7749,9539.37402
11/29/2005,1849.11548,2578.27173,3420.3064,5371.08105,6757.69678,6333.73828,9297.09961
11/30/2005,1794.24536,2505.94092,3248.8208,5263.10303,6556.17529,6139.40283,9035.16797
12/1/2005,1741.58276,2425.6731,3098.41016,5137.979,6373.30078,6008.55469,8764.39062
12/2/2005,1695.96887,2348.71826,2972.22681,4976.51465,6205.40234,5874.41943,8503.91992
12/3/2005,1654.94104,2274.22021,2870.04346,4783.47314,6045.89648,5688.25098,8275.39258
12/4/2005,1616.94556,2199.94531,2788.15649,4584.95215,5881.22021,5430.94922,8092.77344
12/5/2005,1580.21204,2125.1792,2717.87036,4344.79199,5688.85547,5124.66553,7949.15869
12/6/2005,1545.54626,2054.96582,2648.5271,4074.15723,5467.23047,4792.42432,7816.06055
12/7/2005,1538.75378,1991.11536,2575.12842,3846.42432,5234.38721,4530.90186,7647.07861
12/8/2005,1606.29822,1936.67151,2498.78638,3617.51855,4959.96777,4292.56396,7406.47119
12/9/2005,1682.40955,1900.87524,2421.82373,3404.49219,4683.80273,4149.82617,7177.93506
12/10/2005,1676.60852,1889.94971,2345.5437,3246.48438,4456.27539,4040.54517,7022.86426
12/11/2005,1631.46814,1909.73047,2270.71948,3119.62451,4235.62402,3962.92798,6814.69727
12/12/2005,1541.66943,1985.18042,2198.21631,3019.82471,4043.79395,3760.76611,6487.29395
12/13/2005,1435.80518,2074.04028,2129.56689,2931.72876,3881.97217,3620.16211,6157.48584
12/14/2005,1366.95203,2069.23047,2067.65112,2846.72534,3736.57471,3478.33691,5901.74756
12/15/2005,1309.88904,1994.4082,2016.65845,2764.65869,3610.06079,3399.89453,5706.71729
12/16/2005,1267.18787,1889.78113,1981.81628,2686.4751,3498.71655,3284.94434,5547.11816
12/17/2005,1228.27759,1749.74963,1970.75012,2606.15967,3397.59668,3217.45068,5405.61084
12/18/2005,1182.27759,1626.87061,1990.24976,2521.16382,3301.17236,3095.84473,5291.07324
12/19/2005,1133.00562,1532.64282,2029.09802,2434.04541,3205.677,3008.80762,5164.04199
12/20/2005,1092.57239,1455.17664,2055.5564,2354.11206,3100.65283,2865.27637,4979.35742
12/21/2005,1062.16296,1393.25745,2045.80151,2285.65674,2987.87036,2757.3562,4779.90869
12/22/2005,1034.22705,1336.7655,1994.97485,2234.34741,2874.74512,2661.47729,4614.75244
12/23/2005,1004.4588,1282.05725,1910.10156,2236.0498,2787.38306,2682.50464,4521.12744
12/24/2005,968.594116,1230.04968,1808.58105,2311.22461,2740.86646,2691.99536,4497.79785
12/25/2005,930.126587,1186.85803,1710.29797,2379.53149,2722.14844,2814.49854,4430.25488
12/26/2005,917.656555,1151.35779,1621.10693,2394.9856,2745.87109,2922.13354,4262.92578
12/27/2005,956.717468,1136.25549,1544.63306,2381.27905,2788.15088,2813.7356,4076.21899
12/28/2005,1129.56714,1153.81665,1491.76355,2336.98315,2780.80615,2701.31201,3930.44922
12/29/2005,1285.89197,1172.92773,1448.12378,2270.52954,2732.42578,2649.51831,3852.95215
12/30/2005,1302.04724,1213.87512,1397.60632,2185.24438,2672.04419,2540.87012,3845.12012
12/31/2005,1276.1731,1278.6925,1344.18384,2086.19165,2589.36108,2428.99609,3845.59595
1/1/2006,1206.48938,1391.93909,1288.55493,1983.48926,2496.68359,2298.76294,3791.89233
1/2/2006,1151.95789,1558.69385,1244.03333,1879.70801,2403.87036,2162.53564,3700.29956
1/3/2006,1104.06299,1591.74231,1222.56128,1789.72058,2302.65454,2028.45618,3607.84424
1/4/2006,1033.23389,1537.15344,1219.23108,1737.51099,2191.55518,1929.80981,3521.31177
1/5/2006,961.01947,1468.01685,1233.21228,1737.81958,2074.77002,1869.77881,3433.23633
1/6/2006,897.102722,1372.66589,1268.91187,1782.89819,1979.98486,1858.43726,3335.35645
1/7/2006,847.111084,1307.23389,1334.62573,1815.41821,1931.76208,1786.52649,3233.8916
1/8/2006,807.550293,1229.57227,1423.24292,1794.70227,1953.20618,1754.76355,3138.32642
1/9/2006,780.725037,1142.08484,1497.15869,1715.17163,2023.23401,1828.41406,3045.56812
1/10/2006,753.763428,1057.86011,1527.14136,1602.02075,2076.97485,1957.3335,2959.03247
1/11/2006,720.982849,987.595215,1513.13,1514.20618,2071.5813,2003.79346,2883.41064
1/12/2006,681.975525,931.708618,1467.57568,1473.30334,1982.63501,1975.54993,2815.75806
1/13/2006,641.273132,888.916748,1406.88196,1475.95312,1849.12085,1869.01294,2771.25171
1/14/2006,606.573059,856.049561,1339.73865,1520.7063,1738.02869,1781.46204,2763.39526
1/15/2006,579.610596,819.663574,1267.42029,1594.50012,1671.94458,1731.33813,2781.99927
1/16/2006,559.128174,778.770874,1192.90198,1656.85388,1653.48499,1764.65027,2799.71362
1/17/2006,542.993103,734.356995,1120.70801,1677.12854,1682.09937,1843.71399,2781.16724
1/18/2006,529.625366,693.319153,1054.52393,1655.29077,1738.87769,1862.68408,2711.41211
1/19/2006,517.941284,660.746765,996.803833,1602.91333,1779.54089,1805.47546,2609.58862
1/20/2006,507.638611,636.873901,947.852966,1536.72705,1780.10803,1711.14246,2515.75537
1/21/2006,498.459015,619.633301,904.319031,1465.24548,1741.70923,1612.01086,2459.02368
1/22/2006,490.044373,606.561707,862.181885,1389.08362,1678.58252,1526.24158,2439.93433
1/23/2006,482.003815,595.596924,819.530579,1310.77527,1606.45789,1443.20789,2424.99219
1/24/2006,473.905121,585.399902,777.25708,1235.61328,1530.75098,1355.83191,2383.1958
1/25/2006,465.583893,575.301514,738.228088,1166.27881,1452.30212,1278.2439,2307.26025
1/26/2006,457.153137,564.870544,704.871704,1107.29895,1376.06335,1220.79688,2208.37305
1/27/2006,448.798004,553.889954,677.963928,1056.94067,1305.89026,1172.49634,2101.53442
1/28/2006,440.654022,542.23114,656.800537,1010.89777,1245.99988,1153.33899,1992.88208
1/29/2006,432.76767,529.893433,639.895935,965.036072,1197.14722,1109.99792,1886.03027
1/30/2006,425.130524,517.10437,625.667114,915.736633,1153.79565,1076.90686,1788.30872
1/31/2006,417.725189,504.190308,612.887024,867.703857,1109.72095,1007.31555,1706.00916
2/1/2006,410.565826,491.424713,600.780029,825.56311,1060.39905,953.518982,1635.47473
2/2/2006,403.690979,478.978516,588.888,791.185181,1006.89197,910.35675,1571.53333
2/3/2006,397.145081,466.943634,576.937622,766.760864,957.546997,887.14917,1509.2583
2/4/2006,390.958282,455.378845,564.755005,764.191772,926.36792,853.936829,1443.67102
2/5/2006,385.341187,444.363129,552.278259,762.301819,911.436707,846.265137,1371.40955
2/6/2006,385.131409,434.357666,539.576355,779.010559,908.445435,835.484558,1295.6571
2/7/2006,392.615936,426.27774,526.949341,856.409912,917.798706,838.464539,1226.26709
2/8/2006,400.966553,420.988831,514.826233,905.223511,920.055054,854.636963,1167.56409
2/9/2006,400.704224,421.531708,502.856506,857.260498,953.836609,877.506958,1120.27136
2/10/2006,396.583862,425.933807,491.087524,772.329834,1027.44116,946.482605,1083.53174
2/11/2006,392.102631,436.932739,479.565399,701.041382,1034.20898,1003.29138,1054.86389
2/12/2006,396.573975,452.010162,469.100952,650.926575,950.74939,962.003113,1034.48401
2/13/2006,433.846832,473.760376,473.365448,622.579163,852.027649,869.72937,1025.67297
2/14/2006,476.778748,508.562439,512.578735,610.353455,778.253784,783.617432,1033.0365
2/15/2006,490.036041,561.332458,532.600525,613.467957,731.409363,727.23584,1057.1521
2/16/2006,486.345093,595.664612,509.496002,648.547241,708.083557,715.938354,1078.255
2/17/2006,462.074615,607.716125,488.912872,711.39917,705.106812,757.689819,1068.21606
2/18/2006,433.77475,619.125977,479.605469,787.982849,720.5849,850.384399,1027.79944
2/19/2006,424.354767,624.932617,486.511292,880.198669,774.919922,1018.92004,979.47998
2/20/2006,417.080566,627.046997,507.11264,942.729492,878.071106,1237.5116,937.027466
2/21/2006,405.281067,610.391968,536.223267,952.403687,1024.10449,1447.29858,911.282959
2/22/2006,389.766388,578.044739,568.241516,917.784058,1179.86316,1482.71777,915.204773
2/23/2006,373.791656,546.292664,594.167847,827.696838,1298.43359,1510.71033,961.228088
2/24/2006,359.883575,524.104309,611.803223,734.791504,1372.31799,1437.26392,1062.20117
2/25/2006,349.99118,499.864227,622.368408,680.834106,1380.22925,1263.0271,1203.77771
2/26/2006,343.273376,472.743835,627.116333,656.343506,1322.35449,1135.45935,1347.57361
2/27/2006,337.328125,448.115021,623.957092,655.281128,1229.07178,998.575684,1460.6897
2/28/2006,331.896484,427.277985,610.737061,670.664856,1116.62219,887.487183,1520.88965
3/1/2006,326.082611,413.633911,590.542358,701.196899,1009.54004,836.88446,1507.24426
3/2/2006,320.008789,404.333038,567.988892,770.102661,929.275879,840.549561,1431.56799
3/3/2006,314.90155,394.12146,544.685913,962.439331,899.614685,917.969055,1341.99585
3/4/2006,311.827332,384.117218,520.5578,1136.97754,941.708069,1212.25366,1264.39722
3/5/2006,316.176117,375.911469,496.441467,1103.16553,1126.65002,1805.11694,1181.87488
3/6/2006,337.104706,370.063446,474.096436,1021.52032,1405.60071,1582.92542,1094.40479
3/7/2006,356.247894,366.035065,456.411316,1018.59369,1492.25964,1073.29028,1048.34143
3/8/2006,358.803131,364.070892,442.637543,1040.39783,1361.83459,964.149719,1092.38318
3/9/2006,347.49646,366.388611,431.744873,1048.04626,1260.51929,963.671936,1266.18152
3/10/2006,332.895752,380.533478,424.367645,992.169189,1259.18933,1056.93726,1481.12256
3/11/2006,326.728973,401.892426,419.483368,878.257812,1293.1416,1227.11584,1529.20532
3/12/2006,324.361328,413.433685,411.514526,776.710876,1293.8833,1308.3988,1403.77039
3/13/2006,325.392944,408.318481,401.500427,706.326782,1207.8407,1226.50745,1258.17566
3/14/2006,328.13681,393.745239,396.108917,666.763,1070.26172,1076.39319,1171.83069
3/15/2006,331.553131,386.586395,404.25705,686.024719,952.254028,994.791382,1180.66455
3/16/2006,335.381378,385.101593,412.735992,755.183289,887.207031,1046.13623,1262.3186
3/17/2006,337.394775,379.233215,413.519745,810.919189,911.273254,1290.93713,1336.87744
3/18/2006,337.401947,373.371246,417.176392,819.99115,1057.26318,1579.08862,1348.4021
3/19/2006,336.410156,370.755096,420.812317,785.15802,1264.68799,1697.76807,1309.73828
3/20/2006,334.988098,371.69455,441.241852,766.623169,1441.48914,1715.04053,1256.20056
3/21/2006,333.184113,375.134949,504.381409,792.594055,1542.05542,1625.01318,1237.31409
3/22/2006,331.198975,376.602692,593.647095,822.848633,1573.68713,1652.66565,1314.61865
3/23/2006,329.489685,377.994293,602.468201,914.955994,1580.22876,1589.41089,1467.57263
3/24/2006,328.327972,379.215576,535.644714,1232.33667,1544.57397,1374.59729,1617.84314
3/25/2006,327.747314,379.636688,477.368591,1528.94653,1455.32764,1376.75024,1713.00061
3/26/2006,327.500732,384.475403,434.196381,1683.49524,1479.94629,2164.45312,1752.63818
3/27/2006,327.424561,395.290222,412.882141,1856.40186,1720.2301,2178.10205,1758.25488
3/28/2006,327.721954,407.162811,404.99646,1939.0946,1920.37817,2244.1189,1720.59729
3/29/2006,328.707245,413.738953,409.795959,1929.91553,2069.93359,2518.53149,1665.91931
3/30/2006,334.292847,412.316956,448.074585,1782.5564,2231.32349,2406.05713,1741.68494
3/31/2006,370.924866,411.170105,503.605865,1672.69397,2295.3396,2343.54834,2010.70959
4/1/2006,496.505981,435.514008,550.178894,2312.71167,2257.22021,1930.17346,2310.5332
4/2/2006,645.000732,492.219543,565.232361,3617.54614,2121.12988,2210.38257,2527.71899
4/3/2006,686.488892,544.896362,561.325134,4165.10938,2303.41138,4633.51465,2633.21875
4/4/2006,639.162292,595.624146,540.310364,3664.677,3426.61816,7387.09131,2647.49121
4/5/2006,571.804871,702.757996,498.200836,3062.90015,4930.89307,6325.08154,2636.42676
4/6/2006,548.568481,853.550049,473.53006,2638.76782,5463.30908,4409.81494,2660.94946
4/7/2006,567.137451,932.623047,472.215546,2363.53369,5131.05518,4174.37988,3037.15112
4/8/2006,577.347656,893.080994,514.262878,2195.9082,4708.57178,4102.52393,4086.12573
4/9/2006,566.240234,806.761719,591.660583,2065.00732,4333.63379,3776.02759,5282.25781
4/10/2006,551.536194,758.104797,643.219666,1977.56226,4044.2832,3623.86304,5754.06006
4/11/2006,563.5495,801.21582,683.967529,1949.80505,3830.59546,3558.31909,5587.79297
4/12/2006,567.477173,854.459229,757.58197,1992.51489,3675.55664,3362.38794,5300.5127
4/13/2006,545.453857,835.79718,833.183167,2083.30542,3551.10376,3324.5896,5046.67871
4/14/2006,519.238098,772.632996,871.200073,2174.51855,3498.0769,3592.68994,4835.80078
4/15/2006,501.714874,724.512329,871.567139,2236.08887,3536.66992,3855.52417,4601.99951
4/16/2006,537.984619,724.042664,864.338318,2250.70093,3620.10156,3975.41846,4362.56006
4/17/2006,737.791809,766.809265,910.958008,2217.71289,3705.93848,3935.7876,4231.64062
4/18/2006,939.260132,849.788025,999.289001,2208.1582,3750.58105,3797.61792,4210.15479
4/19/2006,930.902954,940.616638,1054.92456,2254.7749,3708.01245,3484.37573,4223.25928
4/20/2006,834.733643,1041.16858,1065.96606,2341.12256,3575.77808,3470.5249,4260.22607
4/21/2006,801.629761,1253.27954,1141.62561,2485.5835,3483.77563,3612.32397,4316.39746
4/22/2006,845.26178,1583.19006,1175.53662,2516.02832,3466.38843,3737.42139,4330.99023
4/23/2006,894.853638,1751.66589,1121.92114,2418.92847,3542.0376,4105.63623,4252.25928
4/24/2006,902.76532,1673.34485,1099.37463,2335.71924,3682.41577,3831.15479,4100.3418
4/25/2006,853.698547,1532.72498,1102.58875,2303.00684,3700.14282,3660.34839,3991.02637
4/26/2006,805.040894,1466.40881,1153.20337,2355.43433,3660.45703,3768.45044,4025.18604
4/27/2006,795.146606,1519.1416,1264.71936,2456.67236,3686.19946,3959.80396,4207.83984
4/28/2006,802.641785,1588.71851,1455.52148,2632.88818,3747.86084,4101.28711,4363.56396
4/29/2006,896.39917,1582.94385,1687.95813,3020.07178,3867.37866,4666.28174,4318.67969
4/30/2006,1016.42877,1558.64648,1863.66833,3396.15991,4111.94434,4995.79834,4201.32129
5/1/2006,1151.36511,1662.43909,2022.2384,3731.58765,4506.43652,5747.81934,4226.12793
5/2/2006,1268.43469,1822.93201,2070.42041,3933.78223,4952.62939,5566.53613,4479.00879
5/3/2006,1227.00684,1971.13916,1986.3302,3961.31909,5267.24609,6037.50439,4942.24072
5/4/2006,1156.65247,2119.88696,1897.21692,4104.67236,5504.79785,5742.85303,5487.15674
5/5/2006,1079.71021,2206.14282,1799.65356,4254.97168,5617.66602,5812.20947,5957.47412
5/6/2006,1059.34949,2293.40234,1778.35876,4384.8208,5714.83594,6336.1543,6337.64941
5/7/2006,1204.40088,2283.37061,1874.56787,4471.57666,5990.98291,6666.39551,6664.64941
5/8/2006,1360.24792,2122.8064,2038.36511,4482.07568,6212.00586,6567.87256,6868.9292
5/9/2006,1410.16357,1956.72351,2274.81177,4477.54834,6298.02734,6465.86914,6830.58203
5/10/2006,1381.96851,1829.20508,2453.30566,4414.25049,6258.61768,6158.50488,6751.10205
5/11/2006,1373.52332,1819.75305,2531.927,4354.66992,6181.396,6296.0293,6886.64502
5/12/2006,1405.76599,1954.21912,2567.83276,4347.49268,6157.2041,6188.19629,7161.6875
5/13/2006,1444.70251,2103.83032,2534.54443,4329.07178,6140.1333,6304.23779,7466.89355
5/14/2006,1494.87134,2211.50635,2454.14355,4392.99365,6154.61133,6439.47607,7646.34717
5/15/2006,1615.95264,2316.64087,2351.54956,4510.021,6211.58643,6485.32227,7606.66846
5/16/2006,1797.57349,2421.83447,2283.76245,4578.05713,6296.01709,6712.02881,7471.4126
5/17/2006,1910.20825,2483.0708,2234.46045,4548.15186,6429.97656,6785.67627,7338.7041
5/18/2006,1979.81592,2507.87671,2206.52222,4435.45752,6531.28613,6649.05176,7264.65527
5/19/2006,1970.28394,2557.25464,2230.99683,4258.28418,6530.04883,6445.88477,7307.82031
5/20/2006,1947.6189,2663.37671,2322.25342,4057.01782,6406.15137,6166.18701,7568.08252
5/21/2006,2010.43628,2776.8313,2450.87012,3870.8938,6211.87451,5900.9668,8210.54199
5/22/2006,2066.1731,2875.40674,2618.66382,3702.78052,5968.04639,5614.51416,9099.78809
5/23/2006,2088.2832,2935.78467,2933.96265,3612.00952,5734.89746,5756.19238,9735.5
5/24/2006,2091.5769,2947.86108,3250.54883,3669.98389,5618.48486,5714.78418,9830.49512
5/25/2006,2163.27466,3051.48779,3579.1897,4070.61743,5587.92334,5875.28906,9491.11816
5/26/2006,2347.39307,3174.12988,3808.59229,4817.88477,5646.74121,6192.23584,9020.67285
5/27/2006,2571.87329,3212.4248,3788.6311,5888.38525,5931.43896,7610.08447,8606.47168
5/28/2006,2743.52661,3214.09546,3657.91162,6744.09717,6547.41895,8652.87305,8275.69727
5/29/2006,2749.33228,3270.2937,3519.79663,7249.9707,7524.17725,10571.2168,8061.4209
5/30/2006,2653.57031,3536.1499,3480.2019,7650.81738,8591.0293,10262.3154,8001.60986
5/31/2006,2735.06323,3994.198,3523.36133,7825.21143,9361.7334,10895.6201,8281.86328
6/1/2006,2913.26953,4491.86084,3620.45728,8196.29492,9955.10645,11619.5449,9023.68848
6/2/2006,2917.62061,4863.84863,3745.40552,8931.90234,10700.9932,13029.293,10031.2139
6/3/2006,2820.74976,5047.13965,3827.17725,9332.99805,11509.6885,13201.5869,10960.9424
6/4/2006,2721.14526,5424.79443,3938.04761,9347.00293,12343.6895,14948.6494,11588.3467
6/5/2006,2593.28076,5955.24902,4156.36328,9355.39648,13217.3467,14035.0957,12046.1113
6/6/2006,2506.92114,6010.92969,4349.95947,9665.66992,13567.0957,13443.6465,12582.9922
6/7/2006,2496.82397,5628.74707,4534.42041,9852.08105,13369.2041,12641.624,13242.4697
6/8/2006,2494.71216,5215.34131,4726.65527,9480.90625,13158.0459,13847.0986,13997.75
6/9/2006,2453.67773,4848.01855,4938.62061,9015.68066,13169.249,12835.4658,14672.0078
6/10/2006,2408.1272,4518.09717,5201.90039,8376.24414,12897.25,11407.0684,14879.0762
6/11/2006,2399.55151,4291.87646,5508.70264,7730.78271,12214.3672,10603.8916,14638.6729
6/12/2006,2425.698,4168.93018,5736.11377,7275.86475,11468.2021,9553.54102,14387.7715
6/13/2006,2490.04443,4075.73291,5759.39795,7038.61768,10582.9668,8745.5,14245.0615
6/14/2006,2504.79565,3952.50562,5598.29248,7005.2832,9768.48828,8455.34082,13861.3311
6/15/2006,2406.63062,3842.77808,5334.97363,7031.43848,9174.13281,8402.86914,13150.2578
6/16/2006,2281.46387,3815.19531,5061.05078,7079.13037,8823.10938,8593.4873,12333.748
6/17/2006,2213.83911,3898.87671,4827.1377,7196.05176,8677.66602,8444.90918,11458.708
6/18/2006,2189.69312,3996.72119,4647.34277,7429.85156,8614.68066,8497.85352,10671.5049
6/19/2006,2160.40479,3984.1875,4622.29492,7721.16309,8592.06836,8846.89746,10130.8174
6/20/2006,2110.61499,3928.27197,4803.45459,7840.41064,8696.28516,9594.30664,9920.19434
6/21/2006,2044.74609,3888.12134,4862.09131,7793.69092,9038.07422,10491.6445,10017.5
6/22/2006,2025.59583,3933.23877,4723.35107,7871.9751,9521.68359,10717.6689,10277.625
6/23/2006,2086.73438,4061.24048,4579.52393,8054.62256,9990.89258,11514.4365,10620.2275
6/24/2006,2190.70044,4151.25098,4482.05273,8348.44922,10630.6816,12628.1299,11158.5156
6/25/2006,2294.30908,4174.71484,4452.72461,8564.87891,11362.8408,13012.208,11998.1885
6/26/2006,2334.02295,4145.37402,4471.19482,8676.06445,12040.6494,13837.832,12894.3008
6/27/2006,2351.32764,4147.18506,4474.60205,8815.64453,12620.0928,13275.4219,13661.3613
6/28/2006,2369.77954,4186.88184,4496.20557,8721.12305,12816.5488,13110.6533,14357.417
6/29/2006,2369.13159,4238.31885,4525.79541,8273.2207,12811.2334,12937.4053,15036.3047
6/30/2006,2416.13721,4253.11426,4484.51465,7740.08301,12693.6436,12250.5986,15617.3145
7/1/2006,2480.22339,4188.10938,4451.52686,7598.4165,12261.4883,11060.6592,15930.4102
7/2/2006,2534.88843,4124.9585,4472.73291,8026.3042,11628.9736,11170.7002,16003.4893
7/3/2006,2611.01904,4090.52344,4516.19336,8669.15918,11245.6309,12700.4678,16168.7646
7/4/2006,2707.19653,4098.34668,4528.10449,9268.18555,11741.8867,15414.9639,16516.6406
7/5/2006,2854.89502,4176.16846,4556.54736,9983.97852,12909.8076,16208.6729,16820.2969
7/6/2006,3011.8418,4337.26416,4646.32324,10940.6064,14056.3203,17018.5176,17099.8379
7/7/2006,3190.06812,4497.56201,4720.41553,11820.8389,15016.9014,18273.8398,17520.4023
7/8/2006,3379.9021,4663.99121,4698.63525,12576.0352,16097.3008,19670.375,18133.1152
7/9/2006,3468.95825,4876.06592,4610.60303,12646.3525,17114.4395,19206.3242,18945.1641
7/10/2006,3416.91748,5116.0293,4559.9917,11981.9658,17818.9102,20194.8867,19707.3652
7/11/2006,3249.7124,5396.76074,4602.85791,11175.6836,18224.1973,17806.4238,20246.6055
7/12/2006,3101.99316,5764.03418,4713.00879,10349.4365,17802.7363,16188.459,20817.1094
7/13/2006,3091.98535,6160.72119,4835.01025,9826.27246,16790.9688,14661.4541,21472.043
7/14/2006,3173.81445,6321.86475,4954.84473,9764.6748,15707.499,14178.8223,22128.5234
7/15/2006,3276.94531,6166.32812,5074.89062,10460.4443,14816.1445,13978.6201,22462.9609
7/16/2006,3334.92822,5885.70215,5213.34766,11746.3223,14372.9912,15039.835,22048.2168
7/17/2006,3323.39966,5703.12402,5387.23535,12526.5039,14642.5312,17872.8359,21086.4414
7/18/2006,3304.61963,5656.27246,5609.57422,12295.96,16015.5225,20405.7734,19895.1875
7/19/2006,3426.93335,5754.79736,5947.62695,11574.8672,17453.8066,18547.8887,18864.3477
7/20/2006,3884.57178,6074.40674,6393.94482,10808.4854,17743.7832,16510.7754,18531.0957
7/21/2006,4519.94141,6355.24854,6680.31055,10500.1514,17061.9473,15059.7676,19231.6035
7/22/2006,4843.31396,6482.06201,6670.18604,10989.8506,16029.3594,14929.4268,20718.873
7/23/2006,4822.00049,6626.01562,6485.37646,11453.8066,15241.0781,15450.4873,21948.3594
7/24/2006,4805.11133,6963.27539,6254.3501,11640.0938,15200.1504,17650.6191,22144.1562
7/25/2006,4946.08057,7697.40869,6155.39307,12078.457,15811.5986,17321.6816,21580.0234
7/26/2006,5117.65723,8487.40527,6254.25537,12489.8838,16373.7031,17964.1445,20944.6719
7/27/2006,5148.92725,8765.23926,6498.34961,12776.375,16953.918,19041.8418,20707.5195
7/28/2006,4995.57617,8697.5752,6805.47021,13398.9951,17759.666,20092.0977,21122.7949
7/29/2006,4740.46533,8639.7793,7026.72949,14146.8389,18507.4102,20910.9922,22000.3086
7/30/2006,4554.67236,8635.48633,7222.30762,14350.3145,19429.2344,23316.918,22738.0996
7/31/2006,4455.34326,8712.78223,7639.01709,13993.8477,20577.5293,23437.2227,23311.6387
8/1/2006,4501.41455,8939.69141,8352.79199,13753.3828,21448.7617,22862.332,23990.7832
8/2/2006,4682.62988,9198.03223,9051.61816,14053.5479,21628.3711,21651.7383,24806.0176
8/3/2006,4801.81104,9207.39355,9406.17676,14560.0068,21450.0625,22508.6543,25839.9395
8/4/2006,4819.66602,8951.4043,9410.20605,15019.9131,21490.1621,23386.4043,26933.4297
8/5/2006,4802.77197,8786.90723,9283.32617,15781.6309,21946.7129,24121.1562,27540.0254
8/6/2006,4805.66455,9006.2207,9233.31543,16506.5039,22560.5918,24607.6523,27482.2617
8/7/2006,4961.80908,9369.94824,9286.44336,16575.5625,23342.8594,26561.7305,27232.4141
8/8/2006,5290.65918,9612.66797,9396.7832,16264.1611,24259.3652,25619.6855,27213.5566
8/9/2006,5741.56543,9817.78809,9468.62891,15922.9297,24532.1152,24016.2559,27360.7031
8/10/2006,6174.60107,10055.4111,9479.61328,15718.1279,23993.0039,22230.5742,27642.2598
8/11/2006,6166.86719,10268.0244,9485.56641,15602.8213,23041.4941,22244.4219,28551.1836
8/12/2006,5779.85254,10573.1113,9493.56641,15362.5586,22166.3301,21569.2988,29814.8789
8/13/2006,5416.5166,11324.1133,9544.28418,14950.0684,21603.8184,21404.6914,30466.1328
8/14/2006,5267.11865,12124.8516,9789.99902,14716.3145,21187.1777,20315.875,30451.4531
8/15/2006,5300.86865,12200.4795,10361.9492,14795.1299,20674.1426,19991.8516,30264.5449
8/16/2006,5256.52441,11617.6514,10796.043,15434.4971,20160.373,20365.3047,29965.6641
8/17/2006,5087.61719,10815.7441,10908.3623,16514.9473,20127.5234,22452.1387,29417.1699
8/18/2006,4887.48779,10138.3965,11025.8301,16937.4258,20967.2461,25723.4531,28731.0938
8/19/2006,4742.89062,9850.52441,11292.5654,16664.7246,22641.5312,27223.9004,27799.0469
8/20/2006,4832.6582,9846.44824,11878.1162,16297.249,24074.1055,25298.416,26705.1543
8/21/2006,5276.35156,9801.84863,12549.6992,16490.7344,24374.5156,24197.627,26165.75
8/22/2006,5909.22412,9599.54883,12829.5479,17797.377,23975.2207,23674.543,26647.1582
8/23/2006,6066.57617,9468.00586,12717.8398,19392.748,23706.2695,25867.2754,27963.5684
8/24/2006,5650.54932,9684.38086,12271.7178,20086.2734,24449.1562,29783.9355,29184.4316
8/25/2006,5230.34131,10229.3682,11627.6895,20113.2891,26460.5195,32082.8477,29614.9297
8/26/2006,5011.90088,11006.5469,11209.8955,20114.8828,28114.918,28629.8125,29388.1387
8/27/2006,5100.83789,11636.1904,11076.7422,20003.8848,28162.998,27147.8496,29088.6758
8/28/2006,5596.05713,11578.6611,11022.2227,20028.0625,27602.0176,27253.4902,29688.1387
8/29/2006,5996.3667,10968.4697,10926.4854,20050.5664,27187.1992,27763.7207,31437.5137
8/30/2006,5805.28418,10309.5713,10850.5947,19793.1367,26950.127,27871.2422,33017.9492
8/31/2006,5519.58203,10009.4395,11043.9531,19457.3672,26978.1367,27643.7734,33352.293
9/1/2006,5553.50977,10263.0088,11558.2617,19026.2949,27004.166,27365.5176,33303.4648
9/2/2006,5590.40967,10764.0283,11992.4873,18553.5273,27061.0098,28092.9336,33708.0664
9/3/2006,5363.44385,10816.2549,12106.834,17957.3379,27172.6094,27137.8711,33953.0234
9/4/2006,5031.9292,10407.7793,11880.5703,17154.6484,26936.8809,26236.7793,33544.9336
9/5/2006,4758.56152,10201.0293,11415.0469,16424.4688,26326.2832,24468.8496,32909.4375
9/6/2006,4568.82373,10190.2568,10990.7822,15867.6182,25315.9531,22851.3535,32536.9863
9/7/2006,4457.25391,9947.7959,10849.3633,15651.1953,24073.7012,21656.373,32289.4961
9/8/2006,4366.39258,9277.86035,10973.041,15673.2168,22906.7051,20967.1055,31782.8594
9/9/2006,4242.06104,8500.25488,11086.3047,15696.2354,21967.6152,20815.2207,30762.4473
9/10/2006,4132.71094,7981.87402,11084.8555,15599.873,21386.4258,20807.9316,29205.793
9/11/2006,4151.63184,7699.88184,11067.5684,15251.6152,21027.3281,20381.0664,27471.1914
9/12/2006,4113.71924,7495.95947,11070.3242,14731.4424,20677.9883,19810.752,25989.4902
9/13/2006,3975.83301,7321.19189,10952.0781,14258.1816,20203.9785,18962.8359,24950.8359
9/14/2006,3793.46997,7105.42871,10538.7354,13993.5205,19594.6914,18423.5801,24384.0176
9/15/2006,3520.65479,6936.83936,9891.51074,13917.3213,18968.4551,17901.4609,24090.8105
9/16/2006,3321.43921,6842.37988,9208.49414,13857.0303,18415.2793,17742.3379,23854.0586
9/17/2006,3213.22876,6657.68896,8667.91699,13715.46,18029.1758,17801.7266,23561.3809
9/18/2006,3163.92017,6369.51074,8306.63867,13483.0898,17850.2363,17876.0332,23155.2441
9/19/2006,3229.875,6013.59082,8062.67188,13238.7314,17726.7324,17519.498,22704.2578
9/20/2006,3474.80957,5778.75732,7885.03027,12912.9746,17535.6582,17145.8906,22359.1094
9/21/2006,3994.77368,5628.27783,7773.95117,12402.8428,17274.4473,16927.5547,22384.1602
9/22/2006,4528.23096,5610.8374,7826.3457,11797.8594,17014.9941,16647.7578,22783.7422
9/23/2006,4738.6167,5880.26514,7849.64551,11164.5869,16684.4688,15755.1943,23194.4219
9/24/2006,4501.78027,6384.0166,7607.62451,10644.623,16169.5332,15666.8525,23302.6758
9/25/2006,3982.28296,7273.51367,7193.38281,10561.2773,15622.4248,15233.9424,23088.8535
9/26/2006,3676.64282,8193.1875,6826.10449,11082.2725,15225.7119,14821.8984,22658.7832
9/27/2006,3725.17578,8656.45605,6679.74609,12083.999,15044.043,17113.5957,22099.2246
9/28/2006,3876.36963,8432.0957,6518.62793,12960.1416,16068.7539,23105.9473,21570.2539
9/29/2006,3900.66626,7540.30566,6392.18359,12771.7217,18524.5117,25215.4277,21129.6875
9/30/2006,3787.68677,6601.35742,6580.62305,12031.5215,20591.25,22402.3848,20754.9453
10/1/2006,3601.49097,6058.68701,7000.57568,11380.0674,20900.5059,19049.6016,21055.0332
10/2/2006,3407.51733,5874.90186,7533.96729,10842.873,19961.6953,18383.4668,22902.0273
10/3/2006,3237.4104,5804.57959,8071.83691,10781.0938,18929.334,18365.918,25912.7793
10/4/2006,3076.96606,5701.23975,8640.23926,10983.6465,18497.3633,20755.5312,28445.4004
10/5/2006,2930.93091,5599.66406,8872.29395,11073.251,18770.6719,21205.1367,29242.6055
10/6/2006,2785.96313,5370.75781,8471.16113,11410.208,19311.5332,22004.3242,28346.4316
10/7/2006,2651.91968,4989.66602,7804.07568,11895.6904,20074.002,22523.2656,26911.7402
10/8/2006,2537.71411,4658.17627,7215.23584,12350.2891,20971.9238,23640.75,26366.2773
10/9/2006,2491.53857,4507.62988,6952.25,13087.2656,21756.0059,23772.5547,26883.916
10/10/2006,2683.03711,4635.08545,7307.49756,13947.2324,22529.252,25420.2715,27671
10/11/2006,3202.71606,4771.67334,7707.24756,14808.8418,23426.3867,25917.748,28404.1855
10/12/2006,3636.43921,4728.44189,7501.75732,15112.0107,24287.334,26450.1953,29003.2656
10/13/2006,3898.26978,4711.30322,6876.89307,14341.6025,24931.1426,26497.5332,29226.5527
10/14/2006,4072.43823,4870.00244,6114.87598,13241.042,25363.2305,25814.582,29207.082
10/15/2006,4155.22559,5487.58057,5535.97803,12520.2627,25169.3301,22987.5605,29285.0918
10/16/2006,4484.12354,6115.28418,5217.42529,12180.1055,24162.0215,21740.1582,29456.6055
10/17/2006,4916.77148,6282.01074,5095.93652,12093.6016,22973.1133,20806.0898,29597.1543
10/18/2006,5217.31006,6285.10693,5047.67334,11767.0762,21908.998,20133.084,29496.3574
10/19/2006,5287.52588,6132.00391,5023.86572,10954.6914,20976.0605,19206.5078,28735.0605
10/20/2006,5173.92871,6138.95703,5083.97607,9821.27539,20063.6055,17463.3789,27327.7988
10/21/2006,5031.29102,6413.75732,5317.9458,8697.80957,18806.043,15121.1709,25817.084
10/22/2006,4937.46289,6659.14844,5707.55664,7875.25781,17148.5801,13111.5166,24516.1465
10/23/2006,4948.91016,6758.27441,6036.32031,7431.32715,15345.6318,11644.3174,23393.7422
10/24/2006,4939.8623,6628.85059,6209.375,7196.45215,13704.3428,10895.7412,22270.8926
10/25/2006,4774.7915,6396.43457,6272.50488,6974.73096,12450.0605,10537.7344,20859.125
10/26/2006,4518.1792,6159.92871,6297.65283,6754.09277,11576.5068,10048.5342,19113.4746
10/27/2006,4276.66211,6013.70459,6373.79785,6611.06641,10895.7803,9435.35156,17264.4785
10/28/2006,4050.47412,5947.62842,6506.28223,6666.49902,10274.6543,8987.45703,15606.8105
10/29/2006,3839.77954,5787.104,6628.85938,6920.71387,9729.8916,8802.36035,14335.0166
10/30/2006,3638.56641,5495.64404,6670.75732,7174.75391,9336.58887,9060.42578,13433.0723
10/31/2006,3445.21216,5172.75928,6608.59033,7298.39258,9196.17188,9437.08105,12707.8828
11/1/2006,3269.25928,4878.35596,6471.28711,7318.53271,9245.6543,9395.8584,12023.8506
11/2/2006,3118.31274,4614.3457,6315.1709,7303.94531,9274.52246,9135.16602,11419.8789
11/3/2006,2998.26611,4374.4917,6176.09717,7338.1748,9196.71582,8930.55957,11012.8584
11/4/2006,2908.68896,4151.54541,6031.48779,7430.65625,9052.68945,8852.34375,10877.0215
11/5/2006,2838.70703,3946.38452,5844.1875,7519.3501,8937.80957,8931.01074,10909.0117
11/6/2006,2772.91431,3765.62842,5608.21875,7537.81201,8914.80176,8962.44043,10905.7998
11/7/2006,2704.90771,3612.2832,5343.07715,7460.09375,8911.07422,8891.8457,10786.0762
11/8/2006,2635.94019,3488.3623,5071.82178,7310.5249,8869.91211,8670.39551,10594.2656
11/9/2006,2566.8186,3387.89062,4810.41748,7139.09473,8765.11914,8368.61719,10408.6982
11/10/2006,2497.99316,3296.22266,4566.23486,6981.01758,8574.0293,8057.71387,10284.5771
11/11/2006,2434.79346,3202.23755,4341.96875,6822.21631,8332.14941,7819.60352,10200.8848
11/12/2006,2373.23901,3104.82837,4137.09863,6641.83691,8090.56006,7677.76221,10096.4492
11/13/2006,2306.73218,3007.08594,3953.78564,6422.02051,7895.04053,7607.83252,9922.16016
11/14/2006,2239.45166,2907.65259,3791.91138,6148.00391,7732.94775,7293.34082,9683.98242
11/15/2006,2173.35205,2808.89722,3650.31226,5855.4082,7523.56006,6869.06592,9446.34863
11/16/2006,2105.11353,2715.64648,3527.86719,5575.92822,7229.30176,6443.00146,9197.4043
11/17/2006,2037.58533,2622.70874,3416.89429,5312.43408,6886.75439,6104.3335,8935.72363
11/18/2006,1979.9812,2527.82227,3311.57568,5071.13135,6537.43994,5806.01709,8695.74316
11/19/2006,1933.01721,2435.76953,3208.61597,4851.94629,6204.54834,5525.14697,8400.3584
11/20/2006,1891.03064,2346.54053,3106.41846,4654.97412,5896.00342,5268.10107,7972.82324
11/21/2006,1854.16699,2260.3689,3005.27026,4485.82275,5617.24023,5088.87207,7474.12939
11/22/2006,1824.56641,2183.89526,2906.86353,4384.48389,5373.86133,4934.2168,7015.67627
11/23/2006,1792.28271,2122.79761,2814.5188,4451.04004,5177.42969,4861.57178,6649.81543
11/24/2006,1765.78931,2063.93799,2721.77368,4648.9126,5039.33252,4904.32373,6383.03271
11/25/2006,1733.82251,2004.20874,2625.09644,4736.05029,5000.47119,5362.19922,6160.18066
11/26/2006,1681.38525,1954.92285,2530.31177,4636.2168,5153.7085,5780.90479,5934.93213
11/27/2006,1629.23474,1908.55872,2438.7605,4443.15479,5368.69385,5526.23438,5728.28564
11/28/2006,1582.1781,1866.17639,2353.43896,4202.47559,5400.51709,5080.02197,5584.71094
11/29/2006,1541.66504,1829.2915,2276.59277,3967.18457,5256.03467,4776.68213,5566.57422
11/30/2006,1508.29541,1779.20215,2206.90552,3766.30371,5026.41895,4477.14307,5711.73877
12/1/2006,1480.98083,1718.55664,2142.45996,3590.8584,4764.88281,4245.0957,5883.01416
12/2/2006,1458.07654,1662.59143,2083.2019,3441.99585,4514.87842,4047.37842,5884.17578
12/3/2006,1437.53552,1612.98621,2028.89429,3332.61865,4299.72266,3860.58716,5709.75098
12/4/2006,1417.34924,1571.21143,1978.97559,3282.59521,4122.14746,3742.25269,5466.75928
12/5/2006,1395.35828,1537.21997,1932.41089,3223.92236,3981.92456,3714.22266,5229.70508
12/6/2006,1372.12366,1509.28271,1884.84778,3121.07983,3874.0835,3696.24805,5018.16357
12/7/2006,1347.61694,1485.33301,1833.29578,3019.37915,3799.87231,3623.89453,4814.58252
12/8/2006,1321.68188,1463.28918,1779.51465,2924.64868,3703.64111,3476.73926,4631.85693
12/9/2006,1294.35168,1440.74536,1726.84143,2839.24023,3576.20508,3470.37549,4508.04199
12/10/2006,1265.48718,1416.7334,1678.10901,2751.7395,3469.10107,3340.8335,4431.79297
12/11/2006,1234.51526,1391.71545,1635.15955,2629.72998,3362.62012,3168.85156,4368.43408
12/12/2006,1200.0979,1365.53943,1598.30151,2470.17554,3253.34839,2933.27686,4322.82422
12/13/2006,1161.53235,1338.14783,1566.65393,2321.34399,3135.96533,2740.65161,4329.44727
12/14/2006,1120.77332,1309.48108,1538.71045,2203.21851,2980.38892,2626.99072,4346.79932
12/15/2006,1080.69092,1279.21887,1512.71057,2105.32495,2806.55151,2543.56641,4291.43506
12/16/2006,1042.64563,1246.31055,1487.23425,2027.36389,2654.88477,2402.0542,4131.37549
12/17/2006,1006.69025,1209.38867,1461.57764,1963.00012,2523.91968,2308.57227,3898.36255
12/18/2006,972.155334,1168.84387,1435.40759,1904.29236,2410.87402,2221.62109,3647.34497
12/19/2006,938.258545,1127.15491,1408.49817,1852.24561,2318.85522,2162.59058,3412.09692
12/20/2006,904.640625,1086.55481,1380.67322,1807.53516,2241.76538,2087.82715,3207.35107
12/21/2006,871.344849,1047.86914,1351.63464,1768.57935,2173.01465,2029.0249,3023.21875
12/22/2006,838.636719,1010.89313,1320.80237,1735.55884,2113.97363,1968.33875,2856.7688
12/23/2006,806.880554,974.954529,1287.44312,1704.3844,2057.16553,1915.49084,2711.89087
12/24/2006,776.325439,939.518372,1251.23828,1670.72827,1994.08655,1849.65894,2586.96631
12/25/2006,746.970154,904.451355,1212.75537,1636.21436,1926.0498,1784.78845,2478.95581
12/26/2006,718.79834,869.918945,1173.20166,1601.77393,1856.48425,1730.66736,2387.09741
12/27/2006,691.846558,836.250183,1133.76318,1567.89392,1792.4812,1687.64648,2307.62427
12/28/2006,666.143555,803.780396,1095.15479,1537.69971,1739.00232,1657.17175,2235.07202
12/29/2006,641.729675,772.641907,1057.54688,1505.86414,1699.06128,1645.17529,2164.64966
12/30/2006,618.635498,742.821228,1020.76917,1467.98425,1668.58337,1603.64746,2094.43164
12/31/2006,596.885376,714.328247,984.599976,1428.66772,1636.3064,1554.37476,2029.68164
1/1/2007,576.488708,687.18927,948.954407,1386.69849,1596.42542,1507.73926,1973.93835
1/2/2007,557.371521,661.427673,913.933716,1350.7981,1557.59631,1494.54663,1931.78064
1/3/2007,539.443787,637.066101,879.761841,1332.57568,1529.39062,1466.17981,1910.11816
1/4/2007,523.026672,614.119202,846.658813,1315.86182,1507.83984,1491.8938,1896.51172
1/5/2007,508.179535,592.59137,814.763,1316.89734,1488.16528,1459.16113,1879.65137
1/6/2007,494.758209,572.455688,784.141968,1367.76404,1463.38196,1382.6416,1864.35242
1/7/2007,482.664459,553.590271,754.852356,1416.66797,1437.04333,1292.90454,1846.71118
1/8/2007,471.689575,536.061218,726.906616,1411.57556,1462.10925,1290.36926,1832.56213
1/9/2007,462.597992,520.170837,700.269165,1365.5498,1540.66663,1386.52136,1834.67053
1/10/2007,455.611694,505.838226,674.963989,1282.41736,1609.91089,1559.78308,1828.94641
1/11/2007,448.779053,493.011261,651.047241,1170.4187,1626.58911,1696.32275,1789.45227
1/12/2007,440.287079,481.541107,628.526733,1066.55359,1584.08105,1695.62683,1734.86975
1/13/2007,429.737549,471.613678,607.378845,986.901855,1481.29492,1399.26672,1704.41272
1/14/2007,418.468048,463.575073,587.611267,928.411499,1334.71704,1204.06934,1731.44397
1/15/2007,408.55249,456.493988,569.286316,886.175415,1201.33313,1070.52881,1828.78406
1/16/2007,400.53363,448.634125,552.455139,850.674805,1101.61914,989.436584,1942.39478
1/17/2007,393.961456,439.009705,537.124084,816.213867,1031.07166,934.972107,1969.06494
1/18/2007,388.209045,427.896484,523.274109,783.527039,980.037415,895.027771,1869.98401
1/19/2007,382.769989,416.995758,510.934723,754.828918,937.082825,862.933411,1700.26807
1/20/2007,377.415466,407.87674,500.134308,731.479004,899.073975,841.477234,1530.84912
1/21/2007,372.172974,400.488983,490.592438,712.332947,867.671143,830.858582,1398.49341
1/22/2007,367.246216,394.321381,481.592621,692.553223,845.635254,830.140442,1308.69238
1/23/2007,362.776947,388.773621,472.307587,672.354004,829.632507,801.742615,1246.89795
1/24/2007,358.730957,383.452118,462.315002,657.514465,810.717651,764.946716,1198.27881
1/25/2007,354.959625,378.237854,451.900696,647.347839,786.352966,736.55896,1157.26343
1/26/2007,351.34964,373.226318,441.794586,633.38739,763.061462,734.305664,1123.24292
1/27/2007,347.884735,368.589661,432.603607,614.050415,747.192383,730.769653,1090.49036
1/28/2007,344.730042,364.374298,424.535522,595.613953,736.687805,715.496033,1052.01501
1/29/2007,342.210632,360.66275,417.451904,580.067444,722.483765,675.924377,1008.47839
1/30/2007,340.718048,357.714355,411.052063,565.692139,701.745544,658.594177,966.869507
1/31/2007,339.844971,354.63678,405.066864,551.34375,680.330688,645.740295,933.469543
2/1/2007,337.884674,351.06778,399.38089,537.119812,662.273865,631.683655,906.917419
2/2/2007,335.074646,347.934235,393.991119,523.675537,644.105164,616.600769,881.211487
2/3/2007,333.412109,345.56189,388.945465,513.421448,625.982727,599.727356,852.188965
2/4/2007,335.036774,344.207428,384.373993,521.877991,618.120728,587.352173,822.696472
2/5/2007,339.098389,342.868744,380.309509,531.909851,621.836914,586.765991,794.703796
2/6/2007,350.049377,340.68457,376.539429,559.370911,634.048157,598.305237,768.211914
2/7/2007,359.524048,338.612457,372.872864,648.27301,659.46167,619.169189,743.474365
2/8/2007,365.861267,338.951935,369.357941,713.463135,678.076233,641.721558,720.848755
2/9/2007,389.259827,342.355682,366.213654,677.909912,724.91095,677.059387,701.943665
2/10/2007,419.665344,349.900635,363.592896,597.398804,813.342102,775.240906,689.581238
2/11/2007,440.4487,360.807648,361.346527,530.731201,837.303467,833.334351,685.928345
2/12/2007,463.123718,366.7659,359.178833,486.347595,764.866699,779.089111,690.825684
2/13/2007,488.038391,378.988464,357.176056,462.156342,669.380676,687.363525,704.405579
2/14/2007,507.848083,406.540009,356.086945,450.189148,598.20166,608.221313,733.622803
2/15/2007,525.067749,432.516205,357.315979,442.386597,553.851257,552.367188,779.779907
2/16/2007,532.493408,454.761108,361.012482,436.998474,530.839172,521.273071,817.370911
2/17/2007,528.862305,481.262085,366.398346,433.870056,518.950867,507.19751,818.154419
2/18/2007,522.850525,504.328369,373.067078,433.109924,510.688171,501.596771,782.371155
2/19/2007,519.927917,521.946228,382.510162,433.468506,504.995026,504.416168,727.772522
2/20/2007,525.448486,534.811829,397.365631,432.047485,501.455261,513.718201,672.464844
2/21/2007,530.746338,536.481567,416.696991,429.192047,500.520538,511.256012,628.33606
2/22/2007,528.234985,531.528015,438.239655,427.697968,500.243011,499.462952,598.971924
2/23/2007,528.96167,527.061951,461.077148,428.128571,498.872192,500.596191,582.685486
2/24/2007,532.100525,527.836182,483.701263,433.551849,498.796417,507.621582,576.842957
2/25/2007,534.264587,534.835449,504.266571,453.751892,502.089905,531.078613,577.614258
2/26/2007,548.557556,537.051147,522.148804,507.190582,510.844635,555.464355,578.927795
2/27/2007,580.94519,538.762573,539.460999,634.261658,533.852539,645.43927,575.6427
2/28/2007,624.17041,573.262085,557.51416,768.276917,574.662964,702.855103,569.555847
3/1/2007,670.898254,643.364136,564.963318,889.153015,650.062683,993.414429,568.22113
3/2/2007,688.871094,673.808411,560.713318,962.790039,781.476135,1093.09863,576.536499
3/3/2007,671.604797,672.416077,556.531006,981.229004,939.028503,1341.62927,600.974487
3/4/2007,642.957214,686.444092,553.60199,1034.97095,1118.32922,1347.64722,651.621948
3/5/2007,612.784729,708.766296,555.183044,1060.82983,1249.38257,1360.68396,738.449219
3/6/2007,589.460388,737.840942,570.817078,1096.40979,1334.74707,1467.59424,867.27948
3/7/2007,571.233521,746.274414,601.92334,1180.26196,1405.80603,1359.3031,1018.28546
3/8/2007,556.474792,732.454163,634.435852,1233.66663,1413.38196,1372.60681,1168.53516
3/9/2007,543.470337,706.457581,658.248596,1207.1897,1451.48462,1320.27771,1286.27307
3/10/2007,532.15863,676.305115,676.260925,1088.77515,1531.03418,1326.17236,1368.98181
3/11/2007,523.282104,647.934265,693.897827,940.013062,1569.12769,1349.7572,1425.20789
3/12/2007,516.99231,621.578369,713.084412,829.386536,1514.28418,1320.89587,1438.24512
3/13/2007,513.667908,600.135071,728.695496,777.266968,1360.48657,1237.5033,1425.22644
3/14/2007,511.501526,581.626526,734.625671,772.624451,1175.17969,1111.7196,1400.29126
3/15/2007,508.98526,566.31604,728.317749,788.485779,1023.52435,1016.78186,1379.15369
3/16/2007,505.277069,554.052795,711.762878,805.390869,932.993042,973.061707,1367.88257
3/17/2007,500.591217,544.740051,689.576904,820.510864,896.456116,1085.08459,1346.771
3/18/2007,496.521881,537.842529,665.404053,915.240417,900.64209,1051.18884,1301.09998
3/19/2007,495.605286,532.305481,642.378174,1201.53784,916.016968,1002.35394,1235.81982
3/20/2007,493.760986,529.965759,623.107117,1598.56311,952.320801,1390.95007,1197.06616
3/21/2007,491.634583,537.452087,609.581177,1671.97742,1154.00476,2184.23193,1236.94678
3/22/2007,492.369659,554.837891,596.972351,1445.00012,1592.34155,2946.69312,1345.81104
3/23/2007,490.500671,571.622131,583.122437,1225.38599,2030.40674,2221.12305,1450.82959
3/24/2007,486.460083,605.860168,572.001282,1046.04749,2102.37573,1622.22705,1569.02783
3/25/2007,479.623016,648.127808,564.809082,1003.08527,1879.18127,1327.82581,1785.14124
3/26/2007,467.612671,657.998047,565.795105,1048.85742,1625.9292,1247.18298,2160.76758
3/27/2007,454.918793,654.951782,569.909302,1047.52039,1426.37146,1325.89844,2542.2876
3/28/2007,445.772308,641.78479,574.365295,984.699829,1360.9939,1488.28967,2604.04419
3/29/2007,441.346283,612.087402,585.216492,921.502014,1384.15356,1405.09375,2360.53394
3/30/2007,440.148956,584.099915,605.133667,883.107849,1398.21326,1300.91174,2058.56714
3/31/2007,438.646973,558.692749,636.37561,929.163513,1362.17822,1189.78198,1851.30127
4/1/2007,434.999969,538.242065,662.063293,1050.04504,1295.13416,1226.26282,1780.71826
4/2/2007,429.875366,522.072937,671.40564,1177.00024,1257.75745,1397.29846,1762.53247
4/3/2007,424.381775,509.491089,666.769531,1244.78503,1295.88208,1538.85193,1694.74792
4/4/2007,419.315491,499.210785,655.679504,1256.09583,1413.30493,1729.53137,1592.26453
4/5/2007,415.178925,489.301392,647.464172,1246.81165,1555.35327,1738.69043,1503.53027
4/6/2007,413.184082,486.956421,628.118225,1243.40698,1661.94922,1750.56982,1467.62488
4/7/2007,418.741333,509.44046,599.674805,1303.51624,1725.63367,1749.79065,1517.36584
4/8/2007,441.451782,546.539612,580.401367,1368.00781,1743.4458,1698.59387,1619.97925
4/9/2007,458.261292,580.630859,563.935974,1404.28296,1770.82996,1646.15552,1719.91174
4/10/2007,469.075531,679.749939,550.160339,1435.90576,1844.96289,1647.95044,1783.23694
4/11/2007,524.468872,855.069763,541.893799,1411.39111,1895.19434,1709.61682,1810.90161
4/12/2007,678.97345,1062.75732,562.512878,1296.94067,1914.61853,1817.93494,1809.85437
4/13/2007,899.934631,1242.34314,610.801086,1137.74219,1914.04614,1791.76086,1782.58118
4/14/2007,1117.73242,1376.79089,638.584412,1018.37512,1841.74829,1699.89954,1750.01135
4/15/2007,1328.78345,1503.80017,656.213135,1013.19489,1682.61914,1570.10632,1740.40051
4/16/2007,1491.96912,1656.54395,714.271484,1103.12317,1505.5708,1521.64404,1770.12231
4/17/2007,1472.97375,1867.29529,815.149719,1173.53149,1418.97314,1737.224,1818.90015
4/18/2007,1327.01379,2132.47412,941.727417,1206.10181,1469.65991,1940.61414,1841.41699
4/19/2007,1181.20081,2383.93311,1091.64514,1244.36462,1586.08423,1895.59106,1824.24097
4/20/2007,1115.22485,2627.97095,1297.85181,1300.3197,1670.0769,1875.53552,1825.48779
4/21/2007,1189.67505,2862.02515,1506.55542,1330.74194,1727.1842,1961.37903,1933.74548
4/22/2007,1247.18616,2873.14014,1664.63208,1306.60254,1802.23657,2103.45947,2114.02783
4/23/2007,1216.72827,2675.96436,1822.47058,1318.31372,1895.43372,2158.56152,2277.74658
4/24/2007,1153.58704,2512.84204,1978.62769,1428.38159,1979.01294,2178.58911,2360.11304
4/25/2007,1098.5675,2516.12012,2157.57471,1629.70276,2065.52344,2425.1897,2335.66455
4/26/2007,1108.31592,2551.3833,2376.83813,1869.69714,2224.17432,2790.23071,2307.12109
4/27/2007,1175.57776,2468.17041,2590.12573,2400.15479,2474.05176,3179.91968,2344.198
4/28/2007,1288.6073,2348.14551,2725.3501,3313.09888,2774.85742,3606.94507,2414.82227
4/29/2007,1440.71167,2235.90381,2745.60767,3741.22803,3160.54248,4639.7583,2512.02734
4/30/2007,1521.69373,2169.81665,2719.24341,3589.34204,3859.78467,6049.88916,2692.75146
5/1/2007,1547.09216,2266.90454,2678.37061,3588.23633,4606.1167,4954.53369,3022.09961
5/2/2007,1530.2074,2474.9978,2637.3042,3716.68555,4751.06641,4299.96143,3541.60107
5/3/2007,1430.65955,2739.38696,2615.42871,3785.48071,4626.78418,5068.2085,4300.54834
5/4/2007,1356.15393,2938.53613,2633.85498,3861.14331,4761.95508,5541.94922,5245.94775
5/5/2007,1513.99719,3000.8999,2689.64111,3951.14941,4983.04834,5477.50488,5977.38916
5/6/2007,2241.88184,3291.40942,2960.11548,4119.6709,5167.18066,5788.5498,6055.97607
5/7/2007,3260.4873,3663.72925,3217.73193,4700.19385,5412.55615,6146.51367,5878.61084
5/8/2007,3643.20874,3778.72119,3316.37378,5700.56836,5734.52393,7287.95996,6095.83057
5/9/2007,3366.2522,4026.47656,3326.3811,6282.02637,6398.04102,9404.47168,6657.87402
5/10/2007,2808.15332,4481.9082,3218.84741,6251.74756,7639.19482,11352.8682,7193.68457
5/11/2007,2346.27905,5265.88281,3212.74829,6145.12891,8978.76758,11113.2764,7623.11182
5/12/2007,2188.20483,5989.7793,3307.61938,6002.54883,9786.50586,10721.9365,8089.66992
5/13/2007,2076.94653,6014.55322,3543.74756,5814.98975,10119.0488,10858.0176,8891.62891
5/14/2007,2019.93823,5497.84229,3992.71631,5554.87598,10303.5654,10796.1602,10329.4414
5/15/2007,1959.14075,4794.69043,4384.82422,5274.78271,10326.8174,10581.6221,12022.207
5/16/2007,1850.76782,4309.48242,4658.15088,5029.84521,10287.4199,10660.2705,13161.5088
5/17/2007,1717.72961,4009.6228,5032.34277,4812.26123,10300.6885,10601.5068,13624.8789
5/18/2007,1572.98743,3842.66284,5464.41943,4742.98047,10308.1299,10298.6934,13555.5703
5/19/2007,1525.4856,3840.77051,5808.72607,4922.70215,10223.9062,9922.7373,13018.7783
5/20/2007,1734.17798,3933.4292,5913.6543,5355.41602,10064.2393,9926.87305,12465.7041
5/21/2007,2132.04126,3969.29688,5667.30615,5950.13086,9968.58984,10170.3281,12149.4062
5/22/2007,2291.03687,3914.0564,5211.75586,6629.51465,10011.6553,10650.9121,11994.6758
5/23/2007,2198.17554,3851.69775,4789.81006,7315.22314,10232.375,11083.8008,11900.0146
5/24/2007,2065.68188,3833.68896,4459.1543,7805.83789,10553.7148,11405.6113,11810.3047
5/25/2007,2005.07935,4085.35938,4255.25781,8137.02148,10896.2588,11769.8906,11696.0342
5/26/2007,2044.99951,4424.69189,4163.52441,8325.92676,11185.2217,11551.2969,11624.4326
5/27/2007,2092.42578,4483.75879,4145.01172,8202.625,11302.8408,11585.6221,11683.0049
5/28/2007,2160.13574,4328.35596,4157.86963,8208.91895,11365.0273,12013.209,11873.0332
5/29/2007,2272.35571,4168.84473,4183.99609,8721.20312,11540.1113,12071.209,12181.3281
5/30/2007,2508.41724,4085.33325,4226.46387,9015.0957,11683.9502,12849.6377,12553.7334
5/31/2007,2806.94727,4011.50269,4350.1123,8712.82129,12192.0479,14617.7891,12933.3477
6/1/2007,2945.43359,4012.27808,4560.65137,8350.44824,12949.2109,13854.5,13302.9873
6/2/2007,2926.56128,4073.21802,4691.07959,8290.81055,13151.8887,12791.1377,13635.877
6/3/2007,2836.99829,4249.45166,4692.90088,8338.23926,12937.8428,12838.0703,13968.2061
6/4/2007,2680.7998,4619.73047,4675.04395,8260.21387,12836.5967,13650.0771,14552.4375
6/5/2007,2616.31396,5041.07373,4695.34961,8283.21387,12951.2822,13489.4746,15207.2549
6/6/2007,2690.18457,5278.13818,4674.80957,8381.15918,12953.3213,12897.9727,15358.0742
6/7/2007,2735.8103,5314.56982,4643.57568,8418.71973,12860.3076,13331.0879,15131.6211
6/8/2007,2686.46338,5187.09473,4600.48682,8421.08398,12893.9658,13162.6406,15026.665
6/9/2007,2557.15088,4895.49268,4564.28711,8329.73438,12833.9434,12473.8975,15056.8301
6/10/2007,2382.71509,4726.96191,4661.14893,8082.20166,12580.3955,12065.873,14939.7061
6/11/2007,2254.3335,4695.95215,4852.30518,7740.0249,12280.2666,11629.6953,14716.4658
6/12/2007,2244.04419,4621.6001,5066.47461,7500.37012,11876.3926,10828.2686,14553.1104
6/13/2007,2368.28198,4452.36475,5222.54248,7462.77148,11349.8936,10167.3164,14334.9092
6/14/2007,2527.83911,4217.73584,5268.45996,7737.51123,10823.9473,10196.0264,13999.835
6/15/2007,2714.66235,4091.94019,5196.86621,8317.25,10539.6973,10582.29,13605.7236
6/16/2007,2953.76807,4079.44897,5111.94141,8755.9043,10496.5781,11129.4531,13124.9805
6/17/2007,3023.58789,4123.96045,5084.50635,8940.73438,10791.8691,12111.2002,12558.6729
6/18/2007,2914.63721,4257.04492,5105.54785,9240.88672,11247.0186,11969.9668,12064.585
6/19/2007,2814.27661,4436.09375,5128.68506,9719.21191,11547.2441,11881.7471,11883.8994
6/20/2007,2802.12378,4704.8042,5069.87744,10028.5244,11685.9541,12220.0176,12091.3213
6/21/2007,2830.65308,4971.43018,4977.3457,9896.78516,11932.2461,13295.54,12509.4609
6/22/2007,2821.39185,5051.10547,4800.76172,9494.5791,12369.1172,13133.0498,12920.2021
6/23/2007,2787.17383,4994.83154,4597.29004,9136.83789,12544.9287,12276.0713,13220.29
6/24/2007,2753.7832,5004.09863,4515.73096,8823.25293,12360.4482,11616.7324,13500.8525
6/25/2007,2777.5542,5057.98047,4557.28613,8462.15527,11997.0938,11519.7148,13871.3594
6/26/2007,2934.67407,4975.60205,4774.26318,8141.38379,11684.0283,11221.5713,14208.7002
6/27/2007,3138.55859,4822.62012,5145.15332,7922.24561,11366.3701,10778.833,14288.5117
6/28/2007,3270.65796,4695.31787,5525.31348,7918.6665,10989.6172,10538.2041,14149.6094
6/29/2007,3276.50757,4735.18799,5883.85449,8159.80078,10710.2949,10684.4902,14010.1611
6/30/2007,3102.28418,4997.28613,5979.2832,8803.65137,10671.6924,11725.332,13976.209
7/1/2007,2878.59766,5312.26123,5806.71973,9851.82227,11040.0938,12690.0312,13943.4062
7/2/2007,2732.59253,5590.08398,5585.29297,10747.7412,11721.3975,14658.6123,13871.375
7/3/2007,2672.71899,5807.27637,5330.11719,11531.8447,12936.5537,17305.3223,13925.2871
7/4/2007,2664.98926,5767.96582,5183.771,12109.0371,14338.4893,17011.002,14354.6084
7/5/2007,2673.98511,5410.95947,5148.18115,12313.2383,15286.8428,17752.3047,15374.3564
7/6/2007,2661.43286,5014.94482,5195.38184,12566.3652,16198.2764,19166.9961,17073.5332
7/7/2007,2587.40039,4753.04053,5327.81836,12651.2246,17168.293,19504.6211,19129.3203
7/8/2007,2475.87231,4617.95752,5520.15527,12096.9824,17804.2559,19124.7441,20936.8672
7/9/2007,2371.3667,4536.5083,5693.90967,11145.4932,18043.9551,18206.4199,21869.377
7/10/2007,2295.35571,4445.30615,5761.37549,10249.5303,17740.418,16065.3477,22128.7617
7/11/2007,2259.36108,4309.30615,5689.14453,9517.58496,16788.3262,14363.2314,22307
7/12/2007,2229.75342,4130.96729,5490.19629,9156.43848,15564.3213,13192.0889,22317.7676
7/13/2007,2183.3877,3957.92529,5246.50244,9205.99414,14379.1279,12442.8623,22090.8418
7/14/2007,2149.73267,3805.14795,5025.04639,9292.85449,13474.5107,12850.0283,21463.3965
7/15/2007,2150.0647,3696.53247,4850.76807,9198.41797,13093.1875,13134.5586,20365.041
7/16/2007,2178.99219,3627.82251,4731.60449,9104.92578,12938.9434,12420.79,19070.7793
7/17/2007,2244.80664,3547.38794,4637.04541,9060.31738,12606.1553,11654.7188,17860.9297
7/18/2007,2326.80713,3460.39209,4510.02148,8894.44434,12179.3916,11672.1992,17054.8984
7/19/2007,2451.68066,3381.55396,4356.72168,8745.62402,11894.1045,11904.9053,16787.6172
7/20/2007,2651.26587,3352.44702,4232.04688,8820.80078,11752.1377,11745.0625,16674.3906
7/21/2007,3042.81909,3445.96997,4139.44531,8914.66113,11657.0322,11959.5576,16173.627
7/22/2007,3670.49805,3616.1272,4046.8999,9172.88672,11734.1914,12616.5986,15343.6191
7/23/2007,4050.57593,3885.29907,3998.11914,9437.80957,11998.1514,12888.5693,14713.7051
7/24/2007,4019.01758,4312.39893,4037.89038,9280.23242,12407.3301,14593.418,14394.0674
7/25/2007,3920.02051,4893.71191,4296.39551,8923.0293,13107.5596,14442.168,14231.5537
7/26/2007,4004.9917,5692.34766,4480.5166,8396.27344,13467.3574,13416.3369,14389.208
7/27/2007,4327.90137,6510.58057,4406.82959,7847.02734,13333.5342,13214.0869,14893.2412
7/28/2007,4775.26465,6910.37695,4294.29492,7449.09424,13011.1006,12053.4941,15662.7607
7/29/2007,5067.94043,6850.06055,4266.55664,7227.23682,12372.2021,11989.1875,16655.9473
7/30/2007,4997.66211,6875.26465,4501.64893,7292.62793,11794.6934,11795.1123,17398.9355
7/31/2007,4863.74463,7230.23535,4955.51709,7554.87842,11484.1162,11936.583,17617.0859
8/1/2007,4908.2832,7754.66357,5539.22363,7839.86426,11469.958,12593.5977,17565.041
8/2/2007,5138.28857,8258.95215,6211.47949,7984.28369,11822.2881,13647.0771,17408.5938
8/3/2007,5492.30957,8433.23145,6804.85107,7961.14746,12424.5537,14468.3955,17259.6895
8/4/2007,5823.68555,8334.74414,7146.0542,7862.53809,13133.7734,14947.4609,17016.0957
8/5/2007,5958.72949,8316.5957,7264.48242,7826.05371,13613.2354,14647.9727,16723.8145
8/6/2007,5771.11084,8529.19824,7379.31396,8214.54883,13836.873,14753.9492,16868.4453
8/7/2007,5489.59375,8942.10742,7654.00977,9384.52246,13984.627,15004.2461,17847.8613
8/8/2007,5313.09375,9348.08691,8098.02637,11275.0166,14321.834,17103.0742,19959.1621
8/9/2007,5175.29443,9515.81836,8617.57422,13612.6084,15509.9531,21518.9473,22902.791
8/10/2007,5038.17188,9397.65723,9177.66602,16385.9375,17937.2617,24892.4844,24445.2109
8/11/2007,4873.70703,9087.38672,9431.42188,17571.418,20595.4219,26103.9219,23585.6641
8/12/2007,4637.03516,8778.80762,9380.48242,16942.1348,23171.6074,30101.3027,22499.127
8/13/2007,4356.44727,8605.03613,9392.25195,16410.5488,25497.0098,26835.293,22755.3594
8/14/2007,4153.83105,8373.80566,9460.82617,16045.0176,25932.7871,24169.6797,24337.1445
8/15/2007,4030.69385,8019.48145,9582.63574,15829.7178,25024.9629,23237.2832,26476.3809
8/16/2007,4073.29492,7692.69922,9636.79395,15712.3359,24102.3223,23277.8262,28606.2891
8/17/2007,4226.99023,7359.63135,9598.30859,16203.4355,23373.7988,22623.0527,30147.5332
8/18/2007,4154.86133,7109.61475,9514.3418,16983.8047,22799.6191,22537.5273,30252.8477
8/19/2007,3919.9209,6990.38867,9315.95996,17113.4395,22642.3281,25056.9082,29433.127
8/20/2007,3714.25732,6912.94434,9009.36621,16587.2422,23439.3574,26551.6582,28824.5723
8/21/2007,3589.61304,7069.10742,8716.69434,16024.3291,24338.3105,25428.7988,28725.25
8/22/2007,3574.61963,7250.59961,8480.78906,15830.1855,24593.0918,24505.3594,28520.3691
8/23/2007,3647.65381,7118.28955,8320.41504,15811.0693,24461.7188,24408.7598,28223.6152
8/24/2007,3849.28101,6934.43115,8255.37305,15881.1885,24233.5137,24049.2598,28550.2363
8/25/2007,4186.11133,6735.16016,8166.61572,15962.6748,23900.3945,23084.0957,29008.9082
8/26/2007,4543.13916,6552.29932,8065.60156,15855.2275,23425.6289,22849.8887,28905.2773
8/27/2007,4807.58008,6489.01123,8011.11865,15487.0479,22987.2598,22297.8281,28371.998
8/28/2007,4839.81396,6567.8833,7907.19482,14952.1729,22512.3594,21427.5781,27834.332
8/29/2007,4741.93701,6954.01465,7762.39941,14334.1689,21842.8379,20272.2637,27444.4668
8/30/2007,4668.03711,7545.12354,7661.30859,13762.4482,21015.3203,19624.4844,27130.3027
8/31/2007,4640.44824,8014.51025,7564.12646,13305.3164,20193.8145,18752.9785,26853.9258
9/1/2007,4756.67139,8226.1123,7403.58008,12970.3613,19405.0801,18253.3086,26487.084
9/2/2007,4835.97363,8216.50586,7229.29541,12801.4336,18737.3066,17951.1523,25987.8203
9/3/2007,4716.29297,8048.92871,7128.44434,12654.4482,18252.4316,18121.0781,25344.1484
9/4/2007,4566.11475,7911.63672,7205.70459,12581.3203,18063.9141,18593.209,24585.543
9/5/2007,4723.58984,7951.70459,7548.3418,12780.2461,18092.7832,18136.7148,23885.5625
9/6/2007,5347.12842,8039.68604,8121.77734,13118.2402,18019.123,18245.2617,23376.9434
9/7/2007,6011.47168,8213.17871,8773.91797,13504.5469,18100.9395,19394.7461,23010.0859
9/8/2007,6284.64697,8303.84863,9259.68848,13865.6338,18466.9316,19550.127,22667.9258
9/9/2007,6127.70557,8304.86816,9359.0791,14012.8604,18877.4414,20103.8477,22312.8027
9/10/2007,5794.63037,8903.99609,9144.89746,14081.8467,19255.375,20010.2812,21927.2012
9/11/2007,5657.96436,10048.2578,8986.28809,14585.2256,19506.5957,19959.2305,21797.3594
9/12/2007,5799.01172,10865.0283,9037.89746,15671.7783,19592.4355,19969.6133,21999.1582
9/13/2007,5868.07471,10899.002,9132.44141,16599.5664,19796.4512,21714.293,22250.2852
9/14/2007,5750.78955,10376.6211,9137.74316,17012.4844,20582.1387,23774.6992,22519.5391
9/15/2007,5647.99219,9830.78906,9135.98828,16936.3535,21775.5957,24579.9902,22709.6133
9/16/2007,5543.16211,9862.80664,9333.72949,16357.1035,22727.2207,24394.1953,22865.9375
9/17/2007,5359.29639,10263.2939,9790.25391,15665.1348,23196.4746,23651.0254,23487.2363
9/18/2007,5197.07178,10415.8564,10339.3262,15053.5039,23176.3965,22750.0996,24800.1289
9/19/2007,5264.32617,10348.0732,10721.0537,14646.3779,22757.8066,22384.377,26215.4023
9/20/2007,5453.65479,10137.3525,10861.5361,14351.9629,22314.7031,22414.6152,27157.2734
9/21/2007,5407.40479,9889.79688,10825.2324,14047.5117,22122.7793,22531.6172,27564.9062
9/22/2007,5112.7666,9549.15527,10671.8486,13754.6777,22076.8438,22022.9004,27548.0039
9/23/2007,4772.53271,9080.99805,10555.8828,13567.7676,21949.9238,21643.6465,27190.3926
9/24/2007,4514.12744,8842.57812,10558.4883,13645.4463,21701.2012,20953.1738,26655.7305
9/25/2007,4386.11182,8759.10352,10560.1758,13862.6367,21304.0938,20612.125,26099.2773
9/26/2007,4284.2085,8456.45215,10506.2061,14056.7529,20919.709,20586.7871,25450.9805
9/27/2007,4157.78906,7958.17432,10439.5371,14169.29,20673.0898,20671.1543,24841.2949
9/28/2007,4032.10693,7458.36475,10323.7783,14076.8428,20486.0625,20247.1855,24290.5156
9/29/2007,3936.57202,7049.90088,10067.0684,13767.3691,20275.291,19831.3691,23726.5645
9/30/2007,3870.6814,6732.27588,9766.41992,13493.499,19942.5527,18859.6914,23323.3535
10/1/2007,3738.66064,6421.20215,9476.41504,13357.4502,19392.0449,18044.9707,23320.0156
10/2/2007,3541.89062,6215.66846,9137.6123,13300.0186,18688.8652,17663.3652,23698.7949
10/3/2007,3372.50049,6174.23633,8770.43848,13341.0156,18156.9902,18855.7305,23849.5938
10/4/2007,3261.00537,6151.11377,8399.73438,14273.3613,18106.9238,20020.5,23506.9785
10/5/2007,3226.91211,6093.57959,8134.87549,16232.5293,18695.8535,22216.3027,23210.6758
10/6/2007,3277.92749,5930.2666,8113.33984,17557.5742,19980.2129,29015.0879,23413.2734
10/7/2007,3514.10498,5886.95703,8171.90088,18352.0293,23635.9062,37152.4023,23884.7539
10/8/2007,3975.23999,5898.5874,8084.40674,18269.3574,27766.7344,32661.0312,24554.8906
10/9/2007,4227.6958,6091.65576,7948.54932,17526.0195,29517.6934,31881.3457,25854.5039
10/10/2007,4345.604,6598.19922,7734.9043,17169.9277,29771.0371,28320.6855,28357.9336
10/11/2007,4395.125,7073.625,7545.3252,16607.5137,28945.1543,28068.2695,32346.6953
10/12/2007,4268.60205,7723.16406,7334.53369,16068.4053,27983.6328,26897.3008,36081.6211
10/13/2007,4154.69287,8291.63965,7028.0249,15633.6299,27052.8359,25201.6621,37574.2266
10/14/2007,4096.0166,8375.12109,6855.10449,15020.5186,25973.4082,24136.873,37158.8984
10/15/2007,4146.21582,8118.89844,6804.68066,14106.7305,25036.1133,23726.7324,35678.0352
10/16/2007,4158.31494,7723.11426,6894.47217,13205.3965,24240.4609,22327.5938,33874.3125
10/17/2007,4089.87524,7304.44336,7116.40039,12662.3311,23292.5801,20907.6562,32187.2344
10/18/2007,3937.94775,6944.31738,7458.36377,12182.7852,22137.1992,20204.1797,30581.1953
10/19/2007,3767.67798,6683.80518,7843.68848,11550.6758,21251.541,20645.3379,29257.0898
10/20/2007,3637.37427,6448.81396,8110.32178,10957.1992,20694.7422,19538.1445,28110.7949
10/21/2007,3539.65015,6161.05322,8173.57031,10439.8037,19917.8516,17485.5762,26870.252
10/22/2007,3480.84351,5820.06592,8038.69824,10062.2051,18745.2422,16126.6299,25577.0605
10/23/2007,3445.00024,5445.69238,7778.21924,9833.22559,17500.5664,15102.8066,24597.5879
10/24/2007,3415.29736,5106.43457,7469.15967,9755.56641,16342.1074,14324.0742,23893.2129
10/25/2007,3369.84985,4830.70752,7170.52979,9823.90723,15365.5273,13744.4531,23012.0488
10/26/2007,3306.40234,4617.82861,6898.28174,9967.87891,14598.959,13399.002,21799.0801
10/27/2007,3246.30127,4457.48389,6631.42725,10046.8604,14045.6211,13260.2305,20402.6758
10/28/2007,3203.41968,4324.49268,6343.46289,9961.10254,13685.2383,13172.2256,19014.1309
10/29/2007,3160.10425,4196.61621,6023.52148,9722.38086,13422.8477,12864.7471,17941.0098
10/30/2007,3112.54102,4062.0166,5689.46875,9365.16797,13117.6934,12361.5879,17464.459
10/31/2007,3077.63232,3930.41211,5376.24561,8962.14844,12708.8633,11811.4248,17223.9395
11/1/2007,3099.95215,3823.90332,5109.76758,8584.5127,12245.3818,11399.6943,16805.5625
11/2/2007,3240.22632,3748.96802,4904.61914,8407.80469,11783.7178,11098.54,16656.752
11/3/2007,3421.96069,3718.66943,4763.57324,8391.32129,11343.334,11081.2295,17064.8613
11/4/2007,3596.37012,3737.98145,4651.25342,8195.1123,11113.21,12218.5977,17386.3965
11/5/2007,3728.10498,3795.36743,4495.86426,7735.39453,11357.832,12748.5996,17263.7754
11/6/2007,3790.18896,3943.53833,4307.146,7217.44434,11527.5527,11324.2324,16965.1055
11/7/2007,3691.84644,4135.96875,4141.52881,6778.66602,11222.127,10327.5596,16689.5488
11/8/2007,3550.01978,4306.8252,4009.00317,6391.23438,10633.041,9256.87988,16633.7734
11/9/2007,3568.44458,4478.80029,3918.27368,6064.96338,9894.69629,8679.63477,16856.1641
11/10/2007,3625.9021,4583.89453,3872.39038,5829.40771,9208.41016,7936.76465,16827.1719
11/11/2007,3619.04297,4480.04932,3873.70703,5649.83545,8562.59473,7361.64648,16043.8779
11/12/2007,3504.51562,4236.32471,3929.21948,5466.5791,7975.26367,7007.54297,14817.6885
11/13/2007,3333.15796,4095.58691,4034.89917,5279.40918,7505.08887,6783.10938,13523.5
11/14/2007,3165.29126,4080.96118,4175.27734,5141.18799,7158.31738,6805.12695,12380.1797
11/15/2007,3036.45264,4068.01929,4331.18066,5063.88086,6974.13525,7155.8667,11542.8965
11/16/2007,2943.77173,3969.04761,4454.65771,5002.28809,6897.31885,7093.02295,10874.4326
11/17/2007,2863.58716,3785.66406,4485.44189,4922.86133,6925.64893,7363.20312,10406.3691
11/18/2007,2783.94702,3583.65845,4419.8291,4866.61328,6933.30176,6613.23584,10326.5889
11/19/2007,2688.23315,3405.80029,4315.55615,4871.56641,6751.11475,6318.52148,10428.9629
11/20/2007,2577.35571,3265.42847,4229.51611,4941.80859,6512.4873,6184.88965,10530.3652
11/21/2007,2463.73096,3151.78149,4167.99072,5096.46875,6321.34863,6223.83936,10742.2656
11/22/2007,2357.64111,3047.1123,4100.73828,5297.69189,6211.96826,6367.57031,10830.3779
11/23/2007,2257.05811,2938.43628,3999.66284,5407.66064,6247.5376,6735.72363,10502.8975
11/24/2007,2157.54736,2818.32642,3862.75269,5388.05078,6378.69727,6612.14062,9978.4873
11/25/2007,2060.67334,2693.84546,3708.021,5291.18701,6443.5166,6365.98584,9536.88184
11/26/2007,1971.70947,2574.47241,3553.47217,5154.25244,6383.26953,6106.12988,9340.23828
11/27/2007,1890.30554,2467.64087,3408.23462,5031.73486,6235.41797,5860.49805,9565.04102
11/28/2007,1813.98462,2369.81787,3276.85767,4941.30859,6033.56885,5638.82812,9883.31543
11/29/2007,1742.27502,2270.53418,3156.98145,4859.32178,5827.44482,5502.97656,9807.55664
11/30/2007,1676.41785,2171.41528,3038.90527,4749.65918,5658.01123,5414.03369,9405.99023
12/1/2007,1615.84668,2078.29565,2918.19531,4601.4043,5529.08105,5296.78662,8917.10547
12/2/2007,1558.01062,1990.51978,2796.62915,4430.30322,5404.45361,5102.42285,8440.27441
12/3/2007,1501.72168,1907.16541,2678.86963,4259.88281,5255.66162,4872.94141,8034.59668
12/4/2007,1447.02051,1829.35388,2567.57715,4120.33545,5086.13916,4672.33789,7722.10645
12/5/2007,1394.65088,1757.40039,2461.61499,3997.47729,4903.90723,4522.43701,7469.02393
12/6/2007,1344.73865,1690.19287,2359.31812,3871.00269,4725.83984,4409.16016,7229.18311
12/7/2007,1296.65332,1625.52051,2260.59302,3743.65552,4582.71338,4324.00244,6992.92578
12/8/2007,1249.57312,1561.6366,2165.93604,3584.88647,4459.75244,4171.40576,6764.13672
12/9/2007,1203.14966,1499.51379,2075.55225,3366.35034,4337.7915,4002.56055,6560.37061
12/10/2007,1157.71277,1440.55237,1989.9613,3141.29663,4226.66357,3929.70239,6391.97363
12/11/2007,1113.64648,1384.44592,1909.60535,2948.9834,4093.09741,3815.78906,6259.36035
12/12/2007,1070.67908,1330.30981,1834.29846,2780.55713,3895.41479,3469.97803,6157.41455
12/13/2007,1028.80225,1277.44885,1763.10596,2641.40137,3651.96021,3229.69873,6068.50537
12/14/2007,989.992615,1225.92078,1694.86328,2521.69434,3418.12866,3021.3313,5994.21777
12/15/2007,956.587646,1176.17065,1629.05725,2410.44629,3211.75464,2852.51489,5923.31885
12/16/2007,929.134521,1128.27515,1565.73157,2305.31079,3034.0752,2723.94214,5804.396
12/17/2007,906.776184,1081.84692,1504.93689,2211.13867,2883.93384,2594.28442,5596.28711
12/18/2007,887.966858,1037.74854,1446.578,2126.84839,2750.00366,2504.56958,5338.61865
12/19/2007,871.127808,998.263,1390.33862,2049.32056,2635.20996,2426.59668,5086.61182
12/20/2007,855.182068,964.886719,1335.93469,1977.94324,2536.67163,2335.68994,4858.29102
12/21/2007,839.554932,937.481628,1283.27417,1908.02478,2447.22876,2249.57202,4665.24805
12/22/2007,824.023621,914.818726,1232.33643,1838.35315,2359.14697,2143.19092,4495.41943
12/23/2007,808.599976,895.263611,1183.13879,1767.66772,2262.47412,2042.22058,4337.71387
12/24/2007,793.301086,877.410706,1136.04053,1696.70386,2156.69092,1923.90369,4182.00977
12/25/2007,777.971802,860.374695,1091.96167,1631.57092,2045.06201,1817.42908,4016.99414
12/26/2007,762.450073,843.722656,1052.0127,1571.59729,1935.30908,1730.06653,3845.64771
12/27/2007,746.658752,827.371826,1016.90906,1515.62317,1836.53809,1666.6554,3669.23071
12/28/2007,730.537903,811.216492,986.662048,1464.78186,1755.55249,1635.94275,3488.01831
12/29/2007,714.02301,795.144775,960.814636,1413.92566,1697.18408,1613.99658,3306.73999
12/30/2007,697.058411,779.079529,938.332275,1360.59607,1650.11963,1540.37634,3131.32349
12/31/2007,679.636841,762.875732,917.690247,1307.67883,1598.13013,1480.56787,2969.18726
1/1/2008,661.823853,746.471802,898.226501,1259.11841,1540.97314,1414.96667,2828.23022
1/2/2008,643.763733,729.786194,879.778503,1216.11768,1482.9884,1371.52856,2714.15283
1/3/2008,625.652649,712.728394,862.015198,1177.93762,1438.02246,1378.85083,2615.96191
1/4/2008,607.704956,695.240845,844.788391,1151.79272,1411.53967,1377.84448,2509.96924
1/5/2008,590.119812,677.339294,827.91156,1169.9624,1380.43201,1292.10681,2394.6123
1/6/2008,573.053528,659.124146,811.203003,1247.0564,1333.45837,1238.13586,2282.15918
1/7/2008,556.619568,640.764282,794.503296,1317.97327,1303.36731,1198.12732,2182.89209
1/8/2008,540.894104,622.4729,777.688538,1325.85901,1344.08704,1208.22656,2104.49048
1/9/2008,525.88269,604.457092,760.642761,1257.38354,1439.09985,1297.41467,2030.11182
1/10/2008,511.202515,586.894958,743.285156,1147.23804,1514.45972,1410.86304,1940.04419
1/11/2008,495.629913,569.921204,725.596313,1053.92822,1514.65137,1455.04028,1841.67566
1/12/2008,478.435211,553.630249,707.583923,989.445679,1422.89404,1401.42578,1748.53796
1/13/2008,461.282806,538.076782,689.323853,947.66748,1290.13123,1278.95972,1681.07983
1/14/2008,446.544189,523.157837,670.945618,919.131226,1173.31982,1153.14709,1662.91028
1/15/2008,435.030426,508.081207,652.610962,895.059204,1089.7467,1057.82458,1679.53625
1/16/2008,426.322021,491.641602,634.488281,871.028259,1037.04736,993.987122,1690.03918
1/17/2008,419.413971,474.190674,616.732849,849.044067,1002.60095,955.320557,1660.61475
1/18/2008,413.302307,457.887756,599.471985,827.628479,976.549194,936.797363,1585.5304
1/19/2008,407.404419,444.440002,582.788635,806.344788,954.241394,933.931763,1485.67725
1/20/2008,401.520782,434.103699,566.647522,785.409363,938.188354,929.064148,1392.66956
1/21/2008,395.696289,426.223755,550.747803,762.131348,922.083252,889.287415,1317.78748
1/22/2008,390.076141,419.695343,534.596863,738.845825,901.018616,859.288574,1258.42542
1/23/2008,384.729553,413.616608,518.009521,715.339355,876.699341,821.571838,1218.49841
1/24/2008,379.524658,407.634277,501.518127,693.439087,849.231506,795.204346,1191.42957
1/25/2008,374.35025,401.68631,486.395233,680.440125,821.710693,775.523865,1170.36621
1/26/2008,369.419708,395.874725,475.942322,694.397339,797.02179,763.210999,1156.15845
1/27/2008,365.07486,390.326416,466.67865,752.127869,781.88446,803.388428,1164.31714
1/28/2008,366.414459,385.02063,455.64151,826.626587,791.69751,878.156982,1197.16479
1/29/2008,386.094727,380.532654,446.588013,889.071228,828.567993,980.199341,1202.4895
1/30/2008,402.225311,388.037018,442.492737,914.058289,888.542419,1065.87537,1158.18274
1/31/2008,436.040436,421.862579,450.278534,895.362671,960.11969,1122.65894,1106.75403
2/1/2008,512.72699,469.777313,483.585175,892.610229,1024.4823,1095.37,1083.13
2/2/2008,637.361511,560.404358,515.545898,972.246582,1052.94556,1051.34583,1100.37805
2/3/2008,679.535278,708.970642,610.083313,1112.94128,1049.97412,1079.58777,1152.49451
2/4/2008,690.652649,877.027771,667.645935,1256.48621,1088.55847,1324.39758,1215.6333
2/5/2008,734.008606,1001.69336,609.891113,1419.79724,1211.17468,1538.24561,1258.93652
2/6/2008,706.509827,1112.37231,562.950439,1641.03882,1375.5116,1618.86987,1263.73193
2/7/2008,647.802612,1246.38171,539.750366,1863.90649,1535.76416,1833.76965,1246.0365
2/8/2008,599.175171,1256.16052,564.457764,1997.83203,1721.4165,2162.73486,1261.62292
2/9/2008,600.098145,1182.67761,637.731079,1920.65051,1948.99915,2168.03931,1351.7002
2/10/2008,611.810303,1114.32288,745.351501,1710.8241,2158.77734,2332.61572,1483.02588
2/11/2008,612.716064,1008.92969,862.600098,1499.63354,2239.34106,2110.74219,1623.57239
2/12/2008,592.553772,904.980103,978.116882,1281.71399,2111.44751,1902.80518,1794.42517
2/13/2008,555.678894,844.611816,1085.89001,1133.50769,1897.50696,1637.46545,1975.74011
2/14/2008,519.801758,821.817078,1154.17322,1071.32471,1677.82971,1309.09827,2119.5542
2/15/2008,488.095245,800.887329,1174.0387,1080.59485,1457.73706,1178.2677,2203.16138
2/16/2008,466.929291,770.287231,1152.42395,1141.02917,1308.32068,1161.62793,2186.88037
2/17/2008,453.767639,724.719971,1098.32117,1228.63684,1235.01648,1221.02686,2076.91553
2/18/2008,449.462585,672.378601,1026.51709,1321.16418,1228.21765,1325.15735,1902.63782
2/19/2008,452.342438,628.674622,958.390076,1407.54114,1271.55591,1449.95178,1697.28687
2/20/2008,461.827515,597.735413,906.236267,1487.43433,1345.55408,1548.01257,1529.38562
2/21/2008,494.513245,578.552063,867.828186,1531.77771,1428.58569,1630.32703,1432.52539
2/22/2008,576.002502,564.225586,834.628906,1526.92786,1512.4303,1694.41785,1407.9054
2/23/2008,652.147705,557.014343,797.973877,1475.66016,1587.36682,1686.22571,1441.42358
2/24/2008,736.801941,558.263672,754.91449,1387.1991,1620.72791,1592.49463,1508.14978
2/25/2008,798.016724,574.649719,710.112244,1284.48975,1601.16907,1472.75073,1584.04187
2/26/2008,800.309692,642.099548,669.698914,1189.11218,1535.56665,1329.89673,1660.0752
2/27/2008,792.500977,739.846863,641.622192,1113.74939,1438.36682,1208.79883,1728.58447
2/28/2008,768.026917,830.8974,633.746887,1056.62854,1333.65552,1127.13342,1764.76477
2/29/2008,774.272705,925.353577,625.400146,1008.74579,1241.67249,1084.01599,1751.98743
3/1/2008,852.242493,1007.32611,613.302002,962.538025,1170.82117,1049.41895,1692.84558
3/2/2008,967.91571,1082.92786,614.54303,916.806458,1118.0874,1016.35321,1595.29163
3/3/2008,1017.4353,1118.00208,637.387634,889.123962,1083.20496,975.659912,1483.63086
3/4/2008,1013.12433,1116.0376,686.282349,870.795715,1059.00525,947.489563,1381.60034
3/5/2008,965.493347,1136.27563,752.013916,881.930786,1037.90222,937.586426,1297.95935
3/6/2008,908.936584,1183.3269,830.164062,960.713257,1027.53406,957.871826,1231.05469
3/7/2008,943.024719,1225.95715,911.550659,1036.46619,1024.2356,984.34967,1170.4303
3/8/2008,1012.0274,1228.24573,986.047974,1049.18689,1075.33032,1013.21973,1113.69531
3/9/2008,1047.79041,1182.41431,1043.42297,995.97876,1191.01892,1076.34448,1065.89966
3/10/2008,1044.38367,1103.48706,1080.40344,919.539124,1278.46777,1173.71887,1034.98596
3/11/2008,1007.11731,1067.27295,1109.08875,885.150696,1280.26599,1252.9657,1024.9198
3/12/2008,992.126038,1108.31641,1141.11926,900.507385,1197.14612,1280.00647,1032.79663
3/13/2008,1039.33032,1159.51685,1174.93823,952.21405,1093.69482,1255.67712,1054.27686
3/14/2008,1074.71362,1172.48828,1197.09375,1022.03766,1033.23718,1221.72705,1092.55066
3/15/2008,1051.12952,1140.60938,1195.45874,1091.57446,1025.56006,1222.53113,1150.31067
3/16/2008,1008.74896,1099.25806,1174.25525,1145.44275,1061.8761,1250.02441,1213.53162
3/17/2008,971.460083,1109.70947,1155.91748,1178.23572,1121.70642,1285.84668,1258.89917
3/18/2008,956.256775,1189.04395,1181.93506,1203.75684,1183.11035,1308.29419,1276.68262
3/19/2008,962.480286,1274.92786,1215.03223,1267.29211,1228.59619,1311.56189,1276.854
3/20/2008,957.399414,1283.25269,1214.40881,1446.5575,1256.16418,1331.69678,1277.08154
3/21/2008,940.295715,1259.15894,1199.18457,1680.8291,1286.51855,1469.53723,1288.7782
3/22/2008,922.205505,1233.96863,1175.20044,1817.93652,1379.38977,1871.64636,1313.3877
3/23/2008,902.257385,1200.6261,1165.53137,1969.91541,1589.98169,2178.37939,1344.97864
3/24/2008,884.121887,1166.71582,1189.00171,2198.85669,1804.22888,2048.87256,1379.651
3/25/2008,875.013306,1135.24365,1236.19934,2532.02734,1947.20044,2405.31299,1439.90662
3/26/2008,870.297119,1155.2688,1275.65625,2921.27905,2143.73682,2779.51929,1576.95007
3/27/2008,853.446289,1217.88989,1294.4519,3234.5332,2447.68335,3490.0271,1802.44897
3/28/2008,828.054016,1255.98047,1310.14197,3227.97559,2859.66113,3855.98242,2033.15088
3/29/2008,798.347168,1269.69653,1301.1366,2937.86108,3317.21362,4287.63086,2244.99902
3/30/2008,775.737976,1303.3252,1263.36646,2657.93262,3629.01929,3553.62427,2516.64062
3/31/2008,778.075256,1299.69275,1248.11023,2425.32544,3603.14282,3161.36963,2873.31104
4/1/2008,871.602417,1250.02563,1299.03906,2355.7561,3391.40649,3114.1582,3273.2002
4/2/2008,1014.55188,1215.54871,1387.60999,2556.47241,3238.43921,3138.38843,3659.59497
4/3/2008,1135.40503,1197.0387,1500.74548,3040.47876,3190.01221,3526.98218,3929.11792
4/4/2008,1174.22253,1184.34009,1565.89124,3588.94507,3380.79761,4266.64502,3971.573
4/5/2008,1128.96863,1229.6748,1542.94202,3905.77173,3820.18188,5089.8252,3867.12085
4/6/2008,1083.1001,1381.12085,1510.93457,4183.5127,4406.69189,5710.96191,3740.71338
4/7/2008,1015.41943,1594.66663,1507.00208,4336.92627,4903.15332,5382.73584,3671.30737
4/8/2008,950.221252,1757.78174,1521.31641,4244.86426,5245.48047,6001.08594,3804.03076
4/9/2008,898.130554,1763.23022,1584.1283,4085.77271,5598.50439,6070.31152,4209.25635
4/10/2008,846.154602,1667.85645,1602.25635,3817.8645,5887.23877,6159.05566,4790.60352
4/11/2008,798.733398,1560.22803,1552.04236,3538.14258,6069.54004,6088.0083,5285.29541
4/12/2008,778.315063,1490.09143,1554.95862,3371.05298,6093.85889,5823.42139,5574.05322
4/13/2008,889.987061,1542.49902,1627.53955,3312.66357,5961.42285,5590.03271,5801.50977
4/14/2008,1199.62122,1640.38586,1779.9491,3220.05957,5789.61572,5610.67578,5994.59521
4/15/2008,1486.86096,1706.42847,1999.15918,3181.7002,5666.70215,5508.68164,6129.79785
4/16/2008,1552.6178,1723.85828,2125.66406,3493.9231,5549.91162,5232.51807,6197.89746
4/17/2008,1506.66321,1702.34363,2202.19385,3952.99463,5379.38379,5073.76807,6157.49219
4/18/2008,1440.30408,1783.86523,2167.2229,4243.50781,5276.84521,5747.90723,6062.28174
4/19/2008,1315.59839,2000.88916,1976.46155,4290.35693,5434.70947,6091.24219,5969.26807
4/20/2008,1145.29102,2155.91577,1864.10486,4207.59473,5711.31641,6153.05176,5860.94092
4/21/2008,1014.87061,2162.7793,1819.60376,4111.61816,5864.23828,5730.60254,5726.625
4/22/2008,948.31189,2135.57983,1834.77063,4000.6665,5854.33691,5693.2915,5697.86084
4/23/2008,916.334229,2048.40967,1935.54297,3933.67969,5752.70508,5512.59375,5893.28467
4/24/2008,909.384216,1903.49756,2117.09644,3947.96631,5615.55859,5377.99365,6164.72656
4/25/2008,956.846191,1768.46497,2232.78564,4022.83398,5471.85498,5156.33447,6289.30615
4/26/2008,1097.62695,1674.63062,2275.8252,4123.61768,5343.50977,5217.79248,6229.37354
4/27/2008,1303.85632,1653.24609,2310.95166,4138.1582,5234.62793,5088.82861,6095.56689
4/28/2008,1389.23596,1701.92285,2285.09766,4050.24097,5184.11035,5292.81592,5950.94531
4/29/2008,1370.37207,1848.73816,2261.74902,4018.32764,5177.40332,5082.71045,5807.46289
4/30/2008,1339.66772,2085.49805,2263.31885,3996.62817,5124.33691,5006.16797,5702.53027
5/1/2008,1274.26453,2408.71997,2346.26074,3982.79883,5071.43262,5314.45557,5659.56543
5/2/2008,1198.5647,2675.21997,2394.35913,4052.13501,5147.61865,5503.3877,5686.14941
5/3/2008,1108.04834,2752.92847,2286.47607,4311.58984,5278.41553,5640.95898,5760.34033
5/4/2008,1074.56067,2733.94922,2157.96216,4797.82666,5436.16504,6376.6875,5913.20605
5/5/2008,1186.63721,2641.93335,2162.8728,5158.22363,5823.82764,7662.04053,6382.92236
5/6/2008,1272.05664,2494.64111,2280.52075,5426.76904,6694.93066,9592.71289,7098.02197
5/7/2008,1236.29248,2326.68359,2431.62695,5634.61816,7776.63135,9758.13965,7587.65332
5/8/2008,1226.88806,2202.15454,2629.49316,5734.43311,8598.49609,10137.3086,7869.85596
5/9/2008,1292.18115,2268.62402,2806.12988,5749.59473,9155.44824,10065.6162,8250.64355
5/10/2008,1349.39636,2385.31323,2893.76221,5627.98633,9522.41504,10471.8926,8884.86328
5/11/2008,1337.24915,2349.76392,2950.30469,5652.23584,9778.28418,10455.9502,9689.68359
5/12/2008,1349.94995,2263.23706,2960.36792,6399.8667,10044.2188,11015.1963,10341.0439
5/13/2008,1373.79761,2233.5686,2845.60498,7388.25732,10316.3428,11347.0479,10799.167
5/14/2008,1358.24158,2235.32251,2683.16187,7865.92334,10863.8008,13332.3623,11250.9756
5/15/2008,1330.47681,2187.98096,2569.70605,7650.7876,11639.1348,12567.2588,11813.9814
5/16/2008,1324.16394,2142.40015,2528.93311,7073.43066,12022.9766,12155.2324,12450.0244
5/17/2008,1368.05981,2159.26343,2517.17749,6645.17236,11857.5049,10301.7363,13008.8926
5/18/2008,1436.05823,2164.35962,2506.52856,6150.12549,11206.3418,9839.67285,13563.1377
5/19/2008,1524.36206,2127.68945,2481.74072,5707.26953,10537.0674,9955.92383,14133.1943
5/20/2008,1590.41028,2130.37842,2459.06885,5362.02197,10122.9609,9599.82227,14426.0586
5/21/2008,1572.46887,2199.20459,2511.95117,5193.44824,9826.91895,9942.37695,14313.6299
5/22/2008,1532.28833,2315.24146,2532.18018,5260.86523,9829.37012,10133.876,13880.5
5/23/2008,1569.28198,2434.45264,2506.56958,5501.44629,9851.56641,9929.98145,13437.9238
5/24/2008,1570.43018,2517.88281,2513.7605,5826.979,9864.31152,10387.125,13176.5947
5/25/2008,1518.29968,2542.85156,2553.49048,6019.77637,10032.0596,10863.9082,12952.7197
5/26/2008,1563.86194,2477.7312,2630.03882,6143.86963,10350.3311,11636.4131,12800.3066
5/27/2008,1682.54395,2444.1416,2875.36841,6153.31494,10782.2627,11616.1484,12665.0312
5/28/2008,1747.33179,2484.27246,3099.68799,6039.92676,11116.7354,11884.5723,12497.0742
5/29/2008,1755.64795,2486.40479,3113.68457,6011.33545,11356.3857,11662.668,12477.4844
5/30/2008,1813.86304,2498.07471,3090.31763,6247.43311,11402.8174,11360.2568,12701.4219
5/31/2008,1975.00012,2618.25,3009.58813,6772.82227,11315.7178,11325.8916,13000.2764
6/1/2008,2183.55688,2883.54443,2904.72485,7259.06494,11299.3857,11818.748,13210.126
6/2/2008,2478.15576,3134.19946,2849.38232,7493.25049,11475.8545,12774.7012,13359.6387
6/3/2008,2979.72534,3366.33301,2874.32617,7978.87988,11889.1543,12928.5635,13390.8809
6/4/2008,3613.20264,3687.10327,3093.51978,8797.92871,12204.4844,12636.0967,13408.291
6/5/2008,3864.62524,4039.59399,3336.89771,9433.19922,12452.1738,14369.1182,13656.1133
6/6/2008,3748.56494,4467.09668,3442.5481,9659.95898,13189.5068,16270.6387,14170.7363
6/7/2008,3677.98926,5057.33594,3516.00562,9510.10547,14241.0527,16759.791,14731.9277
6/8/2008,3483.86768,5768.36133,3669.58545,9322.06738,15019.6201,15929.8447,15003.4268
6/9/2008,3182.20508,6213.67578,3829.37256,9440.49805,15242.125,15179.7773,15218.8477
6/10/2008,2925.43262,6215.43994,3964.76929,9650.22949,15090.1621,14902.6631,15909.0205
6/11/2008,2777.38501,6120.92529,4186.24316,9770.70215,14935.2471,15524.5029,16909.3965
6/12/2008,2862.06567,6050.6123,4530.5791,9920.65723,14975.8301,15507.3027,17649.4688
6/13/2008,3043.96582,5917.8501,5062.79102,9924.08105,15056.9609,15376.0508,17874.3105
6/14/2008,3129.08936,5749.05518,5722.70508,9657.35059,15118.9121,16003.8096,17785.3809
6/15/2008,3111.00122,5646.47119,6259.43359,9443.68555,15384.2266,15847.251,17767.9492
6/16/2008,3029.25122,5674.85645,6612.56592,9593.53711,15373.791,14646.2529,17955.5859
6/17/2008,2929.16626,5772.01807,6753.25977,10041.4209,14975.083,14777.627,18163.4434
6/18/2008,2833.65112,5861.57568,6677.19629,10647.6631,14798.0244,15754.4824,18314.6699
6/19/2008,2789.90576,5835.7002,6558.6665,11577.4873,15082.2676,16872.4492,18400.8027
6/20/2008,2790.87476,5655.57666,6428.96777,12738.4463,15662.8672,17703.3223,18223.9883
6/21/2008,2777.33813,5397.71631,6323.06152,13616.7295,16522.459,19534.8574,17843.0488
6/22/2008,2707.55518,5177.74268,6215.15039,14018.6729,17705.9883,20589.0195,17623.9707
6/23/2008,2610.99854,5072.92578,6145.69092,14109.8115,18807.5859,20538.8379,17750.2578
6/24/2008,2516.99609,5012.86719,6124.23535,13665.083,19378.291,19399.7266,18181.0938
6/25/2008,2459.87793,4903.98975,6084.71777,12780.5371,19351.7988,18944.916,18899.9023
6/26/2008,2460.42847,4748.90088,5981.62988,11891.8428,18917.791,17052.834,19851.541
6/27/2008,2461.42993,4578.11328,5819.52686,11008.2676,17968.2246,15446.4238,20682.002
6/28/2008,2490.64648,4455.85107,5641.30908,10360.9541,16735.8965,14147.0879,21029.4805
6/29/2008,2619.37305,4546.33789,5500.37061,9950.90625,15517.8506,13006.5791,20890.9902
6/30/2008,2776.90527,4739.27295,5499.63037,9907.12109,14368.7764,12538.9463,20365.4492
7/1/2008,2838.14941,4791.01074,5530.43555,10511.4326,13518.8633,12305.0137,19420.7344
7/2/2008,2834.96851,4722.19385,5513.34717,11091.7344,13018.9824,13171.8975,18236.4727
7/3/2008,2836.32642,4644.48438,5425.71582,11129.9629,13159.5605,14853.4414,17097.2012
7/4/2008,2971.95264,4742.68896,5337.59912,10822.752,13749.9854,14550.0371,16190.4346
7/5/2008,3235.01123,4944.84375,5300.05176,10441.5791,14004.7373,13640.5557,15624.3633
7/6/2008,3566.19531,5116.86963,5265.31055,10070.7988,13790.6436,12960.1592,15353.1836
7/7/2008,3865.27197,5283.68164,5232.58105,9675.95996,13400.1855,13076.7344,15517.7627
7/8/2008,4051.32275,5560.6709,5169.00684,9482.83008,13110.124,13025.667,16086.6797
7/9/2008,4139.05273,6086.01953,5156.83447,9858.29102,12960.2969,13253.8389,16609.7988
7/10/2008,4193.04492,6700.43652,5266.39062,10689.873,13053.6504,14446.1572,16845.2031
7/11/2008,4105.03369,7220.44873,5402.89453,11274.6162,13642.25,16034.6846,16887.6875
7/12/2008,3844.22412,7574.02002,5481.03662,11278.1396,14606.9717,17043.4629,16702.6719
7/13/2008,3698.35522,7861.41211,5594.94482,11004.7305,15527.3389,16728.2988,16255.0312
7/14/2008,3859.36304,8208.54297,5834.79785,10926.1494,15931.0039,15476.1143,15955.2588
7/15/2008,4281.91357,8402.85645,6224.87012,11226.5059,15685.4551,14765.2363,16170.5322
7/16/2008,4457.65283,8259.86426,6788.30615,11878.8438,15267.1621,15138.4072,16785.1758
7/17/2008,4341.65674,8093.92432,7280.92676,12487.7539,15139.0117,15803.4297,17387.6211
7/18/2008,4344.63086,8213.1123,7621.66797,12650.6436,15336.1729,16520.6621,17548.8438
7/19/2008,4679.91748,8851.03516,8016.66406,13043.124,15771.2354,16712.1953,17231.0195
7/20/2008,5409.92676,9495.4834,8672.28809,13759.4326,16048.3223,15972.8262,16850.5781
7/21/2008,5808.90234,9723.05078,9256.31055,14339.5859,16173.1309,17494.0508,16784.0078
7/22/2008,5553.58301,9849.40625,9403.19824,14657.6807,16700.2949,18480.1426,17096.9648
7/23/2008,5141.12793,10036.1553,9322.56836,14781.21,17396.6855,18953.1387,17619.2227
7/24/2008,4931.14551,10672.6475,9281.5957,14952.2188,17934.5996,18620.3223,18061.5898
7/25/2008,4880.3252,11456.8555,9477.05566,15123.207,18227.3223,18790.0078,18403.002
7/26/2008,4701.83887,11582.4414,9775.32031,15307.3711,18419.6016,19316.1719,18863.9609
7/27/2008,4474.06104,11121.0996,10021.5508,15692.3623,18745.5117,19995.1426,19403.5605
7/28/2008,4303.28418,10659.7305,10160.4004,16074.6738,19096.2793,20337.959,19962.0742
7/29/2008,4302.78613,10404.0107,10308.4189,16015.9619,19466.7988,21592.2285,20502.7402
7/30/2008,4526.95703,10117.2891,10611.7588,15747.0381,20017.7129,21633.6348,20965.4375
7/31/2008,4684.43652,9693.28809,11061.6406,15806.9971,20368.5684,20155.7559,21426.9336
8/1/2008,4676.38721,9289.77539,11568.4609,16275.5303,20118.5273,19376.4316,21841.7051
8/2/2008,4630.00977,9041.72949,11809.7354,16658.6152,19707.0352,19965.7754,22269.5605
8/3/2008,4669.75293,9080.1416,11775.251,16824.6211,19681.4395,21163.1582,22828.0762
8/4/2008,4645.24414,9293.05859,11561.6191,16811.4336,19968.6602,21057.9961,23270.8926
8/5/2008,4399.77441,9453.59375,11153.459,16618.4727,20222.5508,21341.1934,23423.5352
8/6/2008,4203.91846,9577.82812,10755.7197,16669.418,20450.625,21476.3047,23578.5684
8/7/2008,4164.54443,9628.42871,10468.9014,17114.6973,20569.4121,21465.5,24044.8223
8/8/2008,4317.04297,9641.03223,10198.8955,18037.6152,20646.5801,22244.6777,24753.8555
8/9/2008,4859.86572,9703.46973,9953.76758,19153.1445,21026.8086,23273.3281,25395.1992
8/10/2008,5448.92139,9924.28613,9892.72266,19619.168,21817.0391,25269.1504,25869.3242
8/11/2008,5902.27588,10230.1475,10031.0234,19278.5566,23003.916,26567.1094,26193.3984
8/12/2008,6761.11572,10722.2559,10190.7412,18533.7188,24087.9082,25989.377,26423.2793
8/13/2008,7530.36523,11406.1797,10342.9072,17699.0117,24605.8535,25419.4004,26768.2695
8/14/2008,7377.60889,11923.1162,10551.3115,17020.709,24661.2695,24464.5176,27515.3008
8/15/2008,6924.15186,12240.2285,10866.6504,16546.6094,24227.0293,23356.959,28612.5352
8/16/2008,6684.67822,12620.7568,11019.9336,16028.3926,23512.9023,22678.6699,29425.2168
8/17/2008,6535.29199,13356.4521,10927.0879,15618.9805,22846.166,21951.2988,29497.4629
8/18/2008,6520.56201,13508.4111,11003.6592,15488.1602,22169.1777,20898.0781,28944.416
8/19/2008,6533.00049,12802.8291,11325.9102,15438.2061,21462.8711,20476.293,28135.5254
8/20/2008,6414.93262,12065.5371,11799.5215,15472.7031,20959.6621,20613.375,27379.5312
8/21/2008,6069.99219,11479.8291,12354.4668,15601.9736,20699.9277,20724.0957,26734.7812
8/22/2008,5615.12744,11140.3232,12952.9785,15680.4854,20618.2383,21057.6602,25978.5625
8/23/2008,5211.09863,10953.5352,13531.2178,15738.0537,20700.7598,21168.0859,25007.2285
8/24/2008,4937.98535,10720.6514,13813.2109,16021.8799,20777.2871,20901.5801,24069.0332
8/25/2008,4803.43311,10306.7725,13639.3301,16396.4277,20734.4023,20724.2207,23441.3594
8/26/2008,4707.83984,9745.33008,13245.5283,16780.1777,20725.5391,21628.8438,23148.2012
8/27/2008,4616.5249,9264.89746,12797.4033,17406.1914,21000.6641,22208.127,23028.1914
8/28/2008,4557.29004,8835.29688,12372.21,17883.502,21453.3535,22817.916,22926.8477
8/29/2008,4565.3877,8427.48438,12023.7744,18088.332,21989.3496,23605.3066,22816.1719
8/30/2008,4616.77881,8141.11475,11730.1162,18337.7207,22547.7109,23264.9492,22866.5645
8/31/2008,4665.20557,7946.38818,11400.3232,18424.4727,22728.3945,22669.4668,23216.5762
9/1/2008,4658.87256,7821.83691,10948.6787,18121.6562,22640.6816,22938.2812,23811.3613
9/2/2008,4696.23535,7830.34961,10500.9834,17528.6543,22582.0801,22554.2871,24580.5586
9/3/2008,4775.58203,7873.74268,10100.4121,16890.2852,22343.6445,21464.6484,25247.3477
9/4/2008,4732.53809,7782.63428,9693.58691,16704.3516,21790.0449,20362.0703,25429.3262
9/5/2008,4600.88135,7645.44092,9307.3125,17024.9551,21068.623,19692.1328,25303.1465
9/6/2008,4504.11426,7643.69189,9027.25684,17320.2109,20469.5156,20568.1719,25249.8574
9/7/2008,4551.95898,7858.99414,8848.76953,17479.3145,20446.3691,21643.8379,25152.5762
9/8/2008,4757.82422,8040.63281,8714.84863,17347.2051,20782.7051,21468.3652,24717.7637
9/9/2008,4859.60449,8091.88037,8638.01074,16871.3438,21027.1582,21564.8652,24031.2246
9/10/2008,4795.60596,8071.9165,8538.06445,16058.7148,21094.7148,20762.8945,23569.6191
9/11/2008,4730.79248,8053.31592,8385.36523,15038.8604,20841.0293,20208.3086,23653.6875
9/12/2008,4659.12598,8245.57324,8263.4834,14237.3711,20320.6445,18931.5898,24109.541
9/13/2008,4574.51709,8380.35645,8303.61133,13802.0586,19598.9043,18680.3594,24762.873
9/14/2008,4468.11963,8242.97949,8456.25,13871.918,19061.5234,19650.3633,25325.9336
9/15/2008,4374.67041,7941.35889,8675.35059,14601.4658,19143.7852,21000.3867,25264.4922
9/16/2008,4284.54785,7599.82422,8774.29492,14898.5684,19780.7227,22885.957,24602.6973
9/17/2008,4205.31934,7273.41064,8719.08496,14257.3291,21089.8438,25841.4473,23825.1777
9/18/2008,4122.91113,6970.92188,8788.30566,13555.8438,22758.293,25155.4219,23429.4941
9/19/2008,4028.33154,6753.66992,8928.53906,13085.5273,23577.6133,23830.9238,23726.9277
9/20/2008,3948.46387,6551.64209,8912.73145,13002.2656,23604.5723,24291.793,24612.9883
9/21/2008,3872.88647,6335.0542,8730.00781,12959.3066,23656.7891,24557.6309,25914.7969
9/22/2008,3778.03687,6142.86572,8484.37012,12885.2227,23701.1914,24274.7266,27200.707
9/23/2008,3674.53711,6003.27637,8169.03662,13039.5957,23647.7266,23714.7598,27855.6602
9/24/2008,3610.45825,5892.19092,7830.15381,13315.3896,23548.1504,24014.1191,28044.5977
9/25/2008,3576.30322,5764.64697,7515.06055,13416.7822,23622.1895,24482.8828,28156.4199
9/26/2008,3510.04053,5675.91602,7233.73535,13280.1729,23823.7988,24326.4258,28048.2148
9/27/2008,3458.32495,5889.32178,7001.74121,13170.21,23821.5449,23363.0254,27665.0254
9/28/2008,3734.6106,6225.76416,6861.19922,13064.793,23480.6758,22443.9531,27236.8613
9/29/2008,4541.54492,6341.89111,6803.09863,12630.2627,22890.0625,21658.5879,26983.2578
9/30/2008,5014.57227,6259.63818,6919.46875,11983.8145,22209.4961,20754.1191,26914.0977
10/1/2008,4741.44189,6071.95508,6925.62598,11597.4199,21344.4727,19063.7441,26837.9512
10/2/2008,4456.57422,6087.80029,6766.08643,11613.3799,20290.9062,19022.6289,26590.4688
10/3/2008,4350.71729,6566.50293,6795.44824,12087.4033,19775.7285,20890.3398,26110.457
10/4/2008,4273.01318,7254.62402,6959.1748,12506.0908,20022.791,21310.8125,25404.2969
10/5/2008,4207.98682,7421.44434,7023.63965,12336.3213,20440.0625,21637.2441,24552.041
10/6/2008,4143.39014,7234.27197,6978.93896,11967.7539,20830.8945,21166.6523,23762.4961
10/7/2008,4042.39331,7413.77832,7006.52002,12013.3799,20832.6055,19986.6855,23410.0176
10/8/2008,3990.89673,7499.23975,7086.14697,12176.4297,20420.9316,19915.498,23580.8613
10/9/2008,4010.61719,7264.50928,7275.271,12044.8145,20200.3867,20765.6699,24006.0234
10/10/2008,4022.96631,7035.57617,7492.85791,11846.8535,20223.2695,20109.627,24416.5312
10/11/2008,4000.59766,6811.62598,7589.20508,11732.6133,20006.5078,18827.0332,24444.0918
10/12/2008,3947.76636,6725.06445,7592.29639,11614.5361,19433.4609,17922.9609,24110.2656
10/13/2008,3893.92065,6718.10449,7611.63428,11423.0166,18783.1738,17701.293,23815.4375
10/14/2008,3804.06836,6682.6167,7639.74365,11272.0107,18217.6465,17209.8281,23534.8672
10/15/2008,3673.7998,6579.56836,7577.18701,11180.1875,17694.7305,16813.0645,22977.4414
10/16/2008,3521.29639,6443.66797,7424.61768,11182.2119,17209.8809,16778.2227,22185.4688
10/17/2008,3378.79004,6306.64844,7243.45752,11109.9941,16853.0742,16470.5312,21393.9883
10/18/2008,3280.57715,6125.51611,7083.53906,10913.7676,16560.3633,15894.7002,20786.3438
10/19/2008,3194.52979,5872.83154,6972.73975,10682.4004,16172.3252,15140.4766,20430.0684
10/20/2008,3139.7063,5561.75439,6898.70264,10482.9414,15660.4277,15213.5742,20190.5039
10/21/2008,3185.10742,5256.50195,6840.15674,10565.8789,15295.1172,15130.9766,20009.4023
10/22/2008,3331.82935,5004.75342,6805.14307,11010.376,14989.167,14585.6182,19809.5098
10/23/2008,3532.11914,4830.37939,6721.37549,11097.1914,14702.6074,15038.5791,19474.2637
10/24/2008,3753.06494,4747.50977,6600.43164,10539.334,14782.0449,16115.2412,19050.6719
10/25/2008,3845.41406,4848.83545,6451.13623,9890.80957,15036.9375,14818.2236,18766.0684
10/26/2008,3821.54346,5084.66846,6239.16455,9402.17383,14774.7363,13171.9053,18701.3301
10/27/2008,3757.82568,5454.97266,5969.8877,9144.03418,14019.6377,12547.2041,18743.0723
10/28/2008,3661.84644,5950.96729,5664.99365,9007.38672,13292.835,12431.2129,18785.0859
10/29/2008,3566.93091,6250.59863,5403.58936,8873.96094,12816.666,12760.1797,18594.7578
10/30/2008,3482.29614,6190.16357,5215.0127,8715.87207,12627.9434,12658.4766,17964.6055
10/31/2008,3482.46997,5927.92773,5154.21191,8889.35254,12533.0801,12388.8076,17071.0547
11/1/2008,3507.53052,5655.86914,5351.69531,9705.9873,12365.5576,12226.0781,16349.1455
11/2/2008,3513.27075,5429.78906,5803.80615,10365.6572,12334.834,13658.5645,16015.0381
11/3/2008,3553.3623,5232.46631,6239.46094,10316.1748,12923.2598,15912.0293,15943.8154
11/4/2008,3619.18628,5145.79199,6488.58301,10094.8574,13839.8057,15079.75,15882.7676
11/5/2008,3761.62817,5159.7959,6527.78857,9890.81348,14269.0527,14349.1709,15732.1914
11/6/2008,4046.21484,5184.49902,6383.01807,9770.90234,14285.6191,14487.1348,15707.6074
11/7/2008,4277.62793,5231.16553,6193.67822,9843.08691,14253.9863,14590.2725,16159.2266
11/8/2008,4202.56982,5358.48438,6000.55322,9935.59277,14317.7695,15388.2441,16817.5898
11/9/2008,3961.93604,5488.58252,5793.93164,9954.08496,14566.9707,15309.9072,17063.1035
11/10/2008,3828.63525,5604.96484,5622.44873,9830.95801,14770.1602,15158.8096,17003.0332
11/11/2008,3736.26416,5782.27344,5498.56104,9649.79395,14857.1846,14959.1436,16940.1992
11/12/2008,3571.26099,5755.16748,5423.14258,9424.38184,14811.21,14348.0898,16951.4375
11/13/2008,3383.40674,5461.62158,5392.91455,9164.08301,14544.6475,13644.5967,17096.5039
11/14/2008,3243.43848,5181.64355,5416.37451,8930.1123,14076.1328,12778.6621,17184.0957
11/15/2008,3165.00684,5009.79297,5479.47852,8677.97754,13440.9736,12031.9209,17066.4219
11/16/2008,3124.91089,4831.54102,5568.9502,8353.4209,12775.2812,11443.8369,16755.127
11/17/2008,3086.64771,4596.91504,5668.11865,7989.43115,12142.2744,10893.6201,16301.7197
11/18/2008,3034.69019,4369.60059,5712.15869,7643.14844,11535.874,10189.7773,15755.3359
11/19/2008,2970.53564,4194.979,5648.31982,7355.28711,10911.6572,9577.77148,15213.2568
11/20/2008,2889.37769,4080.50024,5498.08496,7155.65039,10302.708,9130.1543,14718.4619
11/21/2008,2792.26025,3995.74951,5317.63135,7060.19727,9761.05078,8903.31836,14339.8271
11/22/2008,2693.4021,3911.16357,5130.6416,7040.27246,9332.87891,8783.96875,14163.3633
11/23/2008,2603.09473,3818.38574,4934.42383,7036.479,9028.47461,8689.60938,13841.4854
11/24/2008,2522.86523,3709.81763,4733.86475,7027.16553,8837.86328,8598.44922,13178.2471
11/25/2008,2453.24976,3585.99634,4544.96924,6981.51953,8724.21582,8490.70801,12486.6074
11/26/2008,2393.30249,3451.05127,4382.3335,6840.64502,8612.70801,8391.00879,11961.8174
11/27/2008,2339.06177,3316.4353,4248.06104,6612.69287,8485.58594,8186.27051,11608.5049
11/28/2008,2288.15942,3193.90356,4133.25293,6363.29297,8310.68555,7782.96191,11358.7529
11/29/2008,2242.42456,3084.34595,4027.13037,6122.73486,8043.20117,7351.03906,11153.0986
11/30/2008,2201.01733,2987.05493,3920.36206,5887.13965,7718.77979,7025.35547,10974.2051
12/1/2008,2161.74414,2898.86182,3806.16919,5655.04541,7395.12451,6744.26367,10727.9229
12/2/2008,2123.44043,2814.90869,3682.70166,5437.98193,7092.21729,6441.46045,10362.2197
12/3/2008,2085.35791,2733.90259,3553.99658,5264.94531,6810.50586,6154.33643,9929.8584
12/4/2008,2047.50073,2656.64111,3426.89673,5117.55615,6537.43115,5919.15576,9487.6543
12/5/2008,2009.91687,2582.07422,3306.76709,4969.18652,6276.78564,5742.72949,9074.73633
12/6/2008,1972.55701,2509.00464,3196.01318,4829.51025,6052.76562,5601.17188,8706.50098
12/7/2008,1935.26807,2437.38501,3094.4397,4694.12646,5847.02686,5465.07471,8370.37988
12/8/2008,1897.75391,2367.32788,3000.16382,4559.3457,5646.18506,5309.62988,8055.22314
12/9/2008,1859.28406,2299.16528,2911.22974,4420.80225,5464.72217,5151.22559,7770.09473
12/10/2008,1818.67737,2233.12305,2826.47827,4279.44727,5300.69678,5001.89014,7531.33057
12/11/2008,1774.21387,2169.23608,2745.17603,4140.18799,5146.42676,4813.46875,7343.46826
12/12/2008,1724.97656,2107.39697,2666.71631,4007.63623,4988.67871,4652.5791,7198.48779
12/13/2008,1672.70447,2047.19543,2590.69043,3884.40942,4828.63965,4478.9707,7063.73926
12/14/2008,1620.03455,1987.76904,2516.85059,3770.5376,4665.97119,4312.88428,6891
12/15/2008,1568.177,1927.61707,2445.09131,3665.41016,4505.1001,4173.3252,6672.27148
12/16/2008,1517.09387,1865.07617,2375.42188,3566.08374,4355.67188,4046.49072,6438.69434
12/17/2008,1466.06738,1800.28699,2307.86255,3467.32861,4217.74219,3925.42773,6211.50879
12/18/2008,1414.34851,1735.39807,2242.37476,3334.52734,4092.93506,3792.40723,5994.31934
12/19/2008,1361.70178,1672.27271,2178.75732,3146.87427,3979.54614,3606.46362,5790.15479
12/20/2008,1308.32214,1611.39099,2116.52026,2963.61304,3865.70752,3425.63428,5602.96875
12/21/2008,1254.66772,1552.22949,2054.80737,2820.9502,3707.85522,3257.59106,5432.13867
12/22/2008,1201.37842,1493.86182,1992.59912,2705.76025,3502.64478,3115.31689,5277.89502
12/23/2008,1148.99512,1435.62207,1929.31189,2612.6731,3313.00635,3012.76929,5130.46191
12/24/2008,1097.77661,1377.34558,1865.2312,2531.44556,3164.52832,2932.50513,4973.12842
12/25/2008,1047.98633,1319.26562,1801.30969,2456.02661,3047.79468,2846.13428,4794.3374
12/26/2008,1001.1012,1262.7312,1738.80872,2384.01562,2951.42896,2776.44751,4593.93701
12/27/2008,959.522949,1210.9137,1680.9303,2323.17236,2869.1936,2720.49829,4390.51709
12/28/2008,924.460693,1166.8175,1633.89746,2299.30298,2797.83496,2681.14722,4212.53467
12/29/2008,889.635376,1131.03162,1586.84949,2331.86279,2749.12988,2779.13965,4091.21216
12/30/2008,853.145203,1091.92212,1538.42957,2366.46069,2755.53857,2949.42383,4030.61206
12/31/2008,812.985962,1048.33105,1479.51392,2359.57178,2823.60132,3111.22095,3987.42773
1/1/2009,772.381226,1008.07257,1409.0647,2265.27954,2916.62964,3108.56079,3939.64185
1/2/2009,715.167542,973.401306,1347.23767,2119.17798,2994.55835,3090.62231,3908.73828
1/3/2009,599.920837,936.597778,1291.53552,2015.78845,2987.68579,2771.41089,3940.21509
1/4/2009,564.737305,889.506165,1241.81055,1984.28687,2864.24365,2576.82764,4052.32397
1/5/2009,605.971558,839.906128,1195.46069,2024.61975,2706.73828,2477.86401,4183.99707
1/6/2009,611.193542,791.08783,1150.1095,2055.41846,2579.05664,2371.37061,4244.18701
1/7/2009,616.139832,692.189331,1106.02344,2017.02881,2523.58887,2290.24463,4185.78516
1/8/2009,605.878418,601.65625,1064.1106,1898.4054,2524.11523,2255.58618,4004.7915
1/9/2009,588.193848,604.349426,1023.32129,1748.62805,2500.68848,2236.39575,3765.53125
1/10/2009,570.159546,624.084045,980.421204,1629.56372,2410.29443,2204.41089,3545.95361
1/11/2009,552.555725,627.866455,935.180542,1541.55432,2261.45166,2168.604,3363.85645
1/12/2009,532.949951,624.363281,883.612,1469.9989,2110.70532,2027.35413,3221.9707
1/13/2009,516.990173,609.00946,818.885193,1404.32141,1987.72388,1851.51343,3114.62451
1/14/2009,511.65094,589.733643,750.12854,1340.31299,1881.41357,1670.87354,3029.40967
1/15/2009,509.578278,571.319092,700.542847,1277.75757,1769.90613,1519.93359,2953.95776
1/16/2009,508.639099,552.020203,676.291321,1216.52234,1650.74243,1422.78943,2868.74097
1/17/2009,503.662598,532.809509,666.332397,1156.82129,1538.23596,1345.19202,2746.90845
1/18/2009,493.037384,521.64856,660.495483,1098.2594,1436.29077,1276.00598,2590.34839
1/19/2009,478.656342,517.743835,651.840942,1037.93884,1348.67859,1208.19104,2417.47192
1/20/2009,463.433502,516.604248,638.067139,969.070679,1274.31958,1151.55615,2251.35376
1/21/2009,449.436249,514.285461,620.808533,897.025879,1211.72729,1115.82703,2113.38574
1/22/2009,437.475189,507.003632,601.83728,840.280945,1151.38599,1061.0697,2007.92053
1/23/2009,427.264252,494.697662,583.167419,806.587219,1077.5332,999.910034,1928.2334
1/24/2009,417.964417,479.840363,567.680847,788.628784,999.934021,933.1604,1862.54944
1/25/2009,409.022797,465.000275,556.876465,776.590454,940.878967,870.134094,1804.2002
1/26/2009,400.430878,451.737488,549.803467,764.367615,905.037842,830.719116,1750.03918
1/27/2009,392.467896,440.394562,544.434387,750.453064,885.173401,815.647766,1691.42273
1/28/2009,385.369171,430.42807,538.35083,732.096802,873.12207,823.560547,1623.82104
1/29/2009,379.079163,421.101105,529.79425,710.08252,866.545593,846.503662,1549.70654
1/30/2009,373.172028,412.098663,518.548401,688.39386,860.920532,823.708862,1475.54053
1/31/2009,367.501984,403.547333,505.555664,667.838196,847.224487,806.943726,1413.91248
2/1/2009,362.140106,395.688049,492.159027,651.933899,825.591675,782.921997,1370.03223
2/2/2009,356.8992,388.676178,479.429016,643.90448,799.273499,749.765747,1345.87866
2/3/2009,348.259369,382.247345,467.802612,656.250305,783.130127,746.496216,1335.2312
2/4/2009,331.200134,376.286926,457.157257,669.446655,785.867493,754.861145,1318.33105
2/5/2009,324.292175,371.137878,447.281647,696.005371,800.573303,765.0271,1286.22046
2/6/2009,328.236664,366.634247,440.053894,775.802185,827.199097,784.432983,1243.03223
2/7/2009,328.638824,361.069122,440.045319,823.367371,845.746155,802.238159,1196.66101
2/8/2009,329.037476,347.262726,436.076813,773.384155,887.731934,810.017761,1155.87915
2/9/2009,327.277588,333.556152,423.796814,686.549927,961.031067,870.774109,1127.83838
2/10/2009,324.364594,331.956146,412.585876,614.405151,963.615051,922.425171,1110.66321
2/11/2009,320.964905,333.664795,402.718994,564.964417,875.366516,875.443298,1098.72852
2/12/2009,317.483246,333.978699,394.923187,538.081482,770.333801,774.333557,1087.73572
2/13/2009,314.099182,333.411346,387.737061,526.911499,690.569397,686.733826,1081.79053
2/14/2009,311.078491,331.279053,379.002716,522.342041,639.770691,630.581787,1087.89417
2/15/2009,308.512817,328.379913,369.143066,514.381042,613.497498,605.295532,1091.69983
2/16/2009,305.49353,325.205627,361.296631,498.710022,602.32666,600.873901,1068.13403
2/17/2009,302.559296,321.998352,356.674866,480.810394,595.891541,579.482056,1012.13458
2/18/2009,299.917999,318.950439,353.979767,466.165314,584.665161,551.971008,939.919495
2/19/2009,297.725067,316.361847,352.564301,455.900757,566.484253,539.432983,873.088684
2/20/2009,296.007202,313.660095,351.840912,447.243286,548.199097,532.426025,824.982056
2/21/2009,294.636444,310.699371,350.137695,437.589813,535.122314,527.384155,791.944336
2/22/2009,293.430084,307.888184,347.565796,427.116943,526.594177,513.973022,761.790344
2/23/2009,292.231262,305.439178,344.392181,418.556396,517.48468,507.602539,732.332642
2/24/2009,290.946594,303.493683,340.772217,414.866852,506.639832,505.377808,707.661072
2/25/2009,289.573975,302.232849,337.486267,415.040558,496.519714,495.43927,687.920471
2/26/2009,288.175934,301.238586,333.97876,415.683075,488.955414,486.900116,670.456909
2/27/2009,286.816559,299.876251,330.655975,415.044647,485.535583,487.520905,653.618408
2/28/2009,285.52887,298.303253,327.478363,413.877319,485.397003,485.835693,638.296814
3/1/2009,284.316711,296.67804,324.605438,418.331665,488.616974,508.994843,624.136353
3/2/2009,283.16864,295.003723,322.827515,434.456421,502.679016,536.693604,610.471008
3/3/2009,282.072998,293.363678,323.298187,472.851105,534.185669,568.702637,602.27887
3/4/2009,281.026123,291.776398,322.349762,498.970306,571.848694,592.146973,598.699463
3/5/2009,280.027618,290.240967,319.071014,521.469727,610.680725,650.141907,599.665527
3/6/2009,279.079681,288.748108,316.301575,600.833313,656.549011,668.084595,609.668457
3/7/2009,278.18277,287.295502,313.610168,684.477234,685.357544,678.504639,630.328857
3/8/2009,277.335938,285.878998,311.335785,704.818054,754.246887,758.069763,664.220764
3/9/2009,276.546753,284.522583,309.353424,648.008057,901.052856,877.839966,710.220886
3/10/2009,275.90448,283.244476,307.533478,554.502014,1022.49042,962.236206,755.933899
3/11/2009,275.680328,282.046356,305.775909,477.906555,1030.94104,979.888611,785.864258
3/12/2009,276.028168,280.936584,304.079437,428.222595,923.444031,918.655701,807.937805
3/13/2009,276.544159,279.92569,302.420319,405.482208,772.49054,781.386597,842.218628
3/14/2009,276.614838,279.05423,300.919098,420.297058,642.08728,651.313171,896.589417
3/15/2009,276.033447,278.514038,299.822052,564.097839,555.980652,585.485229,957.6651
3/16/2009,274.858002,278.587769,300.202423,812.187439,526.361023,682.472229,997.345642
3/17/2009,273.300232,279.362549,299.983551,866.975586,578.249023,1108.79626,992.174622
3/18/2009,272.530792,280.267731,298.368317,725.199341,806.312927,1705.08472,936.882874
3/19/2009,272.841675,283.061279,298.5289,594.372192,1094.65637,1315.1366,858.552368
3/20/2009,274.430969,289.774139,304.83139,500.048187,1169.28247,1000.19684,815.014282
3/21/2009,278.180389,295.992065,318.008667,456.598907,1093.33142,939.896362,895.449646
3/22/2009,281.286194,303.160828,353.192963,465.941162,1007.74237,891.311218,1152.26562
3/23/2009,282.386688,312.398926,371.081726,506.431427,924.158936,879.057007,1428.7168
3/24/2009,282.946289,322.484375,353.980225,624.536987,870.258911,939.362854,1488.86133
3/25/2009,284.508789,329.038879,359.974457,908.405396,876.53418,1093.95874,1377.80261
3/26/2009,287.178589,326.381744,410.416168,1209.89319,955.725159,1484.63879,1270.97217
3/27/2009,289.930908,322.100922,438.967194,1423.16968,1266.85657,2749.51489,1283.79883
3/28/2009,302.135101,321.586945,451.811218,1617.08667,1850.04858,2832.57495,1411.14124
3/29/2009,349.108459,330.22049,452.161163,1597.33313,2259.73779,2707.24219,1507.28308
3/30/2009,405.69342,345.416504,411.976044,1412.16345,2494.07666,3075.53906,1584.71655
3/31/2009,414.535645,348.655579,398.306091,1329.7738,2711.66431,2771.54224,1832.29663
4/1/2009,400.509644,352.050964,413.966705,1290.8324,2716.67969,2599.19385,2243.22754
4/2/2009,439.09494,392.58139,416.183197,1278.71399,2641.54883,2759.49341,2563.97119
4/3/2009,566.283752,468.637177,397.619507,1306.84753,2632.33862,2665.4397,2775.10571
4/4/2009,670.518311,525.548584,381.672058,1284.6604,2639.7041,2645.58228,2942.99414
4/5/2009,755.044189,550.98175,372.797424,1227.70801,2643.45483,2586.18481,2990.90625
4/6/2009,876.317261,576.738586,370.942657,1246.92896,2647.05762,2505.63696,3045.81934
4/7/2009,874.824951,687.364502,381.186188,1345.65723,2593.82373,2326.35498,3204.80078
4/8/2009,842.955261,913.325012,410.906464,1452.13171,2522.85864,2280.87695,3314.37598
4/9/2009,940.295898,1108.08215,451.791504,1475.64099,2540.62646,2446.05981,3295.54297
4/10/2009,1099.34412,1218.98022,494.793823,1421.15564,2614.40234,2602.59253,3206.09595
4/11/2009,1223.55334,1234.61182,547.752869,1339.67029,2639.74829,2362.29419,3066.53931
4/12/2009,1252.87,1204.19641,643.935791,1185.34875,2567.19922,2419.92944,2884.83643
4/13/2009,1208.02551,1267.29016,882.717896,1021.69562,2484.10083,2531.21924,2755.59521
4/14/2009,1124.69946,1427.00195,1081.51758,950.481689,2375.16724,2407.10107,2759.00586
4/15/2009,1049.47217,1609.54114,1178.31018,1032.78564,2190.57495,2186.09766,2846.63916
4/16/2009,997.058655,1722.07068,1273.11401,1269.06299,2055.01929,2265.13135,2981.28003
4/17/2009,952.701233,1715.89673,1324.68127,1520.10522,2083.14111,2919.13843,3118.28345
4/18/2009,915.33606,1626.0592,1337.55225,1881.72314,2384.86353,3781.29028,3183.14111
4/19/2009,892.722778,1528.11609,1331.35046,2241.56543,2873.75098,4580.89307,3143.2644
4/20/2009,878.935181,1473.88062,1382.48523,2340.79663,3567.75781,5977.64355,3075.59668
4/21/2009,862.435852,1436.0719,1477.37671,2328.58179,4458.85742,6065.28857,3186.16699
4/22/2009,848.679871,1385.25293,1581.59644,2291.71118,4962.95508,5025.56787,3596.45044
4/23/2009,836.531738,1337.88123,1651.03577,2211.6897,4929.41357,4594.70996,4247.84766
4/24/2009,811.459167,1302.18335,1658.93518,2118.31372,4700.86279,4306.80615,5054.94873
4/25/2009,776.045593,1272.4967,1624.36609,2040.24402,4400.91699,3865.25488,5874.10889
4/26/2009,742.80719,1250.17053,1624.47437,1998.64844,4092.47803,3642.72583,6341.58887
4/27/2009,710.638733,1241.16077,1777.26135,2054.44751,3862.70923,3534.02222,6330.4917
4/28/2009,688.074707,1237.40088,1881.00574,2187.99438,3726.50244,3737.17456,6149.85693
4/29/2009,687.057922,1220.13306,1845.42151,2313.17798,3652.5542,3698.18091,6002.81445
4/30/2009,692.75769,1187.35571,1782.01953,2371.80078,3639.32324,3941.56641,5899.15479
5/1/2009,690.424805,1153.26086,1680.04004,2451.79907,3704.96729,4139.71973,5809.52832
5/2/2009,700.70166,1148.46912,1567.39832,2621.97412,3878.23413,4582.96289,5797.27344
5/3/2009,754.360901,1172.60876,1460.53809,2811.02246,4117.64941,5081.29541,5962.66602
5/4/2009,830.230774,1204.84741,1394.1825,2963.15454,4480.55176,5590.11377,6199.39844
5/5/2009,894.819397,1211.35107,1352.75989,3041.34351,4945.5625,5776.90869,6297.99121
5/6/2009,970.650269,1191.84485,1314.06042,3014.64941,5280.74805,5588.65479,6227.4165
5/7/2009,1004.34717,1214.83911,1270.85596,2880.78394,5402.80615,5300.94092,6177.15723
5/8/2009,972.070251,1322.41858,1235.8042,2711.20312,5350.66943,4747.51953,6236.69336
5/9/2009,933.906067,1411.41589,1228.05225,2598.8147,5150.20312,4317.19043,6359.43115
5/10/2009,907.786438,1433.06897,1269.12634,2786.58618,4846.15527,4138.33838,6461.91064
5/11/2009,897.122192,1436.34937,1409.22131,3246.5061,4554.05078,4298.1123,6483.71582
5/12/2009,905.287476,1394.29395,1504.69971,3461.28613,4487.16357,5207.8252,6442.21191
5/13/2009,957.391785,1319.44836,1504.25073,3445.70679,4801.8252,6226.78564,6364.33057
5/14/2009,1072.45679,1257.9989,1526.28943,3661.98071,5227.45947,5889.30078,6316.69189
5/15/2009,1219.36182,1232.93616,1586.24646,4074.86792,5386.63721,6082.14746,6340.20312
5/16/2009,1401.27222,1279.76624,1672.47559,4598.80518,5616.33252,7267.44482,6525.30469
5/17/2009,1482.11108,1414.5343,1786.68042,4977.92822,6219.13818,8186.36865,6977.90088
5/18/2009,1563.55566,1706.66406,1802.6322,4959.11963,6939.44727,9062.36914,7566.16748
5/19/2009,1699.21399,2053.88403,1712.66406,4777.76611,7710.51416,9316.24805,8066.17676
5/20/2009,1875.03931,2409.3877,1674.15051,4799.57666,8268.28516,9102.7793,8701.22461
5/21/2009,2047.19385,2767.39478,1805.90601,5537.12256,8555.94434,9600.22949,9671.58203
5/22/2009,2066.34448,3018.51416,1897.177,6861.67578,8940.53223,10846.0283,10694.9873
5/23/2009,2019.67859,3270.74097,1865.65808,7604.78271,9663.94824,12819.2344,11533.6875
5/24/2009,1938.17749,3563.08447,1905.47485,7270.05762,10922.3203,15009.5176,12139.2324
5/25/2009,1824.40698,3763.26904,2014.35278,6509.36084,12414.6963,14791.6924,12662.9062
5/26/2009,1695.34167,3772.87305,2250.44678,5792.48096,13062.3428,12240.5078,13284.2734
5/27/2009,1621.04504,3621.62329,2605.91919,5420.37354,12625.6738,11308.0195,14176.6631
5/28/2009,1557.02795,3403.73584,2989.68604,5545.8457,11949.7236,11256.002,15496.8213
5/29/2009,1488.745,3213.48047,3478.19604,5856.56055,11425.0996,11005.0059,16817.2715
5/30/2009,1549.27625,3063.56641,4001.36963,6353.22217,11087.7217,11152.6211,17256.0547
5/31/2009,1766.47693,2985.32959,4419.95068,6801.15332,10955.3574,11073.0449,16660.377
6/1/2009,2106.74219,2983.44995,4564.08252,7105.76953,10997.2422,11980.3672,15705.3047
6/2/2009,2509.54395,3006.11084,4397.59521,7392.81592,11285.8525,12195.3848,14849.8086
6/3/2009,2645.97485,3170.20898,4115.65332,7469.81689,11601.9258,12605.2588,14260.5117
6/4/2009,2396.40552,3536.10571,3799.93506,7653.36279,11879.2295,12736.1416,14089.2666
6/5/2009,2171.63452,4049.47925,3573.24463,8126.57812,12049.4775,12242.3848,14364.6113
6/6/2009,2249.0686,4697.20508,3464.84058,8594.50391,12058.8027,12727.9473,14915.3643
6/7/2009,2532.31226,5131.09375,3473.11401,8668.21191,12274.3643,13490.9961,15389.5293
6/8/2009,2700.64697,4973.45117,3587.37646,8275.62891,12659.2803,13567.2168,15580.001
6/9/2009,2729.40747,4532.6333,3711.10645,7631.50391,12867.7051,12524.1201,15431.29
6/10/2009,2810.18848,4294.18115,3866.16162,6993.38672,12577.0771,11067.1416,15157.207
6/11/2009,2913.79785,4416.23682,4105.9126,6574.56982,11818.79,9856.60742,15129.3076
6/12/2009,2952.74658,4666.32178,4427.70898,6279.96094,10844.3359,9000.31738,15325.6914
6/13/2009,2894.72437,4752.90576,4798.57373,6096.08301,9971.07422,8932.57129,15496.957
6/14/2009,2800.85742,4778.7583,5079.55615,6109.10498,9399.44727,8672.78027,15328.0742
6/15/2009,2666.50537,4839.49072,5074.06396,6225.85156,9029.74414,8705.45996,14648.7529
6/16/2009,2507.67847,4839.35742,4856.31445,6354.08105,8850.49023,8977.69629,13643.2861
6/17/2009,2365.70459,4722.41064,4758.46826,6530.35742,8926.80566,9596.26465,12713.0771
6/18/2009,2273.99658,4558.40381,4870.7627,6799.95654,9145.90527,9682.96777,12134.8018
6/19/2009,2251.62817,4398.61572,5046.34277,7168.13721,9357.42773,10159.2275,11926.7793
6/20/2009,2216.77026,4211.37695,5200.31201,7677.47021,9593.30371,10343.3057,11969.1943
6/21/2009,2106.49854,4024.00024,5262.49463,8381.04297,9843.38184,10869.4189,12085.4639
6/22/2009,1953.50781,3883.95142,5210.51904,8908.51465,10219.1094,11743.0156,12284.2607
6/23/2009,1828.65442,3815.51685,5103.45801,8908.40625,10850.5938,12953.667,12665.1406
6/24/2009,1780.06531,3775.59692,4963.41064,8673.44238,11642.7959,13039.7949,13138.8857
6/25/2009,1772.30359,3635.69531,4842.85742,8444.03125,12092.124,11981.9902,13496.9121
6/26/2009,1743.97314,3397.69556,4716.72412,8281.95703,12019.7695,11613.3867,13721.6514
6/27/2009,1680.49512,3180.30322,4567.521,8275.89844,11802.6221,11512.7002,13959.5215
6/28/2009,1631.86646,3105.21143,4476.57715,8517.5459,11546.7148,11454.3652,14239.5361
6/29/2009,1714.59924,3195.15601,4447.23633,9038.46387,11471.7549,12177.9375,14334.2803
6/30/2009,1928.17712,3345.08228,4503.36914,9467.39551,11661.1377,12639.79,14178.5732
7/1/2009,2195.2832,3529.73828,4546.80078,9593.6582,12063.7021,13879.2021,13994.3896
7/2/2009,2679.67358,3905.0542,4546.11719,9539.91113,12694.7617,14071.6416,13850.5195
7/3/2009,3404.50659,4536.90332,4456.1543,9449.84766,13176.4463,13923.2568,13801.4775
7/4/2009,3784.01514,5128.85059,4245.6582,9275.51172,13393.4512,13792.5488,13993.1699
7/5/2009,3811.29443,5755.36719,4090.96899,8992.14062,13485.9141,13979.917,14500.2695
7/6/2009,3788.63379,6902.13184,4192.48242,8854.83594,13489.7012,13686.2246,15217.0479
7/7/2009,4110.50439,8448.48828,4598.70703,9150.41797,13437.7559,14035.1299,15848.5381
7/8/2009,4930.16797,9321.90137,5145.46973,9699.42969,13558.5928,14905.3369,16198.0176
7/9/2009,5631.7666,9267.5957,5465.70508,9919.25293,13934.0059,15775.5762,16318.0371
7/10/2009,5751.58838,8991.34277,5629.90527,9607.45996,14597.0664,16812.4824,16365.9688
7/11/2009,5265.53809,9011.21875,6002.13574,9131.47363,15161.1182,15468.2227,16412.1504
7/12/2009,4693.32129,9604.5498,6607.13379,8858.27441,15049.0654,14072.1025,16547.8438
7/13/2009,4416.1084,10374.4121,7598.80078,8800.67773,14469.5566,13624.1543,16949.2871
7/14/2009,4513.01172,10832.3857,8879.18066,8957.50781,13850.9619,13555.0947,17631.1172
7/15/2009,4855.17725,10597.1416,9706.57812,9284.44824,13491.2188,14199.293,18271.0195
7/16/2009,4910.06641,9766.94141,9871.94629,9721.14746,13435.7041,14700.0518,18440.4883
7/17/2009,4571.375,8939.48926,9847.80762,10337.749,13710.4922,15668.6436,18442.7871
7/18/2009,4187.26367,8471.6582,10003.7412,11058.8057,14313.8877,17109.4824,18698.6602
7/19/2009,3926.5459,8449.0293,10393.7266,11998.3887,15255.0537,19082.7188,19120.4043
7/20/2009,3811.13892,8523.97949,10752.4736,13321.8008,16566.6094,20867.0469,19577.668
7/21/2009,3742.88403,8250.79785,10858.2832,14584.1094,18060.1953,22526.9551,20155.3828
7/22/2009,3703.4126,7821.21924,10588.5615,15469.0781,19625.6621,23710.2598,21016.3574
7/23/2009,3605.83105,7637.19727,10109.1377,16077.2637,21148.3184,24715.3125,22281.1348
7/24/2009,3436.4834,7584.05957,9647.45117,16182.2246,22459.1445,24947.4453,24044.7559
7/25/2009,3302.28979,7427.0293,9339.86328,15897.791,23238.4668,23953.4531,25926.5332
7/26/2009,3172.79907,7162.72266,9124.10449,15723.6846,23267.4688,22372.957,27395.2109
7/27/2009,3047.71411,6843.37549,8872.82227,15657.9395,22629.8223,21015.0312,28217.7832
7/28/2009,2981.03809,6460.82373,8577.43555,15562.0938,21743.8789,20769.7324,28496.0293
7/29/2009,2950.97437,6057.36914,8298.99805,15349.209,21125.2188,20927.668,28385.9004
7/30/2009,2987.39404,5756.0708,8095.26465,15026.8604,20742.6406,20645.1602,27981.2793
7/31/2009,3110.44263,5524.62988,7931.18213,14990.2393,20560.1699,21014.6465,27639.5742
8/1/2009,3290.45459,5299.64453,7740.71191,15526.916,20604.3906,21188.8848,27522.3672
8/2/2009,3506.63818,5136.43115,7478.28223,16379.3555,20625.3906,21318.5332,27412.5684
8/3/2009,3666.37183,5156.04248,7151.84521,16527.4648,20785.5742,22891.0234,27145.6895
8/4/2009,3760.46021,5395.77734,6826.17871,15635.3789,21384.4941,24103.2871,26932.0215
8/5/2009,3779.69678,5702.90625,6542.4458,14473.5361,22107.8887,22982.4609,27031.5293
8/6/2009,3714.40674,5922.66895,6264.31836,13324.0684,22146.7656,20881.2832,27194.6855
8/7/2009,3805.98535,6080.24512,6010.94922,12378.0967,21429.8867,19683.7227,27274.8867
8/8/2009,4197.71533,6208.61377,5819.93359,11747.7051,20491.6777,18472.8652,27497.5527
8/9/2009,4470.53125,6261.71924,5736.80029,11505.1152,19403.6777,17536.9258,27647.8438
8/10/2009,4401.00439,6250.23877,5774.80469,11877.4033,18424.2129,17327.7402,27174.459
8/11/2009,4114.36182,6269.63672,5871.90186,12782.1699,17857.1152,18204.4707,26052.6602
8/12/2009,3837.95825,6596.10156,6003.12939,13401.8242,17863.4746,19850.7773,24664.0762
8/13/2009,3761.32593,7098.9043,6183.68164,13352.5352,18723.793,22402.0059,23322.4082
8/14/2009,3752.36475,7285.10205,6451.85791,12808.8066,19825.6367,20824.418,22190.5547
8/15/2009,3790.46362,7040.06738,6776.21777,12107.874,20165.1152,19589.8164,21498.0801
8/16/2009,3871.82349,6599.14844,6917.75,11577.207,19682.9863,18166.373,21519.0371
8/17/2009,3939.21191,6325.60693,6919.99121,11130.583,18872.2891,18091.7969,22267.9609
8/18/2009,4039.46387,6307.07373,6987.13867,10739.3281,18189.4473,17577.1758,23173.6016
8/19/2009,4071.69482,6380.5874,7145.60254,10495.9189,17661.3105,17124.666,23501.7305
8/20/2009,4021.02026,6633.64209,7302.32959,10420.7627,17240.9375,16733.2012,23200.9844
8/21/2009,3967.18115,6899.60742,7285.13184,10406.873,16947.1641,16778.1621,22512.9551
8/22/2009,3896.95605,6954.65332,7179.57812,10454.5,16794.293,16598.8613,21731.0723
8/23/2009,3991.31763,7042.40625,7192.15674,10450.7275,16599.2422,16096.958,21045.1777
8/24/2009,4224.86035,7174.62842,7262.86182,10322.1299,16283.8066,15805.4717,20400.8652
8/25/2009,4428.19482,7076.52441,7319.16455,10221.708,15915.2861,15213.7031,19941.8633
8/26/2009,4569.86133,6794.03809,7333.06787,10222.3584,15441.542,14457.2236,19780.6152
8/27/2009,4595.26904,6639.16406,7303.33008,10238.542,14921.5898,14290.4629,19723.0762
8/28/2009,4666.96436,6820.77734,7335.76514,10227.7148,14570.2139,14492.9678,19597.9336
8/29/2009,4887.39844,7224.99756,7501.34033,10197.0166,14432.4658,14451.7744,19290.9023
8/30/2009,5067.92725,7522.63818,7706.34961,10114.8955,14381.1436,14486.7334,18735.377
8/31/2009,5188.80859,7599.50928,7739.46094,10056.5166,14359.7354,14350.1523,18088.1484
9/1/2009,5293.66455,7576.70898,7614.23877,10086.2637,14283.9434,14060.5293,17612.8379
9/2/2009,5314.65625,7689.77344,7424.52197,10077.6396,14102.1211,13947.3945,17494.2637
9/3/2009,5286.32471,7889.88477,7317.88965,10021.9941,13937.1553,14240.9072,17678.873
9/4/2009,5218.09863,7975.08252,7371.52588,10064.3535,13858.2803,14098.96,17868.7012
9/5/2009,5141.96387,8002.04443,7523.07471,10256.4609,13820.2246,14352.7295,17844.0898
9/6/2009,5133.38525,7998.65088,7689.62061,10516.6816,13961.1221,15482.6152,17646.873
9/7/2009,5147.43799,7927.09326,7817.65723,10787.1279,14411.5684,17340.1738,17496.3027
9/8/2009,5219.72754,7842.0083,7921.93311,10991.4971,15345.8779,19405.5879,17522.5273
9/9/2009,5308.54102,7705.35352,8051.95264,10726.4668,16535.4043,19412.4551,17826.1543
9/10/2009,5231.97168,7567.13672,8181.12793,10220.6084,17328.4863,18315.4316,18767.5781
9/11/2009,5022.05176,7522.55029,8233.12695,9958.50293,17350.75,16511.0977,20540.7461
9/12/2009,4827.02148,7485.42871,8225.32031,9846.28711,16771.793,16201.3809,22794.2773
9/13/2009,4741.94238,7461.62207,8230.7959,9836.11523,16259.3398,16384.2773,24731.1836
9/14/2009,4938.9165,7539.40137,8279.07129,10078.9414,16000.7822,16087.543,25450.1289
9/15/2009,5358.43701,7577.42871,8320.96387,10812.7695,15802.3613,15605.29,24605.1758
9/16/2009,5515.17969,7390.15381,8347.99512,11600.2275,15580.4033,15514.0078,23005.6367
9/17/2009,5391.63867,7224.17529,8378.66797,11965.9141,15537.1074,16660.002,21707.625
9/18/2009,5313.68213,7493.33105,8595.85547,11948.8945,15894.4854,17033.2949,20887.1973
9/19/2009,5380.39941,8204.13281,8867.4209,11848.5,16203.5918,16579.2266,20254.6582
9/20/2009,5503.24609,8772.72168,8940.27246,11989.7607,16235.1221,16237.6719,19698.6094
9/21/2009,5455.24072,8832.7627,8741.16992,12298.0205,16189.1836,16860.2031,19376.5957
9/22/2009,5193.92041,8727.9043,8367.07617,12507.4131,16425.9785,18306.6328,19401.2109
9/23/2009,4921.47705,8728.61523,8214.43848,12384.377,17110.0039,19224.3809,19581.9004
9/24/2009,4744.63525,8756.33984,8368.29688,12130.5996,17856.7422,19227.2617,19618.5469
9/25/2009,4564.29834,8624.21582,8630.47363,12281.46,18259.2168,18207.4238,19646.6152
9/26/2009,4389.29736,8240.89062,8910.17383,13010.6934,18144.3164,17974.3945,20046.7031
9/27/2009,4212.51074,7751.14209,9212.40527,14608.7383,18005.2773,19484.9004,20738.2266
9/28/2009,4023.2832,7391.2915,9419.69141,16716.123,18554.1719,22124.1582,21307.0234
9/29/2009,3864.98926,7146.81055,9391.60938,17129.2461,19867.6289,26313.4297,21602.375
9/30/2009,3748.77417,6840.14404,9204.26074,16157.3604,22034.8223,28715.1094,21940.4375
10/1/2009,3648.50513,6478.22021,9038.73242,15756.4365,23908.2949,24415.793,23184.6035
10/2/2009,3558.12109,6188.68311,8953.9209,15662.3779,24053.0527,24710.5586,26101.9023
10/3/2009,3485.03101,6005.42432,8813.83984,15237.46,23809.3555,27830.0645,30415.5449
10/4/2009,3410.96875,5791.96631,8492.68164,14639.3105,24598.1484,29944.002,34054.4219
10/5/2009,3319.49561,5494.04248,8081.25391,14105.623,25603.2871,27369.5332,35070.1328
10/6/2009,3214.94019,5206.28711,7670.38867,13538.418,25621.4453,24542.0176,34776.8945
10/7/2009,3111.28735,4952.5918,7306.36523,13008.3965,24757.1035,22433.2949,35341.0742
10/8/2009,3024.59766,4746.43945,7003.71045,12588.1816,23449.0176,20622.4688,36604.1172
10/9/2009,2958.28003,4561.84229,6750.54785,12256.4121,21944.0312,19195.625,37189.2461
10/10/2009,2918.29028,4367.48877,6480.96826,11913.2148,20549.7891,18314.4531,36133.8398
10/11/2009,2930.22363,4189.42627,6178.04053,11418.3311,19390.334,17566.8477,33545.9688
10/12/2009,3005.32178,4044.23926,5904.73242,10798.9775,18436.9805,16624.2305,30346.3047
10/13/2009,3074.40259,3927.22168,5661.69336,10180.1826,17535.7129,15381.6641,27361.2852
10/14/2009,3043.4104,3848.73511,5423.52881,9646.39258,16536.1855,14178.6465,24982.0801
10/15/2009,2988.44312,3806.78735,5254.34326,9201.30957,15435.1436,13177.1865,23240.3906
10/16/2009,2962.80444,3807.87524,5271.76514,8798.80469,14368.8857,12472.3408,21919.4473
10/17/2009,2951.27344,3859.72705,5167.63184,8389.51367,13448.999,11902.4072,20726.8652
10/18/2009,2971.3335,3861.66602,4835.62549,7995.83057,12687.6982,11452.5557,19504.6016
10/19/2009,2991.77686,3766.82446,4547.79053,7693.79248,12063.665,11037.7383,18347.3262
10/20/2009,3044.02026,3672.28955,4314.37256,7461.64404,11560.7451,10965.5322,17442.1602
10/21/2009,3149.84863,3627.65283,4159.79932,7266.83545,11230.5264,11218.1133,16871.4688
10/22/2009,3209.47925,3670.17065,4097.8335,7218.90088,11061.082,11254.4238,16432.8262
10/23/2009,3172.23096,3794.55811,4115.56201,7206.7041,10951.9863,11064.8105,15877.6826
10/24/2009,3086.85571,3918.96558,4151.02051,7016.98877,10860.0898,11173.998,15403.9043
10/25/2009,3000.96973,4043.74902,4115.51904,6659.05078,10851.5664,11397.6924,15255.9951
10/26/2009,2930.56885,4157.17041,4009.98169,6253.89014,11000.0098,11532.9473,15408.1738
10/27/2009,2867.3396,4157.81104,3914.16235,5872.19727,10932.4512,9668.99316,15701.9766
10/28/2009,2815.07959,4029.29517,3873.22388,5577.90576,10368.3896,8999.79785,15864.3291
10/29/2009,2765.74878,3869.95679,3885.29614,5436.50684,9687.21582,8600.15332,15683.2275
10/30/2009,2711.48657,3738.65039,3935.76245,5428.39404,9136.19434,8354.67578,15280.7686
10/31/2009,2644.50537,3599.2793,4013.56445,5446.12646,8703.46582,8054.45312,14699.0869
11/1/2009,2565.4292,3453.88257,4095.11646,5367.79297,8366.33008,7822.23633,13790.9775
11/2/2009,2486.06494,3328.27881,4141.42627,5206.88965,8076.57031,7488.24756,12814.1963
11/3/2009,2413.84473,3217.16016,4124.07764,5041.62549,7762.50146,7033.85107,11999.5557
11/4/2009,2351.92163,3111.72144,4058.89575,4943.66797,7387.34912,6633.9209,11356.4912
11/5/2009,2303.05249,3008.06177,3992.96802,4940.55029,7028.18359,6477.97803,11050.8262
11/6/2009,2269.6853,2915.23413,3903.23804,5062.59326,6746.30029,6435.28613,11219.0039
11/7/2009,2238.14453,2826.12354,3775.83081,5249.1792,6559.8418,6690.84131,11614.3975
11/8/2009,2174.16772,2733.99683,3634.44531,5322.81055,6551.0332,7060.09131,11590.7998
11/9/2009,2078.82349,2651.42236,3488.72974,5294.89209,6681.6377,6936.91357,11012.4932
11/10/2009,1985.55859,2583.59497,3357.71777,5237.12109,6713.28662,6507.32715,10412.5059
11/11/2009,1904.13196,2528.39502,3239.02783,5125.50537,6603.44531,6353.45166,10074.9053
11/12/2009,1834.44324,2460.98779,3130.22266,4987.69727,6462.3374,6218.19482,10030.9355
11/13/2009,1775.72461,2360.71094,3028.44092,4831.74463,6308.96484,5999.77832,10110.0557
11/14/2009,1725.64966,2246.4165,2931.37622,4656.42236,6136.84961,5784.3877,9934.82812
11/15/2009,1681.99878,2140.65381,2839.53809,4478.4585,5956.56641,5550.93945,9483.39062
11/16/2009,1642.7854,2047.98608,2755.12549,4309.39893,5758.29639,5278.78467,8997.66699
11/17/2009,1606.6394,1969.70178,2680.37109,4157.84277,5533.42041,5015.20703,8559.22461
11/18/2009,1581.12524,1908.70337,2610.08521,4024.86328,5296.98535,4789.73291,8194.62207
11/19/2009,1602.38184,1860.16089,2532.53394,3921.08911,5065.79248,4626.80469,7932.47266
11/20/2009,1657.67285,1812.83411,2439.21411,3848.69824,4859.75342,4494.34717,7698.42041
11/21/2009,1654.52246,1768.83044,2337.72559,3766.02441,4690.04883,4414.55664,7406.98633
11/22/2009,1596.50415,1739.71143,2238.53735,3644.65063,4560.48438,4353.9873,7073.15332
11/23/2009,1540.47021,1732.43994,2147.50854,3519.60767,4453.97705,4205.52148,6748.73096
11/24/2009,1515.41248,1758.82385,2068.98926,3413.13403,4325.8916,3982.57642,6472.06104
11/25/2009,1543.7168,1779.14075,2002.27576,3318.81201,4168.96777,3850.51099,6262.34033
11/26/2009,1563.96814,1734.62634,1943.6842,3228.10913,4020.33228,3750.8562,6114.80713
11/27/2009,1539.90247,1658.95642,1891.71167,3127.20654,3891.80542,3623.00146,5996.89404
11/28/2009,1500.35059,1602.01428,1848.54822,3018.24072,3771.80444,3498.61304,5858.84912
11/29/2009,1457.00549,1594.63977,1819.63428,2910.77271,3651.67603,3364.36841,5690.69727
11/30/2009,1413.95618,1616.54785,1808.78821,2806.69531,3528.75757,3236.91113,5521.30566
12/1/2009,1379.03931,1609.3075,1806.10071,2678.43555,3401.65039,3102.64038,5364.3877
12/2/2009,1357.48621,1571.56702,1791.33521,2505.08838,3281.84619,2915.99512,5217.79102
12/3/2009,1341.54553,1523.4386,1756.50183,2355.3147,3177.1499,2736.8877,5077.79297
12/4/2009,1325.08618,1474.92517,1713.09949,2247.31274,3038.98193,2612.59961,4929.56641
12/5/2009,1312.31323,1430.70203,1679.29614,2186.10571,2859.26416,2522.15576,4765.5459
12/6/2009,1290.72839,1398.18726,1662.12329,2181.17456,2707.49365,2463.72363,4592.2627
12/7/2009,1261.23767,1376.90625,1651.30139,2143.65845,2593.53931,2447.2063,4402.28223
12/8/2009,1239.78845,1357.6449,1633.651,2082.14087,2540.81299,2423.33398,4190.3335
12/9/2009,1220.65723,1341.30591,1604.79028,2026.87183,2520.08032,2446.85718,3971.02344
12/10/2009,1199.68115,1324.0542,1566.93127,1959.6626,2459.44751,2427.29785,3763.21143
12/11/2009,1176.9126,1296.81482,1525.44775,1895.7876,2390.09375,2321.74634,3584.14893
12/12/2009,1152.74121,1270.02307,1487.05188,1849.75269,2319.69067,2203.96069,3439.07568
12/13/2009,1128.56921,1250.16541,1455.11328,1829.31116,2241.22656,2113.67407,3320.95581
12/14/2009,1106.56299,1231.40552,1428.64917,1818.92017,2170.32544,2080.50757,3219.96558
12/15/2009,1086.8833,1211.40112,1406.33411,1797.85828,2123.11768,2093.71924,3114.4502
12/16/2009,1067.40125,1190.54993,1385.50305,1761.06128,2101.5603,2082.19727,2987.12354
12/17/2009,1046.57446,1168.37915,1362.72083,1715.15637,2084.86646,2023.2085,2847.1228
12/18/2009,1023.16254,1145.62341,1338.18433,1667.37732,2056.58496,1948.26135,2723.27515
12/19/2009,997.072754,1124.92322,1314.2688,1623.09436,2012.02014,1859.33887,2643.26587
12/20/2009,970.168152,1105.49951,1291.8479,1587.07336,1951.75427,1801.30115,2609.3374
12/21/2009,946.772644,1085.87439,1270.42456,1558.62134,1888.21387,1790.9679,2591.42603
12/22/2009,932.562317,1064.72546,1249.30505,1534.57397,1831.91895,1743.59949,2556.50635
12/23/2009,932.120422,1039.93933,1227.81262,1511.40686,1782.69141,1731.79248,2499.43237
12/24/2009,925.736755,1011.80334,1205.86963,1485.03503,1742.81934,1685.39453,2426.86792
12/25/2009,887.241577,984.894897,1184.07715,1456.0033,1707.03186,1652.13892,2356.948
12/26/2009,838.76532,962.917358,1162.85815,1427.59937,1669.89648,1591.26489,2300.93091
12/27/2009,798.756653,953.352905,1142.03455,1400.88904,1628.72607,1538.89832,2256.03638
12/28/2009,760.97522,955.151184,1120.91748,1375.6366,1584.83777,1499.43115,2215.46167
12/29/2009,727.548645,935.72821,1098.3949,1352.31995,1543.38855,1464.68323,2164.00024
12/30/2009,696.765991,889.460144,1073.82507,1335.4447,1506.0011,1442.02942,2092.2168
12/31/2009,668.089844,842.901917,1048.27148,1326.72729,1475.13782,1428.4231,1999.51624
1/1/2010,641.888489,800.675598,1025.01318,1317.0741,1454.44678,1433.24353,1898.03308
1/2/2010,619.954651,761.953857,1008.50226,1311.62354,1452.51611,1464.07629,1804.84338
1/3/2010,604.859924,727.412964,995.935486,1313.40503,1456.4231,1445.6886,1726.38843
1/4/2010,584.531677,695.868591,979.33136,1340.47852,1445.85864,1436.81665,1664.39893
1/5/2010,558.842834,667.05957,953.653992,1414.64514,1431.85071,1405.81934,1624.15503
1/6/2010,536.482605,641.577576,919.85968,1477.69727,1429.29309,1341.52307,1606.60437
1/7/2010,515.214844,623.977539,886.170044,1472.14319,1478.93921,1344.24036,1603.19629
1/8/2010,496.424042,608.7901,859.82196,1391.54333,1575.63843,1422.42847,1596.72778
1/9/2010,479.015656,587.419678,865.217651,1313.30908,1645.50488,1518.93994,1578.87842
1/10/2010,461.308716,565.889771,860.863403,1357.16711,1636.38635,1558.90137,1548.76855
1/11/2010,442.187683,549.325806,809.742004,1482.35327,1546.2207,1634.27234,1516.71765
1/12/2010,423.306305,536.167542,754.952698,1527.80334,1481.09192,1858.89941,1509.27881
1/13/2010,406.969604,523.966003,710.558716,1446.21802,1538.74707,2004.28247,1541.33838
1/14/2010,393.851349,508.370239,677.185913,1315.36169,1639.51733,1792.8031,1600.01978
1/15/2010,383.925873,486.363007,651.370422,1197.92651,1657.35535,1536.82874,1669.16797
1/16/2010,375.508514,461.327545,628.346863,1122.83728,1595.89709,1432.06128,1763.52246
1/17/2010,367.067139,438.509918,607.077637,1065.06018,1515.29419,1382.25977,1891.09412
1/18/2010,357.815918,420.064575,587.806702,991.851257,1440.59961,1344.00562,1986.10193
1/19/2010,347.974518,406.011108,570.354797,924.84198,1372.61951,1263.60693,1976.21741
1/20/2010,338.501068,395.327789,552.795166,880.67157,1288.09937,1115.19519,1885.46655
1/21/2010,330.652191,386.839813,536.588013,864.310913,1194.90161,1028.95667,1785.26575
1/22/2010,326.045471,383.876465,521.377441,920.524231,1115.45142,1004.29236,1728.20825
1/23/2010,323.085205,394.850739,517.516541,1003.01733,1075.71362,1255.1062,1718.49988
1/24/2010,320.431519,413.940033,514.066467,1065.83496,1170.28662,1822.80139,1722.41711
1/25/2010,318.732025,405.592316,501.965576,1267.98132,1399.19556,1888.01758,1688.32422
1/26/2010,317.242615,380.835876,483.992706,1511.32898,1587.64355,1855.03625,1622.48743
1/27/2010,316.485992,369.698151,464.587097,1542.88562,1732.41797,2348.76685,1602.49658
1/28/2010,324.781464,370.919189,455.074432,1433.07812,1978.52039,2559.99023,1698.21143
1/29/2010,341.575836,388.106232,448.5914,1289.63989,2151.85107,2071.60449,1888.47742
1/30/2010,349.839081,401.946289,453.852966,1160.85925,2097.38135,1758.72791,2056.12134
1/31/2010,345.175293,412.132935,454.593384,1067.69958,1939.1521,1530.99109,2202.92236
2/1/2010,337.298065,428.984985,439.900787,985.864746,1747.87061,1418.22327,2383.09033
2/2/2010,332.126007,446.461823,426.850098,915.394531,1579.25745,1304.26099,2472.15698
2/3/2010,324.699463,449.199707,417.219604,880.653503,1455.50183,1155.23108,2369.56494
2/4/2010,308.339722,435.227875,414.388824,873.438416,1344.09082,1044.0603,2158.97949
2/5/2010,301.44632,423.303711,417.112854,905.4151,1248.49878,987.131531,1935.01184
2/6/2010,304.960175,416.028992,423.915344,1012.85248,1187.95081,1009.40515,1742.37427
2/7/2010,305.533051,411.17688,439.47287,1151.40527,1158.27637,1115.99829,1589.42407
2/8/2010,307.101471,396.934967,457.217651,1283.4115,1192.64502,1220.94812,1462.70459
2/9/2010,306.405151,379.319489,463.477631,1311.66345,1299.74023,1432.87976,1361.61621
2/10/2010,303.736511,372.359314,460.233582,1219.84436,1428.33423,1791.33008,1293.29065
2/11/2010,300.431946,370.568695,452.278961,1155.20654,1541.47314,1816.31152,1267.23376
2/12/2010,296.847595,366.224976,442.710022,1145.04968,1545.1095,1537.77979,1285.69397
2/13/2010,293.388611,356.549774,434.028503,1124.77295,1482.21533,1531.67407,1354.84863
2/14/2010,290.489716,346.008575,424.214355,1076.60803,1471.62549,1523.06323,1494.81067
2/15/2010,288.67218,336.000549,412.83963,1008.95984,1476.36768,1382.88525,1666.5553
2/16/2010,289.137939,326.754089,402.499084,932.581421,1439.76978,1259.29285,1758.69116
2/17/2010,297.894562,318.551819,394.764801,866.308411,1359.17908,1151.21375,1749.7395
2/18/2010,323.992096,311.381866,387.989136,812.067871,1251.521,1063.03967,1712.80994
2/19/2010,375.960541,305.76825,380.836853,764.096252,1141.58569,999.612427,1663.42676
2/20/2010,455.014008,303.146484,372.480804,725.828064,1050.14734,928.88855,1586.51746
2/21/2010,550.962219,310.776764,363.120361,691.770691,974.184753,860.609009,1494.68628
2/22/2010,647.777161,327.379181,354.314789,656.097717,910.30719,834.368591,1400.31372
2/23/2010,726.151062,359.571869,345.742767,622.557617,859.61084,785.923096,1312.13477
2/24/2010,759.504395,420.284943,337.408112,604.417847,809.852478,754.78125,1234.71887
2/25/2010,743.613159,504.552063,331.033478,593.72583,764.904114,759.75061,1164.38416
2/26/2010,699.463074,600.238464,326.577301,578.067566,748.478027,832.279114,1103.01721
2/27/2010,642.613037,691.421753,325.775665,563.067322,764.741211,824.643921,1047.94458
2/28/2010,584.107727,753.901367,332.328552,544.571411,783.80957,827.621582,991.854309
3/1/2010,531.661743,767.598816,350.369537,524.769531,800.947998,842.938171,943.513428
3/2/2010,487.964081,740.487976,385.783203,509.040405,820.828491,803.988647,918.505005
3/3/2010,451.596069,691.611816,439.965637,514.185242,826.542603,748.423889,919.598328
3/4/2010,419.873596,634.274658,509.348877,524.991455,814.807007,703.100708,932.43689
3/5/2010,390.853546,578.682617,585.985596,554.288513,792.90448,685.887085,951.124512
3/6/2010,364.13855,530.35968,655.773132,646.445129,775.426514,679.352844,956.680298
3/7/2010,340.898163,490.100311,703.894165,742.138062,760.609497,699.19812,932.60083
3/8/2010,321.726959,455.876404,722.48999,792.502136,802.660278,722.162354,897.945923
3/9/2010,306.601196,425.309296,713.346436,793.229492,918.865662,812.623108,865.475952
3/10/2010,295.26297,397.016815,684.01886,772.268555,1025.29468,936.374878,840.959229
3/11/2010,287.318695,371.403961,643.793701,795.538391,1067.86841,1007.63892,829.586487
3/12/2010,282.121429,349.452515,600.592346,872.875061,1031.21118,1003.54944,831.881897
3/13/2010,278.584778,331.491119,559.213196,969.11615,973.789368,958.023499,846.921448
3/14/2010,275.741119,317.435547,521.449158,1045.75989,966.936401,935.865234,883.625427
3/15/2010,273.581207,307.049011,487.071106,1077.00952,1015.15918,976.062805,942.734802
3/16/2010,274.094727,299.97998,455.307495,1055.54968,1086.34399,1050.42627,998.82782
3/17/2010,282.968689,296.619019,426.21875,994.296509,1141.90088,1116.87268,1028.76172
3/18/2010,309.904633,297.666046,404.045074,916.845947,1154.91296,1148.49646,1032.33008
3/19/2010,365.883759,301.082428,388.431061,839.720032,1119.12268,1132.33398,1030.2196
3/20/2010,456.27066,313.268463,370.192108,770.760376,1049.87622,1074.97034,1044.42358
3/21/2010,578.465698,342.591614,351.694336,713.60083,969.492432,1001.57526,1081.24304
3/22/2010,693.245789,392.243225,339.214722,665.035706,893.42572,927.231567,1129.07654
3/23/2010,767.977783,451.687164,335.342987,622.622131,827.047607,873.907959,1169.29468
3/24/2010,800.004456,521.791992,331.467743,604.641296,771.92865,845.672485,1185.53308
3/25/2010,786.63562,613.422241,325.083984,658.189392,734.316223,832.401611,1170.60034
3/26/2010,742.749756,718.393982,326.427399,748.297546,719.449829,861.779785,1130.17346
3/27/2010,685.374146,809.292114,338.186096,765.009949,739.327026,1030.94714,1078.29785
3/28/2010,626.44104,858.790771,364.153778,710.368958,822.915771,1159.4292,1035.31018
3/29/2010,573.574585,861.518982,404.028778,644.885864,906.549683,975.082458,1020.02197
3/30/2010,534.613098,827.498108,457.949432,589.867004,900.940674,806.309326,1029.21863
3/31/2010,527.675781,779.613403,528.958069,545.656921,837.813782,736.657471,1058.86255
4/1/2010,581.064148,724.457031,613.108582,512.027588,771.576355,707.000122,1110.96973
4/2/2010,648.337219,667.869873,696.44873,498.457855,725.056824,673.80304,1142.70422
4/3/2010,659.040649,629.936401,764.152344,527.114441,708.316895,694.595764,1109.88513
4/4/2010,694.281067,612.307251,806.571228,578.75885,722.976807,757.874329,1035.46741
4/5/2010,804.15625,626.964966,819.899414,660.277954,756.226196,794.430176,959.813171
4/6/2010,912.122559,682.412903,807.350525,811.227417,806.378845,853.104187,897.994141
4/7/2010,935.256592,715.173767,776.131775,985.367493,866.55188,898.146362,861.31012
4/8/2010,888.7724,725.215942,735.618713,1183.13672,979.191711,947.563782,855.858093
4/9/2010,845.838257,788.492188,697.96814,1436.36755,1171.703,1191.06775,872.955078
4/10/2010,819.768555,896.801697,672.219055,1574.56714,1404.22302,1639.14685,903.024841
4/11/2010,808.436523,964.037109,662.925171,1577.66077,1701.06458,2124.81055,946.682678
4/12/2010,804.884644,946.163147,672.235657,1606.03333,1995.13879,2111.69775,1007.19757
4/13/2010,804.807556,894.480896,691.837341,1651.79395,2116.78613,2112.58521,1102.05933
4/14/2010,798.434753,854.885132,714.828613,1681.67175,2130.51074,2364.42041,1272.68652
4/15/2010,776.020325,832.745667,751.487854,1655.25916,2175.22656,2469.89966,1534.44177
4/16/2010,740.11731,824.682556,808.167542,1561.54016,2201.4375,2350.08618,1812.8894
4/17/2010,712.890076,829.999512,866.813232,1519.75659,2173.95117,2191.30713,2012.8783
4/18/2010,767.114807,851.068604,902.28949,1561.28516,2083.89844,1986.22449,2185.34326
4/19/2010,979.702393,882.846069,912.066406,1603.28345,1948.91235,2020.32251,2397.86646
4/20/2010,1355.9552,893.737305,911.762756,1657.69824,1895.23706,2200.68506,2545.62598
4/21/2010,1749.11646,899.410339,911.734375,1773.16858,1912.3822,2170.99585,2567.86401
4/22/2010,1909.37036,932.107666,898.206848,1956.55688,1958.83228,2399.5542,2516.74072
4/23/2010,1894.42517,1088.95093,881.745667,2121.33789,2065.56763,2588.69653,2447.15747
4/24/2010,1809.10229,1430.60486,914.336609,2161.92041,2227.09766,2871.21484,2442.35669
4/25/2010,1727.62439,1871.19971,1004.58105,2105.03564,2404.72827,2915.76074,2489.08374
4/26/2010,1853.17969,2244.54492,1037.46472,2026.64172,2519.16235,2735.896,2530.91943
4/27/2010,2040.82214,2444.84399,1014.60529,1974.88025,2514.65601,2601.44043,2605.8501
4/28/2010,2145.56348,2522.91577,1061.75012,1951.24414,2467.32935,2657.38281,2731.68433
4/29/2010,2156.62769,2518.36792,1209.96936,1966.83191,2478.4126,2983.16724,2885.50049
4/30/2010,1991.15076,2555.31421,1410.40186,2131.21729,2605.12329,3263.69678,3010.54688
5/1/2010,1769.78137,2721.46997,1665.03003,2368.26465,2748.81226,3159.0813,3077.40845
5/2/2010,1669.1571,2863.7439,1967.19434,2513.39307,2890.82715,3677.94458,3115.90381
5/3/2010,1660.34888,2922.29224,2233.67285,2547.4939,3193.82715,4157.98682,3210.09253
5/4/2010,1634.35339,2849.02075,2426.78516,2540.50537,3576.5542,4311.84521,3448.30493
5/5/2010,1561.90833,2646.23218,2532.83325,2541.86548,3820.87817,4028.91943,3703.50391
5/6/2010,1474.70496,2470.17773,2583.32056,2579.29199,3939.81372,4113.03174,3882.9043
5/7/2010,1389.19177,2381.85083,2640.20776,2678.21387,4012.47412,4035.89648,4128.43262
5/8/2010,1303.95715,2334.31055,2728.21069,2858.77881,4033.31689,3924.35571,4395.88574
5/9/2010,1257.78699,2262.92212,2815.63037,3197.74878,4061.13867,3883.6604,4504.86133
5/10/2010,1315.5802,2183.40869,2852.14014,3663.81641,4126.34717,4149.47461,4475.73828
5/11/2010,1410.15503,2124.54297,2822.26929,4048.24561,4281.97119,4868.48779,4425.7666
5/12/2010,1451.07764,2091.23901,2784.88184,4305.07764,4676.99756,5686.56104,4407.3833
5/13/2010,1480.47424,2029.18225,2774.29175,4488.96973,5221.43701,6454.34521,4430.08447
5/14/2010,1597.35583,2028.86206,2714.45972,4552.42285,5874.19092,7134.22461,4493.80078
5/15/2010,1652.15967,2124.96606,2612.74951,4519.13135,6402.0835,6810.3623,4668.35449
5/16/2010,1539.30701,2206.56982,2545.18921,4491.84424,6544.12695,6584.5835,5043.78906
5/17/2010,1456.11108,2296.43018,2476.4624,4537.27686,6474.7207,6494.85693,5595.13574
5/18/2010,1565.82471,2492.89404,2389.21558,4632.31836,6401.67773,6748.73096,6243.65234
5/19/2010,1741.22485,2763.46582,2350.25122,4661.32764,6436.29736,6860.25098,6801.07959
5/20/2010,1812.15405,2862.85742,2378.25122,4619.13135,6519.11963,6998.34473,7075.52539
5/21/2010,1836.00684,2768.08252,2400.71411,4552.46436,6588.4043,6780.58203,7133.52637
5/22/2010,1848.98352,2705.33545,2423.12573,4442.09375,6564.41016,6646.32568,7172.4751
5/23/2010,1896.06226,2825.09668,2509.31812,4426.24951,6470.68213,6515.7915,7276.3584
5/24/2010,1985.37988,2980.52124,2662.32666,4660.92188,6375.60889,6542.18115,7414.83838
5/25/2010,2020.21069,3038.09863,2895.28638,5062.85107,6349.82129,7036.22998,7545.19873
5/26/2010,1977.45142,3053.09253,3141.78003,5688.51514,6563.66162,7838.854,7627.41406
5/27/2010,1901.52942,3098.51318,3260.73486,6142.65674,6974.11865,8555.14062,7647.06934
5/28/2010,1826.69348,3210.57056,3215.13647,6146.95312,7647.30908,10145.8379,7630.63867
5/29/2010,1773.57776,3297.59351,3133.90283,5991.76221,8408.01953,9498.12012,7756.87549
5/30/2010,1714.54626,3267.10986,3125.67114,5832.20508,8748.09961,8989.61523,8196.12793
5/31/2010,1651.51404,3132.53955,3199.81787,5884.07324,8685.95898,8574.17188,8799.81934
6/1/2010,1620.80579,2989.88135,3282.26636,6114.90088,8496.66699,8484.77246,9423.94141
6/2/2010,1617.55164,2853.13818,3331.00342,6318.03125,8323.35547,8451.15332,9958.62793
6/3/2010,1627.9032,2743.28174,3388.28296,6314.72656,8280.94141,8765.64062,10095.9814
6/4/2010,1668.89746,2718.32739,3471.97266,6257.79395,8376.5332,8593.36133,9885.60352
6/5/2010,1802.91919,2775.02856,3512.35376,6595.23535,8413.47852,8199.08008,9618.91113
6/6/2010,2044.51746,2781.16748,3463.17896,7025.63965,8291.96191,8048.05811,9416.18555
6/7/2010,2444.15894,2739.67627,3379.91089,7099.60254,8317.15918,9642.97949,9386.0127
6/8/2010,2738.51025,2772.17871,3285.88428,7070.67529,8774.10254,10018.2959,9507.29102
6/9/2010,2702.06616,2916.87769,3282.2522,7180.38086,9278.2627,9761.18164,9596.55078
6/10/2010,2524.97974,3232.67773,3370.50757,7368.60986,9509.76855,9703.51855,9597.37207
6/11/2010,2330.01001,3692.77051,3406.35132,7579.11182,9741.57324,10600.5596,9735.05371
6/12/2010,2233.49829,4128.06104,3374.0564,7793.38525,10173.4033,11198.1719,10136.376
6/13/2010,2241.7522,4272.04004,3298.6875,7904.98975,10679.0898,11388.2725,10511.082
6/14/2010,2261.06201,4165.12109,3210.07642,7927.25098,11015.1768,11068.084,10644.8076
6/15/2010,2271.66504,3982.33813,3200.23267,7786.33838,11099.7148,10976.1172,10762.124
6/16/2010,2244.48535,3793.52124,3351.84692,7553.23193,11061.2637,10997.8369,11077.1162
6/17/2010,2160.7207,3689.35986,3613.52441,7418.91455,10977.7021,10750.293,11483.7422
6/18/2010,2092.08716,3650.82275,3876.59839,7320.33057,10769.5986,10262.3379,11755.0371
6/19/2010,2068.32642,3594.60327,4086.50049,7042.42383,10469.1846,10166.7764,11828.3965
6/20/2010,2054.10278,3485.01733,4175.98779,6574.25732,10189.3936,9751.16504,11812.4395
6/21/2010,2035.87878,3343.87061,4164.49023,6115.41309,9840.52637,8946.29297,11773.6768
6/22/2010,2071.38184,3249.11182,4123.10449,5877.76514,9309.85938,8105.4873,11662.6191
6/23/2010,2308.21484,3330.23047,4084.95215,6105,8708.01465,7948.11279,11505.7061
6/24/2010,2702.20825,3438.15942,4070.50952,6508.30078,8297.08008,8469.44531,11366.3789
6/25/2010,3070.27002,3490.37476,4026.12231,6721.54639,8304.17676,9644.4834,11148.1074
6/26/2010,3193.39185,3549.48193,3985.86621,6812.51904,8698.70508,9887.95117,10739.3525
6/27/2010,2974.9375,3670.52588,3930.39258,6834.6582,9073.92285,9652.24902,10235.9756
6/28/2010,2724.76978,4058.27026,3783.37598,6953.84277,9255.67871,9598.5293,9869.05469
6/29/2010,2633.94019,4569.21924,3683.91797,7205.98682,9360.69336,9671.99316,9838.29004
6/30/2010,2623.9082,4925.5459,3741.65503,7439.94043,9436.30469,9943.83594,10138.1328
7/1/2010,2705.97192,4995.7998,3890.77637,7530.38574,9574.41992,10215.458,10493.8271
7/2/2010,2717.896,4863.53223,4097.19385,7420.94824,9723.375,10151.8271,10703.2656
7/3/2010,2649.51562,4747.73096,4367.16016,7220.74268,9830.24023,10127.7139,10851.0879
7/4/2010,2611.72168,4696.69336,4590.50537,7112.21924,9838.26074,9874.37891,11249.2275
7/5/2010,2510.05811,4738.62012,4787.17676,7017.70605,9760.04785,9914.70605,11989.8828
7/6/2010,2416.91284,4817.25146,5014.57764,6928.27051,9678.6377,9882.10156,12583.6064
7/7/2010,2397.97827,4798.68555,5162.96582,6934.59424,9617.55957,9814.10352,12707.1377
7/8/2010,2409.53662,4700.52734,5162.65283,6977.28857,9622.85938,10123.8652,12522.8555
7/9/2010,2397.95142,4560.41113,5086.86523,7018.34082,9787.38281,10541.4912,12224.6211
7/10/2010,2391.64429,4384.12549,5034.66943,6991.43408,10033.2812,10374.2988,11926.8975
7/11/2010,2415.87964,4246.64844,5038.56934,6911.24072,10124.1787,10013.8027,11646.6523
7/12/2010,2442.09351,4197.67578,5068.1582,6873.12158,9999.86328,9501.10059,11483.4443
7/13/2010,2471.53931,4208.73193,5069.20752,6906.6377,9687.19629,9040.49609,11544.7363
7/14/2010,2510.11206,4245.76953,5041.56934,6936.02588,9308.66895,8765.94238,11660.8066
7/15/2010,2623.81885,4354.57373,5116.09082,6939.54932,9009.60352,8821.11816,11638.3867
7/16/2010,2768.77539,4514.0835,5223.16357,6912.12012,8866.34082,8991.75195,11501.292
7/17/2010,2813.44727,4601.39209,5136.9375,6986.44385,8857.87793,9225.4834,11317.1621
7/18/2010,2855.47583,4621.51123,5032.19824,7401.80371,8992.88184,9684.15234,11061.5488
7/19/2010,3098.74023,4856.86816,5113.89502,8353.11816,9269.91016,10386.0771,10807.7881
7/20/2010,3449.42822,5434.01611,5341.24121,9295.99023,9793.31445,12303.7646,10720.9883
7/21/2010,3906.13379,5875.10303,5497.38428,9832.83789,10877.5596,14744.4873,10826.5732
7/22/2010,4338.604,5970.85547,5416.94238,10275.7627,12335.9648,15251.8096,11011.5879
7/23/2010,4723.74023,6159.94434,5363.95898,10367.9707,13365.6025,14467.1855,11316.3301
7/24/2010,5044.41406,6689.08057,5542.58643,10220.7471,13818.2754,15151.1602,12046.5
7/25/2010,5378.84717,7407.09766,5836.81982,10547.4834,14204.5166,15059.3838,13401.374
7/26/2010,5491.68896,8261.17871,6091.21973,11106.3301,14356.9316,14866.1973,15014.1602
7/27/2010,5242.88916,9125.76758,6290.84131,11565.2646,14470.6738,16278.1885,16118.0645
7/28/2010,4966.70166,9748.64355,6498.70215,12380.0859,15101.876,17238.7969,16618.8398
7/29/2010,4706.66992,10092.3936,6720.55371,12798.9355,15784.8359,17171.0078,16973.5273
7/30/2010,4648.13672,10231.21,7099.40234,12409.1445,16383.5029,18638.7031,17218.5195
7/31/2010,4871.45117,10098.2041,7587.85791,12033.2295,17048.7051,17672.6172,17456.502
8/1/2010,5274.15283,9721.87793,8134.76416,11898.0693,17155.6875,16686.8242,17885.1406
8/2/2010,5540.75244,9359.07715,8832.89746,11841.5928,16784.0723,16598.2734,18396.0469
8/3/2010,5508.31445,9213.61328,9635.67676,11894.0146,16577.8242,16977.7441,19041.2559
8/4/2010,5233.15234,9454.93164,10359.8223,12113.7275,16562.7129,16962.2617,19764.6191
8/5/2010,4947.39404,10090.1045,10899.1934,12451.9619,16642.0957,17582.0664,20129.2676
8/6/2010,4780.6626,10681.5498,11266.7646,13151.9932,16938.0156,18461.1562,20004.1523
8/7/2010,4721.18066,10847.4854,11222.8701,14053.6572,17528.3184,19804.1094,19607.6328
8/8/2010,4759.53076,10702.9697,10818.1592,14693.0107,18388.5352,20911.2324,19212.957
8/9/2010,4700.74512,10375.999,10432.1377,15230.0205,19354.4375,21539.5801,19105.8262
8/10/2010,4523.05615,9982.34473,10346.332,15767.3242,20113.5371,21692.3906,19466.9434
8/11/2010,4380.50684,9730.62207,10690.4199,16312.8174,20780.5156,23346.3379,20255.3047
8/12/2010,4338.70312,9624.41309,11232.249,16838.752,21618.1211,23621.6328,21300.7559
8/13/2010,4368.67627,9494.94531,11666.4258,16972.2871,22312.498,23848.498,22395.3555
8/14/2010,4406.9624,9225.83398,11818.5547,16675.8672,22757.7871,23774.5234,23253.0645
8/15/2010,4378.32666,8881.91699,11677.0312,16452.4023,23004.8242,23309.9141,23940.8359
8/16/2010,4306.97412,8606.61426,11360.0752,16249.9561,22869.752,22336.1465,24663.7832
8/17/2010,4300.90479,8549.41211,11056.1738,16192.5654,22565.7246,22948.2891,25314.0059
8/18/2010,4540.23389,8679.03223,10914.2305,17075.9551,22493.0195,22925.1289,25851.5254
8/19/2010,4821.46924,8846.84473,10874.9404,18502.0566,22582.2617,24135.873,26217.4707
8/20/2010,4922.0166,8974.42871,10769.2041,19380.3223,23175.2852,26509.9238,26250.9727
8/21/2010,4916.45166,8993.70117,10488.8398,19717.0723,24443.3047,27543.0352,26154.9395
8/22/2010,4704.09277,9062.77246,10258.3711,19739.2129,25608.1367,27176.668,26214.8633
8/23/2010,4526.95898,9305.81738,10100.3574,19545.6992,26425.8379,29735.1543,26524.8691
8/24/2010,4552.11914,9430.38965,9882.58398,19515.8848,27617.5195,31865.8691,27362.7773
8/25/2010,4632.49658,9331.81543,9755.23242,19389.9688,28962.4355,31797.6152,28582.916
8/26/2010,4691.33203,9128.37207,9990.18164,19626.0996,29648.9238,30368.0723,29607.3223
8/27/2010,4812.27148,8975.99609,10410.8916,19959.0391,29723.3555,31079.9805,30630.9434
8/28/2010,5265.44678,9079.67773,10496.8457,20062.7812,29969.6582,33122.3125,32031.043
8/29/2010,5732.62695,9456.25098,10354.6523,20169.7891,30727.5645,32211.1836,33351.0859
8/30/2010,5786.24072,9898.93652,10454.8613,19636.6113,30985.1348,30566.3613,34136.4727
8/31/2010,5546.95898,10274.6934,10718.249,19025.7793,30703.4863,30799.3164,34826.418
9/1/2010,5130.04932,10740.4648,10779.3496,18965.5293,30387.2383,29345.9668,35991.1914
9/2/2010,4794.05322,11189.0566,10733.1602,19088.0352,29773.9961,29004.8867,37003.8555
9/3/2010,4712.82178,11225.1738,10602.2705,18901.9863,29238.9062,29320.5176,36884.3711
9/4/2010,4694.27441,10816.4473,10420.1738,18575.7715,29018.9922,28786.0996,35995.8359
9/5/2010,4527.5498,10113.7666,10395.4629,18303.3633,28649.0664,27436.5625,35040.5273
9/6/2010,4288.36523,9317.03223,10528.4619,18111.9434,27977.5391,26507.084,34161.7344
9/7/2010,4092.86182,8758.00879,10793.4697,18199.125,27214.4609,25902.7637,33545.9688
9/8/2010,3987.396,8400.89648,11155.5527,18150.5801,26549.2441,25720.9258,32993.2344
9/9/2010,3978.23706,8037.49268,11441.8467,17839.5938,26106.0723,25964.2871,32104.8301
9/10/2010,4016.63135,7620.49756,11576.6562,17776.2559,25857.1914,25089.9395,30989.4785
9/11/2010,4236.42383,7220.8125,11437.2861,18273.6895,25362.7422,24022.1914,29954.6465
9/12/2010,4378.50537,6884.99805,11049.9688,19207.8906,24782.0273,24793.7246,29164.3613
9/13/2010,4268.20459,6764.39697,10604.2256,19594.875,24595.7656,25537.5449,28675.8652
9/14/2010,4143.47412,6906.23438,10117.0674,19562.4219,24947.1387,27155.5625,28339.0781
9/15/2010,4246.47266,7228.81152,9708.64941,20044.3652,25533.3359,25831.8066,27840.3438
9/16/2010,4426.69482,7789.69531,9426.74707,20473.4102,25671.4023,25952.6074,27368.3652
9/17/2010,4560.46289,8167.22168,9124.40137,20154.4883,25854.5547,27843.0938,27335.8203
9/18/2010,4580.50928,8179.9165,8707.96973,19295.2383,26593.8203,28270.3281,27740.3008
9/19/2010,4382.33545,8224.95703,8310.49707,18270.6953,27014.8164,26315.4746,28245.2344
9/20/2010,4150.46973,8395.69141,8025.4165,17284.2871,26641.3789,25164.5527,28451.457
9/21/2010,3888.1106,8457.39551,7910.86865,16443.8965,25867.0859,24242.1016,28678.0469
9/22/2010,3759.1189,8288.82227,8009.84863,15599.5752,24962.2422,23229.9922,29287.7305
9/23/2010,3774.0874,7915.81348,8220.60742,14779.9912,24006.4395,22171.6152,29728.8672
9/24/2010,3845.34595,7365.42969,8450.12988,13958.4238,23047.6387,21033.6445,29483.457
9/25/2010,3943.77148,6815.88037,8643.3125,13104.2334,22045.4785,19783.4316,28726.9824
9/26/2010,4022.23364,6357.1582,8796.64453,12410.3613,20937.2441,18191.1641,27768.4512
9/27/2010,4139.11426,6153.06836,8964.05273,11923.2227,19676.3379,16984.4629,26690.834
9/28/2010,4298.92969,6274.65869,9191.99609,11767.8701,18479.502,16463.9004,25585.6094
9/29/2010,4549.47656,6507.32715,9101.21191,11872.9912,17502.2891,15970.5713,24464.5684
9/30/2010,4658.10107,6605.93506,8580.69629,11992.9346,16825.332,16483.0898,23280.4883
10/1/2010,4452.06152,6617.11914,7983.49658,12033.3848,16596.4863,16825.5762,22072.1621
10/2/2010,4194.90967,6728.24414,7427.04102,12018.2686,16604.3633,16772.0039,20955.0742
10/3/2010,3999.98584,6930.94336,7070.88672,12106.7217,16599.1445,16582.8945,20032.9688
10/4/2010,3897.99658,7179.8042,6960.47168,12572.4609,16550.7402,16782.3359,19475.3223
10/5/2010,3830.85205,7173.09473,6957.85449,14353.1465,16608.0859,17818.584,19401.3086
10/6/2010,3750.61108,6799.67725,6974.17676,16473.627,17217.8359,22069.8574,19630.8574
10/7/2010,3649.48828,6350.6665,6970.80322,17727.6797,19691.4668,32286.0371,19939.1992
10/8/2010,3548.38892,5958.29346,6952.53174,17033.0996,24378.0762,34271.7422,20258.8086
10/9/2010,3504.42505,5654.3335,6991.06201,14625.0674,27644.6426,27721.7168,20783.2812
10/10/2010,3492.41724,5412.40283,7101.42773,12583.7764,27228.0762,21157.2812,22026.1562
10/11/2010,3482.80225,5196.73047,7185.45947,11171.8623,24365.207,16909.6172,24873.8066
10/12/2010,3534.84888,4999.04541,7137.05322,10425.0088,20800.6016,15211.5029,29245.3184
10/13/2010,3694.55054,4861.08301,7019.16992,10153.3711,17958.002,14346.3311,32451.3145
10/14/2010,3771.53052,4807.35205,6893.62842,10088.4092,16083.6484,14049.5176,32215.2578
10/15/2010,3727.86182,4768.85986,6658.91846,10158.6172,15136.2119,14225.2383,29117.9062
10/16/2010,3690.34351,4750.27344,6368.4834,10594.25,14806.5977,14455.7051,25165.4883
10/17/2010,3626.34619,4853.48047,6122.27979,11559.0693,14840.6855,15442.4092,22024.8809
10/18/2010,3595.4646,5061.74121,5857.69775,12761.9863,15382.1387,18892.7051,20097.5078
10/19/2010,3692.87524,5164.69971,5589.70996,13975.4336,17050.9941,23951.9844,19154.8945
10/20/2010,3914.74268,5126.62354,5401.86523,14334.999,19796.4004,26342.0625,18732.7227
10/21/2010,4175.04492,5044.57275,5282.85059,13627.3311,22286.7812,25493.1992,18557.252
10/22/2010,4297.3457,4914.13916,5225.80664,12675.4678,23418.2715,22861.1836,19155.6855
10/23/2010,4237.38623,4817.29834,5214.08154,11691.7676,23019.9785,20517.0215,21099.4453
10/24/2010,4097.27441,4863.37451,5214.13574,10812.0088,21793.8848,19129.2949,23830.084
10/25/2010,3927.17822,5096.94629,5235.43555,10126.3633,20388.4434,17546.9141,25998.1855
10/26/2010,3769.73828,5503.48486,5268.77881,9574.4668,18935.5938,16035.5361,26702.8516
10/27/2010,3645.96875,5782.26904,5370.75439,9165.68652,17573.918,14984.1826,25940.3691
10/28/2010,3585.32104,5639.58105,5456.73438,8901.57617,16404.3457,13948.1836,24367.4863
10/29/2010,3625.21899,5317.05322,5381.07324,8718.57617,15360.541,13195.3828,22648.9707
10/30/2010,3638.65283,5092.39404,5249.44873,8581.70898,14432.6055,12597.6836,20996.8633
10/31/2010,3579.39575,4953.83789,5226.00439,8518.93945,13621.4873,12141.2754,19506.4844
11/1/2010,3512.39429,4855.74561,5348.23047,8516.93359,12931.6504,11802.6367,18231.418
11/2/2010,3437.69507,4787.21289,5524.59424,8473.97754,12368.4473,11571.2178,17130.6094
11/3/2010,3410.70361,4730.59033,5614.46631,8344.52148,11930.5098,11388.8457,16228.7324
11/4/2010,3435.70117,4636.01465,5560.80566,8126.25732,11575.4404,10965.6006,15606.748
11/5/2010,3473.41626,4477.68555,5417.81396,7779.47168,11204.4805,10473.3574,15169.8506
11/6/2010,3482.31909,4282.72314,5255.30322,7398.90527,10800.5312,9954.55469,14852.9131
11/7/2010,3454.53833,4120.27539,5109.28076,7153.17578,10343.1045,9234.27734,14938.8604
11/8/2010,3406.08887,4037.24902,4996.93262,7093.79688,9801.99609,8725.0127,15744.5254
11/9/2010,3349.03467,4006.83911,4912.75342,7129.20557,9290.76953,8626.66797,16257.1221
11/10/2010,3290.92944,3977.77856,4828.77783,7115.55762,8951.10938,8786.25293,15408.5742
11/11/2010,3225.61646,3920.14136,4717.88135,6983.91357,8806.80273,8742.31152,14226.7109
11/12/2010,3150.29883,3836.92798,4574.8335,6771.50342,8745.72559,8463.07617,13587.6152
11/13/2010,3064.5752,3743.73584,4421.37988,6548.24121,8593.05762,8002.21826,13248.3066
11/14/2010,2970.75317,3649.52173,4289.39062,6361.58643,8306.23633,7591.92725,12926.3828
11/15/2010,2873.94531,3554.70996,4193.82666,6224.6499,7971.21289,7321.92773,12537.8457
11/16/2010,2780.84814,3455.69897,4125.69336,6114.84717,7656.33691,7125.93506,12122.8115
11/17/2010,2697.31592,3349.94702,4065.5625,6006.03027,7402.05566,7002.6665,11672.1611
11/18/2010,2625.9873,3237.32886,3998.55908,5893.4082,7231.63232,7098.39697,11211.9443
11/19/2010,2566.37524,3120.94458,3919.93311,5760.3335,7171.75098,7333.51953,10765.6787
11/20/2010,2517.35791,3006.62354,3832.00806,5596.45654,7248.36914,7621.65186,10369.1826
11/21/2010,2477.90845,2900.91284,3738.75684,5432.31201,7308.35645,6918.41895,10118.7686
11/22/2010,2446.62622,2807.45264,3642.30591,5300.96826,7112.65332,6275.17627,9976.47168
11/23/2010,2425.28223,2727.23169,3542.51172,5204.50146,6748.04785,6005.61865,9974.50977
11/24/2010,2416.47974,2659.75415,3438.30908,5123.35498,6412.84717,5880.78467,10268.6084
11/25/2010,2403.28076,2603.46509,3329.61084,5042.33691,6152.63477,5761.21777,10551.5
11/26/2010,2377.80078,2556.86426,3218.5708,4954.33838,5963.15674,5636.33887,10323.9854
11/27/2010,2349.95337,2519.47949,3109.2041,4860.79688,5815.04102,5504.64941,9693.65527
11/28/2010,2320.16602,2495.23999,3005.8042,4762.73926,5681.57422,5374.51367,9039.37402
11/29/2010,2289.79956,2477.87378,2911.54834,4658.21582,5549.31201,5252.23926,8522.8877
11/30/2010,2261.56079,2451.82056,2828.01489,4548.17334,5419.66846,5128.94629,8199.10059
12/1/2010,2238.24951,2418.53662,2755.41602,4433.49219,5284.00928,4997.23877,8001.08008
12/2/2010,2220.24634,2384.28394,2693.22754,4316.62646,5148.6001,4860.2373,7865.95801
12/3/2010,2203.74658,2349.04834,2641.17773,4214.91113,5028.28125,4727.96631,7778.52246
12/4/2010,2187.62891,2315.12134,2599.37769,4111.47607,4907.20654,4606.85156,7681.8252
12/5/2010,2172.72119,2285.07764,2565.83838,3992.2937,4777.84619,4485.8584,7508.63135
12/6/2010,2158.42432,2261.23975,2536.34204,3880.47363,4653.83691,4378.75684,7281.94727
12/7/2010,2144.13354,2241.69385,2507.65283,3778.33667,4520.79883,4268.61475,7067.44727
12/8/2010,2130.16772,2223.2583,2475.45044,3668.1355,4377.65381,4147.74023,6896.60938
12/9/2010,2119.27441,2206.13623,2439.82544,3524.75854,4250.10303,4015.52808,6763.15723
12/10/2010,2111.61816,2190.35327,2404.50854,3376.81885,4138.5708,3876.06519,6640.36768
12/11/2010,2096.09424,2175.44678,2371.271,3262.75366,4017.82593,3731.2876,6501.93262
12/12/2010,2042.97717,2161.90747,2346.73389,3179.8208,3871.08447,3634.97241,6338.38379
12/13/2010,1966.27283,2154.05298,2370.6814,3115.3689,3728.52441,3528.76562,6169.12598
12/14/2010,1894.06946,2165.16699,2390.21875,3059.1665,3611.83862,3445.33032,6004.80859
12/15/2010,1805.78894,2211.84033,2368.79419,3009.32715,3518.05859,3367.24683,5840.04785
12/16/2010,1763.70349,2240.61646,2352.99316,2973.41455,3441.40747,3300.78149,5664.12744
12/17/2010,1727.10107,2201.58252,2362.6145,2971.62061,3373.31177,3240.82153,5474.59131
12/18/2010,1656.26025,2124.57642,2392.07812,3011.0625,3317.98413,3274.98218,5285.98584
12/19/2010,1661.21887,2020.56775,2373.06836,3034.70947,3300.4978,3353.44995,5112.35547
12/20/2010,1699.77502,1926.42493,2327.31372,3024.70557,3322.99951,3449.24658,4952.45801
12/21/2010,1694.82715,1886.13452,2305.1582,2998.27466,3360.73926,3375.59058,4804.72607
12/22/2010,1704.1134,1834.6217,2292.97437,2954.27612,3364.1438,3297.79517,4693.14404
12/23/2010,1802.90906,1793.90112,2273.92798,2931.26489,3336.3938,3267.38989,4634.74268
12/24/2010,1948.94202,1815.28528,2230.70557,2943.83472,3310.04028,3262.86084,4613.625
12/25/2010,2098.79883,1821.66174,2163.68408,2951.93872,3290.17163,3218.53394,4593.5918
12/26/2010,2187.59961,1799.40112,2087.42065,2903.2583,3284.52393,3201.28296,4539.3877
12/27/2010,2155.8772,1829.62219,2017.2229,2816.24146,3284.97095,3116.86401,4457.27051
12/28/2010,1997.35632,1936.23389,1955.15015,2745.60132,3252.06201,2901.21289,4371.76367
12/29/2010,1746.18213,2079.06714,1906.43591,2692.72607,3148.84546,2745.29004,4290.03857
12/30/2010,1506.2915,2203.93213,1880.12451,2631.70801,3017.83105,2719.74023,4211.06396
12/31/2010,1325.32812,2242.42139,1867.17004,2552.94629,2915.78516,2674.66455,4124.06836
1/1/2011,1206.45203,2157.0896,1858.30725,2457.84473,2840.83496,2568.14062,4004.49878
1/2/2011,1130.49658,1952.71692,1865.44739,2355.45605,2767.31445,2465.28442,3848.2771
1/3/2011,1075.76746,1702.78711,1906.68469,2266.15991,2679.37793,2362.12231,3685.45557
1/4/2011,1018.87213,1487.52222,1983.83826,2228.0791,2568.80054,2266.0498,3540.69116
1/5/2011,956.163879,1334.76514,2076.58862,2260.1123,2451.38647,2186.0166,3422.54492
1/6/2011,900.788452,1236.50818,2147.43188,2309.44507,2361.44604,2120.73901,3328.22388
1/7/2011,851.571106,1171.88354,2157.14185,2323.17188,2349.91748,2117.87427,3249.34033
1/8/2011,811.688171,1116.68896,2085.44482,2280.00513,2411.20532,2224.74854,3175.18506
1/9/2011,783.085754,1055.76013,1943.8927,2208.79956,2478.77368,2360.02368,3097.38794
1/10/2011,772.850769,1001.0354,1769.0885,2187.72144,2501.70703,2428.87939,3011.34399
1/11/2011,768.841187,958.431824,1599.93774,2234.99805,2450.43433,2467.58936,2924.9436
1/12/2011,781.174377,923.829712,1460.46228,2313.90845,2373.8877,2497.66577,2866.61304
1/13/2011,778.102295,906.896301,1353.50085,2379.89404,2346.00537,2557.76807,2857.88037
1/14/2011,759.830444,908.182739,1269.97266,2404.76929,2379.19214,2621.75952,2887.87964
1/15/2011,770.180908,907.918274,1199.00879,2364.76733,2443.61108,2629.7583,2925.49683
1/16/2011,768.115906,910.144165,1133.82239,2215.96045,2497.57788,2588.91382,2951.79395
1/17/2011,761.930603,918.12793,1074.77148,2011.87524,2516.94604,2486.97998,2964.98364
1/18/2011,777.894592,899.934387,1024.29199,1811.39746,2452.58887,2136.9082,2971.99023
1/19/2011,811.529175,879.784424,986.235657,1630.65894,2286.36133,1936.28699,2971.74438
1/20/2011,855.185547,867.41864,962.232666,1496.55615,2083.86987,1691.57214,2952.60938
1/21/2011,892.812012,842.724854,948.948914,1393.86975,1878.89319,1525.40259,2901.98413
1/22/2011,919.741394,831.788635,942.770447,1311.69238,1698.72998,1434.97998,2792.62378
1/23/2011,922.004517,844.177612,939.490173,1240.4408,1570.2002,1384.44727,2612.20361
1/24/2011,900.751587,874.81543,932.576172,1176.84363,1477.65833,1310.46985,2398.71143
1/25/2011,868.05896,910.419983,920.542236,1121.20642,1399.91931,1249.95483,2187.93091
1/26/2011,824.81311,940.520813,905.723083,1077.66284,1329.23096,1199.78894,2004.95483
1/27/2011,779.2547,955.464783,889.017517,1049.65271,1265.58398,1151.18994,1864.14575
1/28/2011,739.914307,945.634705,875.197144,1032.98181,1207.72974,1125.32397,1753.8717
1/29/2011,716.822693,918.516663,871.766418,1024.58936,1164.58142,1118.31543,1661.91638
1/30/2011,708.637085,881.088623,880.940979,1019.76758,1138.04553,1118.35645,1582.89868
1/31/2011,706.210571,837.067078,900.072205,1013.86163,1124.51416,1126.74182,1513.13416
2/1/2011,706.573669,794.655029,923.937073,1005.2428,1119.50513,1132.15173,1450.05237
2/2/2011,697.841187,763.004272,944.626953,993.438782,1116.80164,1128.32983,1401.27173
2/3/2011,676.427246,747.412292,953.963013,994.23822,1122.56628,1115.79773,1371.92712
2/4/2011,649.669434,742.608948,948.792725,997.909607,1133.03943,1086.50085,1356.94421
2/5/2011,632.894409,741.891235,930.18396,1027.76685,1140.76721,1058.90027,1351.13562
2/6/2011,624.922974,738.634521,900.00647,1129.31738,1154.58325,1043.06067,1350.34583
2/7/2011,614.79657,725.220032,864.267334,1216.02515,1163.27686,1049.30701,1349.77759
2/8/2011,608.373108,698.955933,830.430115,1215.08948,1211.49561,1077.32288,1342.25952
2/9/2011,603.492981,673.202881,803.565308,1173.4248,1311.07922,1169.70874,1321.3053
2/10/2011,600.034119,658.480469,785.545532,1139.56348,1357.34741,1268.94836,1290.90576
2/11/2011,596.86377,647.073914,774.567871,1125.45447,1319.12976,1284.94983,1259.08423
2/12/2011,592.961304,637.348633,766.481689,1125.1366,1259.02844,1247.68079,1236.20532
2/13/2011,588.203735,630.802002,756.074219,1120.0564,1219.62329,1216.68677,1235.32605
2/14/2011,582.439148,626.17688,740.183167,1097.91003,1206.51733,1211.74915,1265.2677
2/15/2011,576.200867,622.490295,720.41687,1072.20837,1210.02319,1227.10229,1309.89954
2/16/2011,571.134155,618.511536,701.05188,1048.79736,1209.54456,1223.32373,1339.65979
2/17/2011,573.102356,613.486816,684.528809,1014.41669,1191.85767,1280.04724,1343.52087
2/18/2011,590.847839,607.259033,671.170654,972.989624,1182.73291,1306.44995,1332.65137
2/19/2011,633.396179,600.1651,660.843628,933.407654,1175.89856,1242.37122,1320.89331
2/20/2011,702.938965,592.992126,652.949036,895.482788,1147.3623,1194.36768,1314.08496
2/21/2011,790.286743,589.3172,646.651978,859.81488,1114.20923,1157.0907,1318.07446
2/22/2011,874.725525,596.538818,641.403625,826.533325,1077.12415,1075.27222,1337.05554
2/23/2011,932.947571,624.022034,637.800415,795.614075,1027.71448,1009.46039,1353.04553
2/24/2011,952.642822,677.799744,642.85083,770.897766,978.206482,971.565857,1347.7019
2/25/2011,933.974426,754.94635,642.611938,759.979858,937.836304,922.017944,1324.66516
2/26/2011,886.147278,841.532104,630.81311,766.35144,901.658386,880.23053,1286.12805
2/27/2011,823.63623,915.635376,623.669189,789.910706,875.433655,878.599915,1231.17896
2/28/2011,759.535034,960.342163,637.654602,808.723389,867.544312,910.632935,1169.62769
3/1/2011,701.672363,970.267883,659.986267,809.059448,883.088928,983.037231,1111.56653
3/2/2011,652.086914,943.862183,685.051697,797.202148,925.049927,997.3479,1060.10828
3/3/2011,609.261047,891.389832,736.977722,796.414612,971.94989,983.045532,1024.28723
3/4/2011,571.030151,832.522522,812.660583,797.8302,1002.09375,959.307678,1006.83319
3/5/2011,536.97821,773.343689,885.704041,817.917175,1014.5625,960.83252,1011.297
3/6/2011,506.516144,717.172546,932.878723,902.286682,1022.25018,971.844116,1035.56897
3/7/2011,479.713715,667.910706,955.683533,999.290955,1023.2262,984.485107,1058.52185
3/8/2011,457.654663,622.996338,955.808167,1052.94336,1070.54248,1004.08289,1069.05603
3/9/2011,439.461853,581.767273,935.682617,1046.9176,1187.57788,1094.14648,1069.00488
3/10/2011,424.817627,545.340942,902.957642,1030.29456,1295.18115,1195.29285,1066.83704
3/11/2011,414.064056,514.261963,860.081909,1086.34082,1336.63147,1243.27869,1067.94165
3/12/2011,406.757477,488.226929,810.621887,1190.96582,1304.44116,1285.94336,1073.51843
3/13/2011,402.598175,467.099396,759.388489,1270.27979,1269.82361,1342.80591,1093.40649
3/14/2011,407.372406,449.653961,710.109924,1314.77161,1301.20715,1338.17456,1138.54663
3/15/2011,429.391235,436.928955,688.098022,1327.70032,1362.26526,1264.93909,1198.81763
3/16/2011,511.97879,452.823242,746.340393,1299.9093,1401.67981,1293.78406,1257.44153
3/17/2011,773.754883,549.497131,807.487183,1248.40027,1420.28235,1362.14563,1313.09058
3/18/2011,1166.17468,725.652344,883.926758,1276.59485,1413.12366,1410.30005,1358.8866
3/19/2011,1939.71313,987.634766,947.761658,1447.26904,1372.9519,1411.83203,1376.35645
3/20/2011,2437.52881,1299.63806,930.423645,1604.203,1330.60461,1644.95593,1373.20996
3/21/2011,2397.14331,1655.51428,845.066895,1647.54578,1403.51477,2107.84961,1382.76086
3/22/2011,2311.68921,2111.88892,724.070923,1681.7384,1591.68042,2148.43506,1416.52466
3/23/2011,2169.26245,2788.04468,685.365295,1779.76514,1734.41016,2007.42041,1467.46704
3/24/2011,2178.88208,3460.85156,737.515381,1913.69556,1786.80408,2050.65356,1555.82166
3/25/2011,2145.30371,3603.90405,895.204773,2020.60706,1861.02917,2366.70337,1747.37671
3/26/2011,2020.87427,3416.36328,1115.01721,1992.63733,1998.46631,2520.96484,2007.98608
3/27/2011,1856.76257,3192.92969,1369.09949,1838.64746,2161.51758,2618.05933,2166.18799
3/28/2011,1719.15051,3018.90698,1710.64722,1638.89087,2264.47778,2236.96338,2192.52124
3/29/2011,1624.41052,2935.20532,2173.9436,1451.13782,2200.77051,1910.77246,2222.87695
3/30/2011,1524.56677,2804.25928,2688.00586,1385.02576,2027.28149,1625.82324,2316.92822
3/31/2011,1422.78333,2635.74023,3087.10034,1478.94507,1814.48706,1456.54053,2428.09937
4/1/2011,1308.55725,2476.71191,3277.604,1791.08569,1641.22876,1579.33667,2477.02563
4/2/2011,1200.6825,2326.89307,3276.72534,2265.4541,1618.2113,1887.40796,2393.63623
4/3/2011,1108.71619,2179.10376,3180.49658,2703.87573,1781.21387,2523.74609,2211.51367
4/4/2011,1048.06433,2045.22791,3067.56226,3091.27344,2168.51294,3271.29028,2006.54834
4/5/2011,982.145447,1908.45947,2957.44824,3498.56177,2656.86401,3456.7876,1847.78015
4/6/2011,914.369812,1771.05298,2849.43311,3856.39111,3068.35938,3790.32324,1819.41321
4/7/2011,883.94165,1654.12158,2727.43896,4075.58813,3446.61523,4328.63281,1975.20142
4/8/2011,898.797363,1577.20508,2591.28101,4144.49707,3847.95068,4552.61377,2323.48999
4/9/2011,912.951904,1536.18176,2456.29932,4085.91553,4198.92041,4547.66846,2754.58179
4/10/2011,919.378357,1491.58862,2328.38086,3984.71729,4426.84131,4402.26416,3142.41821
4/11/2011,931.343811,1452.69617,2193.29395,3919.80884,4508.76367,4167.32422,3511.02197
4/12/2011,886.487366,1462.2699,2048.70337,3881.54004,4460.45801,4056.32812,3882.64819
4/13/2011,832.7005,1511.5188,1916.17798,3841.91138,4378.07275,4108.23779,4177.89355
4/14/2011,851.056702,1567.27991,1805.11157,3794.19702,4329.50928,4122.66406,4345.76758
4/15/2011,898.133667,1610.40491,1716.28943,3693.79346,4291.08496,4099.61572,4383.89551
4/16/2011,922.625305,1586.63928,1651.53296,3525.1665,4242.91211,4085.09351,4328.89697
4/17/2011,912.825317,1472.97827,1598.60437,3340.48022,4175.67432,3944.72998,4259.49609
4/18/2011,887.859802,1406.20325,1560.68359,3149.55029,4043.09619,3775.23267,4223.2627
4/19/2011,900.728821,1455.27893,1567.74255,2939.14697,3849.4978,3548.78247,4214.93848
4/20/2011,972.454102,1515.7738,1595.06812,2747.05859,3647.14282,3368.39478,4241.04346
4/21/2011,1112.77087,1523.78223,1621.05469,2603.62915,3461.20752,3290.47144,4345.64941
4/22/2011,1408.8197,1504.4126,1623.0918,2485.36401,3302.89917,3292.34692,4470.89062
4/23/2011,1647.64856,1546.73816,1587.27393,2364.54053,3198.42188,3295.36743,4465.12549
4/24/2011,1707.52734,1690.53955,1577.42432,2277.70117,3143.35229,3242.6958,4303.30908
4/25/2011,1695.92029,1902.50574,1599.22363,2303.54102,3086.72241,3087.77808,4113.75244
4/26/2011,1789.68469,2217.50659,1636.41113,2398.04517,3003.86108,2983.08301,3994.71021
4/27/2011,1929.40991,2539.61206,1718.44165,2416.14233,2922.85498,3154.48145,3921.54248
4/28/2011,1907.77881,2703.37622,1771.14001,2433.7417,2940.80981,3522.8208,3829.6665
4/29/2011,1812.47473,2744.8623,1799.44775,2596.07373,3036.67017,3437.79053,3699.90796
4/30/2011,1817.8092,2793.71948,1934.77612,2819.82568,3130.16748,3830.37817,3572.50952
5/1/2011,1886.90442,2949.90308,2143.72998,2972.7561,3359.71729,4544.19727,3598.98193
5/2/2011,1965.54272,3090.58325,2426.83228,3087.01636,3777.01587,5066.67041,3853.7627
5/3/2011,2038.49707,3051.26001,2714.32349,3162.30762,4227.75684,5437.21436,4129.05469
5/4/2011,2168.8645,2991.05054,2880.77075,3170.49243,4594.12109,5725.69189,4294.65479
5/5/2011,2172.09937,3085.15503,3047.93921,3232.7749,4903.20801,5632.01318,4535.4292
5/6/2011,2054.85107,3331.69702,3361.52075,3482.36279,5114.31055,5636.51758,4950.06689
5/7/2011,1993.78088,3732.34399,3629.96729,4090.53418,5245.18359,5959.2876,5456.16699
5/8/2011,1883.02246,4290.75732,3725.47974,4941.19727,5464.65137,6394.12061,5958.42725
5/9/2011,1807.46204,4714.12744,3765.48804,5510.04639,5882.18262,7449.31055,6313.46582
5/10/2011,1734.46216,4728.43506,3697.86108,5705.06152,6625.21143,8520.95703,6463.80273
5/11/2011,1717.94263,4572.72656,3615.27637,5889.08545,7397.84326,8031.34375,6628.53662
5/12/2011,1834.83057,4389.04932,3712.88501,6216.5918,7748.46387,7695.11621,6985.39014
5/13/2011,1894.27197,4182.6875,4079.61035,6609.3457,7806.79004,7982.96582,7403.96094
5/14/2011,1779.88782,4095.28223,4678.22803,6906.20752,7933.15967,8663.19434,7865.85547
5/15/2011,1703.75586,4242.58936,5154.64648,7187.6416,8277.33691,9494.74707,8372.44141
5/16/2011,1890.00037,4525.84277,5369.68359,7431.896,8795.0918,10005.9355,8746.68262
5/17/2011,2078.8562,4640.38184,5430.06152,7445.76758,9275.25391,10387.4922,9162.99316
5/18/2011,2239.3186,4440.97266,5354.64844,7451.53516,9698.30469,10911.8555,9754.48242
5/19/2011,2310.91284,4114.63379,5167.84912,7675.92236,10063.4648,10755.4209,10320.4229
5/20/2011,2274.10425,4023.21777,5039.26758,8323.91992,10261.0693,11034.5283,10819.79
5/21/2011,2297.34814,4213.59863,5071.1748,9399.31055,10451.9268,11619.0596,11436.3672
5/22/2011,2261.21851,4444.88037,5074.60449,10232.6143,10921.3369,13536.9111,12181.9004
5/23/2011,2263.55542,4630.75684,5032.60742,10350.3818,11929.3477,15095.2559,12652.3525
5/24/2011,2259.97656,4769.92041,4923.77441,10013.4775,13098.1885,15038.5684,12704.1758
5/25/2011,2235.2085,4885.21875,4764.02051,9623.73926,13733.624,13967.751,12734.8242
5/26/2011,2180.86133,4885.75439,4780.53125,9292.26953,13734.124,13345.5742,13140.6162
5/27/2011,2140.48071,4738.8457,4869.33887,9190.16309,13421.2256,13145.5693,14119.4062
5/28/2011,2223.5376,4554.81299,4952.38818,9331.95605,13058.5938,12802.8389,15313.3896
5/29/2011,2286.86011,4356.91846,5079.41016,9268.66992,12740.5215,12951.3848,16114.3633
5/30/2011,2326.90088,4168.23389,5188.23242,8831.39746,12694.9961,13583.4893,16461.7656
5/31/2011,2319.32617,3985.70972,5254.78955,8216.41699,12876.4033,13132.7666,16605.5195
6/1/2011,2370.73755,3937.99976,5259.20898,7663.83984,12866.5068,12169.8555,16564.8066
6/2/2011,2388.77368,4058.80908,5194.05029,7354.77832,12488.0908,11077.2607,16339.4971
6/3/2011,2223.70142,4226.91797,5071.84473,7203.72852,11824.9561,10477.7441,16193.4824
6/4/2011,2119.93018,4379.79688,4985.26611,7230.96289,11176.998,10516.7119,16148.0605
6/5/2011,2218.94336,4487.75342,5006.43408,7510.32617,10739.2363,10422.292,15940.1416
6/6/2011,2344.62256,4549.63428,5023.53955,7854.0498,10573.3779,11309.6348,15433.7949
6/7/2011,2406.42236,4474.93262,5145.05469,8087.81055,10770.0615,11696.4971,14803.9414
6/8/2011,2495.50439,4324.1543,5279.71045,8164.04248,11148.2744,12322.3164,14415.9043
6/9/2011,2661.40479,4315.81885,5226.98877,8147.89209,11583.6846,12421.5381,14446.6074
6/10/2011,2754.32935,4520.76123,5189.0415,8253.79199,11884.9805,11986.0889,14751.5264
6/11/2011,2710.7854,4849.34229,5110.55469,8598.06348,11916.0869,11811.4268,15130.3652
6/12/2011,2686.8313,5102.60498,5026.21143,9213.2832,11933.1719,12301.4795,15432.1191
6/13/2011,2631.66943,5252.84082,5020.30713,9775.47266,12116.4619,12818.0527,15625.9102
6/14/2011,2609.84888,5299.729,5009.18994,9891.0459,12513.6748,13910.1416,15769.1914
6/15/2011,2608.81128,5138.81299,4957.21875,9588.79395,13085.6445,14112.4492,15752.4912
6/16/2011,2553.44995,4881.03076,4931.86133,9012.39746,13450.3125,13562.4795,15569.2588
6/17/2011,2419.8606,4648.96582,4993.58936,8432.87207,13362.2129,12736.8945,15418.374
6/18/2011,2308.03589,4452.9873,5103.69287,7950.96289,12889.46,11664.2998,15481.2129
6/19/2011,2240.44165,4309.74219,5254.45947,7577.78906,12182.9619,11174.3398,15785.1816
6/20/2011,2173.85303,4206.62939,5363.2124,7398.51514,11496.0361,10774.4238,16282.9609
6/21/2011,2125.87134,4097.21484,5385.89941,7426.36426,10909.3193,10478.6377,16810.3457
6/22/2011,2077.95752,3978.96704,5361.25049,7608.00928,10519.1465,10780.749,17012.418
6/23/2011,2065.73999,3918.60986,5229.8999,7814.98438,10443.1875,11194.4248,16777.3789
6/24/2011,2087.37891,3826.63452,5037.79736,8020.19043,10537.4883,11510.1182,16295.0781
6/25/2011,2138.41113,3829.13135,4861.00293,8300.09375,10703.0742,11679.2119,15678.8828
6/26/2011,2277.78125,4241.37451,5055.46094,8897.26562,10900.1904,11808.3926,15063.9121
6/27/2011,2707.33228,4815.86035,6414.93359,9753.13477,11138.0576,12255.2725,14707.5586
6/28/2011,3035.02808,5157.21191,7862.7749,10469.0752,11474.6973,13277.9482,14611.6436
6/29/2011,3175.57935,5420.65527,7674.38184,11291.04,12084.2656,14393.9473,14567.2637
6/30/2011,3159.97314,5863.70605,6678.59668,12070.124,12802.999,14454.5605,14522.9346
7/1/2011,2949.78418,6914.64014,5893.521,12513.1543,13509.1328,16379.4443,14677.2842
7/2/2011,3042.96777,8196.90918,5467.00781,13075.0391,14545.3643,17479.1328,15424.4746
7/3/2011,3503.36426,8863.41992,5500.76416,13996.1299,15664.1807,17779.8906,16652.0566
7/4/2011,3930.25317,8889.64355,5770.07227,15086.7266,16429.5488,18148.2559,17603.498
7/5/2011,4401.96045,8416.7334,6042.38965,15855.6475,17107.9668,19672.9395,18187.8027
7/6/2011,4698.08789,7867.78613,6338.09912,15544.3115,18044.3008,20694.2871,18842.3633
7/7/2011,4426.69287,7734.82178,6793.63037,14084.6846,19017.291,20863.9121,19492.0664
7/8/2011,4014.04199,7894.31885,7389.37891,12405.168,19458.8594,18290.7031,20100.8848
7/9/2011,3699.20264,8064.32666,8026.51416,11141.4199,18736.1719,14992.2158,20884.6426
7/10/2011,3639.54614,8245.00098,8566.68066,10491.7363,17019.7637,12970.2373,21746.875
7/11/2011,3767.96216,8092.44531,8993.76758,10519.7334,15170.9688,12190.2842,22423.6113
7/12/2011,3851.10205,7518.46729,9142.12598,10848.9561,13781.1357,12392.5068,22571.6035
7/13/2011,3827.77026,6984.43652,8943.99707,11537.832,13094.8301,13343.8701,21753.8359
7/14/2011,3770.42261,6797.64502,8771.43457,12777.9209,13009.4561,13877.4863,20135.9531
7/15/2011,3759.771,6973.10938,8840.54688,14109.0449,13287.4834,15681.3057,18449.3242
7/16/2011,3734.49316,7235.47119,9008.58789,15071.6934,14211.0957,17871.2656,17302.4922
7/17/2011,3761.37598,7345.75928,9101.34277,15822.7822,15854.3945,19827.998,16984.5117
7/18/2011,3782.59644,7308.02881,8970.37598,16312.5127,17563.543,20921.8867,17168.3203
7/19/2011,3737.82544,7316.56787,8527.77637,16625.0352,19003.4023,21903.3457,17488.957
7/20/2011,3668.50879,7485.65771,8072.12402,16681.7578,20041.1816,21274.4785,18098.6777
7/21/2011,3693.75366,7756.16895,7821.90332,16363.584,20572.7891,21964.1465,19118.207
7/22/2011,3862.73242,8068.38818,7777.30713,16410.7773,20916.6504,21455.8125,20540.6719
7/23/2011,4035.98901,8323.99219,7887.9873,16908.5215,20990.1211,21201.2285,22079.793
7/24/2011,4136.27246,8390.61816,8010.79736,16706.627,21060.8516,23475.8516,23163.4434
7/25/2011,4253.3999,8392.15918,8182.04688,15653.7686,21885.3828,24368.4043,23652.9004
7/26/2011,4236.25586,8384.60742,8383.5918,14604.5957,22450.9785,21043.3457,23844.4219
7/27/2011,4065.26685,8320.22168,8529.91602,13988.3037,21764.4219,19441.3398,23959.6641
7/28/2011,4024.43481,8180.5376,8663.42383,13894.7012,20646.0605,18931.373,24549.6191
7/29/2011,3939.19263,8041.44336,8931.25,13976.5498,19833.6367,19821.6875,25879.1992
7/30/2011,3828.68774,8022.11426,9190.90234,14306.2285,19625.7852,20997.0703,26885.4629
7/31/2011,3747.33105,8073.25439,9317.47852,15233.2393,19979.1973,21475.9082,26613.082
8/1/2011,3755.22168,8548.46973,9634.25,16491.7324,20603.1895,23285.8242,25576.1094
8/2/2011,4040.07495,9050.55176,10083.0635,18285.9824,21631.4355,24555.8652,24774.2207
8/3/2011,4223.83203,9154.21484,10469.7969,19369.3809,22708.0137,25314.082,24553.7441
8/4/2011,4258.7168,9060.56348,10727.2588,20285.3438,23975.8516,29291.3926,24700.9199
8/5/2011,4161.55273,8775.62012,10554.1846,22181.1934,25625.582,27961.2812,25075.7656
8/6/2011,3953.40308,8653.70996,10051.2139,23672.5293,26778.9824,30764.3535,25710.3711
8/7/2011,3914.27881,8779.78027,9706.63672,23884.3984,28267.166,33705.832,26490.2695
8/8/2011,3928.88916,8961.53125,9668.24023,23372.7168,30577.625,36565.6641,27644.7773
8/9/2011,3885.66699,9031.625,9743.54395,22843.2676,32596.2969,35649.8477,29280.6699
8/10/2011,3824.19751,8850.56641,9724.0791,21919.0762,33721.2188,35050.5977,30957.332
8/11/2011,3745.3374,8600.18262,9616.17871,20820.8613,33913.8398,33847.0977,32854.1523
8/12/2011,3680.32959,8477.11133,9651.05078,19760.9609,33441.6367,31613.9746,34995.4688
8/13/2011,3730.50684,8349.47949,9870.70703,18717.6621,32170.4141,28951.8027,36739.3984
8/14/2011,3966.14624,8142.8623,9978.10449,17941.8008,30515.2266,27950.1738,37569.8438
8/15/2011,4093.37695,8006.30273,9984.4834,17603.2285,28936.709,25464.6309,37443.3086
8/16/2011,3961.81201,8101.16211,9995.64258,17308.1133,27311.9414,25285.2109,36570.0547
8/17/2011,3866.08447,8427.58594,9878.04102,17062.1191,26281.2266,25639.293,35111.0078
8/18/2011,3870.20337,8794.46289,9781.41309,17032.793,25772.0723,25159.3633,33524.1797
8/19/2011,3963.2002,9115.87012,9810.6582,17214.4531,25345.7656,25701.7578,32114.5586
8/20/2011,4134.28516,9115.44336,9805.60547,17695.5996,25248.3086,26419.3535,30954.5078
8/21/2011,4358.63428,8907.25195,9898.40918,18002.6426,25498.1367,27580.6504,30192.1152
8/22/2011,4781.82812,8855.0166,10017.8662,17966.0625,26110.7148,28811.3438,29692.3535
8/23/2011,4985.92773,8947.28906,10011.2041,17967.7793,26779.5039,28004.1699,29250.8633
8/24/2011,4796.94824,9264.37891,9924.14844,17880.8008,27048.998,27956.082,29072.3555
8/25/2011,4780.04102,9680.09961,9881.1582,17875.0234,27082.1895,27519.7695,29579.666
8/26/2011,5186.88525,10236.9814,9880.64941,17678.0645,26999.0117,27102.9395,30750.9199
8/27/2011,5609.06152,10845.583,9770.48535,17155.6152,26865.4922,27472.4004,31819.8418
8/28/2011,5784.20215,10872.626,9687.5,16737.7559,26805.9219,26333.0098,32325.3691
8/29/2011,5655.85596,10401.5205,9697.92969,16269.1387,26377.2969,25041.7773,32461.4512
8/30/2011,5260.94385,10160.0947,9760.73242,15627.6826,25648.7305,24577.5605,32306.5586
8/31/2011,5015.70996,10325.6875,9956.48633,15067.249,24946.75,23402.3613,31912.1602
9/1/2011,4821.48535,10537.1826,10416.0957,14727.1084,24072.1094,22306.793,31301.6387
9/2/2011,4594.95947,10423.0195,10937.9219,14530.7031,23199.5703,22382.8047,30342.293
9/3/2011,4347.52734,9878.55371,11213.6426,14310.8369,22649.3359,22004.5723,29295.9766
9/4/2011,4138.5376,9183.32422,11174.6943,14096.1777,22203.3398,21447.4727,28484.6582
9/5/2011,4011.35547,8645.18262,11029.4482,14104.6504,21694.9609,20990.0273,27733.2988
9/6/2011,3974.86841,8360.5498,11072.5898,14271.0039,21261.1445,21033.1348,26975.8828
9/7/2011,4121.2998,8178.396,11381.2939,14545.4229,21035.3574,21887.6777,26399.6289
9/8/2011,4260.44531,7912.521,11642.7041,14950.373,21116.5195,22268.541,25992.5312
9/9/2011,4328.14795,7731.82617,11493.2158,15467.7783,21385.7773,22909.416,25689.5918
9/10/2011,4272.69482,7763.21436,11103.5,15822.8691,21822.4766,23928.7188,25697.3516
9/11/2011,4152.80176,7900.8999,10572.1963,15876.1426,22523.3691,25123.5449,26197.416
9/12/2011,4131.99561,8054.99707,9974.78809,16093.1025,23318.6055,25398.1152,26974.166
9/13/2011,4081.8042,8140.80371,9591.41016,16742.7715,23891.5312,25509.1309,27677.5137
9/14/2011,4064.98535,8075.25879,9460.53613,17453.5742,24440.3438,28093.1035,28188.3848
9/15/2011,4191.71387,7948.82764,9392.19922,17995.8125,25743.3828,31002.2695,28718.4355
9/16/2011,4293.99561,7973.04199,9381.62793,18160.9844,27315.4219,30238.6191,29292.3789
9/17/2011,4379.96436,8073.73486,9375.75488,18582.3613,28400.3711,31133.3711,29693.1074
9/18/2011,4471.51465,8255.78613,9338.57715,19322.7148,29060.1797,30574.5547,30487.3535
9/19/2011,4528.23926,8659.85938,9376.03906,20146.6758,29487.6621,32590.8027,32167.9902
9/20/2011,4624.17969,9179.15039,9558.6748,21032.9492,30194.6484,32905.7969,33885.2617
9/21/2011,4876.69238,9624.61133,9770.6123,21359.1387,31016.3613,33978.5234,34876.4531
9/22/2011,5138.24805,9862.21973,9772.4209,21032.0566,31900.4277,34193.2656,35422.8789
9/23/2011,5283.63574,9811.68945,9605.39453,20331.125,32530.9727,32760.3281,36046.2344
9/24/2011,5229.74121,9628.75977,9420.67188,19629.7324,32267.2812,30412.2012,37119.4688
9/25/2011,4927.50732,9556.24219,9394.4541,18749.7695,31305.4473,29593.0156,38312.3828
9/26/2011,4607.01904,9548.77832,9525.97266,17872.2285,30268.6309,29190.6777,39024.6211
9/27/2011,4292.5498,9475.99902,9812.39355,17115.7109,29409.4043,28322.4766,39144.1055
9/28/2011,4100.34668,9238.58008,10231.3223,16660.5371,28518.6152,26987.7676,38557.625
9/29/2011,4010.54663,8770.38477,10621.6484,16848.9863,27679.1387,27127.168,37364.3398
9/30/2011,3954.04102,8163.15381,10723.7217,17111.748,27297.9922,30142.7012,36058.4375
10/1/2011,3886.47803,7558.2417,10505.9004,17153.416,28062.7207,32041.832,34953.8047
10/2/2011,3830.21875,7075.46436,10281.417,17518.6816,28753.0527,27775.9746,34119.4492
10/3/2011,3794.70264,6783.41113,10337.6748,19225.6211,28135.8359,26835.1484,33572.7031
10/4/2011,3779.60571,6576.19141,10486.7852,20314.9023,27323.4512,27834.457,33628.0391
10/5/2011,3780.47192,6360.7832,10212.1338,20293.3945,27706.502,32834.8086,34510.1289
10/6/2011,3786.28442,6148.4624,9576.89355,20210.8242,28940.9805,29036.832,35303.2305
10/7/2011,3783.1875,6000.11328,8882.25781,19395.0586,29026.6348,28411.3887,35051.6133
10/8/2011,3751.2478,5890.34961,8221.27441,18601.4121,28539.9883,27864.791,34243.5977
10/9/2011,3680.89087,5734.52197,7691.63818,17586.3125,28059.4277,26464.8379,34058.125
10/10/2011,3580.58276,5544.0918,7293.5459,16500.1875,27081.4355,25194.4043,34383.8828
10/11/2011,3470.20581,5362.82666,6993.11182,15595.6992,26022.2363,23485.4531,34051.4258
10/12/2011,3362.61133,5196.88916,6743.98193,14635.3623,24747.5156,22363.8398,33447.6562
10/13/2011,3263.4397,5027.71973,6533.54688,13601.0615,23544.1191,21711.1465,33027.2578
10/14/2011,3172.75488,4844.67871,6393.99219,12557.7822,22437.6582,19910.8418,32185.4219
10/15/2011,3087.81226,4656.1499,6322.27002,11882.7734,21166.9746,18785.9082,30903.3086
10/16/2011,3009.2832,4472.60303,6229.7876,11680.7197,19964.6973,18317.5586,29495.5215
10/17/2011,2946.62451,4295.05518,6118.86523,11776.127,19109.8711,18828.2383,28278.0781
10/18/2011,2876.01367,4123.62646,5982.31738,11574.8525,18815.623,20126.0859,27266.6699
10/19/2011,2794.15894,3967.67261,5738.23242,11239.0605,19199.1289,21775.4414,26263.4238
10/20/2011,2717.77124,3828.03784,5445.44336,10858.7217,19884.543,21603.8047,25140.5527
10/21/2011,2633.13647,3712.8833,5174.24219,10234.1719,20614.502,23211.2676,24181.0078
10/22/2011,2534.19751,3621.19751,4933.65234,9724.07422,21178.2266,20428.9336,23900.6992
10/23/2011,2431.11084,3519.96021,4720.84766,9205.99316,20759.8418,18452.4316,24279.8203
10/24/2011,2353.29102,3393.45728,4529.27393,8749.7207,19560.8867,16869.6797,24959.791
10/25/2011,2290.39746,3244.74414,4350.52588,8361.87207,18186.5625,15131.8086,25621.2988
10/26/2011,2192.90308,3081.45972,4183.25,7948.28857,16667.1816,13774.4004,25744.373
10/27/2011,2081.62524,2915.03662,4034.64185,7527.4082,15275.6104,12751.5205,24801.8203
10/28/2011,2028.31555,2772.47705,3902.93042,7144.12939,14078.0254,11700.6299,23076.7598
10/29/2011,2133.12451,2677.62207,3781.63965,6817.45264,13004.9482,10872.7842,21190.748
10/30/2011,2378.08398,2608.34692,3660.12134,6513.13867,12061.6025,10216.8008,19427.541
10/31/2011,2467.7583,2567.68677,3528.10742,6238.67969,11248.7021,9627.16992,17949.7129
11/1/2011,2463.46558,2591.80566,3387.75806,5981.98535,10518.8311,9049.97559,16614.8281
11/2/2011,2387.10913,2701.19971,3255.3689,5742.50879,9844.74512,8523.78418,15345.0781
11/3/2011,2246.08594,2916.51709,3141.48242,5530.02148,9240.47363,8037.22363,14212.3574
11/4/2011,2198.40381,3111.95923,3019.09424,5345.62891,8682.99609,7599.50293,13231.4902
11/5/2011,2217.13037,3133.09546,2896.84424,5180.80615,8175.21143,7230.17627,12372.1592
11/6/2011,2282.7439,3048.63501,2811.03198,5021.5874,7732.01758,6948.35596,11610.4385
11/7/2011,2339.10254,2891.68408,2768.34229,4863.14307,7354.05762,6823.54932,10962.0615
11/8/2011,2380.05835,2739.63501,2785.0874,4742.5332,7027.31348,6574.79053,10435.8555
11/9/2011,2386.75,2676.34692,2871.28076,4845.65137,6764.77783,6677.271,10080.4814
11/10/2011,2443.01904,2674.77881,3001.89233,5189.99658,6719.08545,7824.2749,9919.41211
11/11/2011,2552.3147,2727.61011,3119.72778,5316.43945,7099.91748,10616.2158,9876.98438
11/12/2011,2600.53882,2793.25952,3148.70752,5130.7085,8473.48535,14224.3457,9888.00391
11/13/2011,2598.03442,2824.71655,3087.66602,4828.32178,9888.43359,9715.92188,9903.5
11/14/2011,2563.35107,2840.3772,2986.16724,4545.95801,9686.91211,8034.45996,10172.8594
11/15/2011,2479.38867,2907.21338,2884.09912,4428.87646,8748.17383,7367.50439,11307.4814
11/16/2011,2419.50391,2975.04321,2823.4021,4431.81396,7926.02148,6764.18115,13283.083
11/17/2011,2395.44873,2976.85986,2808.74463,4489.77197,7165.37842,6360.82812,14956.6904
11/18/2011,2359.65063,2943.65479,2826.75269,4530.57227,6644.95459,6110.68848,15016.6631
11/19/2011,2302.49316,2873.06836,2854.50415,4506.22363,6311.91943,5892.79346,13628.6143
11/20/2011,2242.41333,2784.51904,2881.76001,4399.83691,6080.33887,5734.81885,11822.5361
11/21/2011,2188.51221,2736.53101,2915.32031,4255.79053,5888.56396,5470.28516,10217.0879
11/22/2011,2140.9209,2704.25708,2953.25439,4128.8457,5681.11963,5188.53467,9094.28223
11/23/2011,2102.60352,2657.21094,2980.53003,4050.2771,5415.10498,4969.79541,8375.61426
11/24/2011,2069.33081,2600.78369,2991.91553,4019.15674,5163.86719,4839.08154,7909.91553
11/25/2011,2040.79016,2549.50562,3011.68335,4023.09131,4977.30518,4714.31738,7542.38184
11/26/2011,2014.96655,2504.82275,3018.09644,4045.3186,4830.72607,4663.97607,7160.77051
11/27/2011,1986.76648,2464.81885,2960.04126,4067.59497,4734.53662,4677.18994,6748.89795
11/28/2011,1954.10791,2428.07715,2875.14917,4091.63599,4690.73926,4672.60645,6362.46875
11/29/2011,1917.32288,2392.14233,2802.19873,4110.5957,4669.66504,4644.48779,6051.64453
11/30/2011,1876.49927,2357.60693,2735.83765,4121.79199,4660.24121,4644.55078,5813.15869
12/1/2011,1832.35657,2320.38403,2678.55884,4080.73535,4655.68701,4596.91943,5643.21436
12/2/2011,1788.38782,2279.30469,2627.6897,3951.38745,4650.98828,4545.13867,5529.35547
12/3/2011,1744.46582,2235.8938,2582.90967,3813.11938,4647.52637,4454.42432,5450.9292
12/4/2011,1696.8634,2195.6394,2543.59863,3685.32471,4575.84863,4277.11084,5388.11328
12/5/2011,1645.48804,2153.38062,2504.96875,3588.68359,4427.66553,4185.01807,5332.91406
12/6/2011,1590.53638,2105.03662,2463.9397,3535.77905,4285.56299,4063.00293,5289.27637
12/7/2011,1532.49084,2048.75781,2422.85791,3446.80249,4149.87305,3955.14648,5244.88965
12/8/2011,1473.48889,1976.84619,2382.57886,3355.05347,4045.80518,3883.69287,5182.55322
12/9/2011,1415.52698,1901.45068,2341.0481,3296.77905,3974.36597,3943.51538,5115.10938
12/10/2011,1359.27246,1826.47852,2298.38428,3249.41284,3907.89795,4095.76221,5056.78564
12/11/2011,1304.57703,1748.96069,2254.76221,3207.70508,3874.93579,3997.36719,4985.33252
12/12/2011,1252.17578,1671.49084,2209.24536,3162.2644,3841.53418,3843.20117,4891.81982
12/13/2011,1203.89172,1594.50598,2158.55127,3111.65259,3784.71753,3656.69507,4807.09766
12/14/2011,1161.08899,1520.90332,2099.65771,3054.72388,3713.11353,3517.79004,4751.73779
12/15/2011,1123.6405,1450.53662,2033.7771,2985.89111,3630.8501,3368.01416,4722.28125
12/16/2011,1091.1842,1383.62854,1963.33679,2903.78833,3539.2041,3278.62402,4671.13721
12/17/2011,1063.69128,1321.28967,1889.88086,2816.43945,3444.22534,3228.38037,4562.29297
12/18/2011,1041.5553,1265.30432,1814.60889,2734.43018,3358.75293,3213.52759,4412.35938
12/19/2011,1024.69604,1216.03491,1738.79858,2654.81519,3275.63696,3144.59937,4242.51611
12/20/2011,1011.4046,1172.65979,1663.74805,2573.63281,3192.65698,3094.59351,4067.15698
12/21/2011,998.459778,1135.06885,1590.47913,2487.58936,3109.66797,2968.23022,3910.42163
12/22/2011,982.430603,1103.40649,1519.73438,2393.81055,3021.28882,2875.13843,3798.06958
12/23/2011,961.046692,1077.9552,1452.33704,2298.16235,2930.15747,2717.81592,3727.77271
12/24/2011,934.00647,1057.89307,1389.38232,2204.99219,2830.02734,2586.85327,3681.89673
12/25/2011,904.876404,1041.10876,1331.7439,2113.0481,2719.31201,2468.20068,3645.10986
12/26/2011,882.384827,1024.86975,1279.78406,2028.67871,2604.72607,2379.20508,3596.12476
12/27/2011,862.230286,1004.54047,1233.5332,1945.28003,2487.05981,2255.99512,3517.2854
12/28/2011,831.109497,979.279846,1193.05884,1850.17798,2371.57617,2186.50342,3411.15869
12/29/2011,793.50061,951.606934,1158.44727,1755.55762,2264.3457,2033.82898,3294.26538
12/30/2011,759.37616,925.229248,1129.41028,1673.73352,2145.73901,1886.62598,3182.59692
12/31/2011,734.126343,902.982056,1105.02661,1604.28748,2021.95789,1820.26575,3081.71704
1/1/2012,715.814636,875.16333,1083.47729,1540.6571,1929.06384,1781.96655,2989.40552
1/2/2012,696.25061,837.179504,1062.29041,1482.2019,1861.12939,1696.28442,2894.28125
1/3/2012,681.141846,797.585571,1039.53235,1440.56812,1792.47839,1640.50879,2775.56299
1/4/2012,669.880676,766.722168,1014.80835,1448.85767,1720.80408,1607.41284,2638.49121
1/5/2012,677.7229,753.455383,989.47052,1515.31787,1663.54004,1587.36462,2519.83252
1/6/2012,691.29364,750.359253,964.917908,1575.59412,1634.77246,1498.23511,2426.93237
1/7/2012,698.344299,773.203918,939.956543,1585.27051,1663.72559,1475.66711,2344.2146
1/8/2012,715.780884,818.533875,910.703125,1532.79028,1741.42529,1549.68713,2269.51538
1/9/2012,747.29425,843.36377,876.842651,1439.67908,1804.80933,1650.83716,2205.4668
1/10/2012,732.106262,846.239624,844.290527,1365.27515,1810.55139,1699.54602,2141.57788
1/11/2012,671.405273,834.115784,818.965515,1323.81445,1738.8075,1677.86853,2068.573
1/12/2012,633.446594,822.682373,804.174744,1297.57178,1626.79248,1589.27344,2003.83765
1/13/2012,602.817749,844.974854,803.82373,1271.49365,1536.90491,1508.32446,1976.93054
1/14/2012,600.614136,864.065063,818.170227,1245.97559,1477.65173,1439.27539,1991.89136
1/15/2012,688.544617,831.856689,840.557434,1252.78674,1435.8158,1424.87268,2012.51172
1/16/2012,780.713074,816.698608,868.835632,1258.91956,1410.45361,1455.89514,2011.22522
1/17/2012,812.586853,856.576599,888.0849,1200.12122,1414.04724,1593.81799,1982.4967
1/18/2012,847.796753,887.352051,887.303528,1121.82642,1448.06531,1540.40137,1928.90906
1/19/2012,867.081177,938.149109,882.13916,1077.33618,1438.2052,1313.57007,1871.81812
1/20/2012,858.902161,1027.23376,879.918701,1067.69189,1355.54736,1217.02686,1835.42908
1/21/2012,854.261963,1066.10388,876.665588,1105.8302,1271.89905,1247.68188,1837.24426
1/22/2012,848.831848,1062.96643,897.003174,1235.2738,1233.85034,1346.77502,1858.4054
1/23/2012,824.880493,1070.37866,920.980347,1371.68762,1269.53528,1570.61377,1844.18799
1/24/2012,788.356079,1061.13245,925.484314,1403.10474,1390.63403,1977.04443,1775.38696
1/25/2012,739.363586,1035.60413,943.863892,1387.98328,1623.89514,2349.24976,1690.57556
1/26/2012,683.983948,1014.75934,979.977173,1375.56958,1887.0918,2334.354,1636.38696
1/27/2012,635.526672,981.07196,1018.77002,1362.49817,2067.23682,2403.26562,1655.93665
1/28/2012,594.041626,932.167786,1047.40076,1320.43604,2188.66357,2412.1416,1790.03467
1/29/2012,557.975159,874.379822,1064.87903,1264.77515,2255.83032,2332.46948,2031.09631
1/30/2012,526.398254,810.361694,1070.24377,1222.58008,2246.07788,2060.33667,2286.38574
1/31/2012,498.39978,749.614685,1064.46509,1184.29382,2151.78198,1832.32666,2465.40137
2/1/2012,474.234283,699.290833,1051.43237,1172.13293,2007.36694,1681.81665,2567.04663
2/2/2012,455.637085,657.469116,1029.79163,1192.72266,1861.21863,1575.01953,2598.90405
2/3/2012,434.648102,622.762512,1002.19897,1247.72388,1748.6012,1565.23938,2539.05371
2/4/2012,405.318878,595.95636,977.990051,1301.85291,1690.68323,1605.81934,2396.52661
2/5/2012,389.500153,575.340332,938.258118,1371.83948,1677.75696,1633.15149,2225.02612
2/6/2012,387.434113,557.655334,875.04364,1530.69116,1699.41321,1633.22998,2060.8772
2/7/2012,383.832611,534.917114,811.539246,1664.95923,1719.28271,1640.08997,1928.72791
2/8/2012,381.303772,500.794189,754.492188,1652.70166,1781.92468,1772.31604,1852.54114
2/9/2012,377.980133,469.304932,706.7948,1564.47681,1916.59875,1836.79492,1821.59631
2/10/2012,374.582916,454.101746,668.62207,1472.4801,1971.52722,1756.91553,1816.17725
2/11/2012,371.210907,446.603638,638.151489,1398.39624,1888.12317,1716.27026,1821.22681
2/12/2012,367.776672,439.983765,612.452881,1337.0177,1757.20105,1602.38977,1842.85913
2/13/2012,364.402039,433.609833,587.472351,1266.72766,1636.99597,1502.63013,1888.04224
2/14/2012,361.75235,426.880646,559.864197,1187.27979,1543.55591,1390.97266,1923.14429
2/15/2012,360.417786,419.412964,530.65387,1104.36133,1463.44299,1299.11499,1912.17932
2/16/2012,361.608795,411.121613,505.545197,1025.52344,1377.96118,1238.54285,1860.01392
2/17/2012,370.89917,403.098175,486.876648,954.819824,1285.97852,1180.49365,1780.62793
2/18/2012,396.428833,395.961761,473.404449,896.03833,1193.36902,1120.17908,1685.78418
2/19/2012,447.021759,390.313446,463.304382,846.804688,1106.72546,1057.73169,1588.44519
2/20/2012,524.882446,386.566437,454.74234,800.309387,1030.38696,997.687561,1499.97925
2/21/2012,619.586243,387.843811,446.414642,753.243408,967.005859,945.856201,1427.57568
2/22/2012,710.960754,400.83783,437.901154,707.085632,914.593933,905.257996,1366.07739
2/23/2012,777.467773,434.380402,429.307495,666.866394,871.028687,869.333679,1307.50928
2/24/2012,805.615051,495.044037,421.142273,635.100464,833.299133,827.118652,1248.11841
2/25/2012,795.005371,579.646973,413.983643,611.598633,796.741028,771.037476,1187.9978
2/26/2012,755.044434,673.207397,408.520874,594.289551,759.533691,717.777344,1128.61255
2/27/2012,699.540588,754.262146,406.335602,581.375061,723.855957,680.796936,1075.13391
2/28/2012,642.05896,804.152039,410.898773,570.915405,693.269348,660.514343,1032.70178
2/29/2012,590.396179,814.851135,427.503082,562.086731,672.175354,658.960571,1009.61005
3/1/2012,546.209473,790.586121,461.455109,561.748657,664.580078,654.213806,992.804993
3/2/2012,508.046631,742.787231,514.739014,589.38916,673.86554,678.865234,953.408936
3/3/2012,473.940094,685.419922,583.196228,610.121094,700.05072,725.484619,901.799011
3/4/2012,443.085083,629.8703,659.022156,635.068481,740.899902,792.416626,867.261169
3/5/2012,415.82605,581.016418,729.205322,733.670349,791.437744,808.602173,841.046936
3/6/2012,392.818054,539.041626,773.209961,883.819641,821.706177,808.098267,819.242981
3/7/2012,374.408203,502.124542,784.827271,1031.57483,881.06189,876.164246,820.660095
3/8/2012,360.459137,468.784607,771.314636,1170.25354,1024.52283,1112.28601,845.058472
3/9/2012,351.090057,438.795654,739.294739,1351.74866,1202.099,1338.58789,882.074463
3/10/2012,345.474976,412.736267,699.61322,1533.25024,1354.23657,1477.44275,927.398499
3/11/2012,342.073364,391.330933,697.288635,1686.75232,1492.42871,1836.65613,1003.94794
3/12/2012,340.962677,374.999146,794.640686,1759.95178,1681.60168,2123.28979,1138.97021
3/13/2012,352.115692,366.769318,810.485413,1692.03015,1881.55164,2195.79272,1308.94922
3/14/2012,392.082977,374.599274,701.700562,1573.5929,2022.84387,2051.72144,1459.14136
3/15/2012,447.161072,397.78009,615.724731,1468.9209,2059.70117,1873.14502,1601.98584
3/16/2012,522.650757,428.16922,555.759583,1388.7915,1994.2312,1825.80835,1788.44165
3/17/2012,590.204712,466.708313,516.55304,1343.49536,1907.1405,1928.77295,1987.2124
3/18/2012,620.537354,540.629944,484.411682,1361.73108,1846.67981,2032.82996,2139.86987
3/19/2012,660.628052,647.110596,461.410309,1525.17395,1838.25061,2236.2478,2205.30957
3/20/2012,725.026428,743.21228,443.019684,1717.20312,1908.67212,2490.43018,2179.23047
3/21/2012,800.469055,790.26886,440.614777,1694.57849,2079.76318,2921.25171,2140.27588
3/22/2012,865.89917,782.308472,448.379578,1536.29443,2351.43506,3044.30469,2158.625
3/23/2012,901.786133,764.895569,464.981262,1383.90979,2509.229,2368.68677,2245.37476
3/24/2012,900.601624,777.965942,504.271515,1239.31433,2393.19263,1992.45007,2414.27368
3/25/2012,867.756104,824.704407,566.361511,1092.67065,2160.90845,1809.84399,2676.13232
3/26/2012,817.344666,882.812378,639.080872,959.667175,1927.20874,1601.74512,2936.99292
3/27/2012,763.978943,927.387756,701.82019,863.618835,1694.65308,1326.1283,3010.72974
3/28/2012,718.639465,943.061462,740.974548,804.83313,1469.16956,1117.5979,2840.42798
3/29/2012,686.95282,926.842163,758.794861,777.167908,1276.00549,1008.5777,2555.23291
3/30/2012,653.131592,888.510071,772.376831,771.357422,1134.73022,960.271301,2266.64868
3/31/2012,610.788452,836.070251,796.59668,793.007019,1042.95471,946.950439,1997.53003
4/1/2012,571.944214,780.804016,837.577393,849.657043,994.233032,951.620056,1748.04688
4/2/2012,542.342285,740.884827,893.174377,952.548645,986.127991,1015.35529,1540.96729
4/3/2012,534.355408,714.225098,942.553162,1047.85425,1021.5683,1139.83691,1416.70215
4/4/2012,513.677307,679.350464,961.98175,1129.65845,1093.30054,1281.64673,1433.62659
4/5/2012,511.927185,666.007507,964.383789,1244.06384,1200.30273,1366.50146,1698.4021
4/6/2012,543.069275,750.271667,1007.64185,1415.08093,1299.33386,1387.17981,2041.06421
4/7/2012,620.069153,897.071899,1093.43457,1750.03052,1427.43774,1417.0968,2167.85303
4/8/2012,718.550171,974.092041,1217.52991,2321.91211,1630.29248,1832.92041,2122.50781
4/9/2012,850.408752,1022.72711,1243.26599,3085.68652,1973.51172,2689.78467,2034.6731
4/10/2012,886.761292,1110.22473,1162.00415,3872.17017,2497.66528,3728.79224,1981.58606
4/11/2012,798.38855,1268.83081,1084.56604,4204.27393,3233.93311,5068.66748,1978.38403
4/12/2012,752.32074,1446.99841,1024.30823,4001.28052,4173.64258,6121.53271,2032.44055
4/13/2012,717.088196,1590.73669,1027.56812,3669.73657,5041.25488,5946.50635,2235.34302
4/14/2012,704.651917,1674.02283,1053.7915,3425.78857,5437.24756,5422.43945,2684.65259
4/15/2012,688.578552,1594.84314,1087.04443,3271.14331,5433.46191,5248.46143,3447.698
4/16/2012,680.09729,1437.91077,1138.44653,3082.96387,5326.57764,5266.93408,4453.75439
4/17/2012,687.96344,1288.76123,1229.44153,2880.26465,5182.42725,5188.23779,5366.16602
4/18/2012,716.832153,1163.05176,1382.72131,2719.36865,4999.24902,4501.35059,5831.85547
4/19/2012,785.665344,1063.61047,1529.16492,2670.13696,4707.15527,4045.4646,5891.89795
4/20/2012,878.306274,985.156799,1613.44348,2729.37744,4378.07275,3820.66553,5820.76025
4/21/2012,982.007935,941.247559,1628.97424,2769.81079,4103.71436,3968.81738,5798.26562
4/22/2012,1071.98291,944.782959,1571.1355,2867.32471,3995.80078,4255.68994,5755.26416
4/23/2012,1131.9563,1022.47003,1481.77344,3090.33789,4034.80273,4298.97998,5576.86133
4/24/2012,1131.96118,1156.76184,1375.93604,3318.99023,4124.98291,4748.76953,5358.32422
4/25/2012,1082.47583,1258.5918,1261.97095,3496.33472,4378.09277,5465.31836,5256.59229
4/26/2012,1012.05872,1329.23865,1160.64221,3595.32349,4693.47852,5236.24951,5292.75195
4/27/2012,928.723511,1412.78003,1091.48877,3528.63721,4821.78711,5068.02148,5324.39062
4/28/2012,850.767456,1502.71301,1096.51831,3395.79346,4830.24951,5090.60596,5353.37109
4/29/2012,808.85321,1525.14575,1245.45129,3707.65234,4830.31543,5009.24268,5532.45117
4/30/2012,783.492676,1468.78833,1403.09839,4508.12158,4829.80566,5011.43799,5845.6543
5/1/2012,741.365967,1412.0675,1480.69849,4764.84863,4868.68066,5826.90869,6167.28467
5/2/2012,703.987976,1333.86426,1558.54333,4325.07715,5351.41553,7676.21338,6354.13965
5/3/2012,661.738342,1313.75464,1583.72375,3927.9895,6081.50586,6566.61035,6306.60205
5/4/2012,602.978333,1417.42566,1592.16479,3819.43555,6171.12646,5561.52197,6136.24756
5/5/2012,555.837341,1453.19287,1631.03088,3869.16724,5876.73486,5656.38135,6087.5
5/6/2012,607.425781,1373.88147,1685.8125,3879.86719,5757.34912,6208.69482,6426.57617
5/7/2012,934.100464,1324.14697,1801.83667,3972.90747,5825.52246,6125.68506,6953.27881
5/8/2012,1328.09583,1354.44727,1943.53943,4278.12695,5958.20703,5883.02832,7119.64453
5/9/2012,1564.26587,1483.80176,2039.88171,4631.22363,6049.46777,6590.23779,7052.4624
5/10/2012,1695.19006,1732.83777,2114.88403,4916.19971,6444.96826,7545.02588,7109.55566
5/11/2012,1690.2019,2197.42261,2092.42139,5009.08545,6950.59424,7823.0957,7259.81201
5/12/2012,1613.73315,2992.43091,1967.4314,4984.83447,7460.49951,8682.53418,7326.92725
5/13/2012,1633.52014,3631.65649,1813.77454,5032.91748,7926.87939,8038.88867,7357.5459
5/14/2012,1781.78784,3789.40698,1682.36096,5030.70752,8026.07812,8080.12451,7653.87354
5/15/2012,1912.33594,3667.22852,1676.31213,4996.2085,8076.08984,8613.0625,8242.73047
5/16/2012,1943.84875,3434.86572,1817.04602,4992.19189,8217.85938,8782.46582,8956.05957
5/17/2012,1897.68176,3254.83691,2142.17407,4994.42139,8303.95312,8664.45898,9552.0332
5/18/2012,1821.83569,3162.25806,2606.53052,5053.15234,8346.97363,8834.08008,9853.31738
5/19/2012,1771.58057,3182.41162,3079.47339,5283.75879,8421.01562,9030.87598,10085.1602
5/20/2012,1796.73914,3197.54102,3489.8103,5754.81445,8602.71094,9580.2998,10368.3604
5/21/2012,1857.1062,3143.48462,3720.1189,6054.11426,8874.34277,9840.37207,10536.2734
5/22/2012,1905.21436,3066.07446,3725.44653,5946.06689,9233.98438,10718.5049,10528.7871
5/23/2012,1934.73083,3021.20825,3659.7085,5732.85791,9635.62305,10193.1777,10432.1631
5/24/2012,1952.78967,3128.12085,3657.00732,5766.50293,9718.12402,9726.63184,10411.7637
5/25/2012,2018.9043,3312.78345,3705.3501,6396.13037,9590.7627,10111.1895,10610.0713
5/26/2012,2132.32568,3407.07202,3744.75049,7409.8501,9686.86621,10791.4619,11108.3008
5/27/2012,2386.08423,3478.47363,3807.64795,8135.63867,9995.10645,12115.5723,11725.791
5/28/2012,2521.41284,3605.82959,3812.823,8448.90332,10752.7617,13826.9443,12113.2617
5/29/2012,2368.5542,3786.15479,3774.87378,8498.22656,11785.6387,13891.5059,12364.9941
5/30/2012,2200.65454,4101.12598,3836.05176,8424.44434,12579.6846,14268.5352,12657.0244
5/31/2012,2060.41235,4488.07275,3919.45654,8231.31738,13115.7158,13838.0205,13035.0996
6/1/2012,2003.16895,4848.18506,3982.02222,7954.26807,13331.6514,13814.1631,13660.4961
6/2/2012,2102.93213,4983.44629,4047.70581,7982.99414,13326.958,13400.0371,14393.3096
6/3/2012,2233.29907,4821.47754,4213.54199,8386.44531,13227.0479,13349.9648,15035.6826
6/4/2012,2302.37573,4633.51807,4516.56836,8653.89453,13116.3594,13790.5732,15649.6406
6/5/2012,2338.72754,4471.0127,4819.09521,8667.51074,13306.4131,14747.832,16174.3926
6/6/2012,2344.45679,4408.30518,4974.55322,8626.21191,13674.5967,14103.7383,16412.8262
6/7/2012,2282.5835,4510.77344,5107.83545,8659.77734,13768.6689,13772.8076,16266.1074
6/8/2012,2191.91064,4687.14893,5369.76709,8876.98828,13669.2012,13307.1689,15954.7832
6/9/2012,2178.5896,4967.5166,5587.09668,9117.44922,13556.4521,13636.9834,15895.8037
6/10/2012,2300.60815,5145.13086,5569.53564,9333.63379,13584.7334,14127.5566,16079.9492
6/11/2012,2472.34912,5079.48193,5365.16357,9625.9834,13843.085,14240.4863,16203.5205
6/12/2012,2538.83325,4938.12695,5141.25049,9749.09277,13951.7461,13444.4697,16138.2627
6/13/2012,2502.92578,4841.29199,4993.05322,9691.85742,13885.6982,13961.2646,15910.0342
6/14/2012,2418.36475,4805.00293,4979.03711,9644.04102,13864.6045,13361.6035,15706.5098
6/15/2012,2323.08691,4811.21729,5070.72559,9469.36719,13693.8691,13373.6914,15614.3965
6/16/2012,2255.50977,4876.91211,5176.82764,9258.83496,13469.541,13089.8418,15482.6416
6/17/2012,2253.49219,5062.56396,5222.79492,8973.46973,13221.6094,12829.9971,15326.6699
6/18/2012,2464.43481,5199.5293,5231.67236,8874.68262,12929.0791,13176.4092,15284.7051
6/19/2012,2700.69116,5084.08887,5239.604,9199.0293,12952.0186,13813.6055,15432.7227
6/20/2012,2698.24341,4896.24805,5205.43506,9492.79883,13105.1953,14393.1006,15879.1455
6/21/2012,2515.03247,4782.76514,5168.43018,9481.44434,13489.2354,15309.4287,16424.002
6/22/2012,2334.68823,4775.23975,5212.75439,9186.80469,13860.9248,14277.9512,16786.0703
6/23/2012,2298.88623,4894.94092,5325.35938,8914.66699,13765.291,13676.5215,17002.5059
6/24/2012,2337.55029,4990.67773,5411.70996,8967.73926,13381.7061,12471.9805,17221.6211
6/25/2012,2355.17163,4894.31348,5440.1084,9275.41602,12803.1221,12511.9951,17580.873
6/26/2012,2285.12524,4683.53076,5426.81445,9640.54297,12453.2686,13037.6992,17908.9102
6/27/2012,2187.33325,4528.55859,5373.25732,10219.9033,12514.0166,13555.9482,17834.9375
6/28/2012,2086.36133,4462.70801,5292.91162,10977.0508,12697.0615,13143.2529,17257.8984
6/29/2012,2016.8562,4412.76611,5228.0957,11262.3164,12872.5361,14237.5547,16449.9551
6/30/2012,2031.57532,4291.82227,5192.26709,10898.3086,13336.7803,14953.9072,15879.9648
7/1/2012,2091.65771,4096.78467,5139.35986,10300.4004,13847.6006,14514.8809,15738.042
7/2/2012,2166.40698,3962.73047,5092.57178,9924.86035,13851.3066,13031.4111,15850.2891
7/3/2012,2237.17554,3940.43213,5112.67969,9903.93359,13420.998,12972.3789,16226.5596
7/4/2012,2306.229,3993.60962,5141.33984,10344.1982,13024.7295,13833.8662,16946.9355
7/5/2012,2390.85889,4084.54468,5095.08398,11025.2744,13177.8438,15121.5957,17625.4199
7/6/2012,2545.74097,4212.19531,5026.64014,11313.5781,13764.209,16322.8213,17802.4707
7/7/2012,2695.05981,4467.24365,4967.63037,11682.1768,14752.6035,17601.668,17445.8301
7/8/2012,2678.48438,4821.68896,4861.521,12409.376,15680.9834,16528.2969,17018.002
7/9/2012,2595.16797,5121.15967,4769.27539,12784.252,16108.3545,17608.8477,17031.2656
7/10/2012,2572.30078,5367.82764,4753.61523,12558.9795,16604.7207,18347.4824,17565.8809
7/11/2012,2566.22437,5533.73828,4753.02588,12067.459,17138.4961,18248.1602,18380.7812
7/12/2012,2562.54126,5493.21582,4739.11426,11458.4023,17258.1523,16821.8379,19052.6543
7/13/2012,2582.48169,5278.04199,4792.80371,10741.6709,16972.3281,16411.1465,19557.8008
7/14/2012,2633.08862,5037.08203,4972.29199,10131.1084,16485.1406,15050.1113,20180.0215
7/15/2012,2734.2876,4858.32812,5220.17676,9619.3584,15702.0918,13929.0977,20685.6641
7/16/2012,2961.6521,4750.05566,5470.0957,9145.375,14738.3594,12904.9658,20619.209
7/17/2012,3195.72705,4749.84863,5647.08643,8823.3457,13839.9902,12517.8135,20019.4414
7/18/2012,3410.18872,4805.83789,5725.5376,8567.79492,13043.2363,11765.5039,19205.4688
7/19/2012,3634.18237,4946.44727,5723.57178,8252.41309,12440.4512,12076.4648,18345.0742
7/20/2012,3951.40234,5309.61572,5616.79932,8128.99561,12100.8164,11494.0381,17678.9922
7/21/2012,4438.5542,5817.1123,5439.3374,8197.06738,11724.1914,10963.7939,17233.9688
7/22/2012,4785.13867,6254.68555,5278.13086,8319.55469,11286.4434,10961.8447,16598.1406
7/23/2012,4778.14062,6656.27393,5165.34277,8433.07129,11027.1748,11134.3701,15787.2764
7/24/2012,4779.50244,7021.36914,5188.48486,8492.02734,10879.2314,11076.3809,15107.543
7/25/2012,4895.98926,7427.36865,5479.87891,8589.39355,10820.2471,11352.8105,14512.3486
7/26/2012,4895.72705,7977.08936,5890.92529,8686.64453,10863.6221,11552.1904,14043.6367
7/27/2012,5043.49072,8321.9668,6252.04297,8635.57324,10997.0752,12133.543,13860.3525
7/28/2012,5886.2583,8380.39258,6510.40771,8476.0957,11230.5234,12202.8779,13861.5244
7/29/2012,6876.28467,8502.27246,6711.12012,8376.58789,11367.0967,11649.0674,13922.5107
7/30/2012,7121.53662,8719.28711,6999.84766,8445.54785,11247.5029,11205.5449,14074.9404
7/31/2012,6701.13477,9162.10449,7392.33105,8647.62695,11073.1143,11565.293,14335.6738
8/1/2012,6164.07129,10229.5801,7860.71777,9317.87598,11101.3623,12109.2217,14636.1572
8/2/2012,5979.88623,11737.8643,8258.83203,10490.9805,11418.5254,13255.9688,14787.1045
8/3/2012,6082.47266,12755.8789,8507.46387,11440.5,12061.043,14689.0537,14712.5918
8/4/2012,6219.2583,12626.3945,8681.99707,11906.6123,13107.0166,16418.4316,14739.751
8/5/2012,6272.29346,11856.0674,8881.33008,12090.3047,14278.4453,16720.2988,15302.2412
8/6/2012,6136.90479,11219.7012,9240.21973,12178.5449,15114.7334,16675.541,16330.9443
8/7/2012,5744.5791,11037.9277,9851.39844,12196.4355,15534.3379,16330.5156,17311.8047
8/8/2012,5343.43701,11428.8398,10740.4219,12233.6484,15671.9092,16198.5879,18067.502
8/9/2012,5174.70801,12079.2773,11796.6777,12706.5596,15617.8184,15645.6221,18728.8516
8/10/2012,5263.80762,12223.8818,12712.4873,13583.124,15427.2559,15639.4775,19163.043
8/11/2012,5349.91553,11874.667,13061.6729,14263.7588,15374.499,16804.1973,19240.5742
8/12/2012,5234.91406,11400.4619,12835.5635,14647.8379,15847.8721,18073.6504,19058.2578
8/13/2012,5016.25439,10866.5449,12513.3057,15038.4111,16550.9297,17780.3496,18684.8633
8/14/2012,4834.89551,10616.6162,12376.8545,15744.9961,17043.6016,17993.5137,18216.7422
8/15/2012,4801.78857,10691.7285,12388.9619,16891.6016,17451.709,18556.9609,17962.6973
8/16/2012,4845.08447,10755.7656,12450.4404,18187.8184,18022.625,20377.9492,18182.4512
8/17/2012,4849.47949,10625.7871,12458.4502,19233.918,18986.3047,22216.6309,18643.5273
8/18/2012,4844.91162,10358.9521,12303.9209,19469.4102,20382.5586,24316.0859,19034.1992
8/19/2012,4869.89795,10184.959,12008.4023,19070.7578,21981.6895,25425.6055,19459.3184
8/20/2012,4953.854,10347.0303,11696.4717,18968.4219,23303.2168,25125.2617,20165.0312
8/21/2012,5448.74707,10614.5352,11492.0225,19256.7598,23898.5703,24082.127,21219
8/22/2012,6262.49658,10566.7568,11430.5801,19252.3652,23934.5996,24607.7969,22523.7656
8/23/2012,6715.51367,10404.498,11379.6475,18842.4863,24029.8867,25014.5059,23919.0273
8/24/2012,6384.98438,10380.2764,11354.1006,18371.0156,24151.7188,23825.7383,25246.3105
8/25/2012,5889.69092,10573.9639,11443.1348,17926.3594,23766.6406,22399.2891,26416.4492
8/26/2012,5911.90918,11239.3125,11491.8701,17661.5195,23104.9297,22306.0996,27425.2109
8/27/2012,6138.14697,11969.707,11435.1377,17436.8516,22564.5723,22077.3242,28240.3906
8/28/2012,6202.1792,11889.6855,11319.5752,17226.5547,22242.5195,22709.9102,28609.2754
8/29/2012,5955.27686,11085.1572,11168.9717,17177.5078,22146.0098,22411.7539,28494.0898
8/30/2012,5562.94922,10410.7451,11101.1191,17108.1895,22118.1836,22788.4062,28304.9551
8/31/2012,5164.20117,10136.3926,11196.6514,16971.0586,22233.1992,23198.2109,28147.3496
9/1/2012,4873.03516,9947.54785,11451.4697,16796.2207,22584.2695,24238.6582,27859.6543
9/2/2012,4799.11475,9640.52246,11835.1602,16771.5977,23066.832,24607.8828,27486.2148
9/3/2012,4789.40576,9159.78711,12161.5293,16791.1387,23597.7812,25397.7578,27106.0098
9/4/2012,4697.04834,8629.69629,12196.5908,16578.375,24137.582,25482.3535,27007.3281
9/5/2012,4559.64111,8198.97949,11908.9043,16297.3477,24500.7988,25051.5195,27399.457
9/6/2012,4341.9209,7941.92627,11467.9326,16507.5898,24451.6504,24000.0098,28073.3789
9/7/2012,4071.08154,7889.4873,11049.2363,17599.1934,24084.1836,24018.6973,28802.5449
9/8/2012,3940.4563,7861.36816,10726.6416,18650.8867,23926.6641,25691.5723,29412.4238
9/9/2012,4033.19287,7757.36865,10450.9639,19191.9941,24611.4551,28936.252,29634.3906
9/10/2012,4354.08154,7591.26172,10157.3994,19338.791,26000.627,29073.8652,29388.668
9/11/2012,4640.396,7330.63672,9878.55664,18678.3965,26992.873,28499.3086,28904.8047
9/12/2012,4641.41113,7132.37939,9495.86523,17675.1113,27376.1777,28199.7188,28671.1406
9/13/2012,4490.38623,7185.20068,9056.86719,16845.5645,27312.8398,26540.1836,29365.4551
9/14/2012,4422.58008,7508.04785,8710.97266,16130.2588,26615.4316,25391.8262,30909.2031
9/15/2012,4446.91455,7940.54395,8462.8584,15512.3809,25806.1133,25092.3672,32367.8223
9/16/2012,4419.69092,8093.41504,8278.66895,14959.665,25102.8809,24063.3164,33293.5039
9/17/2012,4457.70215,7908.6001,8071.34766,14446.2832,24393.2637,23756.9082,33479.1562
9/18/2012,4559.34375,7633.40918,7841.22266,13945.1787,23857.9453,23365.6523,32627.8184
9/19/2012,4464.25928,7453.63623,7682.0293,13249.9746,23364.3945,22042.5195,31246.1895
9/20/2012,4294.95703,7315.97949,7732.03906,12461.5342,22629.293,20979.8965,29964.6113
9/21/2012,4269.75391,7114.78271,7961.646,11803.4512,21718.084,19497.8574,28913.1289
9/22/2012,4310.9834,6999.21533,8150.86719,11291.3555,20623.8438,18205.2598,28111.3281
9/23/2012,4328.03564,6839.28125,8178.49512,10908.0645,19438.375,17397.2832,27425.3008
9/24/2012,4245.49951,6558.50732,8094.33057,10558.792,18355.7637,16562.8613,26655.7402
9/25/2012,4104.04932,6365.88867,7964.21436,10245.2607,17415.957,15984.5889,25773.9688
9/26/2012,4036.06909,6354.93262,7853.79443,10070.1416,16592.0215,15252.9463,24873.2344
9/27/2012,4091.37891,6411.03613,7723.84668,10158.0957,15831.8057,14834.3818,24082.791
9/28/2012,4196.93945,6370.61523,7552.68164,10507.3564,15222.1963,14832.4414,23330.5098
9/29/2012,4335.16113,6204.43457,7374.88623,11043.9932,14994.9746,16145.4424,22481.9805
9/30/2012,4405.45996,6026.69824,7159.48145,11383.457,15359.1758,17445.498,21641.1504
10/1/2012,4217.10352,5973.9043,6933.27441,11178.1455,16048.8379,17986.6445,20955.4531
10/2/2012,3941.41479,5965.85742,6759.46094,10677.4307,16649.0059,17551.3496,20545.2461
10/3/2012,3755.30713,5944.85303,6654.61768,10185.3457,16808.8789,16110.2568,20670.9375
10/4/2012,3652.32861,5977.7627,6576.2085,9763.97559,16374.6416,14934.7227,21388.1055
10/5/2012,3599.53882,5907.35498,6492.65381,9438.69824,15635.4961,14182.4668,22182.7168
10/6/2012,3509.03467,5689.47949,6459.99365,9292.25195,14848.4746,13444.542,22658.6582
10/7/2012,3446.26562,5538.5835,6565.02002,9219.20215,14098.499,12987.9717,22556.4883
10/8/2012,3476.59009,5467.50732,6639.25781,9061.99805,13503.2363,12698.5049,21676.0781
10/9/2012,3459.08618,5416.72363,6593.9917,8981.0752,13107.7773,12857.9814,20451.6738
10/10/2012,3356.0127,5331.4375,6471.37646,9038.61816,12878.3301,13000.2139,19484.9277
10/11/2012,3268.48413,5238.02344,6276.12402,9196.95898,12779.4004,13230.918,18938.0586
10/12/2012,3206.11475,5195.32715,6084.19336,9327.9502,12827.6074,13613.7832,18397.8242
10/13/2012,3190.41553,5139.38965,5904.43018,9222.82617,12995.9395,13426.3721,17711.3496
10/14/2012,3230.51855,4975.81689,5761.07324,8990.54102,13111.5283,13122.8701,17286.7188
10/15/2012,3283.81689,4717.68604,5650.7793,8697.96875,13048.9092,12352.4102,17159.5312
10/16/2012,3381.5979,4500.54395,5555.24805,8361.58398,12748.6738,11761.8145,17149.1934
10/17/2012,3478.10376,4381.56445,5463.49219,8031.23438,12311.1406,11168.791,17072.791
10/18/2012,3506.53491,4410.91504,5380.04639,7728.9126,11787.1572,10435.5811,16665.5078
10/19/2012,3524.20361,4528.73633,5314.94141,7469.04639,11171.4473,9766.75391,15973.4746
10/20/2012,3517.71484,4620.76709,5293.86523,7238.73193,10543.0918,9221.7373,15182.624
10/21/2012,3476.95386,4716.15283,5259.66699,7040.99414,9954.41504,8814.42773,14407.7363
10/22/2012,3411.46631,4762.19727,5085.79199,6862.44189,9442.50781,8493.31934,13680.707
10/23/2012,3278.88403,4750.50684,4868.35791,6698.05615,9010.41309,8231.35547,12987.5439
10/24/2012,3119.17334,4718.36084,4741.91699,6557.02441,8672.21289,7983.1499,12336.0459
10/25/2012,2994.4502,4625.01611,4697.43604,6438.36328,8388.69727,7743.88965,11738.5586
10/26/2012,2884.59619,4508.42139,4709.24414,6333.02637,8105.37207,7554.95703,11224.6836
10/27/2012,2791.06323,4335.22217,4748.03662,6261.09326,7845.979,7392.75391,10798.1729
10/28/2012,2713.74023,4096.53613,4785.86963,6179.11768,7619.30664,7206.53125,10429.5791
10/29/2012,2648.55054,3861.30737,4801.34473,5988.51758,7422.98682,7145.69971,10092.2012
10/30/2012,2592.82446,3658.78003,4787.29248,5823.23047,7277.46582,7002.72266,9790.25781
10/31/2012,2550.38745,3487.73193,4739.22803,5824.08789,7115.54736,6617.79834,9537.16309
11/1/2012,2529.61841,3344.73999,4660.83838,5792.91553,6902.51074,6656.63916,9337.4541
11/2/2012,2521.39478,3228.89453,4547.146,5714.66357,6823.61572,7067.45752,9191.375
11/3/2012,2522.62646,3127.23633,4387.24023,5691.87256,6835.82715,6568.59277,9066.37793
11/4/2012,2552.35059,3036.92358,4197.11328,5669.07373,6730.13184,6444.84375,8916.61133
11/5/2012,2613.54834,2991.2019,4012.34961,5645.52344,6600.7085,6424.38965,8773.14941
11/6/2012,2674.30664,3006.79443,3842.30542,5606.62842,6518.90527,6422.34961,8717.13184
11/7/2012,2732.43311,3040.42505,3688.33545,5544.82959,6459.27051,6398.70166,8650.74512
11/8/2012,2745.38745,3075.28174,3550.36816,5460.25977,6421.59375,6315.96729,8430.01172
11/9/2012,2696.01367,3165.64038,3417.49927,5344.24414,6365.52979,6150.53516,8151.35254
11/10/2012,2634.80664,3283.88037,3306.46826,5190.53076,6268.37109,5979.92236,7917.84424
11/11/2012,2582.99731,3352.95557,3223.33862,5008.30322,6132.03076,5730.17725,7734.92285
11/12/2012,2560.24976,3403.22803,3177.46313,4829.72998,5954.26318,5494.49414,7596.84131
11/13/2012,2553.90845,3380.85986,3193.3855,4668.64941,5739.18018,5227.93457,7463.88721
11/14/2012,2547.2356,3257.98022,3215.4646,4525.23926,5510.48828,5054.16162,7311.91064
11/15/2012,2587.89648,3169.22803,3226.2981,4411.51611,5308.0498,4981.94238,7132.67578
11/16/2012,2681.35205,3156.94287,3265.51953,4308.41602,5168.19629,5082.9126,6924.02344
11/17/2012,2743.51392,3196.50391,3321.41431,4200.57959,5090.3667,5004.93213,6720.38477
11/18/2012,2765.93262,3233.93286,3376.63062,4116.65625,5034.29883,4951.08154,6629.75049
11/19/2012,2732.25342,3251.99707,3397.31567,4078.05127,4973.05566,4870.06396,6722.52881
11/20/2012,2644.61865,3316.11816,3371.01758,4074.99609,4927.40088,4962.95898,6825.22656
11/21/2012,2568.43604,3380.55249,3321.26538,4044.06372,4918.33301,5066.49756,6753.19678
11/22/2012,2463.11719,3406.0752,3289.9541,3994.12451,4995.36377,5390.58154,6584.20264
11/23/2012,2350.81519,3414.54126,3299.04785,3984.87158,5080.07275,4955.53809,6391.98779
11/24/2012,2263.802,3356.59106,3312.68457,4010.26587,5032.97754,4931.23291,6222.44336
11/25/2012,2167.91504,3267.18286,3331.35034,4065.43823,4979.98389,5041.48975,6171.1792
11/26/2012,2106.20337,3174.57788,3373.31738,4140.05859,4997.62793,5218.16064,6256.92041
11/27/2012,2074.81104,3080.88623,3422.9292,4246.38232,5085.08936,5606.06494,6349.80957
11/28/2012,2041.54688,3072.96875,3482.21704,4357.93945,5294.34766,6038.45361,6283.98877
11/29/2012,2001.26758,3142.1145,3547.8269,4402.99365,5553.92432,6069.84082,6119.11768
11/30/2012,1944.9845,3174.73584,3594.45215,4436.62646,5779.87549,6080.37207,6003.51953
12/1/2012,1888.18103,3140.84155,3592.43091,4519.38477,5883.99219,5756.5957,6030.02783
12/2/2012,1864.8833,3046.80615,3533.84546,4626.54492,5854.24023,5760.85986,6219.31006
12/3/2012,1834.33325,2949.92944,3435.16895,4597.88623,5774.61133,5689.66846,6448.61328
12/4/2012,1784.82263,2915.79785,3363.72144,4537.10742,5746.52832,5789.77881,6581.26953
12/5/2012,1729.79248,2892.19409,3357.16943,4583.78662,5700.31348,5198.69434,6580.2998
12/6/2012,1643.33093,2863.73218,3369.93213,4569.54932,5515.71875,5194.2959,6480.09082
12/7/2012,1560.29858,2838.87231,3338.73364,4512.46045,5391.90625,5298.11182,6372.41553
12/8/2012,1499.47388,2796.87646,3259.55713,4463.30371,5361.84912,5242.2915,6314.83447
12/9/2012,1452.58044,2717.75098,3173.13354,4406.80859,5275.53564,5125.86572,6241.45703
12/10/2012,1408.85095,2584.89795,3093.81763,4333.82959,5163.09863,5012.43604,6097.26562
12/11/2012,1360.14099,2422.52808,3030.94312,4274.63379,5050.29004,4835.23926,5983.7749
12/12/2012,1310.94299,2282.19385,2983.90161,4259.83496,4919.40137,4644.63818,5949.20459
12/13/2012,1266.74463,2174.948,2948.7168,4260.0127,4778.84521,4538.06641,5926.93359
12/14/2012,1230.74756,2084.00537,2907.45776,4227.2915,4672.28174,4551.57959,5893.94434
12/15/2012,1201.45105,1996.19263,2843.68506,4142.66309,4613.58838,4519.48438,5831.38867
12/16/2012,1178.55066,1905.97729,2752.25098,4028.26196,4568.42139,4373.66113,5721.39502
12/17/2012,1164.17993,1818.80847,2633.73438,3899.39429,4491.77686,4200.25293,5572.9043
12/18/2012,1157.48596,1739.27466,2505.30664,3770.55908,4373.86768,4071.73706,5427.61084
12/19/2012,1149.1925,1668.57556,2382.4707,3648.8689,4234.17822,3924.17432,5309.17139
12/20/2012,1137.66138,1606.65637,2271.67212,3535.4729,4085.50415,3805.92578,5188.18701
12/21/2012,1124.8877,1554.16663,2171.30078,3429.08862,3941.54541,3681.52759,5036.00537
12/22/2012,1106.70801,1512.96497,2077.08911,3317.00415,3807.17822,3575.32349,4865.31396
12/23/2012,1081.797,1476.85291,1986.89526,3185.14136,3686.62891,3477.11206,4699.74414
12/24/2012,1049.72742,1439.20337,1901.90662,3033.13721,3578.80566,3349.25488,4547.4043
12/25/2012,1011.54193,1401.4624,1821.12842,2899.38428,3460.03833,3142.74463,4410.67285
12/26/2012,969.023499,1362.21338,1745.70703,2797.26489,3313.95459,2969.42017,4285.40039
12/27/2012,924.124573,1318.73999,1680.49609,2662.72778,3161.88232,2930.08813,4165.09521
12/28/2012,878.367737,1270.00232,1627.89661,2511.61328,3061.30103,2962.36865,4040.61011
12/29/2012,833.083862,1216.12415,1582.35657,2395.38916,2969.70361,2624.26099,3896.27368
12/30/2012,790.887329,1158.3363,1536.82629,2291.73462,2821.17188,2500.02466,3731.59351
12/31/2012,753.049011,1098.37927,1492.60046,2187.60449,2683.28345,2448.18237,3574.58789
1/1/2013,718.13501,1037.95093,1449.52344,2089.60791,2586.19189,2374.15845,3461.62256
1/2/2013,688.270325,978.368652,1405.78589,2007.58618,2485.8335,2233.18408,3356.42261
1/3/2013,654.487976,921.378296,1360.07117,1973.8501,2373.55005,2157.96582,3202.92334
1/4/2013,617.213623,869.611023,1311.06201,2007.31592,2263.521,2020.78967,3040.86548
1/5/2013,585.76355,822.416138,1258.45825,2043.06201,2173.03857,1942.9679,2904.7251
1/6/2013,557.601685,780.908997,1202.81006,2038.46802,2157.5105,1923.00122,2777.76685
1/7/2013,533.668945,741.192139,1145.15649,1980.2301,2208.58618,1979.55566,2654.04028
1/8/2013,512.632751,697.677307,1086.60315,1867.75745,2249.12671,2061.9873,2535.15161
1/9/2013,492.526154,656.437073,1028.79492,1768.43433,2247.60376,2109.39746,2422.14307
1/10/2013,471.742065,620.417358,973.33667,1704.02246,2173.09497,2079.85352,2327.0437
1/11/2013,451.504272,588.915344,921.270081,1644.84839,2049.97705,2006.04895,2271.84204
1/12/2013,434.116302,561.732666,873.056274,1579.81726,1940.44946,1829.36853,2263.42529
1/13/2013,420.667023,537.187073,827.833923,1507.28357,1844.17761,1709.02637,2280.49805
1/14/2013,413.069153,513.43219,783.940308,1428.10974,1752.68274,1606.97693,2295.15552
1/15/2013,414.6604,490.711578,741.182617,1344.02905,1665.66113,1525.93665,2288.48462
1/16/2013,431.060913,469.266663,700.747986,1260.828,1580.23987,1446.65991,2239.29565
1/17/2013,466.405975,450.423248,663.629211,1182.44153,1493.54504,1365.17383,2145.52466
1/18/2013,518.170471,437.076599,630.257202,1111.75781,1406.10571,1280.42529,2035.83057
1/19/2013,575.247559,431.528534,600.331909,1049.04871,1321.20984,1200.39771,1932.00586
1/20/2013,622.564453,438.183624,573.009399,991.555542,1242.03491,1127.24878,1841.26892
1/21/2013,648.092102,461.969238,547.552429,937.544312,1171.4635,1061.10913,1762.00012
1/22/2013,647.469116,504.35022,523.693665,886.41687,1108.3689,1002.9386,1686.19421
1/23/2013,624.654663,558.841309,501.904968,839.055542,1050.60034,951.528137,1608.82654
1/24/2013,588.75238,612.162964,483.503571,796.323608,996.57019,903.662231,1530.36548
1/25/2013,549.327148,650.13208,470.558319,758.32373,945.780273,860.691895,1452.59717
1/26/2013,512.883057,663.807434,466.153503,724.987366,899.073792,821.63678,1377.38062
1/27/2013,481.697327,652.578979,474.122131,696.291565,857.114868,790.06189,1307.14612
1/28/2013,454.996521,622.872559,500.577545,675.872925,820.018372,760.566223,1242.65027
1/29/2013,431.197418,584.279175,546.758728,669.935425,788.681152,746.47998,1183.28137
1/30/2013,411.243469,546.359253,590.876953,681.397705,768.279724,763.673035,1128.94397
1/31/2013,420.130157,542.499268,628.19519,701.732422,764.247314,825.980896,1079.57324
2/1/2013,475.176422,633.488281,688.005188,709.074646,782.802307,869.633118,1034.30347
2/2/2013,619.908752,759.635193,773.564453,719.686401,830.454956,946.934814,994.047485
2/3/2013,792.019592,811.725464,806.794922,751.305969,901.872559,1012.52924,966.090942
2/4/2013,910.470154,805.889832,773.403503,851.028687,984.143982,1075.51379,962.67572
2/5/2013,910.494629,845.737,722.031555,1052.31104,1082.04724,1175.77307,978.227905
2/6/2013,843.142029,947.084717,686.718079,1259.13733,1185.76294,1308.11792,1008.13934
2/7/2013,828.646912,1074.91003,696.626709,1392.5166,1336.68799,1440.60889,1055.2561
2/8/2013,806.561462,1209.45789,735.481689,1426.49036,1532.12927,1587.65112,1109.16284
2/9/2013,746.855225,1265.73462,780.879761,1405.37988,1672.64697,1766.31641,1168.70459
2/10/2013,681.61145,1216.13049,813.997009,1369.37817,1711.51965,1705.82605,1244.02209
2/11/2013,642.767212,1150.66736,846.05127,1314.80896,1663.67334,1595.25818,1337.00732
2/12/2013,611.736328,1110.89417,896.359558,1260.08801,1593.06201,1438.60718,1445.12842
2/13/2013,578.0354,1046.8114,973.182007,1222.35364,1519.81262,1313.88159,1569.30005
2/14/2013,545.338867,957.488892,1067.46045,1214.6958,1441.10754,1252.896,1676.67761
2/15/2013,521.123291,880.213379,1147.34888,1223.08911,1372.08643,1299.25305,1710.68201
2/16/2013,534.727112,823.639587,1185.43372,1230.17371,1327.17529,1378.38599,1665.22351
2/17/2013,564.589966,773.335632,1182.27161,1225.35876,1310.61841,1437.77771,1575.41907
2/18/2013,596.977417,726.581787,1154.9884,1220.98975,1308.35059,1447.01807,1483.85852
2/19/2013,648.080627,686.75769,1110.83997,1238.78027,1305.43335,1416.1687,1429.18481
2/20/2013,715.238647,674.000183,1053.20496,1284.6012,1295.06213,1407.08582,1424.53101
2/21/2013,787.742859,697.8703,991.679932,1345.34509,1293.16284,1456.28931,1454.41382
2/22/2013,841.871582,736.349548,933.208679,1391.87744,1316.90527,1538.65686,1488.01782
2/23/2013,858.829712,778.582397,876.298218,1401.51892,1367.12122,1613.47144,1501.90088
2/24/2013,835.217163,829.986206,822.01239,1376.05017,1426.11865,1621.95325,1495.22375
2/25/2013,786.053223,890.509521,775.129028,1331.22656,1465.40601,1556.02222,1492.29199
2/26/2013,725.11908,948.498291,742.155273,1273.3866,1468.02405,1465.39014,1519.77307
2/27/2013,662.346008,981.835449,730.291565,1205.43994,1438.43323,1383.04272,1583.64355
2/28/2013,605.837036,974.734924,738.659363,1136.59583,1389.75879,1296.4397,1655.40894
3/1/2013,558.027832,933.369507,762.056824,1075.26733,1331.76831,1206.00293,1692.69019
3/2/2013,517.358643,871.955933,797.561646,1034.71606,1277.18481,1130.96997,1682.92664
3/3/2013,482.092438,803.042725,844.602478,1000.22113,1232.83582,1097.39099,1632.43604
3/4/2013,475.276611,736.803223,909.243286,991.352966,1198.62183,1069.4115,1560.04541
3/5/2013,562.702942,682.979065,993.672974,1058.13354,1173.61304,1056.71326,1477.10242
3/6/2013,712.45697,641.471558,1037.18066,1178.87012,1148.17212,1055.45605,1391.13574
3/7/2013,753.64563,622.651855,1021.26617,1356.71289,1171.84338,1086.16541,1319.17554
3/8/2013,680.182434,638.934692,980.878784,1516.62659,1279.95667,1290.07019,1264.10925
3/9/2013,618.815918,778.402832,917.597107,1581.91016,1444.17163,1688.328,1222.12292
3/10/2013,598.852356,1148.81177,849.152466,1624.57117,1648.87439,1834.37097,1189.71033
3/11/2013,571.394226,1431.08862,790.747375,1666.83936,1795.43384,1736.1394,1171.474
3/12/2013,527.728455,1391.00159,751.726929,1706.72729,1853.13782,1815.87659,1193.39124
3/13/2013,488.87674,1226.51538,722.270325,1730.17456,1896.55591,1866.98901,1300.9032
3/14/2013,459.740509,1106.84302,713.750488,1712.70056,1940.93164,1989.4939,1480.17712
3/15/2013,455.223511,1032.57141,777.398254,1635.63916,2009.57727,2124.02393,1635.02234
3/16/2013,464.224091,931.248352,934.66925,1512.64819,2071.40308,2080.44116,1726.90601
3/17/2013,484.449066,829.62738,1127.65576,1376.60754,2039.35718,1877.146,1796.39343
3/18/2013,526.253113,746.173889,1249.7345,1244.97302,1914.25659,1772.70374,1867.92407
3/19/2013,596.134033,690.110657,1265.37976,1152.36865,1750.23669,1608.64465,1956.99084
3/20/2013,687.819946,658.91687,1215.21533,1135.63611,1573.44434,1478.33569,2045.65271
3/21/2013,781.985413,639.236267,1142.55884,1198.27759,1418.89758,1424.5564,2078.83838
3/22/2013,855.608765,641.588989,1057.59863,1285.87244,1324.76831,1504.54468,2045.04041
3/23/2013,889.694885,674.088928,965.836609,1382.90295,1322.10388,1693.5946,1972.198
3/24/2013,880.02124,737.116394,882.560791,1540.34485,1405.8822,1835.65222,1876.31091
3/25/2013,834.941101,816.315308,811.865112,1689.65125,1534.14294,2085.28638,1779.95569
3/26/2013,770.481934,890.76947,756.393982,1698.47449,1715.77686,2429.10645,1721.85706
3/27/2013,702.586182,938.148682,715.63623,1602.14526,1962.26978,2674.60693,1729.16956
3/28/2013,641.283752,944.929993,692.478271,1468.02576,2159.20117,2318.02075,1802.98364
3/29/2013,589.5354,912.285522,691.566895,1325.35266,2179.65308,2021.03601,1941.23425
3/30/2013,547.391785,853.832153,714.723267,1199.93091,2054.54224,1716.07214,2158.08765
3/31/2013,514.710022,787.74707,758.918213,1097.74072,1863.60449,1494.48816,2413.93237
4/1/2013,484.769562,724.122253,815.44342,1023.89148,1662.21838,1307.18591,2570.02124
4/2/2013,459.890015,667.55304,874.544006,1005.93195,1497.77283,1227.85876,2530.50513
4/3/2013,456.195404,629.967773,920.304871,1032.57581,1386.14917,1229.49561,2351.98486
4/4/2013,441.578247,612.847717,935.40564,1074.75928,1333.23657,1252.68188,2119.75879
4/5/2013,409.860718,614.496033,914.366089,1159.86023,1320,1219.67285,1885.57739
4/6/2013,389.921997,604.605774,869.561462,1259.7594,1311.09338,1169.87122,1689.88281
4/7/2013,374.925659,578.410095,815.143982,1358.29626,1342.92102,1107.07715,1552.30396
4/8/2013,365.489624,546.42926,759.611389,1467.31494,1442.84888,1207.15479,1477.03015
4/9/2013,360.819305,499.222778,712.194275,1559.25305,1566.19397,1403.32117,1449.45825
4/10/2013,357.661011,461.545654,677.276672,1632.81995,1694.46851,1591.53235,1442.5625
4/11/2013,355.432312,437.71463,654.481995,1687.37488,1808.4978,1682.96204,1425.38403
4/12/2013,350.427429,421.569244,637.167603,1713.23267,1888.06372,1763.43518,1403.36755
4/13/2013,342.504333,410.051727,617.613098,1712.62842,1944.69641,1839.16687,1436.74536
4/14/2013,338.215027,400.808777,591.816528,1690.79297,1974.22363,1884.00671,1534.11267
4/15/2013,351.539734,396.218079,562.25531,1655.10828,1965.07812,1899.7605,1636.43042
4/16/2013,405.32901,396.389679,541.153931,1622.55005,1923.25635,1880.05566,1718.2948
4/17/2013,467.79895,404.267487,522.612976,1609.63428,1861.94336,1838.98462,1788.20728
4/18/2013,544.377319,414.666809,500.053467,1592.97156,1801.88733,1862.49573,1851.47534
4/19/2013,669.01001,428.130341,475.642761,1554.52612,1779.70935,1960.77344,1918.70862
4/20/2013,820.75592,464.800079,451.194427,1497.73389,1796.91724,2086.85376,2013.27722
4/21/2013,940.696411,528.373474,446.924927,1408.54321,1829.50793,2269.1875,2128.36694
4/22/2013,1002.23999,601.097595,474.220459,1310.73987,1848.78796,2259.24683,2205.47974
4/23/2013,1035.82983,710.340942,504.711731,1364.45813,1849.41333,2162.11548,2240.77832
4/24/2013,1032.5293,860.130493,521.971802,1676.96704,1822.88281,2001.04565,2314.27563
4/25/2013,994.130066,1013.10687,564.455933,2076.40234,1799.599,2313.57642,2475.96069
4/26/2013,945.326233,1119.01697,701.618591,2324.23413,1941.4696,3083.73267,2685.6521
4/27/2013,890.96698,1194.82019,772.942017,2409.66455,2307.42578,3456.68237,2869.72803
4/28/2013,854.341736,1294.3623,742.990417,2401.67896,2677.54053,3301.3855,2939.51587
4/29/2013,836.571289,1330.17468,755.876526,2441.98828,2877.25269,3236.98291,2904.97314
4/30/2013,809.921204,1306.06116,807.388184,2716.34424,2998.36768,3416.3645,2976.81494
5/1/2013,761.118713,1288.25146,909.616272,3008.89209,3141.12036,3881.89233,3243.32617
5/2/2013,707.174988,1315.92053,1033.81543,3273.97144,3477.09937,5024.83984,3500.84253
5/3/2013,704.040222,1357.59875,1156.45825,3609.11206,4023.59033,5030.88086,3608.61182
5/4/2013,777.137146,1427.29883,1299.5304,3893.89844,4467.42334,5260.24805,3657.82227
5/5/2013,870.423462,1541.22375,1456.54944,4086.84766,4842.28467,5588.76514,3806.92578
5/6/2013,974.018799,1639.67737,1621.39319,4395.22168,5195.86084,5702.14746,4189.53613
5/7/2013,1083.07336,1694.88818,1707.47681,4569.98828,5324.69873,5166.42969,4767.13379
5/8/2013,1278.23694,1815.8584,1713.14221,4540.93555,5442.89746,6058.86963,5376.19385
5/9/2013,1346.59546,1999.82666,1698.94397,4745.92676,5701.61084,5621.50635,5969.79736
5/10/2013,1231.8656,2176.4397,1673.5437,4942.12744,5833.8833,5640.31348,6388.29443
5/11/2013,1165.97815,2370.59399,1696.37915,5081.86133,5932.70703,6412.01123,6477.72119
5/12/2013,1097.55762,2602.9812,1761.11792,5361.67822,6279.28516,7051.23926,6437.09766
5/13/2013,1060.74695,2747.17847,1841.52576,6017.67432,6760.05078,8072.75684,6474.56396
5/14/2013,1108.68982,2629.88892,1927.87061,6560.11133,7380.78809,8565.08984,6563.17188
5/15/2013,1171.70667,2445.46582,2032.45178,6395.32422,7937.96875,9369.99219,6808.63574
5/16/2013,1228.86194,2292.36792,2148.25757,6025.0791,8517.7627,9467,7234.27588
5/17/2013,1299.38599,2176.97266,2285.03369,5814.05908,8727.57227,7670.15674,7688.146
5/18/2013,1344.18335,2149.59839,2459.12109,5838.1792,8256.18848,7371.92773,8216.97363
5/19/2013,1393.53674,2223.42114,2658.6001,5814.42676,7740.33643,7199.16455,8927.12012
5/20/2013,1473.53516,2386.92285,2895.22632,5680.7915,7459.37939,7723.27148,9805.87598
5/21/2013,1576.86572,2507.73389,2982.42114,5639.70752,7388.18652,7173.94971,10328.9121
5/22/2013,1690.7843,2563.4646,2987.00806,5838.53955,7260.73975,7352.68848,10117.5068
5/23/2013,1757.12219,2602.05884,2938.33594,6670.76709,7242.81592,8009.53955,9599.69336
5/24/2013,1741.10962,2665.07837,2812.01123,7805.54688,7572.59424,9367.78125,9160.84668
5/25/2013,1731.07837,2854.19019,2750.4917,8820.80371,8475.46875,12325.5518,8868.10547
5/26/2013,1827.55835,3144.01245,2730.27466,9433.67383,10061.9229,13863.2588,8751.7832
5/27/2013,1889.19958,3294.20215,2771.94727,9447.69922,11598.3604,14287.9316,8899.30371
5/28/2013,1879.45227,3267.34399,2817.38867,9040.81934,12697.9531,14103.1396,9370.625
5/29/2013,1793.01538,3208.58179,2835.16919,8339.9502,13184.0215,13022.5732,10345.8027
5/30/2013,1665.80176,3211.38721,2836.85742,7676.13477,13043.8711,12178.5654,11815.1357
5/31/2013,1613.17529,3251.11377,2925.60352,7251.48438,12509.127,10768.9297,13228.4746
6/1/2013,1579.33606,3231.75952,3108.98828,6841.31152,11665.0322,10160.0088,14286.0918
6/2/2013,1544.98291,3180.35156,3252.19897,6424.20557,10951.7871,10117.5518,14895.1045
6/3/2013,1533.34619,3079.29907,3318.96143,6145.24365,10460.0361,9589.375,14911.6104
6/4/2013,1608.25513,2994.35449,3381.45654,5941.52637,10012.5615,9275.33105,14467.4199
6/5/2013,1860.77979,2952.87915,3545.07764,5773.93018,9653.48926,9261.3125,13868.1523
6/6/2013,2050.40747,2907.05737,3734.87207,5686.02588,9379.07617,8899.12402,13390.7236
6/7/2013,2104.54639,2913.68091,3901.18359,5791.21582,9093.4502,8571.08789,13074.6064
6/8/2013,2158.63354,3005.16064,3879.6394,6085.91064,8831.58301,8437.82031,12805.0557
6/9/2013,2269.9126,3235.06494,3693.34082,6464.23145,8691.22363,8644.73242,12471.0322
6/10/2013,2340.75171,3538.34033,3526.05835,6728.11279,8715.5791,8930.7793,11974.7646
6/11/2013,2348.39185,3758.27075,3382.37207,6947.06299,8911.51367,9527.91113,11380.5938
6/12/2013,2437.27954,3967.0061,3393.53418,7342.88184,9212.81543,9478.80566,10819.7832
6/13/2013,2696.06787,4231.24365,3566.98413,7489.86328,9431.22168,9769.8457,10455.5859
6/14/2013,2949.58691,4363.14648,3707.13794,7318.81299,9696.60449,10629.1094,10462.4912
6/15/2013,2952.45923,4316.26318,3695.70801,7031.84473,10019.3965,10126.7988,10859.2871
6/16/2013,2800.01416,4307.04639,3694.79102,6592.86035,10006.7949,9680.87793,11479.2178
6/17/2013,2617.92505,4570.29639,3772.7002,6251.16211,9795.00879,9443.22461,12067.7656
6/18/2013,2551.71582,4903.84912,3901.93896,6068.81738,9525.20898,8823.19434,12564.1865
6/19/2013,2495.48218,4955.85938,4077.01099,5914.03711,9127.81641,8621.56738,12806.583
6/20/2013,2386.18872,4789.96631,4260.32666,5775.75732,8801.98535,8512.53125,12604.8672
6/21/2013,2263.65381,4517.10742,4445.13623,5711.46338,8543.07129,8476.93848,12228.502
6/22/2013,2201.10938,4328.65527,4625.51855,5850.56494,8291.58496,8443.85547,11926.082
6/23/2013,2173.56885,4250.5957,4796.11816,6560.44873,8168.28662,8726.27637,11785.459
6/24/2013,2146.02979,4265.12549,4983.65137,8108.43164,8289.67285,9733.41895,12010.501
6/25/2013,2193.07739,4482.52734,5229.01807,9949.23633,8785.93945,12203.3506,12632.7842
6/26/2013,2377.62866,4884.04248,5467.81592,11482.71,10072.0332,15696.8398,13311.2334
6/27/2013,2624.30933,5270.80176,5609.33789,12883.9014,12234.8672,17888.541,13537.6719
6/28/2013,2687.58765,5298.27832,5600.90283,13617.5625,14326.8242,18378.457,13430.6025
6/29/2013,2590.24976,5219.82764,5385.65332,13670.2197,16121.2451,20530.9238,13739.1152
6/30/2013,2524.23315,5283.8584,5122.05322,13499.2363,17648.873,19354.9512,14896.9785
7/1/2013,2516.10522,5462.53223,5008.85938,12991.5605,18252.8906,18570.25,16642.6582
7/2/2013,2518.00684,5716.63037,5069.98242,12354.1572,18144.041,17413.4414,18302.0801
7/3/2013,2582.10449,5803.3252,5235.0791,11722.3789,17645.291,16317.2764,19624.5781
7/4/2013,2867.47925,5754.90381,5500.95117,11226.5293,16875.4863,15460.9531,20587.0117
7/5/2013,3197.39185,5660.15674,5950.08301,10708.3936,16144.0537,15177.5869,20929.9219
7/6/2013,3287.20483,5538.53613,6182.88184,10199.0322,15501.4014,14384.0391,20748.1133
7/7/2013,3114.5918,5475.62354,6119.3457,9900.73242,14854.8164,13297.7852,20209.209
7/8/2013,2796.96606,5532.11914,6079.8623,9620.34375,14068.1846,12527.8447,19575.0508
7/9/2013,2610.83862,5777.37793,6098.20459,9438.08496,13387.3291,13128.6494,19254.8574
7/10/2013,2793.37646,6062.64258,6198.58496,9589.20703,13032.1689,12841.9199,19024.1191
7/11/2013,3104.00854,6239.72949,6340.25391,9940.48828,12828.0801,13226.7295,18503.9844
7/12/2013,3374.07422,6391.01953,6383.16992,10422.085,12952.8154,14466.999,17789.957
7/13/2013,3569.69092,6519.91699,6346.16699,10863.4395,13508.7891,15161.8086,17149.7266
7/14/2013,3546.72949,6654.88672,6376.01025,10937.083,14103.0371,15461.2764,16637.4727
7/15/2013,3550.41577,7001.62061,6366.01904,10912.4746,14641.3193,15958.0674,16168.5684
7/16/2013,3634.51904,7439.73828,6391.86133,11196.5342,14998.1514,15183.6357,15973.6553
7/17/2013,3722.51514,7886.00244,6549.87402,11812.4971,15032.6279,15361.915,16272.335
7/18/2013,3892.57178,8158.229,6739.67334,12388.6328,15037.5801,15877.5469,16857.959
7/19/2013,4016.11865,8084.01074,6946.94678,12525.0195,15389.1279,17839.2266,17562.5098
7/20/2013,3938.62451,8106.39893,7160.5874,12120.7295,16084.3291,18018.2051,18196.7168
7/21/2013,3804.67163,8351.94824,7349.82031,11622.5762,16646.5234,17304.4746,18597.4473
7/22/2013,3796.6687,8605.90039,7584.07471,11782.9443,16650.6035,16267.457,19030.7773
7/23/2013,3939.70532,8779.64648,7942.30518,12317.4941,16345.5625,17626.6445,19803.6016
7/24/2013,4161.03174,8788.98828,8368.3418,12606.749,16534.5273,19452.3184,20783.3203
7/25/2013,4387.39209,8607.35352,8715.54004,12770.7559,17393.291,19896.6152,21388.8496
7/26/2013,4460.21045,8489.38672,8906.59668,13295.5059,18186.0469,19623.2656,21454.8574
7/27/2013,4405.31592,8567.38281,9005.97363,14050.4033,18694.877,20877.6855,21542.1855
7/28/2013,4468.67578,8844.23438,9144.85645,14793.4883,19336.1543,22294.0117,22079.0508
7/29/2013,4698.27539,9343.28613,9357.66504,15850.043,20293.6074,23625.8945,22789.1719
7/30/2013,5223.66016,10025.4375,9558.2666,17993.9766,21393.2676,25732.4238,23337.5508
7/31/2013,5664.26514,10623.1719,9775.41602,20059.6387,23029.627,29391.1621,24013.959
8/1/2013,5585.11523,10869.0889,9907.05664,20643.5781,25477.1777,33852.2617,25027.2988
8/2/2013,5391.77686,11123.2002,9831.31738,20485.1621,28540.9277,35375.3008,26094.6797
8/3/2013,5251.45752,11587.3838,9786.40723,19724.3086,30771.8496,32969.4297,27229.8008
8/4/2013,5296.8042,12261.3779,9962.44531,18837.8418,31467.9297,32416.1953,28900.5215
8/5/2013,5905.74316,12738.0254,10299.5703,18377.0859,31335.4141,29845.3398,31389.4609
8/6/2013,6595.46533,12570.1465,10679.1455,17937.6543,30371.2383,28912.998,34272.2461
8/7/2013,6734.35742,12092.9844,11125.2666,17251.541,29300.1641,27978.4785,36227.2227
8/8/2013,6588.36328,11695.0195,11853.623,16598.2598,28297.125,25951.4023,36590.3477
8/9/2013,6244.00635,11693.8594,12488.1445,16263.3047,26965.0527,23953.3984,35850.4062
8/10/2013,5977.10498,12210.6221,13013.2939,16303.002,25564.5801,23848.6172,34560.6875
8/11/2013,6240.89111,12872.7061,13671.7715,16495.3477,24605.5508,23929.2695,33254.3398
8/12/2013,6547.13281,13066.957,13976.2822,16926.4805,24196.834,24578.8984,32036.3125
8/13/2013,6433.31787,12830.2256,13839.7588,17626.2617,24115.9492,24114.5059,30692.3379
8/14/2013,6037.00684,12641.4893,13420.8232,18220.9062,24115.3672,24803.6309,29427.7559
8/15/2013,5572.20312,12672.9111,13015.4756,18806.3828,24315.5293,25256.0449,28570.8672
8/16/2013,5169.34863,12896.1162,12917.0322,19158.8652,24647.3965,25439.8281,28161.1797
8/17/2013,4913.37207,12785.5957,13072.502,19249.0625,24969.7422,25991.9023,28002.6191
8/18/2013,4729.71631,12019.4814,13258.2002,19340.0996,25324.0547,25644.375,27838.0371
8/19/2013,4571.89355,11069.415,13280.6016,19073.8965,25410.4766,25168.7734,27689.0312
8/20/2013,4471.96582,10266.9424,13189.6553,18416.9336,25348.7598,25285.5918,27604.0703
8/21/2013,4389.4585,9843.82227,13107.9102,17752.8457,25169.123,23665.6602,27512.3809
8/22/2013,4413.74951,9688.93262,13168.791,17504.4316,24461.748,22094.6074,27408.873
8/23/2013,4661.49707,9407.12695,13331.2705,18023.0742,23387.8867,21160.7246,27184.8613
8/24/2013,4836.41357,9023.17773,13280.8008,18779.2207,22466.459,21692.1445,26931.9961
8/25/2013,4766.79785,8745.7168,12824.3203,19003.4648,22110.752,23114.2109,26680.0762
8/26/2013,4802.80615,8690.02832,12138.4941,18771.1816,22471.3574,23973.9414,26092.7461
8/27/2013,5397.5166,9043.04004,11509.7559,18461.4707,22909.2793,23065.4141,25262.6641
8/28/2013,6074.00195,9577.02441,11001.3047,18348.1426,22945.9434,22762.9746,24836.4355
8/29/2013,6141.54395,9778.34863,10563.3018,18409.0801,22767.9141,22738.3906,25167.5059
8/30/2013,5873.18066,9778.50684,10205.9102,18400.0312,22681.8359,23524.8184,25858.9688
8/31/2013,5592.03271,9984.06055,10054.1836,18146.0898,22770.4648,23297.0625,26275.0391
9/1/2013,5523.71094,10531.0625,10244.2354,17478.2305,22835.332,23347.1406,26216.875
9/2/2013,5758.41113,10950.1963,10432.3496,16548.6758,22800.9473,22602.1074,25922.3086
9/3/2013,5971.68652,10753.04,10443.1963,15772.9082,22511.4766,21225.0469,25688.5918
9/4/2013,5938.13135,10250.4395,10418.9268,15322.9795,21792.4023,19715.4824,25613.9004
9/5/2013,5856.74756,10055.6016,10360.4326,15097.5322,20823.9922,19418.0195,25667.7031
9/6/2013,6021.27441,10450.9004,10517.6455,15198.3447,20071.8633,19398.2266,25649.5215
9/7/2013,6345.50195,11029.8633,11250.7852,15644.5332,19635.6992,19589.8125,25205.3711
9/8/2013,6451.99072,11277.9346,11997.6602,16114.499,19460.4785,20455.9199,24339.6738
9/9/2013,6371.73193,11235.1279,12102.9902,16497.5312,19826.877,21820.4199,23462.2324
9/10/2013,6115.8252,11118.7568,11806.7393,16722.6035,20453.9238,22052.9316,22877.4062
9/11/2013,5662.17139,11360.0381,11420.6719,16790.3145,21034.3457,22918.627,22643.7832
9/12/2013,5264.53027,11699.3828,11282.2119,16675.4805,21637.002,23030.6953,22766.959
9/13/2013,4995.99756,11587.4316,11546.8467,16590.4043,22113.5156,23421.7754,23247.1523
9/14/2013,4857.93115,11194.7109,11865.4375,16904.3086,22439.4297,23073.5137,23920.9375
9/15/2013,4766.53125,10554.04,12060.7324,17236.3203,22648.7227,24097.0566,24576.2832
9/16/2013,4693.2749,9782.64648,12210.041,17148.2266,23087.9023,25734.9062,25286.3125
9/17/2013,4579.03564,9115.49414,12269.166,16753.1055,23925.4375,26598.8574,26090.707
9/18/2013,4391.81201,8686.94434,12263.4727,16509.373,24545.2227,25987.0059,26968.166
9/19/2013,4234.57178,8463.82422,12208.7822,17029.6777,24769.5059,25482.7051,28069.2559
9/20/2013,4101.23877,8280.96289,12012.749,18497.7559,24964.4727,28220.2598,29655.6914
9/21/2013,4000.20947,8031.75391,11624.0166,19773.2793,26280.5137,35108.1953,31926.0508
9/22/2013,3914.60181,7632.36768,11062.417,20077.1641,29045.0859,37004.1523,34340.3828
9/23/2013,3830.13794,7180.65723,10439.1289,19876.4043,31575.0039,35765.1523,35447.2188
9/24/2013,3780.75635,6797.93652,9870.62012,19108.832,32796.5938,34867.6953,35445.625
9/25/2013,3850.40967,6514.64844,9406.53027,18036.8516,33230.5,35290.5469,36700.582
9/26/2013,4400.71045,6341.73633,9080.66992,17119.9707,33256.6484,33303.6875,39829.2422
9/27/2013,5043.01953,6190.39404,8878.30957,16326.168,32583.6172,31831.168,42690.4844
9/28/2013,5106.23389,6108.32568,8741.74707,15751.3789,31627.4922,30362.0039,43773.1523
9/29/2013,4788.66992,6239.51416,8450.63086,15279.373,30560.9023,28553.2031,43789.3984
9/30/2013,4357.74219,6618.71729,8011.30371,14573.1104,29266.8359,26866.0215,43407.5352
10/1/2013,4017.41528,7276.3999,7571.86914,13871.7969,27917.2324,25293.2871,42271.8867
10/2/2013,3871.19873,7825.6167,7218.87451,14067.5391,26492.5293,23432.2344,40333.9414
10/3/2013,3809.13428,7835.32227,7035.17236,14883.6445,25018.9473,22948.623,38012.1836
10/4/2013,3699.16626,7417.1123,7008.66895,14722.6855,24060.2852,24211.1426,35655.8398
10/5/2013,3524.26587,6793.29346,7007.30957,13761.1543,24025.2539,25388.9805,33691.7266
10/6/2013,3370.62769,6202.08008,7024.0459,12772.3936,24092.8242,21948.3672,32322.2324
10/7/2013,3269.83911,5801.13623,7204.86328,11758.4521,23067.1523,19411.2148,31291.5684
10/8/2013,3196.88013,5535.74561,7474.65625,10995.2031,21392.2559,17911.5703,30505.25
10/9/2013,3137.94775,5322.90283,7653.01318,10390.6201,19746.2617,16727.5488,30074.1992
10/10/2013,3073.3335,5090.03174,7611.43408,9935.64746,18244.9375,15936.2793,29343.0449
10/11/2013,3003.88379,4941.17627,7340.27588,9653.97168,17092.6797,15089.7285,27614.9434
10/12/2013,2952.42651,4825.85449,6929.02588,9441.38477,16139.3379,14366.2021,25384.9941
10/13/2013,2912.72656,4596.2334,6498.18848,9266.01465,15352.6709,13845.9609,23277.6699
10/14/2013,2895.64673,4328.67334,6124.92383,9252.14355,14680.4277,13217.8955,21452.9062
10/15/2013,2885.01538,4058.604,5819.10596,9396.0752,14065.4648,13497.5049,19992.041
10/16/2013,2867.88306,3838.81396,5571.86719,9656.18359,13638.582,13790.7627,18892.8438
10/17/2013,2853.45874,3676.88232,5437.80518,10154.1816,13536.2822,13950.4189,18209.1895
10/18/2013,2862.03223,3584.77051,5447.5332,11305.1631,13739.9092,15870.6953,18087.2246
10/19/2013,2908.22925,3583.89233,5595.16211,12460.9746,14660.5977,19013.0195,18473.7031
10/20/2013,3021.84375,3566.37964,5591.11963,12205.291,16358.6104,21795.6309,18910.4316
10/21/2013,3166.22607,3515.86011,5265.71729,11052.6699,18413.5938,22302.2812,19037.9902
10/22/2013,3358.27124,3484.1687,4889.64502,10152.1709,19615.2559,18694.3301,19168.248
10/23/2013,3524.9917,3490.80103,4557.22656,9702.38477,19083.377,16181.7334,19929.9004
10/24/2013,3615.38281,3605.54492,4250.17383,9467.96582,17753.3223,15394.2646,21419.4297
10/25/2013,3749.23218,3918.9043,4070.55298,9244.92969,16565.5762,15326.3916,23055.9297
10/26/2013,3872.67554,4270.41699,4050.36694,8955.23047,15763.5791,14713.3047,23717.0762
10/27/2013,3961.94287,4539.12402,4013.89258,8477.54688,15167.1523,14050.7646,22832.1953
10/28/2013,4081.30786,4701.99268,3911.11157,7833.95459,14607.1074,13061.8584,21183.7559
10/29/2013,4159.01416,4743.76221,3820.80493,7190.08301,13896.9102,11741.084,19679.7188
10/30/2013,4231.65771,4810.72412,3789.33081,6666.27686,12922.1465,10338.7705,18564.8164
10/31/2013,4349.64941,4849.67676,3875.74097,6233.83008,11772.2002,9410.55469,17720.7656
11/1/2013,4458.85986,4875.68311,4067.72559,5918.78955,10676.4033,8812.63477,16958.4668
11/2/2013,4480.12793,4938.28174,4294.39209,5744.43164,9753.45703,8121.13672,16082.7334
11/3/2013,4449.52588,5038.55957,4494.75928,5588.04053,8987.16406,7767.69824,14982.7207
11/4/2013,4489.23535,5235.89307,4642.23535,5402.59521,8426.12793,7634.17725,13755.4932
11/5/2013,4502.48438,5427.72412,4741.06201,5246.06396,8032.7251,7299.43848,12593.2969
11/6/2013,4422.87939,5446.37793,4806.7832,5167.73682,7672.74951,6887.05566,11602.2246
11/7/2013,4277.87793,5304.97803,4858.54199,5207.67041,7317.29883,6744.33496,10794.8311
11/8/2013,4124.24463,5176.53809,4915.36621,5370.07568,7036.27295,6809.77734,10203.6621
11/9/2013,4009.11279,5104.24951,4999.83838,5590.65869,6918.64941,7154.17725,9812.68066
11/10/2013,3924.19678,4998.77197,5122.80713,5781.7666,7010.89258,7597.8833,9535.7002
11/11/2013,3830.98096,4831.58545,5263.6582,5899.64697,7241.50049,8004.70654,9350.25
11/12/2013,3703.74878,4641.48291,5378.32715,5968.89209,7453.74707,7840.19189,9217.31738
11/13/2013,3541.98193,4475.17285,5407.38525,6070.22607,7555.43408,7766.7959,9107.1709
11/14/2013,3354.16895,4343.70947,5356.72412,6210.46729,7563.56836,7827.27783,9179.05078
11/15/2013,3185.77734,4227.06689,5277.37305,6254.05127,7611.03516,8426.18262,9476.78613
11/16/2013,3055.54224,4095.75732,5179.45361,6292.82568,7765.53076,8308.3623,9778.47266
11/17/2013,2897.27856,3934.72583,5075.15625,6469.2832,7833.83887,7848.35156,9973.84277
11/18/2013,2711.92236,3759.62378,4972.25195,6696.9043,7805.29834,8396.81934,10211.2412
11/19/2013,2609.94482,3627.64893,4835.48047,6799.48535,7993.68213,9240.75781,10707.6973
11/20/2013,2693.10669,3607.53882,4676.81689,6734.62842,8334.10059,9100.02344,11266.8047
11/21/2013,2751.05322,3604.84399,4537.68018,6606.31592,8508.49121,8487.27637,11366.1172
11/22/2013,2719.69727,3571.93628,4419.98535,6452.45361,8415.34082,7983.2041,11161.0596
11/23/2013,2606.87622,3632.86133,4284.52344,6312.7251,8160.36328,7676.23291,11180.7764
11/24/2013,2374.43945,3784.92139,4121.89355,6181.62158,7877.69385,7371.21729,11286.8311
11/25/2013,2184.62061,3854.1084,3975.74658,6037.58594,7590.58203,7112.3833,11144.708
11/26/2013,2050.15796,3784.2334,3865.09839,5865.83887,7328.01318,6849.5415,10779.5928
11/27/2013,1966.08569,3625.44141,3789.37842,5678.0498,7078.33057,6589.11719,10301.5166
11/28/2013,1904.67529,3350.26147,3738.44775,5509.94824,6832.92188,6299.30518,9763.89941
11/29/2013,1854.11951,3043.58301,3726.88257,5368.54199,6588.41357,6075.58301,9237.75879
11/30/2013,1807.3302,2799.52393,3762.68799,5221.61914,6352.15625,5924.54248,8772.25586
12/1/2013,1761.86926,2609.42749,3808.9917,5054.54346,6151.25684,5802.96973,8373.4502
12/2/2013,1723.34619,2468.9104,3816.271,4915.23584,5985.97314,5580.90479,8030.29834
12/3/2013,1678.69299,2360.52173,3752.97803,4801.73535,5809.75293,5350.08594,7698.00293
12/4/2013,1639.80676,2270.05151,3608.56274,4696.03955,5613.60303,5201.1084,7364.41943
12/5/2013,1605.46033,2186.04541,3401.23755,4613.86084,5444.00098,5126.70166,7072.51465
12/6/2013,1567.5116,2097.71265,3172.51685,4572.36377,5296.76758,5073.95264,6826.07666
12/7/2013,1527.89905,2009.95581,2956.90894,4566.96436,5164.46729,5015.22412,6596.71484
12/8/2013,1487.396,1929.17725,2772.36621,4545.44434,5063.46484,4990.92139,6386.42432
12/9/2013,1447.63855,1860.6947,2622.0293,4484.46289,5006.27148,4998.11328,6218.50732
12/10/2013,1409.43896,1797.95715,2498.25562,4384.53906,4976.98193,4927.82129,6105.67432
12/11/2013,1381.48059,1738.51917,2390.41211,4231.74268,4927.65918,4784.05127,6037.43506
12/12/2013,1380.5011,1686.06775,2289.95801,4029.44702,4844.20166,4580.72656,5997.24854
12/13/2013,1370.97522,1645.45691,2193.36328,3801.04443,4720.97412,4308.31982,5983.72656
12/14/2013,1347.8197,1627.65369,2102.28784,3571.06934,4544.83643,4007.7334,5986.96533
12/15/2013,1463.91772,1638.64062,2020.7771,3357.55469,4324.61572,4004.22168,5968.85498
12/16/2013,2110.93506,1710.07483,1996.91125,3241.35132,4113.64209,3933.08472,5900.54443
12/17/2013,2933.11841,2158.76685,2121.67603,3318.82227,3980.90039,3836.38379,5789.74121
12/18/2013,3320.89893,2829.32373,2244.06689,3524.97046,3894.84888,4128.02148,5697.91016
12/19/2013,3320.66943,3091.40527,2187.69141,3889.93384,4022.41187,5220.50928,5689.67529
12/20/2013,3201.13306,3393.13257,2033.81677,4269.93311,4457.51758,6062.04883,5723.34229
12/21/2013,2941.48779,4126.59229,1904.94189,4427.53271,5075.20752,6916.40332,5684.1582
12/22/2013,2665.73877,4720.91064,1885.91553,4471.94727,5764.7251,6943.18018,5610.90332
12/23/2013,2601.28442,4902.0957,2037.6991,4314.87402,6179.229,6398.84668,5711.37305
12/24/2013,2478.62256,4921.24023,2346.39355,4009.57764,6240.11768,6203.4209,6130.96191
12/25/2013,2265.45532,4835.15869,2688.32837,3729.30981,6116.0625,5335.1416,6771.03906
12/26/2013,2017.75891,4545.71631,3049.22437,3407.74194,5727.98633,4662.93359,7365.16553
12/27/2013,1791.46484,4286.65771,3495.4021,3089.42578,5207.04395,4252.39795,7644.0127
12/28/2013,1644.37756,4073.47266,3967.81909,2882.07349,4729.21729,3684.83179,7549.59473
12/29/2013,1568.78882,3768.52905,4352.81592,2839.46924,4244.74854,3246.86816,7199.17334
12/30/2013,1518.91663,3430.41235,4599.02002,2976.18188,3828.20703,3152.32544,6645.49414
12/31/2013,1448.84949,3106.74194,4695.77588,3262.48218,3572.21094,3285.0271,6027.52344
1/1/2014,1362.76135,2848.61621,4649.39941,3581.90381,3500.65088,3657.11768,5467.26904
1/2/2014,1262.95203,2677.55396,4510.63184,3910.3457,3610.68799,4120.94824,4957.68799
1/3/2014,1154.7334,2558.93042,4326.41016,4315.37402,3840.09351,4397.479,4530.43066
1/4/2014,1049.33008,2439.40039,4102.71143,4747.13428,4089.43237,4692.33838,4243.6709
1/5/2014,947.450806,2301.63745,3843.99341,5099.63135,4383.02246,5216.25488,4130.90771
1/6/2014,853.460754,2151.94434,3566.62695,5323.42578,4777.03906,5692.45752,4196.66553
1/7/2014,789.562866,1992.5498,3295.93872,5408.69287,5188.84229,5907.62744,4385.0498
1/8/2014,745.462952,1836.672,3059.30884,5363.88916,5513.12158,5924.64893,4611.09277
1/9/2014,709.323364,1691.57971,2865.95679,5231.90479,5704.25098,5809.6709,4872.39258
1/10/2014,679.271301,1555.57104,2703.54761,5051.76025,5744.0918,5566.34766,5197.83643
1/11/2014,650.386536,1443.19641,2553.9541,4813.77734,5644.30518,5285.72803,5536.45068
1/12/2014,623.441589,1358.77795,2404.89893,4496.62598,5460.1543,4998.11621,5804.65137
1/13/2014,599.700562,1287.67432,2250.91309,4124.54639,5230.17773,4628.21289,5955.16064
1/14/2014,581.863464,1221.68921,2093.97461,3761.73364,4944.74512,4206.61084,5973.08301
1/15/2014,574.291809,1156.51685,1939.93188,3451.8042,4590.9458,3800.00024,5869.33984
1/16/2014,583.322327,1090.49976,1794.2561,3203.89478,4201.86328,3477.35791,5678.98877
1/17/2014,612.28949,1025.7594,1662.84814,3004.17651,3837.74536,3241.38843,5428.91602
1/18/2014,658.565674,965.470642,1549.78015,2827.98462,3532.55737,3068.37915,5125.30859
1/19/2014,710.128174,913.79541,1453.745,2658.20068,3288.41772,2900.58398,4776.51172
1/20/2014,751.580505,877.24823,1370.08606,2486.36084,3085.82642,2726.66919,4409.15137
1/21/2014,772.292908,861.536133,1294.00415,2313.53491,2902.62085,2540.71143,4059.06006
1/22/2014,767.790161,867.615112,1221.92261,2145.72876,2724.75781,2351.3374,3753.24438
1/23/2014,742.019653,888.577881,1152.47266,1989.255,2546.10791,2176.17725,3501.0166
1/24/2014,704.095886,910.270264,1086.44409,1849.21716,2369.17969,2024.55933,3296.77539
1/25/2014,663.489502,919.440186,1026.30164,1728.43921,2199.45923,1893.07153,3117.77295
1/26/2014,626.303345,908.084473,975.924866,1625.68469,2042.38342,1775.45093,2935.44214
1/27/2014,594.316833,875.389221,939.59845,1536.31689,1902.60242,1666.65588,2749.76221
1/28/2014,566.4552,827.681946,919.963623,1455.41235,1782.26367,1567.53662,2575.80273
1/29/2014,540.920105,774.249573,915.877258,1379.2384,1679.94788,1479.53296,2419.89771
1/30/2014,516.740845,722.98291,921.629578,1306.20618,1597.45276,1404.28735,2283.03247
1/31/2014,493.957642,677.810791,928.538208,1236.9314,1519.99585,1338.26013,2161.34424
2/1/2014,473.107269,638.93689,928.03241,1175.58557,1444.79077,1273.77881,2048.86255
2/2/2014,451.315216,604.672791,914.543091,1141.31396,1386.11035,1216.9906,1942.19519
2/3/2014,423.716339,573.38324,887.091309,1120.97156,1338.54797,1174.53284,1842.76904
2/4/2014,408.288849,544.392273,848.840881,1130.9447,1303.07166,1142.48462,1755.69092
2/5/2014,403.044434,517.888977,805.027832,1211.89404,1288.13867,1130.29712,1673.6156
2/6/2014,388.296387,493.658875,760.583008,1285.66931,1279.56738,1131.87634,1595.74695
2/7/2014,371.612793,464.832367,718.594116,1280.88013,1312.79309,1156.44165,1529.2937
2/8/2014,361.548309,439.211121,680.091431,1229.23206,1398.81995,1234.80579,1471.27722
2/9/2014,358.563751,427.531311,644.80896,1184.66223,1440.15405,1313.72058,1421.61438
2/10/2014,358.856049,415.937225,612.15918,1167.00623,1399.0083,1324.07129,1380.90271
2/11/2014,360.117218,397.944305,581.780396,1164.19006,1327.32605,1275.53333,1352.23303
2/12/2014,359.686646,382.358002,553.003235,1156.46021,1276.40906,1217.15796,1344.16992
2/13/2014,357.504883,374.161011,524.821899,1128.28357,1254.58264,1185.56836,1362.24902
2/14/2014,354.69223,371.438751,498.341187,1080.34558,1245.21143,1180.03528,1392.28455
2/15/2014,353.115753,371.306091,476.143951,1018.97687,1228.54993,1178.84607,1409.05103
2/16/2014,359.234406,371.15152,457.733887,951.956238,1192.53979,1160.35852,1398.91382
2/17/2014,382.859222,369.042603,440.779449,888.801208,1139.17188,1120.52466,1367.65894
2/18/2014,432.635773,365.520508,425.554596,834.193298,1074.20825,1065.18884,1333.06824
2/19/2014,509.57782,362.018982,412.644623,786.393005,1006.44611,1001.57208,1307.4231
2/20/2014,603.053589,362.288422,402.627136,742.169189,944.571899,941.318787,1289.98975
2/21/2014,692.651184,374.693481,396.208344,704.005981,893.155579,896.437073,1271.36292
2/22/2014,757.309937,409.874847,392.195435,668.919922,850.007996,850.870239,1243.10535
2/23/2014,784.457458,471.778839,389.0849,630.544983,809.14032,830.634583,1202.42712
2/24/2014,772.300842,555.87146,385.92691,593.759155,772.937012,789.711243,1151.35083
2/25/2014,730.127136,648.452515,382.827728,564.045715,736.555481,720.837097,1096.3053
2/26/2014,673.746948,727.955139,381.627228,541.362915,694.964966,673.959412,1043.38501
2/27/2014,616.506714,776.81897,386.496857,524.018127,657.216858,643.456787,996.606689
2/28/2014,566.884827,787.061462,403.536896,511.94693,627.469116,616.479858,956.351868
3/1/2014,528.394836,761.43158,438.195282,506.739105,607.038086,589.677979,914.27124
3/2/2014,499.200195,712.430176,491.968658,520.587708,601.625122,574.918823,868.530273
3/3/2014,474.142212,655.218323,560.265686,535.732544,610.229919,577.710938,821.711731
3/4/2014,452.363312,600.922852,632.431213,565.59906,625.024353,591.500366,781.040527
3/5/2014,467.215302,555.982727,695.017517,652.050659,645.345398,613.665771,746.857544
3/6/2014,596.656067,521.652039,736.479248,746.515686,660.749023,634.687073,718.061829
3/7/2014,773.835571,494.305908,750.924988,822.459656,719.037354,667.908936,701.929199
3/8/2014,829.707703,469.701508,739.618652,901.231079,842.66333,767.919373,696.59613
3/9/2014,770.206909,456.029449,709.440552,981.205688,961.01593,897.283325,700.249268
3/10/2014,661.639648,520.001648,669.450317,1059.30762,1046.29834,996.283203,709.576172
3/11/2014,544.856934,683.333679,627.795471,1140.27209,1107.75171,1070.76819,723.79425
3/12/2014,461.969269,810.809875,590.135254,1215.07178,1154.36536,1135.37231,752.311829
3/13/2014,417.059082,813.155396,557.155029,1258.37109,1202.98926,1197.9563,808.636963
3/14/2014,400.283051,730.22052,528.507507,1263.69873,1264.27783,1247.96594,889.412048
3/15/2014,399.82782,614.521179,513.899048,1233.1543,1318.62708,1288.5304,976.62793
3/16/2014,409.440704,511.302917,534.801941,1168.35876,1343.93396,1341.73877,1058.22827
3/17/2014,427.628998,445.429169,603.082275,1080.22998,1338.84546,1394.33691,1130.57922
3/18/2014,468.881592,415.270416,706.00354,987.15155,1308.66577,1386.57971,1194.58203
3/19/2014,543.502197,408.277008,774.362122,905.540894,1250.54077,1294.93958,1252.1582
3/20/2014,639.947021,412.288025,769.683777,857.438232,1164.16248,1186.55798,1306.04114
3/21/2014,737.866638,423.583496,718.397827,855.638184,1067.13623,1130.35071,1361.04053
3/22/2014,814.880859,456.723694,642.01355,850.939514,988.535217,1138.7113,1412.47266
3/23/2014,873.49292,541.405457,567.052979,843.314209,962.059204,1192.276,1437.85669
3/24/2014,987.264648,678.397522,510.940918,899.967407,975.931519,1148.34167,1421.26892
3/25/2014,1210.49097,873.695862,482.566711,1004.2843,1001.46228,1173.0498,1376.73865
3/26/2014,1465.54883,1054.45129,482.811035,1079.00256,1076.21094,1343.02271,1331.15283
3/27/2014,1570.5813,1159.56567,486.457672,1069.58691,1239.59241,1538.2124,1300.47839
3/28/2014,1402.46423,1276.13696,492.206604,996.466797,1424.31226,1584.01343,1283.02075
3/29/2014,1159.14624,1464.50403,526.362854,906.190125,1525.52075,1505.47559,1271.52637
3/30/2014,1038.22864,1713.95203,600.476624,815.78656,1504.11316,1400.47522,1289.04749
3/31/2014,983.166992,1933.12878,717.64856,745.133667,1394.146,1287.34363,1361.12146
4/1/2014,931.600098,1930.34436,856.525085,707.915039,1251.95325,1142.30823,1467.38135
4/2/2014,872.093811,1708.79932,990.834351,714.054932,1119.62122,1027.09851,1584.41968
4/3/2014,824.742126,1503.93103,1121.41541,724.363708,1023.80914,994.522888,1719.63403
4/4/2014,768.874634,1398.64038,1271.37329,768.330994,978.341675,1069.62305,1864.91638
4/5/2014,764.884521,1340.67993,1461.29822,929.184143,1007.34271,1170.10205,1971.4353
4/6/2014,987.495544,1320.25037,1660.76648,1215.1781,1080.38489,1323.85254,1971.62195
4/7/2014,1436.23083,1314.53796,1781.00293,1590.32056,1247.98267,1562.79443,1881.00439
4/8/2014,1905.51758,1300.0979,1785.08081,1900.58447,1567.31616,2188.42407,1805.19666
4/9/2014,2138.85474,1276.58667,1708.2019,2093.44482,2064.88306,3066.41626,1854.34131
4/10/2014,2036.52063,1363.09033,1602.77368,2288.66309,2654.84033,3442.56885,1998.43689
4/11/2014,1683.61218,1689.0282,1508.50659,2531.16895,3109.00757,3565.91406,2091.60449
4/12/2014,1286.55701,2143.85181,1442.16675,2779.40283,3410.30518,3740.93066,2190.86792
4/13/2014,1001.96783,2484.57227,1410.66736,2974.35645,3671.48633,4030.22998,2474.72925
4/14/2014,831.028687,2527.37964,1418.78186,3124.37451,3879.27441,4322.28223,2903.19849
4/15/2014,751.223633,2259.49512,1424.32581,3386.80225,4045.01978,4453.91553,3318.85522
4/16/2014,718.47583,1841.42261,1451.08533,3595.99097,4175.60596,4640.88965,3685.28076
4/17/2014,705.744812,1468.09558,1577.36694,3563.70459,4330.12402,5171.6626,4025.41602
4/18/2014,717.371338,1210.18823,1802.55676,3440.2417,4548.00977,4882.94824,4355.69043
4/19/2014,763.072876,1056.64709,2064.51929,3282.23584,4560.41504,4257.50391,4659.35156
4/20/2014,839.32019,986.79541,2250.20825,3066.97949,4355.4668,4069.38599,4883.38916
4/21/2014,931.0401,962.977356,2289.51904,2817.82007,4131.78516,4007.60767,5106.30713
4/22/2014,1010.80353,944.967224,2214.6355,2598.81348,3897.84937,3801.71118,5325.64795
4/23/2014,1053.1261,944.798523,2002.74133,2457.74268,3663.72974,3720.44727,5340.91406
4/24/2014,1057.49866,990.173462,1703.61438,2459.37012,3488.02124,3534.83032,5189.04004
4/25/2014,1050.69482,1061.02966,1451.86975,2617.81494,3341.29199,3167.98291,5060.49365
4/26/2014,1110.93933,1155.86963,1284.51807,2821.81372,3221.39551,3066.32227,4981.92285
4/27/2014,1153.505,1263.41211,1188.84998,2964.73584,3249.89087,3247.83643,4884.33008
4/28/2014,1065.95654,1342.2749,1140.03784,3071.97168,3433.02734,3533.77026,4722.24023
4/29/2014,967.846436,1438.85901,1146.34924,3252.62915,3648.33179,3682.99146,4547.23291
4/30/2014,939.590271,1592.53943,1223.30066,3397.62915,3820.42603,4098.19873,4397.86865
5/1/2014,905.591431,1733.61682,1306.8894,3382.75781,3991.61108,4786.87207,4316.32178
5/2/2014,832.376343,1780.71545,1370.44678,3310.29248,4193.7168,5154.98047,4487.19629
5/3/2014,796.75116,1760.91785,1420.7489,3348.073,4343.95361,5131.60449,4867.84326
5/4/2014,806.352905,1763.51245,1476.06702,3566.78223,4417.70996,5089.65576,5211.76709
5/5/2014,843.919312,1732.84387,1537.83997,3841.21606,4516.94092,5359.9624,5548.91602
5/6/2014,1042.70447,1670.72839,1596.38696,3874.52344,4729.06885,5836.20068,5983.88428
5/7/2014,1456.11963,1659.11926,1687.69141,3643.87402,5098.6377,6244.86328,6470.20117
5/8/2014,1902.2074,1765.4939,1820.63635,3382.41602,5460.35742,5636.10742,6810.44385
5/9/2014,2224.55078,1923.88831,1965.01501,3173.58643,5511.22119,4907.27246,6863.24756
5/10/2014,2438.45581,2084.50171,2085.72998,3092.45581,5280.85254,4509.92725,6774.98096
5/11/2014,2413.15137,2370.66235,2091.84351,3252.18481,4971.57422,4361.78174,6787.58936
5/12/2014,2147.90552,2792.24561,1996.63708,3568.26025,4755.2666,4492.51367,6868.52051
5/13/2014,1828.91736,3193.00146,1954.64136,3828.88501,4741.45361,4981.7666,6797.40479
5/14/2014,1593.69946,3400.49023,2013.63208,4002.11938,4908.42871,5416.91602,6554.28955
5/15/2014,1487.70129,3413.09692,2091.09888,4223.4165,5142.27539,5604.17627,6278.66895
5/16/2014,1407.06873,3205.52612,2153.50122,4462.16992,5360.09619,6021.95557,6107.00977
5/17/2014,1356.19629,2842.26514,2305.15698,4649.0835,5600.93408,6397.32568,6077.83789
5/18/2014,1350.37146,2511.73218,2599.22656,4780.21729,5817.83643,6474.10547,6184.79688
5/19/2014,1385.82776,2336.51831,2955.06201,4928.60693,6010.61133,6799.31738,6467.12646
5/20/2014,1453.5,2308.46924,3342.00391,4965.82031,6253.3208,6981.58447,6992.3999
5/21/2014,1521.55762,2325.05859,3636.34814,4777.48584,6474.54053,7437.42578,7677.5542
5/22/2014,1575.4397,2322.04443,3747.39722,4541.15381,6633.9082,7037.50537,8163.37305
5/23/2014,1598.53064,2304.46777,3601.07007,4361.0957,6623.125,6524.61719,8324.80762
5/24/2014,1571.26929,2364.99609,3230.90576,4362.31982,6436.0166,6127.27832,8362.31055
5/25/2014,1501.43127,2485.4126,2904.2207,4564.33691,6194.93652,5886.7627,8428.81543
5/26/2014,1408.88416,2547.25171,2682.79004,4880.43652,6002.00928,5878.59473,8523.45605
5/27/2014,1336.8761,2545.60693,2573.52026,5204.32666,5994.52979,6016.38818,8488.88281
5/28/2014,1363.25989,2504.05664,2573.76611,5444.00391,6177.18164,6160.16504,8305.56348
5/29/2014,1428.71997,2409.89087,2639.5144,5600.02344,6429.88086,6587.68457,8042.14551
5/30/2014,1452.17676,2287.17041,2841.78711,5571.9502,6657.84326,6988.41797,7781.6416
5/31/2014,1402.31409,2168.45337,2991.89282,5382.57275,6836.69189,7544.21729,7639.57715
6/1/2014,1379.12634,2133.12183,2980.16821,5204.979,6978.97363,7704.40479,7625.51904
6/2/2014,1367.3623,2206.35474,2951.20459,5161.02051,7018.37305,7539.96191,7742.21045
6/3/2014,1258.45715,2347.73364,2940.74268,5165.14307,6912.05957,7245.604,7971.83008
6/4/2014,1152.4292,2482.25684,2868.81299,5165.90283,6815.90479,7335.61279,8307.68652
6/5/2014,1131.47852,2510.55151,2700.2627,5195.53125,6788.54785,6959.06396,8731.89746
6/6/2014,1423.47131,2517.77173,2576.99268,5217.90381,6718.79492,6915.50244,9048.07715
6/7/2014,2076.78296,2565.37915,2594.18872,5298.64697,6669.04102,6882.56445,9097.10449
6/8/2014,2537.54858,2714.14429,2679.1665,5641.33594,6716.39746,7163.07812,9008.86426
6/9/2014,2639.55566,2898.61182,2802.69751,6095.72217,6908.98145,7858.32227,8960.3623
6/10/2014,2537.18335,3158.95752,2885.66943,6460.52393,7325.67383,8917.27637,8927.18848
6/11/2014,2220.35645,3718.64844,2871.12329,6869.51367,7928.29492,9477.05371,8866.39062
6/12/2014,1882.86133,4286.09912,2859.53003,7502.52539,8559.32324,10092.875,8998.69434
6/13/2014,1711.99011,4558.75684,2863.5835,8031.57129,9245.83496,12029.3818,9643.80859
6/14/2014,1683.80847,4550.74072,2969.10474,8850.30176,10413.8643,14911.416,10856.04
6/15/2014,1735.07581,4327.11182,3249.56079,9791.4707,11866.3359,15159.7529,12290.6465
6/16/2014,1785.88611,3988.48462,3566.39893,10090.5273,13038.0234,16996.4531,13603.4854
6/17/2014,1736.40942,3658.54199,3848.83472,9869.33398,14183.6123,16767.75,14733.0342
6/18/2014,1649.5387,3473.93237,4194.29102,9354.68066,14799.7549,15244.0947,15886.3164
6/19/2014,1616.23206,3479.80249,4596.43848,9035.13672,14545.2539,13618.7803,17140.1738
6/20/2014,1641.05383,3623.69019,4893.03223,9105.42773,13847.083,12924.2441,18363.584
6/21/2014,1661.67688,3653.27002,4918.00537,9502.11426,13137.3418,13477.2178,19424.8965
6/22/2014,1693.32874,3475.6377,4714.16309,9986.68164,12918.75,14233.7617,19796.3008
6/23/2014,1756.6582,3303.29028,4394.81592,10361.9375,13089.3242,14788.7559,19234.4199
6/24/2014,1805.75769,3228.59692,4110.9751,11248.7949,13560.2881,15914.3682,18286.709
6/25/2014,1852.63977,3286.40796,3988.72876,12400.8408,14214.5098,16471.6523,17599.1211
6/26/2014,1910.73938,3493.34106,3988.35132,13303.4121,15162.3037,19230.0742,17419.7207
6/27/2014,1970.94629,3669.12134,3990.90063,13559.3076,16664.2031,19738.6973,17569.623
6/28/2014,2045.32629,3697.71021,3919.17163,12791.4385,18081.5352,20531.127,17902.5254
6/29/2014,2115.95801,3667.18579,3773.80444,11883.4434,18986.0977,19519.6484,18448.3691
6/30/2014,2194.57812,3642.5376,3695.27734,11178.917,19013.2129,17395.9473,19386.1836
7/1/2014,2496.59375,3729.23486,3939.45142,10545.4131,18160.1562,17109.2852,20897.3438
7/2/2014,2878.41113,3953.31079,4337.021,10082.1748,17367.8926,17539.0156,22655.3574
7/3/2014,3120.20532,4215.104,4539.73145,9731.24805,16784.1816,16760.8398,24052.1699
7/4/2014,3129.34937,4477.27344,4479.44971,9253.7002,16299.8701,16815.1367,24301.459
7/5/2014,3060.38379,4823.53564,4277.68701,8839.0332,16042.5732,16307.5947,23314.6465
7/6/2014,3129.97632,5318.87939,4122.64502,8733.7666,15802.8848,15358.3584,22202.752
7/7/2014,3200.96655,5731.09863,4059.21631,8706.53125,15345.2227,14800.5645,21585.2305
7/8/2014,3320.16187,5893.37695,4125.13721,8736.57129,14853.0557,14855.4102,21393.3965
7/9/2014,3563.37061,5930.95801,4341.76904,9214.41895,14497.3398,14475.8115,21422.5703
7/10/2014,3685.34448,6220.46143,4680.28174,10387.5381,14265.7334,14810.2822,21530.9922
7/11/2014,3567.90845,6768.23389,5187.4834,11260.7256,14299.5889,16332.4697,21841.7754
7/12/2014,3352.28613,7331.00732,5636.20605,11145.4375,15087.1064,18738.7637,22367.8223
7/13/2014,3169.85327,8046.77637,5872.07324,10676.7197,16221.1406,17686.1914,22583.5566
7/14/2014,3180.12524,8658.22363,6111.1333,10392.8994,16626.4434,16388.043,22124.6543
7/15/2014,3386.93213,8638.58301,6423.39941,10543.5156,16284.4463,15381.4189,21531.7656
7/16/2014,3515.06348,8141.61182,6662.97266,11208.8975,15798.9365,16049.0205,21482.2578
7/17/2014,3519.44482,7546.32227,6877.67236,11588.9141,15632.9268,16884.2383,21808.7949
7/18/2014,3462.17529,7160.80029,7337.61572,11377.2998,16081.3711,19558.2949,21872.0957
7/19/2014,3418.52856,7274.48096,8204.59082,11438.6748,16962.5742,18781.0762,21582.0176
7/20/2014,3492.48242,7624.84082,9005.3877,12091.9268,17432.6699,18300.2871,21136.3613
7/21/2014,3680.00781,7842.07812,9281.68262,12836.8848,17647.9844,20294.6367,20942.4629
7/22/2014,3819.06665,7963.54248,9126.73047,13435.376,18708.1191,24324.3105,21525.1445
7/23/2014,4010.52466,8029.08887,8734.57617,13867.2178,20299.7051,23887.6328,22559.0254
7/24/2014,4477.36084,8059.77051,8323.74805,14205.5166,21367.2305,23510.4668,23111.5996
7/25/2014,5246.30811,8200.17188,8105.70068,14635.2197,21811.5625,22448.9453,23339.2402
7/26/2014,5610.95898,8335.55176,8234.19531,15135.7275,21962.1973,23631.834,24164.2344
7/27/2014,5397.54297,8416.80566,8641.03223,15657.7988,22375.918,24785.166,25450.4688
7/28/2014,5365.19922,8780.42969,9059.79785,16059.6582,23139.5293,25981.5234,26345.2598
7/29/2014,5656.18213,9583.55273,9330.23828,16398.2051,23962.1816,26519.3613,26639.4277
7/30/2014,6020.42822,10327.2627,9359.16602,16749.6328,24728.3516,27057.1035,26878.1113
7/31/2014,6112.94971,10438.5361,9184.625,16968.2188,25240.1641,27518.5801,27693.6133
8/1/2014,5970.25586,10242.7529,9046.79199,17062.668,25830.4551,28839.1699,28942.5312
8/2/2014,5654.74072,10290.625,8981.84668,17259.8574,26394.5508,27935.4629,30074.666
8/3/2014,5360.73633,10581.4307,9108.33398,17802.1699,26652.5176,28128.5879,31065.1035
8/4/2014,5218.93115,10775.8164,9492.25684,18403.0664,26887.0684,28606.2051,32192.4492
8/5/2014,5192.39307,10699.0205,10013.584,18662.1914,27346.6113,30204.7109,33544.1875
8/6/2014,5251.69287,10439.8086,10522.1934,18509.9688,28029.0098,30151.0293,34536.8477
8/7/2014,5218.75098,10061.2266,10823.4824,18185.5059,28627.3594,30058.2734,34873.1016
8/8/2014,5177.8374,9757.21777,10874.459,17955.5,28568.9141,26938.2383,35063.332
8/9/2014,5139.35986,9597.86035,10891.5488,17617.8594,27667.1465,26523.9766,35390.2617
8/10/2014,5014.16797,9588.98438,10958.624,17404.8105,26792.8594,26290.4707,35610.2656
8/11/2014,4862.29541,9625.40234,10971.5254,17768.9883,26249.1504,25855.0996,35410.8828
8/12/2014,4676.34473,9513.79688,10871.9277,18325.8965,25743.0273,25043.2891,34581.2656
8/13/2014,4558.94482,9338.85352,10665.1738,18343.082,25397.2129,25748.0117,33136.2656
8/14/2014,4539.12891,9163.45117,10411.9492,17998.0215,25368.8008,25388.2793,31690.5957
8/15/2014,4701.44092,9128.68652,10209.2197,17596.7539,25179.1387,23683.9375,30546.1562
8/16/2014,5438.42969,9286.53809,10138.292,17367.6211,24433.4629,22402.8516,29587.1621
8/17/2014,6152.19482,9393.9834,10138.1855,17375.2344,23483.834,21800.1426,28928.8633
8/18/2014,6198.89844,9512.99316,10195.5127,17263.6602,22613.3203,21550.3066,28548.5391
8/19/2014,5807.55371,9678.27246,10181.3457,16726.4277,22045.2285,21671.8613,28018.123
8/20/2014,5352.00488,10160.749,10035.6494,16060.0371,21720.0293,20808.5293,27058.8672
8/21/2014,5149.27637,11077.9229,9972.76465,15637.8965,21227.7188,19320.4355,25920.9785
8/22/2014,5037.18652,11566.5654,10199.1143,15312.9609,20421.2676,18573.6172,24919.3105
8/23/2014,4938.98486,11304.9404,10382.2236,15079.249,19715.6113,18752.0293,24245.541
8/24/2014,4767.04541,10654.3691,10295.6543,14954.9033,19230.498,18206.5605,23824.748
8/25/2014,4535.32129,10003.4111,10238.5244,14841.2451,18814.8086,18355.207,23364.6914
8/26/2014,4437.98047,9520.79004,10368.3066,14783.4365,18540.3262,18363.0215,22818.2559
8/27/2014,4473.87793,9122.72949,10805.4932,14825.6016,18378.6367,18632.4395,22398.1621
8/28/2014,4492.05859,8743.55664,11286.3545,14832.9062,18348.7285,19279.7402,22232.4785
8/29/2014,4459.06055,8365.22852,11530.7939,14842.9365,18665.1875,20615.4551,22218.9902
8/30/2014,4416.97705,8319.38867,11657.7441,14840.252,19221.5918,20623.8789,22183.1992
8/31/2014,4363.74121,8701.125,11668.5137,14711.9951,19704.0977,21222.6934,22134.75
9/1/2014,4480.05957,9008.71777,11448.8564,14685.6465,20166.5898,21396.6074,22255.9121
9/2/2014,4611.62695,9126.66797,11017.7363,14922.9766,20495.1504,21196.0078,22904.1484
9/3/2014,4499.45459,9177.40625,10723.7217,15478.7119,20613,21258.502,24098.6523
9/4/2014,4329.92822,9111.58496,10606.6211,16320.7285,20807.2637,22353.3145,25230.5566
9/5/2014,4216.20508,9132.61719,10444.5537,16957.9805,21263.291,23673.8594,25813.2266
9/6/2014,4041.48657,9246.21094,10283.4453,17033.9668,22196.8086,25855.9805,25870.9531
9/7/2014,3778.67285,9197.55371,10138.8828,16778.4707,23507.4004,26240.0254,25708.7988
9/8/2014,3613.40283,9006.29199,10051.7197,16476.8379,24461.4258,25298.0566,25838.0742
9/9/2014,3531.35767,8760.05566,9968.83887,16236.4805,24614.7676,23988.4844,26461.7051
9/10/2014,3509.01343,8358.57227,9828.73633,15933.9014,24192.5156,23488.5117,27299.418
9/11/2014,3504.51318,7849.94971,9673.97168,15536.1982,23654.7715,23108.9531,28083.8086
9/12/2014,3460.17334,7388.28369,9587.14258,15018.4297,23132.0605,22155.2891,28512.123
9/13/2014,3424.12354,6986.26172,9538.37598,14492.083,22509.8105,21244.834,28439.3418
9/14/2014,3407.8147,6657.63232,9499.31641,14107.2031,21791.4258,20136.1641,28022.9961
9/15/2014,3385.16504,6447.12744,9455.96582,13819.2666,20958.1055,19375.5957,27455.3711
9/16/2014,3365.22168,6264.44092,9294.95605,13578.7607,20195.8027,19023.6816,26852.6309
9/17/2014,3409.42505,6110.8418,9043.89062,13444.6592,19576.8848,18594.0547,26251.9375
9/18/2014,3772.22949,6157.21777,8767.35645,13604.8838,19063.9844,18462.2012,25562.9238
9/19/2014,5104.51514,6531.39453,8385.25488,14366.0557,18741.2598,18766.2031,24695.1641
9/20/2014,6203.93652,6889.00732,7994.52393,15828.0352,18751.0254,19838.5938,23781.7852
9/21/2014,6129.59082,7117.41553,7681.67627,16894.3301,19162.3105,21127.9238,22937.6797
9/22/2014,5595.49268,7674.77295,7339.1001,17016.6504,20071.0605,23483.0273,22234.916
9/23/2014,4901.46045,8954.6084,7069.96045,16660.0156,21318.1074,23230.5645,21818.9219
9/24/2014,4487.66455,10560.7393,7034.78271,16536.0703,22049.2988,22429.3535,21817.6348
9/25/2014,4467.51416,11166.3262,7270.5918,16497.2578,22015.9512,21034.8535,22352.3809
9/26/2014,4553.04932,10681.0186,7626.78467,15861.0908,21642.5391,22443.3027,23346.7207
9/27/2014,4476.58301,9730.37305,7932.29883,14936.8789,21575.9844,21959.0527,24344.5625
9/28/2014,4292.18848,8687.82227,8213.67285,13899.0898,21400.1875,20432.0449,24826.7168
9/29/2014,4060.021,8052.17383,8695.67773,12904.2871,20683.5566,18879.0469,24857.0234
9/30/2014,3837.97095,7777.33789,9489.26465,12195.3467,19831.5195,17785.2969,24866.3086
10/1/2014,3744.10083,7519.47754,10262.8857,11784.167,18846.8242,16605.3203,25037.2207
10/2/2014,3706.03369,7122.96191,10630.1699,11635.0234,17949.1738,16425.3047,24934.1406
10/3/2014,3631.58911,6637.33252,10464.3398,11766.5361,17291.5938,16077.7793,24258.8848
10/4/2014,3567.0144,6152.8833,9917.33105,11912.5488,16851.9824,16312.248,23240.6367
10/5/2014,3481.2478,5823.91162,9251.15918,11959.0547,16668.1445,16688.9531,21988.1719
10/6/2014,3283.97412,5685.80078,8673.94824,12123.3936,16683.4531,16544.1191,20784.4492
10/7/2014,3056.34888,5525.05957,8265.05371,12708.2969,16644.6797,16256.6943,19970.9941
10/8/2014,2931.09766,5292.97412,7937.68701,14036.335,16567.543,16916.252,19540.9707
10/9/2014,2902.95337,5069.14697,7556.52344,15165.501,16779.0137,18440.4082,19390.5977
10/10/2014,2945.73169,4786.23828,7099.7627,14640.8027,17598.0664,21613.2031,19316.9746
10/11/2014,3007.18945,4493.59863,6646.42432,13229.3848,19138.0234,21780.9414,19073.1152
10/12/2014,3040.24365,4266.72705,6292.59229,11929.3535,19777.3262,16915.0176,18833.6367
10/13/2014,3042.93262,4086.1958,6076.9248,10849.6562,18578.3691,14747.9375,19042.0859
10/14/2014,3030.96826,3969.58228,5894.94189,10131.8779,16858.0391,13503.2227,20010.4023
10/15/2014,3029.51685,3915.69189,5643.76855,9638.29004,15243.4893,12604.0195,21423.373
10/16/2014,3032.5188,3873.05933,5347.50684,9172.3457,13921.5371,11933.9639,21885.6914
10/17/2014,3025.42554,3818.73657,5037.91357,8660.51172,12966.0566,11329.7969,20690.1895
10/18/2014,3003.91431,3757.31812,4750.65967,8171.90527,12231.2764,10597.2383,18787.8965
10/19/2014,2969.17749,3694.03223,4506.79688,7775.45996,11550.2236,9858.60156,16985.748
10/20/2014,2930.71167,3638.39795,4316.91699,7504.98193,10868.3174,9297.12988,15519.7402
10/21/2014,2888.05566,3580.1792,4182.63721,7298.56299,10235.1953,9014.33496,14487.915
10/22/2014,2859.0144,3519.91333,4093.63232,7040.2666,9693.15918,8810.77344,13771.9746
10/23/2014,2930.64185,3525.57666,4107.18604,6729.99951,9285.63086,8511.43457,13192.9014
10/24/2014,3031.81274,3606.83691,4238.87891,6416.55322,8944.19824,8051.85059,12608.9326
10/25/2014,3114.41113,3680.38159,4300.81201,6141.4502,8581.09668,7888.15088,12009.3096
10/26/2014,3225.38135,3741.37183,4282.4375,5932.23926,8225.11816,8067.5957,11542.5293
10/27/2014,3282.50464,3781.25171,4163.09668,5787.94092,8017.17139,8384.83496,11288.0049
10/28/2014,3235.49902,3863.36377,3954.46777,5759.62158,7984.10547,8608.61914,11148.2471
10/29/2014,3180.08618,3992.48218,3838.97046,5864.14111,8049.27734,9073.2666,11078.083
10/30/2014,3155.06885,4108.66943,3807.57153,6027.61523,8273.68457,9453.96191,11157.458
10/31/2014,3105.54785,4165.44287,3833.18848,6187.31201,8635.68848,9742.96094,11310.6709
11/1/2014,3047.54883,4076.70752,3887.56494,6174.67725,8956.53125,9465.81348,11395.623
11/2/2014,2972.72778,3917.8147,3924.42065,5965.13281,9103.06152,9149.04883,11483.6104
11/3/2014,2897.71729,3806.78394,3945.20996,5662.43945,9011.18555,8332.49902,11737.7412
11/4/2014,2898.0249,3759.78857,3997.60962,5371.58203,8671.11133,7738.93408,12093.2285
11/5/2014,2949.64966,3754.35303,4115.0293,5219.88965,8186.55127,7132.98047,12285.7793
11/6/2014,3032.6001,3767.5686,4273.18945,5170.45459,7691.67139,6876.58447,12112.9795
11/7/2014,3132.95728,3813.80957,4382.50391,5167.86914,7306.06396,6895.83691,11584.7842
11/8/2014,3258.08032,4002.9585,4436.70703,5199.33252,7114.89062,6987.93359,10868.8408
11/9/2014,3378.69385,4305.77588,4522.7334,5262.84912,7033.69775,6836.37305,10101.916
11/10/2014,3352.06909,4552.35596,4538.21924,5371.01904,6961.73975,6819.22754,9407.79297
11/11/2014,3217.94189,4717.97412,4382.00537,5557.07227,6905.55762,6768.68555,8878.1377
11/12/2014,3141.27612,4816.87598,4200.36572,5783.21924,6867.70801,6834.91455,8533.18945
11/13/2014,3157.37329,4878.53223,4111.52344,5990.38135,6872.5415,7220.85596,8317.47168
11/14/2014,3156.18604,4837.04102,4129.37158,6117.32764,7003.66699,7579.52734,8161.28076
11/15/2014,3103.57788,4640.1377,4244.67676,6102.10205,7232.31543,7911.21289,8042.8833
11/16/2014,3028.40601,4439.1748,4410.56055,6029.43359,7476.24707,8020.26221,7969.65869
11/17/2014,2956.81763,4318.81299,4574.55859,5878.62891,7657.62744,7867.73633,7987.27002
11/18/2014,2917.57178,4236.4585,4709.27686,5609.03223,7734.03369,7801.17236,8131.68848
11/19/2014,2886.38428,4116.26807,4800.74658,5351.07861,7685.68066,7040.90869,8364.57422
11/20/2014,2844.96191,3968.0437,4825.979,5203.45264,7376.81445,6372.1543,8610.01562
11/21/2014,2808.6272,3830.57886,4773.57666,5184.66797,6892.60742,5983.47266,8786.27734
11/22/2014,2773.21313,3718.35425,4666.97314,5269.50977,6479.27783,5946.96191,8852.41211
11/23/2014,2720.6106,3630.54639,4546.13086,5402.40088,6219.21191,6003.61328,8755.18262
11/24/2014,2649.04712,3546.0249,4432.53174,5529.52197,6123.79053,6197.01172,8428.74219
11/25/2014,2578.71021,3464.13892,4320.76953,5625.46436,6148.2251,6361.99463,7961.78125
11/26/2014,2514.4397,3391.66895,4201.43457,5678.875,6223.60791,6512.61963,7531.50098
11/27/2014,2452.9248,3314.6853,4076.44849,5682.98096,6295.54297,6541.96973,7245.59912
11/28/2014,2405.6416,3221.0835,3954.52368,5624.70898,6335.72266,6535.56445,7128.44141
11/29/2014,2352.17114,3119.70166,3842.39014,5516.87793,6346.94141,6452.25146,7141.85449
11/30/2014,2238.17432,3026.0293,3740.47461,5389.73975,6315.48975,6261.35986,7219.52441
12/1/2014,2093.40039,2936.31958,3647.54102,5259.7749,6235.37354,6009.58105,7320.521
12/2/2014,1965.07581,2855.59302,3562.02441,5148.18896,6131.63965,5848.45117,7436.17627
12/3/2014,1850.28955,2786.30493,3479.17334,5046.98486,6031.22607,5786.98779,7660.84229
12/4/2014,1761.96021,2682.65576,3392.60547,4941.63428,5947.33496,5841.68506,8057.13037
12/5/2014,1711.00867,2528.51953,3300.34082,4844.01318,5916.66162,6017.6084,8309.78125
12/6/2014,1724.31262,2367.72461,3205.96118,4744.20264,5959.68213,6401.48193,8159.83008
12/7/2014,1765.47192,2221.00659,3113.20386,4627.6543,6095.96338,6548.70996,7878.81738
12/8/2014,1739.28625,2094.42456,3025.18823,4501.65527,6184.91553,5979.5249,7679.09277
12/9/2014,1645.92847,1997.22388,2940.67651,4359.91699,6032.25537,5351.78906,7570.05762
12/10/2014,1525.21265,1951.98621,2848.19434,4193.22998,5735.79541,5036.39062,7621.05664
12/11/2014,1402.75,1963.17432,2735.6189,4034.30713,5431.38184,4735.91748,7755.19531
12/12/2014,1303.7655,1957.21948,2604.23169,3902.03052,5147.94482,4557.27246,7758.27246
12/13/2014,1233.07446,1881.2467,2465.05371,3782.57227,4890.64795,4356.02197,7500.24219
12/14/2014,1185.33838,1757.39514,2330.22314,3667.37939,4675.72021,4219.15967,7061.88574
12/15/2014,1151.44031,1617.85742,2212.33203,3548.91968,4498.68262,4089.45215,6592.29395
12/16/2014,1124.17615,1489.97681,2124.36548,3424.46606,4342.74756,4035.02661,6181.76123
12/17/2014,1096.54578,1389.74573,2070.52368,3290.40649,4197.64648,3912.67139,5852.60059
12/18/2014,1069.55933,1317.2605,2033.83533,3142.9248,4047.85596,3788.08057,5582.729
12/19/2014,1045.23596,1264.93152,1985.79944,2988.95605,3894.18262,3627.1062,5383.71191
12/20/2014,1019.57397,1224.64148,1909.72388,2838.9856,3741.90552,3499.27808,5280.98389
12/21/2014,989.886597,1188.49121,1807.53979,2702.42847,3586.83203,3309.57129,5244.62451
12/22/2014,954.402222,1153.09766,1692.83899,2572.86597,3425.68042,3141.15649,5177.85938
12/23/2014,913.477783,1120.50757,1581.89612,2452.44141,3263.96631,2972.4585,5029.45361
12/24/2014,869.243835,1089.50854,1486.07178,2361.89673,3113.31519,2805.65137,4863.99219
12/25/2014,824.700562,1056.73022,1409.0741,2295.67554,2968.89697,2598.02808,4723.0293
12/26/2014,782.509644,1019.82489,1348.09753,2227.46411,2830.17188,2467.51611,4596.33887
12/27/2014,743.281921,978.05304,1297.73975,2141.85083,2710.80054,2328.07007,4468.15332
12/28/2014,707.129883,932.188293,1253.45227,2037.62183,2596.95215,2258.91895,4316.80176
12/29/2014,674.775513,884.198608,1212.8175,1925.72192,2479.10571,2239.91016,4137.94629
12/30/2014,645.531494,837.198486,1174.86169,1819.26965,2371.15967,2232.69067,3947.10522
12/31/2014,618.255127,793.491272,1138.26465,1715.81824,2274.61719,2168.97388,3768.15552
1/1/2015,595.138,753.394226,1101.31165,1623.02185,2193.28979,2141.04517,3614.44922
1/2/2015,579.813538,717.262329,1062.44495,1556.36633,2108.35107,1937.72791,3489.9082
1/3/2015,559.69397,685.067871,1020.81598,1542.703,1991.48169,1808.09485,3393.67163
1/4/2015,531.084167,655.463867,976.665894,1591.44763,1870.77112,1689.22461,3316.8374
1/5/2015,496.650665,628.164124,931.277649,1639.17078,1786.07312,1623.05591,3241.53589
1/6/2015,460.311462,608.05719,886.365601,1643.46338,1785.61011,1603.75903,3141.80835
1/7/2015,438.029755,589.969482,843.329773,1590.38843,1849.45105,1663.06934,3000.15747
1/8/2015,428.552826,564.962463,803.083374,1493.58691,1898.52588,1721.03772,2831.56567
1/9/2015,448.029419,536.2771,766.414124,1412.00012,1892.89453,1745.98853,2659.51318
1/10/2015,551.455811,579.904724,742.384705,1371.54749,1809.82507,1737.4093,2517.39062
1/11/2015,1147.54309,769.401001,766.069641,1348.79858,1687.16394,1671.61377,2440.52124
1/12/2015,1864.99622,945.707703,825.318054,1317.13147,1593.65637,1626.62219,2431.41943
1/13/2015,1898.40869,1187.71411,837.098328,1300.05835,1553.86743,1600.03296,2449.07544
1/14/2015,1727.25647,1425.48608,795.495728,1329.19141,1527.54346,1483.16309,2457.58423
1/15/2015,1597.30627,1833.96643,743.847107,1345.91492,1492.65979,1532.34753,2445.03394
1/16/2015,1511.34839,2671.93091,728.272827,1288.3783,1486.40479,1652.89099,2397.2312
1/17/2015,1707.31494,3007.83545,782.378723,1229.9635,1516.14502,1633.92212,2327.12036
1/18/2015,1932.12146,2725.65649,888.470093,1230.18933,1503.474,1370.7699,2247.38159
1/19/2015,2116.823,2433.83521,1037.40662,1242.04407,1419.79309,1333.41333,2169.61597
1/20/2015,2332.4209,2183.27612,1232.93018,1213.82349,1358.95972,1418.21167,2130.26416
1/21/2015,2541.94312,2179.00146,1530.72009,1145.46667,1350.91907,1413.90967,2120.75342
1/22/2015,2775.1145,2407.99878,1953.7782,1070.60547,1346.11023,1287.18445,2073.77515
1/23/2015,2986.88599,2586.71558,2344.27319,1039.06311,1304.86426,1159.29822,1971.5719
1/24/2015,3065.40576,2719.18384,2533.21948,1079.35596,1230.25195,1076.24365,1877.56445
1/25/2015,2997.26294,2870.15381,2523.10132,1175.30518,1158.49011,1139.43286,1819.75928
1/26/2015,2865.11084,3033.24683,2413.13794,1316.76111,1139.70227,1292.0011,1763.57239
1/27/2015,2701.45337,3218.87476,2325.27856,1506.55591,1190.25269,1446.52966,1683.81848
1/28/2015,2490.42773,3347.05298,2338.66895,1784.39734,1293.22302,1630.01416,1588.11292
1/29/2015,2304.5542,3339.53027,2435.25854,2169.75732,1442.93726,1870.8125,1507.93799
1/30/2015,2189.07324,3226.72974,2568.01343,2533.2666,1649.42322,2297.98291,1479.12842
1/31/2015,2099.66895,3079.19312,2714.38989,2716.19141,1954.99841,2885.74536,1509.60535
2/1/2015,2014.16809,2889.30566,2864.47046,2708.37744,2345.8208,3171.09839,1584.85815
2/2/2015,1907.92078,2684.94263,3012.88672,2616.27051,2679.42676,3018.35229,1702.52161
2/3/2015,1778.63269,2537.53491,3142.76001,2542.11938,2830.13794,2738.59692,1888.93909
2/4/2015,1657.16064,2442.2793,3221.72314,2575.58179,2813.61914,2534.62354,2185.81421
2/5/2015,1544.01404,2364.7627,3230.53809,2743.57251,2734.71143,2532.6687,2552.08789
2/6/2015,1402.49731,2278.27344,3173.48169,2933.70264,2690.20215,2676.14062,2851.12451
2/7/2015,1254.70984,2164.02686,3062.42773,3061.38281,2764.4231,2796.06519,2981.54932
2/8/2015,1157.60291,2036.22864,2917.61719,3154.94653,2942.74121,2922.31567,2954.54688
2/9/2015,1108.18384,1915.87268,2769.97632,3267.99048,3102.66064,3050.81348,2861.91162
2/10/2015,1082.33691,1780.01306,2641.56592,3405.77515,3196.71606,3153.19189,2798.81738
2/11/2015,1067.63672,1616.96082,2534.41479,3522.91699,3274.7207,3287.81982,2804.77051
2/12/2015,1049.87427,1473.04761,2437.36841,3574.56055,3385.82788,3487.52197,2863.75049
2/13/2015,1026.5752,1379.71924,2337.15625,3541.12305,3516.76904,3675.48682,2953.1814
2/14/2015,998.237488,1322.92554,2230.80029,3430.48218,3617.03369,3770.32446,3053.09766
2/15/2015,968.726685,1285.1416,2120.15552,3269.15894,3646.09375,3734.88452,3150.45044
2/16/2015,949.782654,1253.22009,1992.85815,3103.03101,3591.59912,3585.08325,3253.78906
2/17/2015,954.01532,1216.34119,1850.71887,2994.80713,3466.43872,3382.84375,3371.16138
2/18/2015,986.201233,1172.3894,1716.75024,2955.26611,3301.43652,3203.5752,3485.05176
2/19/2015,1038.76965,1124.71375,1599.14087,2952.34546,3149.54053,3189.771,3560.01855
2/20/2015,1106.10339,1081.41956,1507.55518,2967.01172,3071.55957,3238.5874,3567.57544
2/21/2015,1176.75659,1057.14075,1440.32593,2943.25439,3063.06055,3333.45264,3506.60864
2/22/2015,1225.9436,1062.92395,1388.55237,2899.85815,3113.93188,3474.67822,3408.55835
2/23/2015,1238.87048,1096.31812,1351.06445,2927.0332,3194.84351,3482.22852,3325.81104
2/24/2015,1214.33521,1149.99719,1326.2063,2904.15601,3260.01538,3606.95142,3297.98315
2/25/2015,1162.26428,1214.88513,1281.97583,2752.12378,3376.31372,4066.04272,3332.64893
2/26/2015,1096.61243,1270.34814,1214.19849,2593.28638,3565.59033,3964.15454,3418.66064
2/27/2015,1028.2605,1296.94629,1158.91565,2459.00879,3612.88013,3387.22852,3519.18042
2/28/2015,963.222351,1287.26331,1124.63574,2288.39868,3439.25952,3086.20581,3609.22534
3/1/2015,903.482849,1245.16907,1118.21423,2119.33423,3237.20337,2904.30005,3735.78271
3/2/2015,848.912842,1182.96851,1137.62939,2009.7041,3035.14209,2453.72876,3892.76562
3/3/2015,798.395142,1113.27539,1175.25476,1906.83716,2793.58765,2227.86743,3919.69238
3/4/2015,754.677124,1044.55566,1220.00159,1819.06934,2583.07251,2109.01929,3765.69287
3/5/2015,751.890137,980.632568,1256.70923,1789.57251,2422.45093,1987.65491,3536.97559
3/6/2015,866.956787,922.27301,1273.70764,1783.06433,2269.76489,1858.42175,3272.66162
3/7/2015,1031.60559,868.521729,1266.08496,1784.82275,2163.13452,1765.45996,2986.18018
3/8/2015,1075.86755,819.096008,1236.57886,1814.68994,2130.06372,1785.70776,2734.4082
3/9/2015,1005.43079,784.534607,1192.43652,1862.64294,2115.84326,1849.17554,2537.67432
3/10/2015,886.491882,831.448792,1141.84082,1913.11487,2108.69312,1901.224,2369.33276
3/11/2015,759.415222,980.521606,1090.32275,1960.38806,2114.69897,1927.11853,2220.58691
3/12/2015,665.584656,1097.94653,1047.42664,1990.77698,2119.80615,1955.01758,2102.55786
3/13/2015,608.4245,1094.42847,1005.74841,2019.18408,2122.85864,2004.41602,2032.79016
3/14/2015,577.80603,1000.86078,961.226379,2100.72437,2129.03955,2028.15271,2010.36084
3/15/2015,562.453186,871.326904,916.566101,2176.28027,2132.73145,2104.58569,2014.80139
3/16/2015,557.683228,754.994873,895.156677,2154.88843,2160.70996,2373.75342,2028.28271
3/17/2015,562.999207,673.729187,927.7099,2109.92432,2245.61401,2526.15283,2046.49963
3/18/2015,592.889343,626.492432,989.196777,2013.69824,2297.62915,2375.71411,2071.21558
3/19/2015,657.729187,601.274841,1033.1748,1854.52429,2278.91968,2489.54395,2105.78345
3/20/2015,746.479309,589.959106,1028.33826,1697.7384,2254.95264,2348.01489,2179.03906
3/21/2015,838.628174,588.700439,974.708374,1545.54236,2193.82568,2236.57935,2304.34961
3/22/2015,909.652466,605.859558,900.686768,1428.0835,2105.80859,2114.2793,2416.82495
3/23/2015,942.972473,654.308777,850.85791,1363.33704,2012.21936,1966.47192,2477.36475
3/24/2015,947.640442,732.720947,811.427795,1370.09802,1896.4856,1777.84631,2504.96509
3/25/2015,953.911621,831.959351,789.207214,1407.46216,1781.76453,1651.51111,2480.66479
3/26/2015,964.932434,938.241333,770.9823,1448.32605,1717.96667,1658.08984,2408.37573
3/27/2015,1014.84485,1042.64282,745.790894,1501.81128,1734.70911,1664.79065,2310.98193
3/28/2015,1116.58459,1164.31067,745.186768,1514.68372,1777.30652,1706.71118,2187.15771
3/29/2015,1146.27527,1272.4115,762.382385,1469.77856,1809.73755,1875.9469,2050.36328
3/30/2015,1103.73328,1313.1853,805.347717,1432.80212,1826.16003,1916.99561,1933.71948
3/31/2015,1045.63611,1329.06628,851.036011,1414.45703,1793.58044,1847.1637,1862.68774
4/1/2015,992.689819,1415.31226,907.854431,1415.39917,1741.54468,1938.58875,1838.51904
4/2/2015,990.285706,1533.98572,988.164795,1424.25964,1747.37866,2045.34595,1877.01526
4/3/2015,1015.74603,1554.53223,1074.74231,1408.95422,1820.26453,2160.01489,1964.27698
4/4/2015,1006.81091,1489.20483,1159.63623,1408.87939,1900.17346,1961.53345,2031.74609
4/5/2015,1016.84631,1397.95276,1229.18689,1475.86987,1922.34521,1904.58191,2071.94531
4/6/2015,1210.57471,1308.7334,1284.64319,1571.04895,1920.29309,1921.93042,2124.63696
4/7/2015,1577.07849,1268.89514,1345.94739,1636.51709,1984.40723,1970.51025,2188.39355
4/8/2015,1957.93054,1253.81726,1429.66541,1705.27954,2127.34741,2059.28345,2233.85156
4/9/2015,2188.65283,1235.19275,1511.84888,1828.00366,2266.70483,2072.30005,2238.90967
4/10/2015,2195.5979,1324.74841,1547.11584,2017.63098,2346.52319,2130.08667,2219.53735
4/11/2015,1968.63623,1652.51843,1548.00525,2233.65405,2402.11157,2289.57104,2197.28149
4/12/2015,1712.10669,2217.49951,1559.49146,2393.36157,2474.53687,2504.33203,2186.68286
4/13/2015,1608.91809,2724.59863,1543.16443,2506.59741,2593.97876,2767.68677,2201.15332
4/14/2015,1514.66174,3034.1582,1485.08044,2673.97021,2737.49927,2875.65552,2242.89746
4/15/2015,1409.76843,3117.5188,1431.1189,2936.03296,2848.60938,3067.19409,2322.9458
4/16/2015,1297.69666,2908.8855,1442.59143,3193.41797,2966.34912,3478.86646,2431.34399
4/17/2015,1199.30554,2654.09229,1581.15991,3341.47949,3174.36182,3991.63257,2557.89868
4/18/2015,1182.19934,2501.32227,1853.84961,3361.72949,3458.1875,4174.87549,2700.85132
4/19/2015,1197.07581,2370.23047,2211.78418,3254.53296,3698.4353,4097.72852,2848.34302
4/20/2015,1230.05493,2220.94019,2551.90967,3059.90625,3805.98657,3854.521,3037.76709
4/21/2015,1279.41992,2074.31274,2782.19141,2835.93506,3759.49756,3591.38184,3317.50195
4/22/2015,1346.99133,1976.53064,2852.2373,2667.03467,3592.72852,3357.16772,3651.67139
4/23/2015,1444.91687,1966.4657,2801.1897,2614.74121,3401.96704,3325.97998,3936.89453
4/24/2015,1552.1228,1970.41833,2757.02637,2687.02344,3297.61206,3689.22632,4101.60986
4/25/2015,1607.20911,1929.41833,2691.19824,2892.79639,3358.82983,3784.40234,4152.51367
4/26/2015,1600.41248,1891.03125,2627.3772,3210.30664,3443.81958,3603.94629,4123.15918
4/27/2015,1718.90674,1917.57361,2526.3606,3580.01538,3542.03613,3820.56396,4022.08496
4/28/2015,2015.35107,2164.17676,2371.45337,3882.06763,3771.04736,4163.79736,3919.78027
4/29/2015,2319.573,2661.37476,2275.9458,4061.13208,4093.40308,4680.58105,3913.09229
4/30/2015,2479.5647,3034.92944,2220.20044,4165.50879,4469.79199,5167.40771,3943.93262
5/1/2015,2321.87671,3181.88867,2207.65576,4299.49316,4815.6167,5681.96094,3978.79932
5/2/2015,2067.68481,3368.79688,2186.13599,4444.12402,5095.3374,6122.95068,4095.58984
5/3/2015,1975.90222,3581.73706,2168.39355,4387.71387,5380.67529,6776.65918,4332.79102
5/4/2015,1974.50684,3722.51099,2235.34473,4138.08496,5711.0918,6901.89697,4694.00781
5/5/2015,1998.88269,3720.79419,2430.146,3852.30078,5941.36133,6414.92578,5125.93945
5/6/2015,2106.88135,3511.71313,2715.80786,3693.12769,5914.59033,5943.97363,5551.35693
5/7/2015,2343.40112,3291.33276,2984.63965,3774.22485,5730.17285,5658.82031,5999.3667
5/8/2015,2661.68408,3180.18115,3204.92163,3899.74194,5629.03418,5974.92627,6499.52148
5/9/2015,2879.85498,3088.62695,3396.92383,3990.11963,5785.57227,6502.82568,6904.06348
5/10/2015,2908.59229,3051.37744,3575.81714,4082.24854,6040.64014,6221.52051,7060.91113
5/11/2015,2826.29883,3166.93945,3682.14966,4275.15918,6188.5415,6151.80322,7027.60303
5/12/2015,2474.69775,3475.62866,3651.59863,4599.18604,6242.1875,6098.84766,6954.36475
5/13/2015,2006.0177,3834.33569,3560.18628,4882.72363,6340.4082,6692.69043,6945.99072
5/14/2015,1689.93018,4027.82324,3467.82788,5055.98877,6548.12988,6991.8501,6961.77197
5/15/2015,1506.87219,4071.09619,3361.61572,5195.74463,6810.66064,7377.14307,6913.05273
5/16/2015,1420.98303,3846.34595,3276.41895,5357.91553,7038.57422,7304.38281,6902.79883
5/17/2015,1376.81116,3369.62207,3284.82812,5498.37598,7130.39014,7465.59375,7030.37549
5/18/2015,1363.66455,2933.02222,3459.40381,5629.69727,7166.24023,7547.08203,7220.46338
5/19/2015,1405.31238,2629.22021,3706.01392,5763.04834,7227.78809,7795.03125,7414.8667
5/20/2015,1566.2959,2469.16675,3898.14038,5937.5,7370.9668,8093.83789,7645.45215
5/21/2015,1769.42639,2399.48315,4012.95581,6142.83252,7601.34131,8338.50781,7898.70801
5/22/2015,1918.15613,2398.87036,3974.42578,6301.93457,7832.1665,8679.30664,8164.02979
5/23/2015,2051.89062,2458.06177,3770.76611,6359.16064,8126.39795,8947.7998,8426.90918
5/24/2015,2160.40698,2565.79688,3467.12769,6259.97266,8312.12305,8413.48926,8684.27539
5/25/2015,2239.99634,2752.37793,3151.27856,6127.76416,8266.6084,8106.5835,8971.17285
5/26/2015,2242.32202,2939.1189,2889.80347,6031.64697,8103.62354,7309.76611,9232.7666
5/27/2015,2188.19775,3101.63013,2722.6814,5937.61328,7821.81445,6999.50293,9441.27441
5/28/2015,2143.23608,3253.54492,2721.03491,5879.28711,7560.06885,6678.38477,9508.5293
5/29/2015,2081.33667,3357.29004,2767.77393,5777.69727,7344.14697,6580.67041,9327.75488
5/30/2015,2023.90173,3344.23853,2812.59448,5571.03906,7164.59424,6708.80322,8948.2998
5/31/2015,1979.15466,3212.94531,2918.31885,5340.625,7032.43213,6755.05273,8449.52148
6/1/2015,1928.36279,3094.20239,3024.53418,5181.83838,6832.6748,6435.07812,7951.95605
6/2/2015,1842.7063,3032.27466,3126.01538,5141.78271,6541.53516,6456.84521,7551.43945
6/3/2015,1733.41492,3004.20142,3256.14648,5165.49805,6273.22754,6420.69092,7318.19141
6/4/2015,1676.98816,2993.55371,3415.46777,5088.16455,6131.68408,6564.08545,7299.53467
6/5/2015,1702.51672,2949.65942,3519.27905,4954.16016,6116.3374,6487.8877,7413.45166
6/6/2015,1900.93445,2847.92236,3519.28101,4899.98535,6105.98828,6126.59863,7471.32715
6/7/2015,2285.84839,2701.77441,3438.16602,4880.08789,5998.77295,5838.06982,7360.65527
6/8/2015,2679.58447,2580.3999,3347.52661,4894.49561,5904.90186,6038.83936,7195.97266
6/9/2015,2858.14038,2627.2373,3336.07178,4984.29541,5931.78564,6135.79541,7108.67773
6/10/2015,2773.18457,2970.14966,3363.62793,5132.65674,6049.68994,6283.13135,7066.99854
6/11/2015,2488.81055,3529.86646,3432.90845,5334.52051,6216.51465,6354.66113,6987.37695
6/12/2015,2215.93628,4100.06934,3501.26758,5457.8418,6387.05713,6651.36377,6867.09473
6/13/2015,2105.62842,4426.91748,3413.89941,5502.43457,6579.30078,6949.31689,6779.99561
6/14/2015,2020.13306,4441.50098,3243.4585,5557.54932,6791.62549,7032.03662,6788.33105
6/15/2015,1927.83228,4264.07373,3199.17017,5566.84912,6943.56006,7267.7583,6948.4585
6/16/2015,1867.63721,4035.25952,3376.12354,5585.87061,7068.49316,7682.75342,7296.29053
6/17/2015,1809.8833,3935.55615,3766.18433,5628.16504,7218.7251,7713.80859,7733.70947
6/18/2015,1764.14001,3889.03735,4145.8916,5692.78906,7354.91602,7942.94141,8128.63867
6/19/2015,1759.72217,3778.49902,4365.68604,5702.91992,7477.20508,8014.46582,8474.1748
6/20/2015,1716.98267,3673.48267,4471.04736,5489.59863,7599.06641,8447.03027,8890.08105
6/21/2015,1620.43933,3602.58301,4446.66455,5174.78906,7700.79834,8203.66504,9424.68359
6/22/2015,1529.08374,3522.49609,4338.20703,5004.72559,7682.95068,7884.08887,9956.01562
6/23/2015,1480.94043,3445.07056,4219.64111,5209.81494,7504.29736,7723.271,10718.2744
6/24/2015,1481.82471,3363.57275,4134.34766,5859.51953,7378.7002,8193.72754,12027.2012
6/25/2015,1522.30786,3255.77563,4073.98755,6648.41699,7470.36865,9529.30859,13390.8643
6/26/2015,1591.66199,3219.87744,4007.89648,7605.63818,8153.16016,11621.252,14080.8154
6/27/2015,1624.86047,3301.69238,3928.3623,8187.5918,9260.14746,11643.1074,14154.9922
6/28/2015,1618.99377,3251.72192,3832.69043,7832.77344,10222.4473,12254.2441,14038.374
6/29/2015,1619.33374,3096.29639,3725.40332,7195.49268,10994.6543,11335.0039,14029.291
6/30/2015,1606.60913,3025.68188,3616.38403,6653.40039,11021.291,9341.19043,14325.2197
7/1/2015,1568.00171,2965.5752,3506.12939,6250.48438,10229.3008,8663.4668,14704.3613
7/2/2015,1515.69482,2884.07153,3425.2583,5972.82129,9318.86523,8359.7002,14844.167
7/3/2015,1460.5968,2807.15479,3382.85376,5730.63965,8573.11328,7923.03125,14653.1406
7/4/2015,1407.17236,2755.68994,3340.55347,5494.15918,7964.8999,7425.38721,13916.9395
7/5/2015,1358.78699,2705.28296,3271.99316,5286.09277,7454.08936,6829.32324,12699.7314
7/6/2015,1334.23059,2656.93677,3193.26636,5124.18799,7019.36035,6450.01416,11527.6191
7/7/2015,1473.8269,2659.67236,3118.99121,5111.99854,6649.49072,6266.36768,10638.6162
7/8/2015,1779.54041,2754.42065,3054.396,5439.12305,6410.14307,6349.54395,9997.4043
7/9/2015,1964.59717,2879.30664,3109.21533,5812.71631,6346.20361,7120.31299,9626.95117
7/10/2015,1963.3031,2963.01587,3367.0564,5964.53613,6620.49023,8170.59961,9442.55566
7/11/2015,1840.64038,3052.15308,3417.33618,5884.95459,7091.55029,8122.40088,9388.25586
7/12/2015,1733.20056,3251.29688,3226.17236,5607.08594,7403.45068,8402.27344,9574.27051
7/13/2015,1779.58032,3499.82739,3096.70044,5447.08643,7559.92725,8356.89062,9897.59375
7/14/2015,1879.83374,3674.75146,3053.80005,5460.85547,7698.44043,8382.81348,10158.1602
7/15/2015,1915.63464,3709.30493,3128.09888,5435.33203,7888.021,8898.50879,10357.1182
7/16/2015,1885.2262,3606.39111,3293.39966,5432.62842,8169.8208,9194.76465,10541.2432
7/17/2015,1887.54553,3602.62109,3438.28174,5669.43799,8414.78027,8818.21875,10867.0596
7/18/2015,1996.26196,3737.96948,3588.21899,6221.42627,8421.51074,8648.7168,11328.9863
7/19/2015,2171.78296,3865.26611,3744.30786,7833,8420.5459,9380.12402,11700.4639
7/20/2015,2326.28149,3944.69922,3859.45703,10425.0273,8746.18457,10687.8135,11921.8262
7/21/2015,2455.677,4075.22852,4062.99585,12158.5391,9787.56445,15766.0645,12059.5439
7/22/2015,2743.50708,4349.70215,4449.90332,12631.6631,12387.4971,20350.4199,12199.3516
7/23/2015,3089.95654,4695.25781,4743.64502,12763.6641,15409.0771,19408.0215,12362.8486
7/24/2015,3296.33789,5038.52881,4915.47803,12824.6689,16983.5176,17841.0664,12652.5781
7/25/2015,3403.9751,5412.26611,4943.50928,12981.4912,17363.5938,17634.4023,13620.7686
7/26/2015,3583.44141,6059.77686,4906.92236,13002.1895,17321.9316,17679.8477,15784.0205
7/27/2015,4051.9502,6907.70996,4941.42773,13122.8145,17245.9766,18071.6484,18215.0645
7/28/2015,4580.8877,7647.97168,4992.40771,14324.084,17300.8789,17935.7637,19554.3809
7/29/2015,4883.61328,8080.56934,5124.85254,16137.083,17417.1191,19307.6016,19915.3867
7/30/2015,4955.74707,8215.41211,5281.63086,17368.3008,18259.9023,23169.4902,20009.5137
7/31/2015,4894.63184,8392.55859,5586.65527,17803.584,20236.2949,26276.584,20218.125
8/1/2015,5010.4165,8780.08691,6056.93457,17824.5,22538.1855,26951.5703,20662.0645
8/2/2015,5368.35889,9247.25488,6669.72461,17619.8301,24116.5332,26044.1309,21314.5527
8/3/2015,5757.22363,9921.64941,7425.34863,17624.3457,24748.0215,25580.2148,22482.8516
8/4/2015,6589.60547,10782.123,8147.14258,17931.5449,24853.627,25292.7695,24382.0762
8/5/2015,7640.48486,11437.4551,8775.75977,18625.0664,24791.7871,25575.8633,26432.5098
8/6/2015,7644.04736,11876.0791,9144.81543,19186.0957,24787.7656,25235.1367,27828.668
8/7/2015,6771.77197,12226.9736,9383.6377,18962.2363,24963.2246,26788.4883,28422.5703
8/8/2015,5987.13428,12736.4775,9722.29297,18604.0273,25489.0898,26427.627,28469.8262
8/9/2015,5563.36914,13718.6924,10141.5156,18248.2441,25752.2109,25346.6719,28215.4355
8/10/2015,5461.39209,14310.0186,10671.1562,17892.7754,25549.834,25508.6309,27952.0645
8/11/2015,5420.7627,13643.2861,11156.1475,17420.1094,25409.6484,25600.4258,27961.834
8/12/2015,5334.20557,12333.1562,11634.1123,16637.2559,25295.8262,25428.7949,28297.748
8/13/2015,5282.67578,11250.5254,12173.5693,15636.7539,25050.7656,24169.8047,28474.7305
8/14/2015,5284.18164,10631.0371,12806.5889,14792.5215,24437.0859,22473.625,28397.3359
8/15/2015,5167.83154,10225.6162,13607.8291,14443.5996,23344.3848,20881.6699,28530.0703
8/16/2015,4953.0083,9863.1875,14176.4365,14492.0811,22131.2969,20303.0059,28689.0293
8/17/2015,4837.26514,9566.31152,14163.1533,14886.7998,21185.9785,20315.9062,28310.0059
8/18/2015,4768.46094,9384.78516,13668.1758,15423.0049,20638.1973,20379.4648,27290.7207
8/19/2015,4651.32617,9238.21973,12898.5762,15970.1191,20385.8848,20572.1973,25951.1367
8/20/2015,4473.35059,9024.8291,12124.7637,16469.0742,20403.7617,20611.0137,24623.7637
8/21/2015,4348.9458,8908.89453,11492.7793,16913.4746,20532.9473,20922.6328,23604.5742
8/22/2015,4472.18213,8867.91797,11064.7275,17439.9336,20676.6836,20973.6094,23006.1973
8/23/2015,4717.854,8661.75488,10705.6475,17838.6973,20782.2441,21108.5391,22709.5254
8/24/2015,4751.39502,8349.69727,10347.4453,17839.8926,20926.3223,21857.5195,22661.373
8/25/2015,4497.83691,7983.29395,10017.6523,17417.2949,21201.7012,22058.291,22783.2793
8/26/2015,4187.21875,7778.22656,9738.63574,16849.8047,21340.9707,21564.5977,22955.9551
8/27/2015,3999.34497,7876.77979,9552.01758,16395.6836,21178.0293,20335.625,23105.6816
8/28/2015,3941.57593,7895.51514,9417.16895,16002.7119,20606.3496,19186.0156,23427.0801
8/29/2015,4002.13599,7622.80273,9265.46875,15958.4639,19902.0801,18928.2207,24061.4199
8/30/2015,4123.01709,7247.58301,9037.27734,16127.1006,19343.2266,18363.0625,24619.9473
8/31/2015,4285.46289,7018.82178,8775.52344,16464.4805,19011.0508,19537.5586,24594.084
9/1/2015,4603.01709,6987.15576,8617.16895,17346.4121,19148.8203,20098.4922,23927.8672
9/2/2015,5030.33496,7138.81396,8695.11621,18549.6484,19632.4824,21439.2598,23076.6035
9/3/2015,5330.70703,7398.17285,8867.25586,19555.0117,20543.2012,24383.8281,22501.0762
9/4/2015,5500.49463,7724.91504,9220.14941,20340.0645,22231.1113,26813.6797,22394.5762
9/5/2015,5502.95605,8219.11914,9361.07617,20068.1035,23911.3789,26563.0254,22633.0801
9/6/2015,5197.94824,8972.49414,9107.34961,19154.0117,25077.584,27140.7031,22999.041
9/7/2015,4804.13379,9754.63672,8738.94629,18679.8789,25473.4004,23274.4199,23766.3984
9/8/2015,4596.45312,10147.584,8356.4082,18151.7695,24563.1348,22369.4453,25168.5996
9/9/2015,4549.72705,10152.2168,8182.48877,17720.0332,23490.541,22438.8906,26637.8457
9/10/2015,4569.15674,9836.09766,8174.02686,17226.4746,22760.3633,21648.6758,27563.6562
9/11/2015,4692.83447,9248.82715,8453.41113,16605.6328,22093.7773,21466.0078,27658.9512
9/12/2015,4975.05713,8680.49121,8980.17676,15808.9775,21612.0527,20652.7285,26934.8516
9/13/2015,5241.12256,8308.45605,9562.81348,14867.7979,21150.1484,20334.1895,26037.2969
9/14/2015,5265.05225,8085.09277,10025.8184,14004.4023,20652.2734,20249.002,25297.9043
9/15/2015,5046.3208,7989.88281,10254.9932,13498.792,20028.2383,19693.2617,24767.0957
9/16/2015,4788.52051,8085.45605,10225.043,13520.1279,19494.8086,19147.6875,24696.0801
9/17/2015,4593.8125,8344.88477,9955.83496,13930.6357,19370.9238,22099.2324,25218.4023
9/18/2015,4372.07324,8501.31152,9563.33984,15079.417,20263.125,24921.0918,26265.6074
9/19/2015,4182.05225,8342.30762,9216.45312,15940.2285,21762.0059,25250.0859,26875.9648
9/20/2015,4164.89941,7977.80566,8975.3916,16075.1162,23015.043,25815.5801,26315.166
9/21/2015,4221.3584,7622.78076,8792.16992,15908.8389,23899.1699,24459.2441,25556.5508
9/22/2015,4199.24658,7336.80371,8706.4834,15326.75,24025.0977,23788.291,25766.9707
9/23/2015,4077.02588,7087.1875,8815.82422,14944.5889,23702.5859,22676.0879,26592.8594
9/24/2015,3849.18726,7004.44824,9089.18457,14897.6699,23023.6953,20969.9941,27354.8223
9/25/2015,3604.20801,7097.73389,9177.29688,14655.9688,21977.5879,20458.3223,27782.8496
9/26/2015,3419.45728,7060.7627,8987.29492,14116.1846,21153.7207,20862.3594,27596.6406
9/27/2015,3278.06348,6777.8623,8672.49219,13836.8965,20673.5234,20110.9453,26886.8438
9/28/2015,3154.34131,6410.74707,8326.56543,14092.043,20215.7402,19528.3164,25771.3516
9/29/2015,3061.24487,6040.69287,8028.3584,14363.2891,19841.0352,19837.5,24517.9863
9/30/2015,2990.70776,5657.18457,7761.4209,14206.9258,19843.0098,20533.8262,23679.1367
10/1/2015,2940.89282,5338.28662,7592.09961,13784.8086,20030.6504,19798.6426,23344.2402
10/2/2015,2950.54321,5136.28613,7500.72803,13189.3262,19818.9062,18265.7129,23166.5605
10/3/2015,2965.54736,4992.90625,7407.69727,12556.2295,19136.9531,17417.0059,23149.0488
10/4/2015,2954.36475,4840.78516,7265.43311,12062.2842,18299.0547,16695.7578,23405.2734
10/5/2015,2926.94165,4683.13818,6973.15332,11661.0029,17422.2734,16153.3447,23546.3281
10/6/2015,2836.59375,4578.99609,6538.95898,11305.2822,16700.0176,15891.7568,23210.0898
10/7/2015,2664.16821,4561.05957,6156.79688,11079.6475,16240.1084,15983.6523,22642.6426
10/8/2015,2543.14697,4566.49316,5926.20654,11147.9395,15998.7158,16095.2031,22230.8164
10/9/2015,2577.27393,4537.31055,5772.76221,11315.998,15990.1631,16790.2168,21795.0586
10/10/2015,2727.24487,4486.39502,5639.21191,11387.5371,16329.3643,18322.416,21054.748
10/11/2015,2975.77441,4463.2251,5493.53662,11299.6221,17029.6328,18917.7559,20216.7969
10/12/2015,3375.08325,4641.87988,5413.9502,11113.9463,17617.1348,18505.4648,19581.4531
10/13/2015,3721.36133,5003.92725,5425.78906,10848.5781,17885.8301,18803.0352,19275.2031
10/14/2015,3790.32324,5313.74219,5414.61768,10857.5127,18083.1621,18768.748,19462.3105
10/15/2015,3683.3313,5606.55566,5272.91309,11198.4883,18060.1094,17735.1445,20073.6973
10/16/2015,3561.32324,5962.45215,5044.53662,11041.083,17771.5977,18019.2227,20666.2656
10/17/2015,3530.37891,6223.33398,4921.83887,10410.7715,17748.8223,18524.8457,21030.0469
10/18/2015,3532.68311,6280.34326,4905.08789,9655.79004,17741.1055,16514.7754,21219.4004
10/19/2015,3529.64624,6107.8125,5006.30029,8909.1748,17088.2266,14843.8545,21117.7461
10/20/2015,3560.84351,5797.09668,5191.95654,8301.78027,15991.5391,13247.9893,20794.2207
10/21/2015,3583.40845,5525.85986,5431.71973,7834.06836,14733.4902,12223.8066,20574.4941
10/22/2015,3534.99048,5318.78271,5715.91064,7419.36182,13520.6494,11357.6436,20257.3105
10/23/2015,3441.43799,5136.646,5972.09082,7053.10498,12499.4443,10666.876,19424.0312
10/24/2015,3367.84741,4994.48193,6130.44287,6845.85596,11626.1289,9784.32812,18182.5781
10/25/2015,3340.00244,4897.6084,6150.54297,6771.1333,10815.6709,9193.26953,16791.6484
10/26/2015,3329.24756,4770.9082,6040.4834,6814.71973,10117.7559,9025.04785,15447.7764
10/27/2015,3290.15259,4594.00977,5856.42627,6945.84033,9616.85352,9005.22363,14274.8262
10/28/2015,3202.95947,4417.46143,5654.48389,7122.19092,9283.83105,9028.51367,13242.5811
10/29/2015,3077.31177,4286.48926,5464.45605,7322.58252,9107.91504,9035.92676,12318.3428
10/30/2015,2934.23926,4204.3916,5302.13867,7484.25879,9047.9209,9081.16504,11561.8994
10/31/2015,2803.7561,4133.58154,5166.54541,7536.03369,9062.2168,9205.8291,11018.9834
11/1/2015,2708.20337,4039.94385,5039.07812,7444.38135,9118.90137,9233.85645,10626.7783
11/2/2015,2630.90796,3901.11865,4896.14502,7232.82324,9154.99609,9073.1582,10337.2148
11/3/2015,2569.34766,3733.58301,4736.14307,6974.72949,9097.87793,8747.88867,10144.4756
11/4/2015,2592.90698,3576.47754,4581.34326,6756.06396,8922.78809,8304.03711,10050.5361
11/5/2015,2718.65747,3477.25366,4450.08936,6585.68652,8656.76758,8102.62646,10054.4941
11/6/2015,2761.146,3440.4668,4344.39893,6394.62549,8406.35156,8169.00537,10144.2129
11/7/2015,2646.39111,3407.78198,4250.72607,6229.39209,8214.83887,7765.60645,10333.3838
11/8/2015,2548.53784,3416.09814,4153.75781,6183.56641,7974.47461,7621.19287,10549.0635
11/9/2015,2545.14038,3550.09985,4055.99731,6275.54541,7806.76123,8386.40527,10789.4082
11/10/2015,2591.64111,3720.50391,3927.37427,6446.01562,7963.8125,9113.77344,11077.3945
11/11/2015,2665.98022,3678.79468,3783.63916,6376.85107,8249.44727,8879.5293,11129.7803
11/12/2015,2802.89917,3491.52051,3673.80054,6036.03809,8422.71191,9014.88965,10877.2041
11/13/2015,2975.802,3362.94385,3597.05615,5723.71045,8457.38574,7972.09033,10696.6729
11/14/2015,3088.12378,3333.30811,3574.18945,5519.81494,8162.78467,6986.45312,10829.3789
11/15/2015,3145.31592,3387.84424,3636.78174,5386.41064,7624.33105,6663.73096,11109.1318
11/16/2015,3145.62158,3496.75415,3715.80713,5285.521,7150.15332,6567.31982,11245.4766
11/17/2015,3078.67676,3675.85132,3727.00952,5185.62061,6808.48047,6385.19141,11005.2559
11/18/2015,2986.73389,3825.21875,3669.64038,5096.19531,6580.84082,6291.81543,10314.8701
11/19/2015,2890.22485,3881.63257,3572.82397,4995.04248,6421.64941,6043.62354,9455.80762
11/20/2015,2788.83472,3881.80933,3496.98877,4893.50098,6274.63818,6015.28564,8751.96484
11/21/2015,2679.13672,3830.75757,3477.88696,4866.37256,6150.00195,5830.06445,8261.30859
11/22/2015,2590.19385,3732.0918,3520.03955,4893.82959,6023.32275,5699.78125,7928.65967
11/23/2015,2533.60669,3607.16089,3623.30444,4918.57373,5897.66602,5716.1748,7694.90186
11/24/2015,2504.27686,3459.94043,3739.27954,4890.09277,5831.40283,5767.87402,7506.75146
11/25/2015,2486.46753,3294.84985,3819.32764,4806.33887,5804.89307,5728.16992,7343.03271
11/26/2015,2457.80103,3140.76221,3862.37817,4691.27783,5765.00293,5633.38086,7183.15283
11/27/2015,2413.04297,3023.42773,3861.87817,4597.65674,5672.4043,5442.90479,7044.37695
11/28/2015,2357.97534,2945.64282,3819.80518,4548.97754,5521.61768,5219.7251,6971.82422
11/29/2015,2305.302,2894.24707,3743.18945,4536.13477,5350.38428,5091.03711,6951.55713
11/30/2015,2226.00562,2847.00635,3638.30103,4579.5332,5213.47559,5022.96484,6939.45068
12/1/2015,2107.81958,2784.94702,3512.14966,4649.70557,5127.1748,4941.46045,6899.04932
12/2/2015,1990.08191,2708.28223,3377.33228,4715.92871,5097.70557,5016.39502,6813.88135
12/3/2015,1877.35486,2630.89697,3250.13086,4743.72852,5126.81836,5080.57568,6685.33643
12/4/2015,1785.10254,2552.69653,3144.6123,4710.6792,5169.65381,5105.28906,6535.00684
12/5/2015,1833.177,2584.02002,3101.49829,4642.2583,5196.3208,5093.89502,6392.14014
12/6/2015,2085.93872,3062.87305,3234.21191,4553.34668,5177.83887,5049.63916,6286.95996
12/7/2015,2384.1355,3781.177,3464.63086,4474.24561,5106.69531,4949.86963,6239.94873
12/8/2015,2403.57153,4082.40649,3613.53101,4449.44043,5013.46973,4855.48145,6230.65967
12/9/2015,2175.68994,4094.70068,3494.59253,4536.46094,4913.82471,4800.17676,6228.04443
12/10/2015,1974.05151,4214.15918,3209.20044,4629.47168,4852.20459,4952.73145,6214.27344
12/11/2015,1845.33984,4381.00635,3075.49683,4661.79785,4879.91895,5214.54053,6161.38379
12/12/2015,1772.86145,4329.13184,3161.62842,4753.24219,5008.68408,5271.63916,6055.91748
12/13/2015,1710.83594,4004.71167,3437.92822,4895.2998,5116.27783,5130.24951,5928.96729
12/14/2015,1654.06384,3632.99243,3742.05786,4990.97217,5174.41357,5348.05078,5833.55566
12/15/2015,1621.92456,3343.1665,3962.52539,4958.72949,5275.06396,5519.13477,5827.26855
12/16/2015,1607.10681,3140.7207,4115.93701,4693.49121,5380.13525,5513.67773,5888.51025
12/17/2015,1592.45435,2973.6416,4225.50684,4308.26465,5410.58105,5263.35205,5920.96484
12/18/2015,1566.0127,2827.90967,4259.39648,4084.27539,5280.57812,4559.03271,5918.28955
12/19/2015,1534.96155,2715.62915,4171.01953,4114.98633,4926.00488,4011.91284,5944.43945
12/20/2015,1485.44299,2620.07056,3982.30518,4338.50049,4526.30078,4139.78564,5989.10107
12/21/2015,1409.20264,2534.70801,3747.12085,4606.8125,4335.43896,4507.21289,5977.4458
12/22/2015,1323.63892,2444.71851,3514.66992,4802.8208,4385.70947,4942.21094,5821.68652
12/23/2015,1242.19507,2344.94336,3310.1958,4937.22119,4597.80127,5165.16846,5504.64014
12/24/2015,1169.10608,2242.1228,3135.25903,5038.66943,4832.64844,5196.1333,5196.65967
12/25/2015,1113.46667,2126.40234,2986.86401,5067.7085,5001.42627,5227.34277,5112.70215
12/26/2015,1079.00964,1997.10449,2860.48022,4978.21045,5132.3418,5289.89551,5244.27344
12/27/2015,1046.16724,1873.44946,2754.09204,4771.45605,5222.08057,5116.54883,5435.47119
12/28/2015,998.078247,1760.54785,2661.46851,4505.74023,5210.46484,4874.57715,5587.41064
12/29/2015,941.330261,1635.88049,2562.07617,4212.58984,5068.58643,4545.51318,5674.27344
12/30/2015,886.312927,1528.00269,2449.14868,3896.92578,4829.15332,4310.00098,5718.27979
12/31/2015,839.879761,1455.76636,2330.53687,3620.60669,4558.17822,4026.87329,5724.33594
1/1/2016,809.464111,1380.13416,2208.15015,3416.35693,4268.02148,3770.51709,5664.31152
1/2/2016,794.207947,1295.60303,2084.8916,3268.92969,3971.65039,3545.68872,5521.55322
1/3/2016,767.815125,1216.43176,1963.71118,3193.56714,3720.2146,3409.45215,5313.17041
1/4/2016,725.794312,1151.88123,1844.48413,3176.05518,3529.94897,3236.0979,5085.06201
1/5/2016,676.372437,1101.63416,1731.47083,3134.30737,3399.05762,3150.90356,4851.14648
1/6/2016,629.891785,1068.63635,1630.75586,3041.15283,3356.08057,3044.55811,4611.56104
1/7/2016,611.75177,1039.73145,1539.94299,2893.96167,3354.49634,2962.88965,4378.48193
1/8/2016,608.534546,1001.86841,1453.26978,2694.83936,3310.1814,2920.87085,4158.52686
1/9/2016,607.822205,955.579102,1370.43567,2511.6748,3212.20776,2852.18091,3954.51074
1/10/2016,599.588684,896.758484,1294.53357,2369.58667,3038.15308,2734.1897,3770.53125
1/11/2016,583.379517,846.314758,1229.22681,2241.83008,2813.61279,2558.9231,3614.25977
1/12/2016,572.519592,816.743835,1175.42236,2129.96875,2613.2854,2375.96729,3489.8894
1/13/2016,563.521057,800.236267,1130.53943,2029.38379,2453.24756,2239.10156,3395.04199
1/14/2016,557.751404,787.128845,1088.96313,1925.32703,2315.70923,2161.448,3310.25537
1/15/2016,558.796997,769.286499,1044.96716,1819.28174,2203.90845,2106.95508,3212.104
1/16/2016,574.149414,756.035522,996.885437,1723.21936,2105.354,2015.32629,3088.58911
1/17/2016,609.081238,748.016479,948.083679,1640.88818,2002.37817,1939.68042,2947.72144
1/18/2016,661.359802,733.475769,906.067932,1561.90332,1929.24939,1981.98376,2817.09814
1/19/2016,719.98468,710.523071,874.942871,1485.39783,1897.16101,1941.21777,2728.73877
1/20/2016,768.495605,693.109497,850.014526,1421.49231,1860.81445,1849.02478,2683.81909
1/21/2016,793.781921,696.783997,828.468506,1363.00049,1820.97791,1851.39062,2641.71216
1/22/2016,790.036255,724.743286,824.761292,1292.91797,1792.19861,1767.48279,2585.89893
1/23/2016,761.163818,770.329346,857.760315,1221.9895,1745.72083,1618.63293,2536.60205
1/24/2016,721.77594,824.863464,864.468506,1201.13318,1662.37805,1481.94299,2478.86548
1/25/2016,690.809692,890.177979,832.936035,1282.68225,1566.73132,1459.1145,2407.51099
1/26/2016,696.969116,966.252563,843.557007,1379.06653,1509.42188,1606.40137,2355.57471
1/27/2016,734.351135,1040.23975,973.420715,1423.4043,1556.87708,1985.07764,2296.91772
1/28/2016,815.720093,1154.69019,1095.94543,1501.85242,1708.44312,2008.77295,2180.77368
1/29/2016,846.509827,1310.02734,1150.15088,1699.45264,1830.85962,1945.65271,2035.03943
1/30/2016,789.400696,1400.4751,1165.20947,1967.90027,1900.17249,2048.54785,1930.40063
1/31/2016,712.233459,1398.93225,1124.99121,2209.7478,2008.14014,2460.18433,1927.37317
2/1/2016,645.994568,1415.69312,1099.70728,2515.74976,2222.41846,2795.82861,2012.60217
2/2/2016,632.565674,1454.54004,1098.28223,2700.4624,2470.9104,2826.93604,2088.07886
2/3/2016,621.385498,1393.1283,1144.4137,2709.12964,2726.10767,3416.49683,2135.93164
2/4/2016,602.593445,1262.74719,1224.46924,2701.15234,3015.56543,3125.39331,2243.76318
2/5/2016,573.987732,1136.42896,1308.2793,2628.70728,3146.23975,3016.6311,2444.60693
2/6/2016,527.05072,1048.50562,1366.97803,2513.2666,3143.22534,2955.92383,2679.16357
2/7/2016,481.18808,1000.0047,1400.90674,2377.70825,3104.34546,2666.88745,2929.97095
2/8/2016,451.800537,953.578308,1422.32727,2272.90112,2998.47021,2436.90308,3164.40894
2/9/2016,441.936218,904.845642,1411.69189,2214.94336,2845.88184,2282.62842,3256.63892
2/10/2016,440.03595,845.924805,1360.64197,2215.38892,2673.03467,2219.01685,3225.73779
2/11/2016,440.065918,780.940857,1280.91577,2265.48779,2529.64551,2245.85669,3129.0957
2/12/2016,435.45517,724.596191,1195.60254,2326.53589,2433.18213,2366.30029,2962.41675
2/13/2016,426.931305,686.869263,1120.78528,2363.32153,2401.1416,2509.0603,2785.32935
2/14/2016,418.536072,658.973694,1058.59912,2356.53662,2420.19434,2605.52441,2641.24341
2/15/2016,413.602783,629.717712,1003.1568,2309.72607,2451.03223,2622.70679,2548.66309
2/16/2016,418.153961,600.876831,948.134766,2218.69263,2460.27539,2583.65234,2519.53491
2/17/2016,441.303833,572.698059,890.479919,2086.14014,2433.47046,2490.41992,2552.8103
2/18/2016,490.970337,547.344055,832.768799,1932.17456,2370.33398,2314.93188,2622.47314
2/19/2016,567.944702,527.201599,780.501038,1782.35217,2264.40356,2089.6814,2692.88843
2/20/2016,661.972656,515.422058,736.580994,1652.11829,2122.41357,1877.95715,2738.65674
2/21/2016,752.97467,518.64093,699.468506,1541.42297,1966.58118,1719.46484,2745.10278
2/22/2016,819.593445,545.305481,666.470947,1442.22339,1820.5813,1608.85144,2704.79297
2/23/2016,848.258179,600.493164,635.809998,1348.13367,1694.97046,1516.37415,2608.03125
2/24/2016,838.614624,684.224548,607.157776,1255.67859,1586.81287,1421.03674,2457.77881
2/25/2016,811.599243,787.602783,581.747009,1164.98401,1488.93127,1323.42896,2278.99756
2/26/2016,806.452698,879.801453,562.067261,1080.52051,1395.71582,1225.59949,2102.33569
2/27/2016,857.415466,941.940186,552.178589,1007.75348,1303.73792,1130.45227,1945.10217
2/28/2016,917.902161,971.2229,557.471008,947.937195,1214.27637,1049.17432,1808.70215
2/29/2016,953.538513,974.811218,583.668152,901.377197,1135.15857,986.932251,1688.00806
3/1/2016,983.145813,975.75885,634.479309,878.694153,1078.73938,937.800293,1580.33887
3/2/2016,975.749634,1018.40302,704.94873,860.60498,1043.32971,914.161072,1477.91577
3/3/2016,1009.27606,1124.86938,782.16449,861.10144,1019.67969,900.666565,1384.3905
3/4/2016,1102.44604,1220.83398,853.000793,921.340881,1005.04547,895.164551,1305.24377
3/5/2016,1253.31567,1260.81921,907.575134,993.649841,987.513184,896.398315,1240.64941
3/6/2016,1444.2738,1251.02795,942.438904,1052.55505,1016.66321,909.880737,1194.625
3/7/2016,1506.80798,1222.42139,965.313843,1120.52417,1114.06458,991.48175,1162.28955
3/8/2016,1441.06689,1248.38599,996.110718,1200.63098,1210.32288,1106.86169,1139.19275
3/9/2016,1338.13293,1343.44434,1050.03418,1286.08496,1279.09595,1196.63501,1122.44226
3/10/2016,1262.58423,1504.00012,1118.73059,1369.07605,1331.29639,1271.04944,1113.39978
3/11/2016,1241.91638,1633.42224,1179.84473,1441.39429,1378.24866,1335.6814,1121.28259
3/12/2016,1243.44592,1627.67139,1216.80481,1489.90967,1427.76135,1396.75745,1158.64966
3/13/2016,1225.93176,1536.97412,1231.99768,1509.41516,1484.31018,1459.60547,1223.34277
3/14/2016,1168.97949,1437.52319,1248.69263,1504.36731,1538.55835,1533.05347,1299.42126
3/15/2016,1088.27209,1382.0968,1293.59863,1494.4353,1575.17993,1611.50745,1375.1499
3/16/2016,1009.96649,1369.9303,1376.46326,1499.12476,1589.96082,1684.79028,1443.16223
3/17/2016,966.659729,1361.22351,1473.43054,1517.82129,1584.46167,1744.01562,1498.47729
3/18/2016,976.599121,1322.34875,1539.24072,1534.50989,1574.2937,1810.62317,1545.31909
3/19/2016,1027.38721,1249.00708,1549.34167,1534.4259,1578.18835,1854.48657,1594.55347
3/20/2016,1091.41211,1162.60742,1515.04517,1519.98206,1593.96667,1846.29382,1651.23083
3/21/2016,1138.81714,1093.34937,1465.79626,1510.82996,1604.69385,1792.37878,1713.47498
3/22/2016,1150.83521,1071.099,1425.15466,1528.94434,1599.22253,1727.88037,1777.96533
3/23/2016,1124.39844,1100.22437,1396.58203,1582.14563,1584.06348,1690.8927,1839.64941
3/24/2016,1068.776,1157.08533,1367.92163,1651.40698,1580.13318,1668.84973,1887.07581
3/25/2016,998.672607,1213.28064,1326.15369,1697.55884,1606.68311,1652.91736,1906.54919
3/26/2016,927.340088,1246.77124,1268.89697,1696.32434,1666.21228,1673.73694,1894.47534
3/27/2016,862.714661,1244.78162,1207.26599,1655.72803,1733.22192,1719.50122,1862.82178
3/28/2016,806.835205,1203.17261,1159.47717,1605.6333,1769.37585,1768.65259,1829.76587
3/29/2016,758.385498,1142.57288,1139.43164,1575.91309,1758.95825,1801.94678,1803.33899
3/30/2016,715.121887,1071.3446,1148.98938,1559.75659,1715.03918,1814.89124,1785.42065
3/31/2016,676.286316,993.508118,1178.59778,1532.10718,1668.6814,1832.56323,1781.38843
4/1/2016,649.405212,933.231079,1226.97571,1513.29175,1651.59937,1791.95642,1797.88416
4/2/2016,645.383911,888.593079,1292.96521,1502.79541,1647.52832,1676.78577,1828.02686
4/3/2016,631.754639,847.718689,1316.65723,1540.69995,1627.49219,1590.98621,1862.80408
4/4/2016,652.588013,805.713684,1275.64404,1719.41211,1611.33569,1572.52515,1900.01526
4/5/2016,867.862427,763.887634,1204.56689,1936.50452,1611.96814,1623.0365,1927.83044
4/6/2016,1274.8573,737.899841,1121.38013,2080.66772,1710.13599,1886.28809,1923.35413
4/7/2016,1649.10571,718.507751,1046.22058,2168.48242,1972.03577,2198.66846,1881.68677
4/8/2016,1853.22339,700.546692,984.341614,2236.97607,2269.28442,2332.19434,1828.46863
4/9/2016,1849.2959,797.090698,934.811951,2292.6084,2487.28857,2391.07056,1796.29163
4/10/2016,1591.53589,1124.2677,892.101379,2281.07349,2614.31152,2463.98096,1826.90515
4/11/2016,1240.96265,1556.90967,850.670349,2217.55444,2678.6814,2480.58691,1953.31201
4/12/2016,969.967834,1877.68555,811.545654,2144.56982,2680.48804,2319.29199,2139.90088
4/13/2016,797.615051,2004.57751,779.581421,2069.63574,2597.64185,2214.49463,2308.85278
4/14/2016,718.24353,1882.88477,763.466675,2000.98389,2473.63647,2193.46704,2427.09814
4/15/2016,695.476868,1566.2583,799.321594,1943.86951,2347.3064,2163.51562,2499.23828
4/16/2016,697.733643,1240.2229,938.382935,1885.98816,2229.04565,2118.43726,2514.58765
4/17/2016,717.353577,1004.34229,1179.07886,1789.17004,2127.68823,2073.32275,2470.34692
4/18/2016,767.264099,869.573181,1453.46509,1644.98206,2045.28064,2016.68311,2406.5
4/19/2016,848.268982,816.465881,1673.32739,1509.76257,1962.15833,1953.27307,2354.92847
4/20/2016,946.067444,812.264221,1765.46265,1458.60413,1841.0719,1861.46252,2316.5813
4/21/2016,1035.43433,836.773743,1720.75964,1450.6936,1690.099,1774.2655,2289.6521
4/22/2016,1088.11243,883.503113,1571.03662,1483.70667,1578.19177,1879.71045,2266.2417
4/23/2016,1095.75293,954.953796,1385.32947,1711.49365,1555.53271,1846.98157,2233.09326
4/24/2016,1068.54016,1055.11719,1208.18896,2131.11475,1557.20142,1716.86938,2180.91553
4/25/2016,1020.42401,1184.38367,1058.4281,2542.42188,1627.87463,2073.52734,2110.3147
4/26/2016,968.012573,1302.23584,969.118347,2758.17798,1932.26685,2559.2793,2058.01611
4/27/2016,918.717041,1367.77661,931.906128,2738.03589,2392.07397,2791.62866,2045.70056
4/28/2016,879.094727,1341.04956,934.73291,2591.92163,2794.73755,2845.74854,2025.96716
4/29/2016,858.614319,1249.68323,970.04834,2386.81665,2992.84497,2820.53833,2023.41602
4/30/2016,853.690613,1166.00598,1047.77307,2163.45703,2976.28198,2930.94727,2152.77588
5/1/2016,867.972839,1107.22595,1179.53162,2156.22388,2851.48975,2947.43457,2420.51782
5/2/2016,896.186584,1088.82935,1327.48315,2426.7124,2667.66797,2808.15161,2706.15112
5/3/2016,910.418884,1074.46301,1447.15039,2805.39331,2531.01343,3284.09277,2923.04175
5/4/2016,959.759583,1066.34497,1515.67041,3071.28296,2669.7356,3871.42114,3094.17114
5/5/2016,1168.70105,1079.13855,1550.49597,3086.97461,3062.51782,4433.51074,3225.3584
5/6/2016,1549.31689,1122.31567,1543.42346,3071.82031,3617.75342,4620.04395,3294.73071
5/7/2016,1979.50439,1181.15625,1472.66223,3117.11206,4098.74609,4431.4834,3408.5896
5/8/2016,2276.82104,1223.32971,1370.93835,3241.28833,4373.87354,4614.04785,3688.93286
5/9/2016,2311.30786,1340.43225,1280.42944,3443.56445,4552.42139,4539.02393,4071.93896
5/10/2016,2138.12524,1614.45898,1235.94202,3555.27856,4621.55371,4696.22949,4419.86035
5/11/2016,1814.03796,2005.2594,1211.12622,3556.03296,4752.19385,4841.47559,4633.48242
5/12/2016,1470.32849,2366.48438,1198.23718,3502.50269,4882.24854,4567.42822,4710.27979
5/13/2016,1242.53027,2572.17969,1225.25317,3440.43457,4836.3374,4483.125,4745.36865
5/14/2016,1113.86475,2695.45068,1309.63806,3399.51172,4695.41064,4322.16895,4800.81494
5/15/2016,1108.2688,2715.72485,1450.34082,3510.58228,4532.2251,4357.50391,4925.03857
5/16/2016,1213.62708,2533.58521,1635.59009,3913.45923,4410.69238,4491.62305,5090.17969
5/17/2016,1352.52014,2332.65576,1877.28906,4306.13086,4409.6543,5107.43848,5211.90674
5/18/2016,1531.55811,2263.75732,2171.14233,4409.19531,4678.57959,6123.71436,5271.73242
5/19/2016,1760.26672,2319.98462,2479.71167,4361.29248,5204.521,6688.32715,5254.26709
5/20/2016,2146.97461,2451.88086,2797.73242,4199.64062,5668.91064,6997.05762,5212.98584
5/21/2016,2512.97144,2627.56812,3117.42114,4163.02051,6183.37646,7891.45947,5297.81934
5/22/2016,2600.11694,2931.98315,3199.65381,4627.04834,6809.18945,8048.50781,5647.09668
5/23/2016,2555.09497,3345.06299,3031.44263,5442.96631,7265.68311,8579.12207,6237.35449
5/24/2016,2519.97583,3750.0979,2880.65381,5997.82422,7733.25439,9239.35742,6909.20117
5/25/2016,2525.65283,4130.78223,2793.77515,6153.85596,8332.62891,10236.5488,7641.55322
5/26/2016,2524.43921,4335.52295,2785.22583,6283.42676,8999.88672,9886.04297,8430.71387
5/27/2016,2589.32861,4299.98242,2869.18286,6687.77881,9412.43457,9241.11426,9080.34473
5/28/2016,2714.32715,4178.18164,3016.5083,7579.56738,9518.43945,9429.96582,9659.90723
5/29/2016,2756.88159,4101.06445,3268.26904,8387.0293,9671.90039,10615.9688,10494.2461
5/30/2016,2737.67725,4121.71582,3705.92993,8493.625,10155.8467,12543.6465,11443.6797
5/31/2016,2793.32812,4179.88232,4203.67578,8466.79102,11016.7305,13037.5029,12049.7129
6/1/2016,3053.3938,4304.02002,4644.62402,8617.03027,11546.9531,11574.1143,12227.9775
6/2/2016,3265.47485,4436.49512,4925.75439,8534.3418,11432.4854,11665.9453,12215.6504
6/3/2016,3320.27905,4444.43213,4895.07275,8442.89453,11371.5967,12283.8213,12386.127
6/4/2016,3369.3811,4515.521,4721.54248,8446.73535,11433.3164,11502.3896,12867.5703
6/5/2016,3497.6001,4935.53271,4634.97949,8270.40723,11331.9482,11720.9492,13172.9688
6/6/2016,3732.20312,5570.65918,4684.1665,8225.52539,11354.0586,11770.4268,13086.5908
6/7/2016,4043.83716,6103.06055,4819.27588,8575.49902,11377.3203,11172.2939,13005.3369
6/8/2016,4305.38623,6414.1377,4872.82617,9242.62402,11295.1504,11876.0273,13007.5879
6/9/2016,4365.82861,6587.9751,4850.68164,10131.1572,11539.0439,13490.7627,12974.9512
6/10/2016,4280.2373,6795.22021,4919.41357,10878.7686,12456.2324,16694.9551,13087.3193
6/11/2016,4150.93018,7040.92676,5124.29199,11063.5713,14146.1816,17967.0801,13290.7188
6/12/2016,3988.10742,7282.03467,5441.30566,10718.1904,15655.0088,17462.8906,13489.5469
6/13/2016,3771.83398,7391.9873,5807.59082,10077.4863,16309.1406,16201.5684,13918.8154
6/14/2016,3592.72266,7264.80225,6150.44775,9390.49805,16144.8779,14423.3604,14863.165
6/15/2016,3414.47656,6976.09668,6417.09619,8764.05859,15228.5273,12920.2725,16306.1162
6/16/2016,3243.50757,6593.78223,6634.14404,8253.74414,14074.5908,12430.2588,17663.3516
6/17/2016,3106.68091,6202.63672,6862.48633,8178.92725,13048.7061,11798.7158,18388.9805
6/18/2016,3025.23584,5855.40381,7177.66455,8646.84082,12260.4268,11157.209,18249.3809
6/19/2016,3118.09229,5566.19727,7581.07422,9281.99707,11691.96,11681.2461,17435.873
6/20/2016,3198.97363,5321.04443,7793.42383,9893.04883,11656.833,13477.2061,16587.2598
6/21/2016,3201.15869,5135.93604,7664.18848,10398.7148,12095.5371,13654.2773,16015.6436
6/22/2016,3198.5481,5046.08545,7342.93066,10610.7363,12542.9336,13930.5156,15595.0117
6/23/2016,3142.48486,5138.84326,6986.32129,10667.7012,12948.1992,14457.7998,15398.9971
6/24/2016,3161.95752,5400.58789,6633.79443,10900.4336,13402.6826,14768.6211,15797.4385
6/25/2016,3223.66772,5635.37598,6355.0376,11314.7979,13794.9297,14866.1553,16693.2969
6/26/2016,3263.03589,5765.85791,6186.10303,12059.9766,14263.1328,16177.4688,17541.2617
6/27/2016,3227.94214,5766.94678,6032.01318,12540.9375,14924.5039,16375.9697,18131.7715
6/28/2016,3163.07812,5689.37109,5880.06934,12279.5889,15724.5078,18380.7168,18625.6953
6/29/2016,3154.56616,5639.88232,5900.22363,11811.4277,16743.4004,18620.0469,19205.5391
6/30/2016,3129.40039,5615.27734,6373.19385,11250.8564,17495.6836,18556.3301,20175.1055
7/1/2016,3077.66455,5594.4917,6883.35986,10552.6855,17679.7227,18136.2324,21436.0469
7/2/2016,3053.46753,5532.97314,7127.37207,9952.6582,17582.8496,18225.0742,22265.8203
7/3/2016,3150.74023,5514.49707,7212.7627,9663.22949,17369.9414,17463.5488,22482.168
7/4/2016,3254.17163,5640.77881,7210.55029,9857.36328,17098.709,17475.4766,22344.8359
7/5/2016,3310.06641,5848.22461,7169.99121,10747.6699,16978.7441,17783.5254,21978.7793
7/6/2016,3336.55225,6042.30225,6975.96533,12877.1797,17241.791,19351.957,21563.7305
7/7/2016,3300.20898,6339.13623,6869.14111,15660.3799,17930.4766,21085.7148,21188.5664
7/8/2016,3313.14478,6718.32129,6915.41357,17603.4668,19525.0469,27295.2891,20878.3398
7/9/2016,3433.73145,6920.40039,6886.64014,17709.0391,22478.1211,30029.2344,20814.4629
7/10/2016,3543.13599,6986.99512,6763.22412,16284.7754,25294.5254,29900.6562,21131.7891
7/11/2016,3526.0835,6898.47998,6635.33154,14674.4922,26628.4375,26280.2227,21929.5215
7/12/2016,3431.96729,6685.5542,6564.68408,13339.4609,26205.5859,23143.2363,23749.1973
7/13/2016,3292.2439,6540.58984,6611.53613,12380.6875,24547.0527,21233.1113,26781.1699
7/14/2016,3180.86377,6458.44775,6774.91895,11801.2393,22799.1367,20151.0547,29699.6387
7/15/2016,3207.81104,6407.00781,7024.29834,11676.7002,21286.4082,19063.2266,31034.1895
7/16/2016,3400.97778,6333.83984,7295.92139,11908.623,20129.1699,18396.9922,30412.8652
7/17/2016,3691.46045,6153.86523,7404.74609,12104.4512,19279.1543,18120.4355,28525.959
7/18/2016,3805.44312,5959.71338,7278.93115,12370.2695,18823.5234,18675.2852,26359.4141
7/19/2016,3680.88989,5889.20361,7077.22217,12312.6045,18656.6621,18277.834,24436.4004
7/20/2016,3498.33008,5980.68213,6938.65771,11946.4395,18589.3164,19143.8574,23009.5703
7/21/2016,3353.03394,6252.08057,6906.28076,11777.5439,18552.0938,17639.2715,22088.4121
7/22/2016,3363.53003,6494.18018,6920.36084,11632.3213,18116.082,16942.6641,21632.0586
7/23/2016,3778.42969,6520.021,6880.55322,11534.3115,17447.8086,16499.4375,21490.3281
7/24/2016,4329.15723,6428.80469,6792.68945,11412.9453,16926.4727,16403.7617,21469.1211
7/25/2016,4598.52832,6369.91797,6703.53174,11161.8438,16531.709,16419.6758,21433.3516
7/26/2016,4568.44287,6430.75342,6643.16846,10823.2275,16354.0068,16657.5684,21149.3438
7/27/2016,4279.64209,6790.2417,6699.83984,10619.3799,16283.5205,16171.0479,20675.7734
7/28/2016,4062.01611,7538.32861,6944.02002,10602.4404,16114.4619,15863.8643,20326.8945
7/29/2016,4077.14331,8242.4502,7307.71729,10895.2422,15859.0361,15665.2246,20191.9941
7/30/2016,4163.25488,8494.31055,7517.40674,11352.8994,15653.5967,15882.7373,20103.6172
7/31/2016,4189.89746,8317.68066,7560.146,11503.334,15621.3467,16543.1582,19884.6699
8/1/2016,4125.14795,7932.04395,7617.90283,11398.1377,15841.9785,16959.3418,19469.082
8/2/2016,3981.92358,7655.93408,7625.96191,11261.8193,16036.5723,16032.9502,18927.4219
8/3/2016,3794.38745,7597.021,7739.36816,11244.1006,15868.4727,15531.2363,18508.9473
8/4/2016,3596.06299,7588.59863,8050.53076,11365.2637,15503.2461,15279.999,18488.1523
8/5/2016,3396.00708,7518.48535,8387.31738,11572.6367,15242.1699,15619.002,18971.6875
8/6/2016,3401.33667,7339.13477,8649.9209,11628.1768,15197.5908,15773.1738,19604.2695
8/7/2016,3660.78882,7049.89404,8720.43848,11426.8281,15350.8867,16237.8984,19737.6133
8/8/2016,3890.10791,6712.71484,8581.28613,11197.0264,15525.9814,15705.1123,19269.084
8/9/2016,3980.854,6380.07129,8348.74609,11068.3994,15455.6016,15064.8154,18625.1328
8/10/2016,4050.19995,6173.94531,8138.79785,11252.3066,15160.1133,14744.1797,18143.2461
8/11/2016,4186.93506,6299.0415,7973.37158,11786.998,14883.2607,15213.4541,17993.0098
8/12/2016,4287.06982,6778.9502,7819.39111,12712.1816,14827.6963,16142.9756,18149.1113
8/13/2016,4320.64014,7272.22412,7650.65479,13827.9795,15319.4961,17583.2285,18460.1113
8/14/2016,4463.5498,7514.21533,7466.05762,14380.0449,16237.1426,19517.7988,18774.8809
8/15/2016,4794.00391,7762.57715,7382.79053,14439.2705,17648.0859,21459.0371,18986.3242
8/16/2016,5412.36572,8320.45312,7819.89697,14132.7764,18901.9688,19495.8262,19137.5098
8/17/2016,5879.88623,8906.85938,8547.2793,13747.3584,19123.998,18910.375,19355.0762
8/18/2016,5878.80713,9318.39258,8836.87012,13530.0117,18778.1289,17442.3184,19933.3105
8/19/2016,5714.02686,9975.00098,8699.12793,13451.1455,18143.5,17347.2383,21089.3301
8/20/2016,5517.07227,11443.8516,8721.64355,13675.6016,17526.4883,16737.5781,22150.7402
8/21/2016,5552.09961,13131.2178,9406.41211,14251.3486,17154.5977,17490.2402,22380.7676
8/22/2016,6008.52637,13533.8301,10088.5039,14872.335,17093.0059,17655.6465,21929.6309
8/23/2016,6340.38135,13083.9922,10257.0244,15496.7861,17369.8652,19070.0586,21166.9258
8/24/2016,6397.85498,12888.9229,10479.9961,15904.2783,17858.0234,18891.7891,20486.4922
8/25/2016,6262.65186,12953.2861,10949.085,15829.1387,18342.6875,20393.7617,20193.3242
8/26/2016,5874.90039,13212.042,11703.9404,15740.2363,18879.2832,20184.2852,20279.375
8/27/2016,5593.24121,13296.1348,12630.7666,15717.5254,19214.457,20139.2539,20587.043
8/28/2016,5422.01221,13026.1074,13295.8389,16089.168,19327.291,20588.0156,20951.6504
8/29/2016,5288.56689,12608.7256,13584.626,16532.6035,19708.8887,21647.3555,21300.6738
8/30/2016,5194.14697,11983.4219,13690.4805,16446.4746,20317.3516,22481.1191,21693.3691
8/31/2016,5081.05078,11176.5078,13719.0801,16143.0352,21089.3262,22718.8047,22079.8379
9/1/2016,4900.66748,10518.9297,13696.3936,16233.2959,21560.7754,21444.2363,22520.043
9/2/2016,4691.0791,10068.8135,13676.2695,17055.5059,21487.959,21379.1719,23226.7188
9/3/2016,4470.88818,9595.11035,13580.2451,18259.6875,21448.6602,22677.0879,24124.4238
9/4/2016,4240.35596,9111.96484,13321.3164,19317.7285,22032.1406,25366.1465,24766.2812
9/5/2016,3967.59424,8759.7627,12884.4023,19852.6582,23284.3398,26683.3535,24723.1562
9/6/2016,3687.84595,8399.47852,12381.3389,20120.125,24665.1621,27169.2773,24281.168
9/7/2016,3680.49219,7967.22998,11993.0391,20489.1484,25587.8027,26487.5977,24223.9199
9/8/2016,3852.81812,7543.33545,11624.8096,20700.0996,26088.6562,27748.5723,25237.4941
9/9/2016,4031.0127,7151.94141,11160.9141,20494.418,26536.8867,27780.8047,27053.0059
9/10/2016,4170.11035,6805.7251,10677.4248,20083.0234,26826.5059,27518.1523,28578.4531
9/11/2016,4346.61572,6697.19092,10197.6211,20054.4824,26721.2344,26117.0117,29274.4688
9/12/2016,4532.3208,6991.90674,9717.93066,20358.6348,26309.9902,26333.0293,29444.6973
9/13/2016,4606.80127,7490.81152,9352.62891,20443.9062,25961.377,27240.1758,29639.5059
9/14/2016,4580.81396,7961.44434,9053.51074,20450.8262,26281.0059,28430.0488,30079.9688
9/15/2016,4402.80225,8432.4082,8836.36719,20629.2383,26889.5977,28366.2383,30741.9395
9/16/2016,4224.93164,8925.37305,8525.75293,21078.9395,27647.4902,31404.7695,31767.1465
9/17/2016,4111.18164,9156.81543,8051.56152,20652.9102,28836.2266,31400.5625,33082.7578
9/18/2016,4049.66333,8930.46484,7809.55371,19083.8125,29788.3164,31973.666,33844.3008
9/19/2016,4015.55933,8410.04492,7904.2168,17506.7246,30030.1562,27989.8066,33798.1016
9/20/2016,3955.63428,7856.69922,8254.92676,16255.8545,28918.0078,24977.8516,33995.0391
9/21/2016,3879.73755,7429.68066,8836.80273,15409.126,26889.4707,22869.2461,34762.6914
9/22/2016,3786.19238,7155.37744,9375.88281,14696.8105,25012.9922,22697.3594,35458
9/23/2016,3641.36841,6964.52344,9558.1123,14279.6992,23614.7344,22197.6484,35511.9062
9/24/2016,3514.05396,6793.80225,9442.02539,14306.041,22747.9922,22332.5449,34361.207
9/25/2016,3447.98511,6598.34131,9112.54297,14388.4297,22350.1738,22896.8008,32342.584
9/26/2016,3427.30273,6360.57373,8736.63867,14228.4502,22504.4902,24537.0605,30464.4902
9/27/2016,3454.04248,6081.37305,8478.08105,13906.1689,23006.4609,23831.6094,29151.4824
9/28/2016,3475.63403,5803.40381,8356.62988,13578.9219,23092.8887,22262.2148,28284.7148
9/29/2016,3463.64062,5570.44775,8265.30078,13369.5283,22545.8652,21209.3027,27841.7988
9/30/2016,3447.07788,5408.21387,8035.05908,13261.2578,21858.1074,20729.2324,28070.4844
10/1/2016,3433.77686,5344.60303,7698.3916,13130.9307,21207.7031,20455.5469,28639.5977
10/2/2016,3438.58936,5308.54834,7377.51172,12840.2148,20822.543,20854.7266,28774.8809
10/3/2016,3520.52197,5221.95898,7063.94238,12398.5439,20674.6035,20708.375,28341.3398
10/4/2016,3564.00342,5123.03418,6739.38623,11888.6299,20571.2539,20563.1035,27530.0781
10/5/2016,3384.15088,5021.55273,6423.36865,11460.0684,20408.5898,19762.6172,26454.5957
10/6/2016,3142.10767,4924.85254,6215.75537,11071.6797,20003.8223,18885.8809,25446.3125
10/7/2016,2994.63477,4929.30469,6256.38037,10616.7363,19401.2441,18344.8867,24735.4297
10/8/2016,2978.52148,5059.07178,6270.95459,10129.6367,18766.8809,17669.3047,24343.2852
10/9/2016,3134.24976,5028.37451,6081.34033,9754.18652,18055.3652,16537.2227,24133.2129
10/10/2016,3331.26782,4719.94629,5839.07178,9539.50684,17241.002,15851.1133,23962.5469
10/11/2016,3431.17969,4428.78467,5593.93311,9341.0957,16533.7305,15834.4561,23873.1094
10/12/2016,3461.6228,4282.22119,5436.56592,9184.1123,16116.6172,15776.9326,23685.4062
10/13/2016,3549.50537,4281.31396,5427.70166,9018.70605,15809.6641,15045.2842,23047.4531
10/14/2016,3602.04785,4419.07178,5517.57715,8785.45605,15429.9727,14822.1807,22103.7734
10/15/2016,3572.67944,4533.43799,5550.77197,8644.09668,15093.4053,14573.7939,21235.0293
10/16/2016,3529.17725,4543.19092,5433.79785,8955.65332,14816.541,14848.3271,20532.7754
10/17/2016,3418.74585,4632.02539,5241.85156,9818.35645,14788.0488,16608.4004,19879.3066
10/18/2016,3293.27808,4807.13525,5032.67236,11024.6611,15444.3555,18938.1738,19325.5293
10/19/2016,3191.04541,4839.96289,4837.96631,11178.8193,16524.1719,18776.7031,18999.8984
10/20/2016,3075.58691,4698.92041,4726.79883,10280.5596,17383.4473,19181.9062,18812.6543
10/21/2016,2924.93237,4470.38037,4683.05225,9647.90723,17613.2188,15280.7666,18906.7871
10/22/2016,2759.87769,4224.33203,4684.39453,9145.68652,16550.0645,13010.5098,19700.002
10/23/2016,2611.98926,4014.56641,4721.38818,8698.14941,14899.5742,12641.7715,20975.3496
10/24/2016,2497.13257,3845.80737,4795.91064,8269.08105,13724.7764,12527.1836,21968.7168
10/25/2016,2421.90625,3685.0144,4911.46045,8040.3501,12894.9668,12016.5449,21982.2754
10/26/2016,2399.34375,3520.90088,5075.77197,8019.71777,12308.8672,11851.8496,20782.7988
10/27/2016,2516.97607,3369.80811,5115.58154,8144.73389,11924.7627,12136.0957,19142.8398
10/28/2016,2589.8269,3233.61865,4963.85156,8462.61328,11804.585,12278.1855,17766.6133
10/29/2016,2495.60693,3135.77075,4708.48877,8597.5166,11772.1816,11897.874,16698.8047
10/30/2016,2398.22778,3094.28198,4404.77393,8522.72852,11751.4346,12074.2471,15922.9014
10/31/2016,2354.30908,3217.00317,4144.34326,8472.92578,11722.5801,11275.8193,15428.749
11/1/2016,2345.68091,3452.20508,3927.71069,8326.48535,11518.3799,11022.0811,15182.8467
11/2/2016,2324.88452,3507.55054,3752.71826,8167.28125,11277.7119,11015.3105,15025.3652
11/3/2016,2324.44946,3383.38794,3607.66797,8238.16309,11118.2451,10809.5859,14873.5576
11/4/2016,2305.72388,3295.20972,3494.8811,8148.13672,10983.8115,11350.3857,14725.1162
11/5/2016,2215.91797,3271.56787,3412.00854,7656.00781,11189.457,12744.8135,14614.3525
11/6/2016,2127.9043,3197.45068,3382.79688,7013.79199,11587.0537,11249.626,14642.7285
11/7/2016,2121.89038,3082.98047,3433.36646,6392.70557,11330.4541,9475.73633,14777.7373
11/8/2016,2187.78662,3022.86353,3523.73926,5958.94189,10454.2764,8324.29883,15131.292
11/9/2016,2342.0293,2975.19043,3726.98267,5742.6543,9499.73633,8075.45166,15728.5508
11/10/2016,2655.07642,2909.86865,4173.479,5942.77197,8733.23926,7939.86963,15993.2188
11/11/2016,3163.86768,2956.34204,4454.88477,6546.80273,8287.25195,8287.92383,15405.7852
11/12/2016,4110.54102,3230.77319,4265.64404,6782.37012,8252.19824,9246.55273,14132.6309
11/13/2016,4901.7041,3708.87671,3911.52734,6657.12354,8676.99707,10289.4014,12763.9443
11/14/2016,4963.56885,4235.73926,3605.90063,6828.7832,9163.27344,9165.17188,11702.9551
11/15/2016,4669.39014,4777.12158,3391.76978,7341.01514,9190.12891,8774.34277,11069.1484
11/16/2016,4243.04248,5623.27979,3256.06299,7793.66504,9048.3457,9588.12695,10919.9434
11/17/2016,3983.58057,6622.54199,3215.39917,7813.6792,9270.96191,10782.6133,11183.0684
11/18/2016,3930.48145,7093.46387,3297.89478,7460.31543,9776.49805,10782.2812,11451.4971
11/19/2016,3845.18604,6898.63135,3519.09814,6798.39648,10043.2646,9718.11328,11341.752
11/20/2016,3628.71094,6395.7124,3855.02441,6076.84424,9841.93164,8793.44727,11125.915
11/21/2016,3335.89551,5901.9834,4290.37256,5528.03809,9279.06152,7493.80908,11241.2002
11/22/2016,3063.17456,5591.87402,4871.5249,5149.38184,8448.62402,6733.8457,11622.8213
11/23/2016,2845.06177,5394.90332,5562.52832,4916.42578,7643.71875,6348.69629,11855.1709
11/24/2016,2702.09155,5126.53076,6167.49023,4797.66064,7042.52246,6120.94775,11685.3457
11/25/2016,2601.29443,4765.16504,6489.97412,4803.8291,6587.99268,5922.40576,11160.4844
11/26/2016,2517.03003,4389.19434,6496.94092,4953.61768,6235.00293,5865.10156,10389.3906
11/27/2016,2450.93433,4061.07153,6291.30859,5259.69824,6026.40918,6053.41113,9585.28613
11/28/2016,2384.90845,3808.05957,6014.70215,5666.93945,6021.17627,6554.58057,8919.37012
11/29/2016,2280.96851,3622.37085,5751.96191,6182.63525,6217.04395,6874.26025,8406.56055
11/30/2016,2164.31104,3473.38892,5500.63818,6810.20801,6517.61963,7218.11133,8038.23535
12/1/2016,2070.63477,3351.05054,5229.35303,7382.80469,6887.12158,7845.396,7831.96875
12/2/2016,1989.96545,3247.69287,4928.53369,7686.62402,7373.1001,8610.44531,7811.47314
12/3/2016,1929.15198,3123.78955,4614.3125,7656.52246,7933.00781,8979.1748,7967.20361
12/4/2016,1906.16479,2967.55762,4314.63818,7406.22217,8376.13574,8793.39453,8249.50977
12/5/2016,1953.85938,2811.46655,4053.1311,7084.32422,8519.65332,8312.66699,8630.10254
12/6/2016,2036.91821,2675.31421,3837.70703,6795.28516,8363.00098,7840.07568,9107.41406
12/7/2016,2065.24292,2563.57739,3663.12744,6543.29102,8057.80713,7531.46289,9600.98633
12/8/2016,2033.30054,2481.88989,3516.55713,6291.43018,7758.98877,7442.44971,9954.58105
12/9/2016,1967.63391,2457.51514,3379.25146,6021.84375,7526.89404,7113.73291,10071.4248
12/10/2016,1894.47241,2494.66528,3236.854,5730.73096,7290.71338,6700.94727,9970.17188
12/11/2016,1850.10876,2519.87622,3087.31836,5436.74219,7001.12744,6194.34326,9751.78809
12/12/2016,1838.97253,2482.42041,2939.96631,5165.56494,6659.82227,5753.3877,9517.36816
12/13/2016,1844.21118,2395.66187,2806.31421,4931.80469,6288.13818,5474.39111,9276.36328
12/14/2016,1845.74146,2287.95801,2695.9856,4738.16162,5941.15186,5264.15918,8979.83398
12/15/2016,1832.75085,2192.53979,2620.90063,4568.87207,5648.98682,5121.37207,8691.4873
12/16/2016,1803.18018,2130.43677,2584.97144,4405.75,5420.31445,5178.44727,8600.06055
12/17/2016,1766.86975,2096.99316,2571.48193,4291.81104,5279.3584,5387.68896,8837.16406
12/18/2016,1732.8407,2073.34888,2551.99756,4256.77002,5268.8291,5912.73779,9184.71582
12/19/2016,1700.5144,2043.53857,2507.93628,4187.92529,5421.39697,6123.81592,9165.00488
12/20/2016,1667.32507,1999.69751,2438.43921,3994.93945,5605.7583,6003.39453,8789.42969
12/21/2016,1628.86523,1945.47949,2356.50488,3760.47363,5629.55371,5289.729,8480.76172
12/22/2016,1582.69922,1891.20435,2279.67358,3579.95947,5404.60791,4609.69092,8420.01172
12/23/2016,1529.91809,1841.22607,2218.61353,3470.8418,5004.35059,4177.06592,8693.31055
12/24/2016,1473.88513,1794.06555,2173.1416,3384.27441,4608.45068,3945.07593,9070.05859
12/25/2016,1417.99719,1746.11719,2135.62744,3253.99805,4302.91357,3764.37109,9055.18164
12/26/2016,1364.55969,1693.90918,2097.05688,3097.88013,4099.96387,3590.13965,8525.03906
12/27/2016,1314.56384,1636.74622,2052.48169,2952.24731,3929.25928,3446.84229,7708.61377
12/28/2016,1267.93384,1579.34058,2002.72009,2819.94312,3733.11914,3343.55737,6767.24121
12/29/2016,1224.02478,1521.35205,1951.26819,2710.07178,3537.52539,3259.17993,5837.72803
12/30/2016,1181.07507,1463.67688,1900.59778,2627.84912,3367.87866,3173.02954,5173.29443
12/31/2016,1138.53162,1412.06873,1850.88977,2566.18774,3228.66772,3101.45386,4761.8125
1/1/2017,1103.59631,1364.55225,1800.65076,2524.14185,3119.06372,3051.00439,4510.92236
1/2/2017,1062.64343,1321.67139,1748.59985,2543.2063,3037.11353,3016.40405,4464.11084
1/3/2017,1007.6933,1287.10059,1697.31104,2630.28906,2983.15405,3015.6604,4562.69922
1/4/2017,944.765625,1252.72534,1651.40063,2708.6106,2970.08521,3022.27466,4627.01904
1/5/2017,1016.0799,1238.56799,1601.18799,2704.75708,3037.4895,3129.84985,4618.42871
1/6/2017,1377.76367,1299.59656,1555.08459,2603.89014,3153.23755,3071.52466,4592.98926
1/7/2017,1767.0824,1416.23181,1521.28125,2454.13843,3198.7605,2977.4834,4561.55615
1/8/2017,1920.59863,1530.73975,1500.98096,2319.19189,3134.48828,2870.14673,4557.00342
1/9/2017,1846.60303,1701.16272,1465.29199,2222.50684,2985.57422,2790.3501,4592.69092
1/10/2017,1641.83936,2073.09619,1408.11206,2151.05029,2806.47095,2631.47925,4650.21777
1/11/2017,1568.92737,2475.79785,1384.58264,2090.33667,2660.48975,2525.5813,4687.06152
1/12/2017,1677.2395,2694.29272,1423.94336,2030.72009,2563.73364,2471.5769,4677.56299
1/13/2017,1712.09119,2747.4021,1498.6521,1979.59778,2497.93066,2417.38745,4625.1084
1/14/2017,1635.56689,2604.70972,1582.89172,1947.37866,2438.58813,2350.31079,4537.14062
1/15/2017,1571.07129,2418.67676,1693.42419,1945.06604,2383.95776,2334.39526,4428.4458
1/16/2017,1545.10327,2371.3562,1868.50793,1922.48181,2343.99756,2323.5542,4323.84863
1/17/2017,1536.53491,2370.71704,2115.00952,1852.31799,2327.64526,2374.71265,4244.28955
1/18/2017,1527.54175,2268.87158,2359.54468,1803.80652,2321.49731,2253.2168,4192.92969
1/19/2017,1503.94788,2125.67383,2527.39795,1812.13391,2267.96924,2093.79004,4181.97119
1/20/2017,1446.95813,2041.81335,2580.55566,1861.31372,2172.68848,2084.58984,4218.65674
1/21/2017,1361.86194,1998.68066,2542.4375,1921.27429,2113.23486,2191.57397,4227.61035
1/22/2017,1253.60278,1971.42932,2479.95215,2002.77515,2112.40845,2240.97144,4138.31152
1/23/2017,1137.44189,1934.25757,2425.64355,2153.91992,2137.9314,2264.66626,3984.30273
1/24/2017,1034.99426,1869.26904,2364.82764,2382.07861,2171.18896,2379.89185,3825.74927
1/25/2017,950.674011,1775.34546,2287.86768,2619.23511,2247.18237,2684.92407,3715.56006
1/26/2017,878.84491,1658.0658,2207.11743,2786.25879,2408.49194,3005.44946,3670.02319
1/27/2017,816.531128,1527.91943,2135.58105,2844.06567,2632.61865,3189.43335,3660.62598
1/28/2017,762.540894,1403.63171,2077.36401,2810.60547,2842.18384,3184.92627,3674.76733
1/29/2017,715.580017,1302.91785,2026.02039,2740.1543,2978.79102,3076.83789,3738.14111
1/30/2017,675.223145,1218.354,1970.28308,2667.89136,3011.75464,2911.27295,3867.8645
1/31/2017,641.445923,1137.96204,1900.49988,2591.55078,2959.28125,2789.84521,4025.81836
2/1/2017,611.600952,1064.12805,1812.08386,2518.40259,2883.83521,2722.45703,4139.94189
2/2/2017,574.314453,998.222046,1706.60071,2444.57617,2816.29785,2625.66895,4159.00586
2/3/2017,546.751648,939.531067,1593.17273,2398.18921,2750.01855,2504.07495,4084.51221
2/4/2017,530.527588,887.268494,1483.75916,2426.61353,2686.90454,2406.61694,3946.58569
2/5/2017,503.616913,841.463928,1383.7063,2460.43896,2624.24146,2387.74927,3797.5022
2/6/2017,475.700653,792.029297,1292.70569,2412.52271,2630.19409,2557.25977,3670.33765
2/7/2017,460.13797,742.602783,1209.71997,2289.18433,2734.07373,2623.34131,3550.15137
2/8/2017,461.816956,706.326904,1133.70935,2152.59131,2779.9502,2562.67578,3427.83789
2/9/2017,465.190796,669.99353,1064.29346,2039.97937,2683.52612,2396.06567,3306.50439
2/10/2017,461.027893,627.25647,1001.33252,1950.72473,2513.49878,2202.17749,3217.44507
2/11/2017,455.311707,590.426208,944.047791,1871.64001,2342.41016,2026.89929,3182.18457
2/12/2017,448.718506,569.967712,890.310791,1786.10229,2199.89062,1905.5177,3153.17603
2/13/2017,442.853394,561.97406,839.442444,1688.42334,2082.62964,1833.51099,3079.02319
2/14/2017,442.881317,551.760254,792.882019,1581.474,1978.28528,1782.51233,2948.00269
2/15/2017,458.563568,537.680481,749.823669,1472.1333,1874.198,1721.31592,2776.41284
2/16/2017,499.598511,524.778687,708.16272,1368.75122,1765.42578,1640.99854,2598.02368
2/17/2017,573.755005,513.018372,669.241699,1277.61511,1651.82593,1548.96631,2441.9563
2/18/2017,672.322693,505.344696,636.991516,1199.43823,1538.71228,1450.94629,2322.22583
2/19/2017,775.938965,508.732361,613.031189,1127.77466,1434.98645,1358.98279,2233.93701
2/20/2017,867.468689,532.855042,594.863098,1056.80627,1345.26648,1276.27039,2160.79712
2/21/2017,921.874756,586.508728,579.216675,987.734436,1267.17004,1200.70569,2085.80566
2/22/2017,942.952454,671.128052,564.661682,923.349365,1193.36536,1130.68323,1999.87878
2/23/2017,939.541809,774.072571,551.178528,864.290222,1120.59277,1064.30457,1905.61206
2/24/2017,904.602478,876.889954,540.251892,812.235413,1052.06213,1012.94977,1812.55481
2/25/2017,844.310242,954.599548,535.581543,771.589233,989.51123,948.611206,1736.74084
2/26/2017,770.367004,993.905334,543.174866,750.719971,932.744995,913.658142,1677.15137
2/27/2017,698.897583,1004.20917,569.941895,795.546997,888.809204,910.701294,1615.14075
2/28/2017,638.473328,987.064514,619.201843,911.684448,865.156616,917.6474,1547.81714
3/1/2017,590.411011,940.370117,688.590454,960.982544,885.199646,1091.38562,1482.08289
3/2/2017,549.218079,873.338745,769.935669,913.653198,996.78009,1352.24512,1423.20715
3/3/2017,514.621826,800.699341,849.462646,887.099731,1139.1825,1157.15173,1384.20337
3/4/2017,521.432617,734.891418,913.759094,922.524841,1181.25671,1016.51636,1357.85608
3/5/2017,644.579468,681.6474,955.42804,983.670471,1144.82214,1002.94617,1364.71326
3/6/2017,816.400696,638.572144,971.777222,1050.11243,1146.65637,972.161682,1439.88477
3/7/2017,867.575928,601.450317,962.461487,1135.61938,1207.10474,1024.87769,1511.27454
3/8/2017,804.003967,579.621948,930.729187,1247.55701,1275.26721,1144.30713,1490.6853
3/9/2017,692.011963,638.523865,884.096619,1409.5647,1334.95239,1254.35266,1412.34839
3/10/2017,574.970703,799.789185,834.090271,1564.56689,1394.35803,1399.46326,1337.12598
3/11/2017,497.199738,928.472046,783.350586,1655.18884,1481.13245,1654.20935,1284.87048
3/12/2017,473.74765,929.866455,733.651917,1678.44104,1609.68164,1749.11169,1280.5304
3/13/2017,489.257812,841.701599,689.302185,1644.04236,1732.17432,1801.8103,1326.42566
3/14/2017,491.091919,721.555847,658.490601,1587.28528,1812.7384,1776.23999,1408.67102
3/15/2017,482.553528,623.833374,664.278381,1513.0531,1835.14709,1760.65503,1538.35034
3/16/2017,497.586639,576.020508,719.380188,1430.13391,1803.29565,1782.61218,1713.71631
3/17/2017,544.810974,575.510498,803.866394,1451.91199,1747.84131,1812.49023,1891.83813
3/18/2017,618.58783,586.410034,884.808594,1647.698,1684.45361,1798.78369,2059.08325
3/19/2017,707.23761,582.74939,917.94696,1849.57996,1652.79626,2281.68579,2189.67358
3/20/2017,799.868164,601.597717,883.433105,1935.48926,1861.24377,3109.5918,2260.48047
3/21/2017,877.970581,640.847229,815.640564,2067.79028,2240.50562,3321.46411,2328.65259
3/22/2017,927.084412,686.728271,747.722961,2213.13477,2594.39258,3365.38574,2426.24805
3/23/2017,928.147644,753.710571,689.832153,2432.81372,2851.42407,3629.14624,2564.98267
3/24/2017,888.35791,835.602295,650.916382,2808.10254,3106.65527,3822.63135,2830.89233
3/25/2017,831.10022,918.963257,649.403015,3028.72559,3387.2373,4107.43555,3178.31323
3/26/2017,766.984131,988.757446,705.632141,2859.93774,3719.77271,4636.95117,3454.72925
3/27/2017,707.555969,1028.89209,760.89801,2529.30933,4134.36816,4650.90332,3650.23438
3/28/2017,658.381409,1030.88184,791.932373,2347.89258,4302.21387,3781.69678,3857.59546
3/29/2017,635.862976,1009.16675,815.794495,2220.06738,4074.55566,3367.37817,4121.94727
3/30/2017,703.5896,980.673706,833.288147,2098.09424,3726.33252,3557.88062,4430.83105
3/31/2017,807.520691,959.787842,885.904968,1996.67712,3505.58423,3435.20044,4710.52588
4/1/2017,845.766602,950.347717,978.35321,1985.65149,3352.89941,3350.90283,4801.05859
4/2/2017,824.420837,941.746338,1055.58459,2162.76587,3265.59106,3324.35474,4688.8623
4/3/2017,779.097595,955.986145,1102.68945,2461.99414,3262.31177,3609.39795,4547.01514
4/4/2017,828.68042,1028.40149,1119.6134,2677.88892,3411.1853,4005.51929,4442.31201
4/5/2017,1186.16248,1085.60388,1097.52332,2709.09229,3692.78687,4336.59863,4334.41113
4/6/2017,1669.06616,1095.15417,1063.19958,2636.24707,3965.56519,4173.87939,4238.09766
4/7/2017,1962.4834,1076.72107,1039.9082,2571.01367,4151.58789,4152.75586,4204.22363
4/8/2017,2080.57153,1070.90649,1038.09399,2564.88428,4274.39111,4141.76318,4291.51758
4/9/2017,1972.94751,1262.56421,1035.63953,2577.76074,4374.36963,4337.79639,4474.35498
4/10/2017,1663.78992,1694.3595,1042.73816,2577.88208,4465.92285,4315.19873,4654.87695
4/11/2017,1352.23779,2086.15576,1078.59424,2548.01392,4507.0293,4152.32373,4744.08447
4/12/2017,1138.23779,2277.85327,1133.88525,2506.49097,4432.30615,3976.646,4723.52832
4/13/2017,1021.70557,2284.10718,1192.63428,2559.99292,4282.38721,3862.87573,4688.32227
4/14/2017,1030.27466,2115.06299,1278.98328,3107.02002,4136.99658,3867.875,4728.14404
4/15/2017,1216.09399,1943.48193,1416.85388,4399.55176,4067.60132,4544.23633,4835.15234
4/16/2017,1438.44214,1876.5459,1660.56213,5588.27734,4310.72559,6109.54639,4946.98486
4/17/2017,1608.43176,1867.35022,1960.53491,5834.21533,5156.71631,8434.90625,4951.82715
4/18/2017,1728.03943,1848.45288,2161.37549,5416.45801,6369.61426,8453.41016,4819.18115
4/19/2017,1721.70142,1961.28149,2243.89404,4948.54541,7105.56836,6957.42334,4733.41504
4/20/2017,1688.49377,2191.74878,2228.67407,4637.22559,6944.35986,5607.17627,5004.18018
4/21/2017,1695.16809,2364.28784,2144.52026,4406.12061,6354.9668,5480.76416,5840.43604
4/22/2017,1724.21521,2510.3999,2047.47876,4194.23389,5830.31885,5354.27881,6951.87451
4/23/2017,1760.026,2567.3479,1975.30176,4057.92358,5477.50293,5161.1792,7603.19336
4/24/2017,1765.57947,2540.03882,1945.17212,4021.4209,5200.05762,4660.88867,7476.87842
4/25/2017,1711.74268,2522.20703,1993.85059,3978.45679,4962.64111,4489.64502,6946.7627
4/26/2017,1628.95801,2552.41455,2125.64258,4002.90625,4862.60938,4279.38818,6453.18506
4/27/2017,1565.5127,2546.83862,2280.14624,4098.00781,4831.96094,4265.81445,6134.71289
4/28/2017,1534.60437,2503.125,2429.66504,4090.98071,4805.62793,4782.15234,5961.77734
4/29/2017,1608.78528,2473.9082,2584.58911,4059.90991,4884.10547,5247.3457,5824.03271
4/30/2017,1836.10681,2435.21118,2763.92114,3993.45801,4953.77002,5172.95557,5642.34814
5/1/2017,2078.67554,2403.37354,2842.07642,3855.4292,4936.53467,5642.99707,5485.68018
5/2/2017,2121.18848,2407.76025,2796.76147,3766.60229,4972.59082,5697.69336,5493.58887
5/3/2017,1991.91272,2464.00269,2732.60938,3739.25146,4990.15332,5460.72266,5693.75195
5/4/2017,1865.18628,2658.57666,2662.18726,3776.85596,4939.54297,5273.06201,5909.16357
5/5/2017,1882.74146,2931.68115,2655.95483,3848.35254,4894.73535,5227.87451,6132.32178
5/6/2017,2079.31128,3054.9541,2728.64819,4013.73169,4897.10596,5384.0415,6454.85889
5/7/2017,2443.82422,2973.29541,2811.55981,4305.72168,5005.45898,5679.98193,6673.72119
5/8/2017,2747.52734,2797.74268,2876.00757,4682.24268,5241.49414,6015.43164,6655.81787
5/9/2017,2749.59131,2697.08618,2865.39331,5044.1626,5574.80078,6517.91211,6538.11719
5/10/2017,2574.67944,2713.93188,2841.48975,5145.53809,5932.0625,6983.10889,6498.15234
5/11/2017,2314.64185,2935.38354,2936.56543,5132.14893,6368.5791,7540.76123,6645.24561
5/12/2017,2021.63354,3316.21582,3062.81323,5143.6333,6761.04932,7554.07227,7054.58936
5/13/2017,1859.88477,3555.60742,3123.9624,5173.63916,7146.47412,8436.99609,7636.40625
5/14/2017,1826.2113,3544.1416,3141.90063,5326.21582,7633.69824,8635.18457,8169.31543
5/15/2017,1808.34119,3359.77563,3140.96582,5661.71289,8003.22559,8865.19727,8597.64648
5/16/2017,1883.68591,3078.85522,3171.64795,6304.43604,8264.20508,9300.69629,8892.20215
5/17/2017,2044.40259,2915.95557,3384.0708,7292.32812,8634.62305,10435.1758,9173.39355
5/18/2017,2251.36304,3118.11719,3937.94067,7790.77783,9240.99023,11747.6514,9627.40234
5/19/2017,2552.24316,3580.6106,4759.28857,7808.85938,10282.0459,13832.9238,10164.3955
5/20/2017,2767.52393,3970.9502,5241.29297,7967.32324,11366.9229,12677.6709,10741.4541
5/21/2017,2813.79272,4311.08105,4953.0791,8134.63916,11891.1338,13188.7715,11453.3428
5/22/2017,2849.51172,4601.11963,4348.34717,8044.70068,12299.9824,13928.8545,12416.2139
5/23/2017,2827.35498,4761.83496,3912.90723,7960.23535,12912.8857,14587.7969,13677.3379
5/24/2017,2753.00757,4929.03076,3789.98486,8464.22266,13265.4395,13122.8408,14744.2803
5/25/2017,2689.5459,4925.67725,3999.91772,9319.68555,13152.9863,13398.7012,15230.4072
5/26/2017,2616.30615,4811.3042,4388.57764,10508.6377,13266.7666,14895.75,15524.8945
5/27/2017,2665.84595,4757.27148,4685.67725,12060.0791,14018.6631,15903.7139,15940.4385
5/28/2017,2663.36572,4618.31836,4857.83301,12176.666,14895.624,17374.9609,16400.1777
5/29/2017,2469.84277,4468.68311,4956.37988,10799.6885,16397.4805,21511.0117,16725.8047
5/30/2017,2243.80469,4348.00195,4982.87256,9449.96973,18081.6113,18529.4727,17139.6777
5/31/2017,2054.72314,4405.05908,5031.12256,8348.27246,18111.6172,16276.2314,17907.957
6/1/2017,1953.1001,4692.67969,5092.65674,7842.67822,17058.4629,15155.8154,18871.8242
6/2/2017,1916.45312,4689.09375,5094.65186,7717.03906,15954.9834,14982.5225,20197.6211
6/3/2017,1893.67249,4310.03174,5022.78857,7686.27979,15018.8027,14717.124,21400.3711
6/4/2017,1914.22534,3882.36646,4889.59961,7711.31055,14438.2178,14095.9844,21356.3281
6/5/2017,2081.09131,3541.89014,4726.78906,7675.75049,13948.5615,13181.6387,20310.4238
6/6/2017,2391.26001,3394.76611,4646.68115,7570.09375,13489.9512,13070.0801,19101.9102
6/7/2017,2723.79858,3406.7478,4676.30713,7544.56445,13140.3936,12516.1338,18074.2344
6/8/2017,2880.31787,3469.52344,4765.57373,7641.73877,12818.9531,12296.624,17329.7598
6/9/2017,2808.67383,3619.49609,4813.60156,7913.94141,12512.0039,12120.834,16733.2344
6/10/2017,2575.52368,3893.68433,4791.03076,8426.78125,12337.0752,12445.2295,16234.4336
6/11/2017,2253.62476,4220.31445,4673.16943,8885.64453,12307.0498,12690.3896,15926.9932
6/12/2017,2006.95459,4443.41895,4416.39209,9331.43262,12522.585,14046.7793,15717.2354
6/13/2017,1955.83264,4476.44434,4152.43506,9692.22754,13000.7246,14396.459,15525.1211
6/14/2017,2018.95349,4352.56348,3997.69995,9898.74414,13640.125,16184.6309,15486.3555
6/15/2017,2055.64917,4096.93506,4011.27832,10054.4297,14503.7217,16781.2051,15666.0498
6/16/2017,2146.32227,3892.08301,4222.83203,10123.5986,15460.0146,17983,16069.2988
6/17/2017,2168.24976,3842.82886,4597.58105,9900.32715,16229.3672,17697.207,16604.1582
6/18/2017,2041.75305,3989.59106,4835.70752,9363.01465,16751.3945,18340.5215,17160.2617
6/19/2017,1883.94263,4197.95264,4853.18604,8992.6123,17046.3965,17086.4668,17705.8945
6/20/2017,1736.58069,4329.39941,4829.75,9013.16113,16939.8828,16893.6875,18259.0977
6/21/2017,1659.4978,4426.51758,4717.08496,9499.21484,16602.3945,16505.6406,18872.1152
6/22/2017,1679.29285,4279.17236,4523.78809,10491.4014,16417.4258,17325.1055,19406.3301
6/23/2017,1772.74475,3907.41724,4348.89209,11300.209,16390.3984,17225.6777,19657.0078
6/24/2017,1829.04028,3539.26392,4283.32178,11812.4688,16773.4219,19594.9258,19591.1133
6/25/2017,1799.52271,3274.86621,4334.46143,11832.5039,17579.5781,18409.6738,19579.6777
6/26/2017,1735.34705,3164.30493,4474.84766,11132.2656,18078.0195,18317.332,19868.1914
6/27/2017,1711.55383,3213.87939,4646.85645,10399.0371,18088.0488,16385.1895,20244.627
6/28/2017,1787.98499,3323.86938,4703.15674,9809.95215,17498.8086,15042.9844,20751.793
6/29/2017,1923.76941,3355.61328,4607.38184,9204.24707,16407.668,14165.2432,21311.2383
6/30/2017,2094.47681,3358.22681,4480.27783,8675.49707,15393.0264,14355.4287,21419.3613
7/1/2017,2302.90088,3390.81006,4386.03906,8527.41797,14554.1523,13397.6309,21040.5195
7/2/2017,2487.95459,3523.80664,4204.8208,8570.80469,13800.4316,13536.5078,20275.7656
7/3/2017,2500.53003,3818.28345,3970.55029,8847.84766,13332.1572,13622.1104,19243.2539
7/4/2017,2445.96606,4344.59766,3846.58838,9423.4541,13219.7988,14027.209,18329.3574
7/5/2017,2609.77393,5168.82812,3869.55762,9890.54492,13307.2676,14685.1611,17585.1074
7/6/2017,2975.66406,5882.36084,4052.01172,10161.3184,13812.9404,16261.0752,16933.7637
7/7/2017,3313.11523,6079.96143,4210.65332,10343.8789,14528.0234,16062.3516,16533.1719
7/8/2017,3506.50439,5938.96973,4204.54492,10564.082,15065.5518,16562.8633,16465.416
7/9/2017,3501.79419,5842.45215,4227.97656,10672.8115,15379.9297,16137.6328,16755.8242
7/10/2017,3560.2854,6100.36865,4487.85693,10858.6416,15713.2529,17655.0957,17455.5078
7/11/2017,3939.62598,6663.51416,5057.65674,11055.5762,16075.8643,16715.3574,18315.0039
7/12/2017,4484.12793,7153.41211,5761.56152,11041.8721,16374.0791,18234.4707,18966.8359
7/13/2017,4833.65137,7395.9751,6341.79297,10838.834,16792.1699,17753.9648,19299.2461
7/14/2017,4940.80029,7557.58789,6616.80371,10478.3633,17151.8828,18550.4707,19547.4746
7/15/2017,4883.88916,7846.83398,6679.94678,10228.9287,17294.1348,17193.4844,19967.8965
7/16/2017,4714.69482,8445.375,6813.97998,10270.5195,17180.9668,18197.0684,20583.5273
7/17/2017,4645.04053,9143.93945,7048.60596,11184.1973,17157.6367,18077.0547,21566.9648
7/18/2017,4626.88037,9679.00488,7436.62988,13114.3711,17429.0332,20172.4883,22707.5156
7/19/2017,4590.39111,10018.2002,8043.90088,15382.1416,18280.6602,23004.8301,23467.834
7/20/2017,4497.55762,10112.6543,8450.07227,17338.4121,20370.3438,28596.1953,23916.7793
7/21/2017,4415.65869,10063.8818,8750.72363,17775.9902,23448.6016,31338.4922,24138.332
7/22/2017,4502.28174,9985.36523,9214.41211,17067.2988,26424.1387,31044.0527,24246.123
7/23/2017,4743.89502,9921.39258,9713.74707,16483.4277,27805.3516,26818.6113,24748.9219
7/24/2017,4933.2998,9914.74219,10142.9873,16284.4727,27348.6133,26252.2227,26305.7637
7/25/2017,4935.79639,9890.73633,10391.6104,16378.5098,26446.6523,26924.5605,28947.5957
7/26/2017,4898.06738,9877.72949,10629.3691,16738.0273,25999.877,28534.6387,31689.7363
7/27/2017,4940.0415,9996.03516,10930.5518,17578.1426,26032.8613,26927.5,33404.8594
7/28/2017,4978.38818,10195.1182,11101.3164,18613.0684,26505.1348,31962.5938,33865.7617
7/29/2017,4884.66602,10293.873,11159.3633,19140.8906,28115.3984,34576.1289,34279.0586
7/30/2017,4744.14307,10224.3135,11339.1191,19368.6738,30186.7637,35558.0625,35029.2109
7/31/2017,4669.62891,10080.8008,11361.6709,19595.3301,31403.8223,33462.793,34897.2266
8/1/2017,4645.896,9820.44043,11098.083,19731.3926,31856.7793,34166.1641,34494.8359
8/2/2017,4652.41357,9394.47949,10864.2178,19775.1445,32206.3789,33808.5625,35305.582
8/3/2017,4608.06104,8854.98438,10719.3408,19781.4844,32676.9199,34500.5039,36848.1406
8/4/2017,4592.2041,8398.73145,10619.1133,19823.3965,32970.8047,32898.6406,37821.6172
8/5/2017,4562.1499,8150.30518,10562.4756,19492.2031,32761.5371,31824.9043,37782.8164
8/6/2017,4473.08154,8195.69531,10528.8164,19524.5176,32077.4609,30528.8223,37469.0977
8/7/2017,4675.54004,8308.75098,10588.2402,19829.3828,31278.3496,30496.9746,37312.7695
8/8/2017,5122.65625,8267.12988,10559.7568,19510.3066,30651.1426,30479.2188,37134.2969
8/9/2017,5332.48779,8265.25,10209.3008,19131.0957,30512.1875,31234.5566,36624.2656
8/10/2017,5247.43652,8224.23047,9728.74707,18739.2871,30193.4805,28283.1543,35685.3516
8/11/2017,5171.87891,8270.38672,9302.83496,18334.1582,29270.1055,27757.5215,34673.8125
8/12/2017,5163.83887,8671.11523,9001.12988,18173.9844,28224.0938,26089.5215,33853.0938
8/13/2017,5135.03467,9127.42871,8843.40137,17759.4688,27198.7812,25882.5918,33333.0352
8/14/2017,5102.04785,9310.40625,8755.34961,16991.4727,26347.084,25023.1621,32818.1719
8/15/2017,5094.18262,9386.46387,8698.59473,15981.8311,25605.4355,23664.3203,31985.0469
8/16/2017,5293.70068,9626.94727,8734.63574,14961.2236,24567.0293,21561.9043,31041.9629
8/17/2017,5925.13428,9889.16406,9063.24414,14089.7764,23246.8438,20194.2012,30118.1953
8/18/2017,6424.81689,9979.4668,9517.86035,13574.5938,21829.3516,18941.0371,29344.5801
8/19/2017,6246.05078,9988.58398,9784.65723,13476.9814,20544.7734,18506.0801,28784.2656
8/20/2017,5737.62012,10072.1396,9942.98145,13539.5576,19522.0625,18162.3965,28056.8047
8/21/2017,5345.61328,10666.3691,10152.9404,13738.3379,18980.8379,19309.0742,26862.6445
8/22/2017,5180.15137,11627.4893,10433.1689,13905.6602,18991.7227,19872.8516,25315.8867
8/23/2017,5051.17676,11853.1494,10581.6182,13873.4238,19335.916,20615.5,23852.7852
8/24/2017,4909.36328,11211.9453,10574.1328,13957.7109,19740.4707,20456.6719,22710.5723
8/25/2017,4890.04053,10472.0664,10545.3281,14368.2881,19940.4902,20507.4062,22092.1543
8/26/2017,4973.46826,10004.04,10606.6299,14927.334,20011.6289,21013.6621,22108.9102
8/27/2017,5132.91602,9744.07617,10901.8359,15303.459,20324.0039,22215.623,22447.875
8/28/2017,5236.7666,9552.00879,11421.165,15413.3193,20872.3965,22280.5195,22813.9277
8/29/2017,5171.22412,9504.3457,11898.7852,15562.7656,21348.9238,22017.6367,23070.5488
8/30/2017,4953.27588,9581.87402,12115.3145,15741.1016,21552.0684,21503.0723,23341.707
8/31/2017,4784.30127,9706.59473,12076.4043,15772.3271,21678.3496,22579.4629,23765.2012
9/1/2017,4866.27002,9834.13281,11904.9297,15809.4609,22032.1504,23320.7637,24225.6875
9/2/2017,5021.50781,9802.81738,11489.0801,15962.1992,22497.9414,23514.998,24490.0703
9/3/2017,5107.67627,9554.90234,10932.2959,16202.3135,22802.1855,23137.8438,24409.3359
9/4/2017,4996.88916,9247.7793,10523.5068,16680.4824,22929.2305,23464.3379,24349.7891
9/5/2017,4618.43066,9086.40039,10276.1191,17425.6289,23063.0352,23484.7852,24677.3867
9/6/2017,4235.31445,9122.09961,10241.7646,17912.7988,23255.4844,24207.9688,25143.6562
9/7/2017,4184.72705,9239.29492,10324.0566,17801.9824,23586.2129,24673.7383,25355.2773
9/8/2017,4312.16016,9222.21484,10393.9678,17420.7891,24001.1367,24551.2754,25338.498
9/9/2017,4480.36963,8906.63379,10386.0166,16731.6016,23956.8574,22660.5703,25313.7051
9/10/2017,4713.35596,8344.1875,10220.7227,15868.4902,23368.2051,22268.3066,25385.0078
9/11/2017,4825.21289,7906.27881,10019.8574,15319.4092,22553.7637,20279.7109,25627.0859
9/12/2017,4893.18652,7806.80225,9861.40039,15034.3955,21442.7969,19398.5371,25918.7383
9/13/2017,5006.76611,7901.67188,9736.55078,14789.0107,20385.5195,18987.4746,25961.6582
9/14/2017,5065.9375,8066.67725,9627.35156,14470.6709,19714.6914,19036.6484,25583.6934
9/15/2017,5001.14111,8224.33203,9417.33203,14237.8613,19248.0898,18440.2793,24815.1504
9/16/2017,4870.80566,8251.43945,9218.40918,14163.7441,18822.7773,18607.6836,23783.7715
9/17/2017,4759.67773,8216.2207,9120.81055,14954.249,18659.4629,19472.7168,22954.3125
9/18/2017,4731.97412,8199.09961,9059.4043,16809.3281,18995.543,21182.5898,22598.834
9/19/2017,4771.45361,8092.41992,9026.98047,17662.3105,19903.7812,25263.7871,22472.3789
9/20/2017,4690.06641,7874.11182,8924.79492,17083.9941,21866.4785,27505.8477,22391.3867
9/21/2017,4505.69434,7634.74805,8775.35547,16172.3643,23562.2363,23528.4492,22403.459
9/22/2017,4312.55078,7565.55322,8756.74121,15257.5908,23345.9648,21168.7188,22927.5449
9/23/2017,4166.72168,7696.55566,8806.83301,14610.7812,22254.7246,20330.752,24343.1836
9/24/2017,4082.1604,7664.15332,8797.39746,14027.2051,21252.2168,20405.2266,26430.5898
9/25/2017,4045.56494,7329.86328,8702.49902,13491.8418,20512.9609,19983.2227,27814.7227
9/26/2017,4012.49585,6918.18848,8530.06152,13078.4453,19966.7559,19223.5156,27447.8535
9/27/2017,3949.71558,6561.04883,8346.80859,12900.2979,19418.1328,18501.916,26125.5391
9/28/2017,3898.19409,6319.66406,8192.67578,12768.5137,18934.2031,17976.6172,24816.4355
9/29/2017,3832.70728,6164.9375,8105.97314,12521.1201,18516.4492,17791.4883,23840.2793
9/30/2017,3758.07935,6063.19238,8132.99463,12313.5371,18216.8262,17300.5156,23159.4941
10/1/2017,3734.01318,5954.2998,8068.27393,12078.9395,17810.9395,16409.4648,22590.9473
10/2/2017,3690.2854,5852.60645,7871.08887,11851.7256,17297.1406,16328.3604,22050.9121
10/3/2017,3613.66309,5829.96045,7725.45068,11801.9873,16875.9648,15906.6113,21614.4531
10/4/2017,3550.69849,5819.36377,7545.15186,11976.1367,16470.7832,15908.3262,21405.2012
10/5/2017,3376.75488,5800.18213,7325.07471,12411.4316,16182.9014,16163.5908,21303.1992
10/6/2017,3129.09985,5716.0874,7149.01172,13065.9072,16166.1602,17053.5664,21098.8867
10/7/2017,3013.16846,5566.56543,6953.98828,13403.8809,16537.7363,18722.209,20725.6719
10/8/2017,3066.78467,5477.11035,6761.32324,13214.8604,17407.3867,19945.7598,20278.207
10/9/2017,3239.38623,5445.16016,6627.73096,12741.4609,18258.6797,19211.082,19823.8496
10/10/2017,3416.75146,5367.04541,6496.08789,12209.3672,18636.4219,19178.9004,19579.6719
10/11/2017,3538.25659,5358.41016,6383.35742,12270.5811,18759.9434,18918.1895,19828.5469
10/12/2017,3689.67017,5536.23682,6396.50732,13245.0977,18705.502,18854.3477,20554.2168
10/13/2017,3830.65747,5857.68896,6492.29443,13912.1777,18668.7773,19925.0449,21278.7148
10/14/2017,3823.19409,6124.37061,6434.69336,14021.1484,19246.0723,22260.1797,21617.7129
10/15/2017,3747.88452,6284.82129,6218.74268,13884.8379,20113.2246,20644.4922,21736.6328
10/16/2017,3715.09937,6561.64795,6024.47119,13284.6895,20312.2246,20081.8926,21706.3262
10/17/2017,3718.55371,6920.72217,5941.66113,12713.2695,20062.2637,18971.5938,21656.1895
10/18/2017,3841.80615,7112.83936,6142.43115,12087.5527,19487.3418,17828.8398,22056.7695
10/19/2017,3909.53979,7060.77686,6429.521,11415.2529,18663.8008,17316.6797,22750.1914
10/20/2017,3817.15405,6935.10059,6529.95264,10854.0088,17926.123,16234.3701,23044.3594
10/21/2017,3707.38452,6807.12109,6556.53662,10304.1289,17065.4395,15041.2559,22860.9512
10/22/2017,3611.51978,6765.58496,6650.40088,9727.10254,16143.8828,14391.418,22214.4883
10/23/2017,3577.78101,6739.46289,6835.61768,9268.16699,15303.8613,13484.1055,21229.3418
10/24/2017,3678.70215,6515.89893,7080.7627,8981.45312,14455.0391,12660.5869,20225.166
10/25/2017,4048.65259,6196.06299,7233.68945,8887.13867,13599.4648,12226.1562,19176.0938
10/26/2017,4667.0166,5919.28857,7213.08691,8908.04688,12874.9893,11835.8672,18135.7949
10/27/2017,5031.36621,5726.33691,7125.04688,8840.29297,12324.3379,11669.4629,17181.1719
10/28/2017,4898.4873,5734.36328,7026.09717,8721.48828,11970.0498,11405.1953,16276.2939
10/29/2017,4451.49658,5925.06787,6919.57861,8695.82031,11697.0342,10743.8975,15439.2275
10/30/2017,3954.46606,6350.45166,6787.04932,8772.63281,11356.9824,10359.8115,14718.4814
10/31/2017,3674.74414,6932.57715,6601.5625,8872.10547,11038.041,10449.8516,14131.8496
11/1/2017,3521.77148,7043.15771,6378.40234,8890.43555,10852.5352,10641.7012,13656.2715
11/2/2017,3393.02466,6560.15723,6167.66846,8786,10779.4688,10672.7529,13200.0645
11/3/2017,3246.44653,5871.19434,6034.6499,8631.94141,10717.9053,10484.2549,12749.6807
11/4/2017,3074.42578,5274.01953,6032.52539,8487.45215,10582.4336,10227.6348,12446.4326
11/5/2017,2880.49463,4898.80762,6200.75391,8375.46387,10381.6943,9937.20508,12386.9941
11/6/2017,2699.93848,4634.1084,6503.88867,8322.73438,10170.5742,9756.99023,12563.5762
11/7/2017,2570.72144,4412.13428,6770.53076,8363.7627,10005.1123,10351.042,12862.4023
11/8/2017,2483.76392,4192.57178,6787.90527,8368.22168,10100.7158,11373.4521,13189.2744
11/9/2017,2446.52295,3956.5708,6507.0874,8144.45947,10370.0918,11295.5449,13370.124
11/10/2017,2445.2041,3708.57446,6071.89111,7867.33643,10604.5342,11275.748,13256.1416
11/11/2017,2466.2749,3503.03394,5622.05176,7753.1748,10604.0674,9948.87891,13109.4717
11/12/2017,2457.62402,3365.02417,5234.06348,7828.82324,10311.9707,9965.21875,13314.6816
11/13/2017,2395.31738,3262.13867,4927.65332,8034.19287,10040.6484,9602.22656,13933.0576
11/14/2017,2327.39136,3190.9458,4668.9292,8187.21924,9841.26465,9686.38672,14627.3359
11/15/2017,2256.83667,3154.92969,4425.59424,8108.37451,9735.01758,9687.81152,14836.002
11/16/2017,2189.10034,3142.95312,4181.38086,7756.10938,9713.32812,9549.20312,14257.085
11/17/2017,2137.59253,3092.55298,3944.18066,7262.26123,9617.33105,8982.75879,13330.1484
11/18/2017,2080.37402,2985.56494,3733.78735,6768.92285,9319.55371,8320.45508,12530.0596
11/19/2017,2010.16919,2866.26807,3564.09546,6353.22461,8822.20215,7662.18701,11997.4053
11/20/2017,1931.25549,2745.76831,3436.80688,6036.77148,8276.00195,7345.29883,11725.1367
11/21/2017,1855.69153,2640.84351,3347.30591,5810.79639,7777.84375,6902.59619,11543.2148
11/22/2017,1797.724,2554.46045,3284.43994,5627.82275,7358.96338,6721.20703,11371.7334
11/23/2017,1763.03784,2461.17114,3227.76758,5446.91455,7040.14941,6841.53711,11138.3535
11/24/2017,1768.79187,2355.59619,3156.41797,5231.84326,7028.31445,7896.68457,10763.8379
11/25/2017,1858.71228,2247.83594,3062.94604,4935.74023,7134.82031,6553.97021,10296.0518
11/26/2017,2059.61328,2152.85791,2956.10254,4648.33008,6884.71143,6048.79785,9861.56934
11/27/2017,2302.17993,2090.0376,2847.88794,4436.63525,6407.33252,5384.25439,9546.2002
11/28/2017,2551.62085,2078.74438,2744.96484,4283.9502,5912.271,5093.1709,9409.94141
11/29/2017,2565.48218,2124.16187,2646.55078,4184.70215,5478.64844,4825.69336,9314.76855
11/30/2017,2392.16455,2243.03101,2547.46997,4108.79395,5169.98047,4667.52979,8955.92383
12/1/2017,2351.66748,2435.6272,2446.56738,4043.61816,4972.47803,4577.15137,8405.19531
12/2/2017,2390.53882,2677.00269,2348.81421,3953.99219,4841.4165,4497.66309,7845.17432
12/3/2017,2404.88965,2817.14502,2265.3103,3828.99463,4726.31738,4389.05957,7330.48047
12/4/2017,2372.18701,2704.67603,2210.2854,3701.58032,4612.41992,4261.20361,6918.07812
12/5/2017,2388.17847,2553.89478,2197.10645,3584.37524,4460.79248,4143.41797,6601.80127
12/6/2017,2430.57397,2534.76831,2237.91724,3481.54297,4290.16699,4057.45557,6417.15186
12/7/2017,2453.42651,2545.91602,2338.5686,3389.40454,4144.12354,3937.60522,6361.49219
12/8/2017,2443.67505,2518.59229,2483.60449,3310.1814,4018.61792,3858.04712,6333.75635
12/9/2017,2381.70117,2495.98193,2617.39111,3242.25122,3912.19458,3710.51978,6204.63867
12/10/2017,2280.01807,2518.53223,2675.29736,3189.39941,3814.17993,3593.33057,5988.80029
12/11/2017,2125.85498,2547.90259,2659.16626,3160.99512,3722.875,3464.27637,5792.15967
12/12/2017,1964.75574,2558.78101,2624.78711,3160.58301,3641.34912,3399.75415,5636.7041
12/13/2017,1824.24231,2530.87671,2599.51172,3191.15869,3576.33081,3377.9519,5500.80225
12/14/2017,1706.07141,2462.46655,2578.58618,3227.6145,3535.72827,3413.97168,5362.33252
12/15/2017,1612.61462,2348.45068,2563.85107,3236.76172,3522.89893,3460.50464,5208.67676
12/16/2017,1538.72424,2206.20874,2562.07642,3224.41772,3541.83276,3538.0144,5050.93945
12/17/2017,1488.35571,2065.25708,2571.0127,3177.42822,3558.427,3632.94043,4911.17773
12/18/2017,1451.42517,1933.29138,2578.95752,3090.73901,3551.06299,3654.73779,4810.76172
12/19/2017,1416.28174,1825.47156,2571.85327,3007.69995,3524.60229,3525.62695,4762.25146
12/20/2017,1380.32361,1742.48669,2538.48486,2945.00708,3463.74658,3395.9187,4768.64648
12/21/2017,1346.5437,1684.078,2473.47412,2890.06567,3379.42407,3300.50952,4811.38623
12/22/2017,1315.29248,1646.38037,2378.73828,2841.44702,3303.0874,3246.77441,4851.18604
12/23/2017,1283.61047,1615.06421,2263.8313,2808.80542,3238.77295,3115.51978,4845.26123
12/24/2017,1250.18298,1580.66687,2142.1416,2791.43359,3168.50659,2986.42212,4779.51855
12/25/2017,1214.55518,1543.16089,2026.16833,2781.31543,3093.68433,2881.8916,4682.48486
12/26/2017,1178.30127,1505.19568,1925.96057,2767.73828,3030.89233,2847.89258,4587.93018
12/27/2017,1150.39343,1469.02856,1877.39551,2767.4353,2989.04224,2901.17773,4498.6001
12/28/2017,1201.14673,1485.52979,1900.91199,2828.64331,2979.65137,3030.83081,4400.93115
12/29/2017,1286.40234,1642.32129,1920.90149,2974.79688,3017.6626,3379.0564,4304.45215
12/30/2017,1391.87109,1831.22327,1897.42175,3119.5459,3174.92993,3792.08447,4240.73389
12/31/2017,1456.53772,1907.79004,1820.40771,3105.31519,3372.90894,3767.37842,4220.41895
1/1/2018,1419.06702,1999.78918,1717.75256,2957.75098,3510.25635,3838.16162,4215.84424
1/2/2018,1357.28882,2167.74902,1652.78931,2859.66821,3563.46338,3435.51318,4245.00537
1/3/2018,1256.11389,2281.4165,1632.31006,2861.10303,3455.99097,3096.01489,4365.94287
1/4/2018,1158.09363,2282.604,1669.98914,2879.44971,3292.27173,3016.91553,4527.78223
1/5/2018,1082.31921,2203.11011,1755.47522,2834.63721,3225.73828,2989.88477,4635.12158
1/6/2018,1022.13928,2099.95898,1848.52051,2706.57397,3248.58276,3006.50952,4635.36963
1/7/2018,1028.98376,2018.66504,1941.21655,2512.13647,3254.67773,2901.69336,4490.82373
1/8/2018,1129.97058,1939.59973,2048.49951,2340.92163,3179.50195,2795.31494,4273.31787
1/9/2018,1261.9895,1814.80505,2155.49219,2284.15942,3013.90454,2639.47144,4110.55908
1/10/2018,1347.83862,1690.68164,2224.69995,2322.34985,2794.18701,2533.48779,4047.04761
1/11/2018,1372.28027,1613.36975,2236.97852,2392.08032,2633.54248,2611.52856,4018.36304
1/12/2018,1331.37122,1608.64563,2200.53809,2452.50879,2580.23999,2689.8103,3931.3269
1/13/2018,1249.86426,1689.68811,2136.06616,2493.10938,2590.90625,2748.27539,3774.13599
1/14/2018,1199.85168,1769.87134,2059.82275,2521.9248,2623.53833,2793.21997,3576.64429
1/15/2018,1222.67114,1802.33667,1969.57666,2564.61182,2658.17334,2842.23071,3403.13647
1/16/2018,1296.52039,1778.4646,1871.56042,2616.53369,2689.85132,2871.19556,3304.12744
1/17/2018,1384.2168,1694.63672,1788.57727,2641.12012,2726.4729,2947.13672,3262.38745
1/18/2018,1448.13635,1601.33191,1738.58264,2614.83276,2784.29126,2996.53882,3252.14722
1/19/2018,1457.62622,1559.297,1729.25562,2543.44238,2840.07764,2918.2832,3256.3103
1/20/2018,1415.40381,1583.62866,1751.76636,2446.6687,2846.82886,2743.04297,3262.69946
1/21/2018,1337.52429,1644.97717,1779.8009,2341.93042,2787.94434,2573.22974,3275.19092
1/22/2018,1243.65137,1706.38623,1788.14819,2233.93164,2682.50635,2447.79614,3304.59839
1/23/2018,1150.36243,1730.58862,1762.80334,2124.66284,2558.35278,2357.33276,3329.50293
1/24/2018,1066.19727,1701.62988,1711.49426,2027.35657,2433.95483,2266.56519,3310.32983
1/25/2018,992.639465,1628.71521,1660.68518,1960.86243,2313.98999,2164.10474,3234.95898
1/26/2018,928.148926,1529.15051,1635.63293,1934.82959,2199.30542,2054.31543,3121.65356
1/27/2018,871.825134,1423.13232,1644.21387,1941.77393,2102.32715,2002.20581,2998.62183
1/28/2018,822.506714,1325.95642,1679.22668,1958.4635,2041.34497,2010.41589,2882.99243
1/29/2018,779.378357,1241.38794,1725.84692,1959.80859,2024.55371,2058.43384,2774.25439
1/30/2018,741.286499,1165.03918,1745.15137,1932.52478,2034.99255,2072.76733,2665.50122
1/31/2018,708.025269,1092.56641,1715.21582,1886.24597,2047.3158,2044.97693,2560.27246
2/1/2018,677.541077,1026.33398,1649.84839,1865.79858,2051.27124,1974.03882,2475.23682
2/2/2018,639.181396,967.518005,1563.65991,1871.79822,2037.95825,1921.56091,2426.46362
2/3/2018,610.625732,914.350281,1471.90979,1917.42078,2019.86206,1938.71692,2412.3894
2/4/2018,593.309265,867.475037,1383.64478,2036.16406,2039.53418,2034.27686,2402.14258
2/5/2018,563.325378,826.900757,1301.75903,2136.78125,2090.76245,2102.56787,2374.07886
2/6/2018,531.185852,782.767212,1225.41943,2131.23315,2189.66943,2171.2605,2330.30078
2/7/2018,511.505005,739.107971,1153.88391,2044.46667,2328.92017,2248.49512,2286.55884
2/8/2018,503.820435,709.118286,1087.00842,1943.91455,2395.92114,2271.27612,2270.3418
2/9/2018,501.508087,678.333313,1024.77136,1865.573,2340.74609,2167.37402,2289.55371
2/10/2018,501.114746,639.442017,968.372131,1807.72009,2213.32007,2004.99548,2330.59302
2/11/2018,497.194366,606.878052,917.338562,1754.58228,2082.67773,1862.90601,2380.24878
2/12/2018,489.473022,588.610168,869.623901,1688.28589,1978.39282,1777.56641,2425.052
2/13/2018,480.982788,580.344421,824.773193,1605.30566,1899.59912,1732.24512,2436.42847
2/14/2018,473.857391,577.139099,784.214844,1510.04529,1829.65662,1696.60571,2390.77417
2/15/2018,474.751343,573.826782,746.8927,1410.58276,1751.12781,1644.60681,2296.22217
2/16/2018,493.745148,566.831909,710.522949,1316.74292,1660.24915,1572.38452,2185.18994
2/17/2018,539.145874,557.811707,676.163879,1234.59924,1560.21204,1488.06006,2089.16064
2/18/2018,611.577942,548.82428,647.392395,1163.50476,1459.31555,1398.35571,2020.91907
2/19/2018,700.586609,543.754822,626.382324,1097.21899,1366.43689,1312.09778,1973.40442
2/20/2018,785.865051,551.052673,614.898254,1032.13269,1286.04236,1235.15405,1930.52112
2/21/2018,846.186035,580.575256,612.597717,975.618164,1215.69067,1168.36145,1879.1001
2/22/2018,868.47345,638.109436,612.812195,1054.23962,1149.86951,1126.69934,1813.74988
2/23/2018,852.208008,726.251953,614.710083,1427.53235,1091.45898,1112.2146,1736.51538
2/24/2018,807.988953,835.175903,627.428711,1795.87378,1103.08655,1817.61572,1654.27246
2/25/2018,750.769226,953.950745,641.638306,1863.09216,1430.41382,2891.75854,1574.81848
2/26/2018,691.16156,1012.67896,643.047546,1809.08972,1953.83521,2756.61328,1505.95276
2/27/2018,636.912231,1001.70416,640.560425,1703.42798,2212.95044,2110.78418,1463.77893
2/28/2018,592.098572,973.294373,653.95874,1593.70361,2189.2146,1997.61206,1540.65466
3/1/2018,558.294373,922.108826,697.408447,1554.67859,2093.15088,1840.00171,1877.16492
3/2/2018,526.983337,861.030518,769.348633,1479.11963,1985.52356,1824.02942,2338.11157
3/3/2018,496.916656,800.333008,852.812378,1392.19702,1914.7522,1833.79077,2589.9751
3/4/2018,506.002228,747.91333,923.655396,1392.93799,1883.23328,1631.57849,2568.55371
3/5/2018,631.940918,703.713196,966.071411,1416.76746,1794.8772,1503.61035,2430.12988
3/6/2018,808.996765,663.424072,976.967468,1449.27173,1741.21057,1612.29834,2274.5874
3/7/2018,865.254456,625.205383,960.150146,1499.23547,1810.67383,1767.12573,2155.4668
3/8/2018,805.729065,600.484924,923.856384,1540.40503,1903.40076,1862.96594,2072.47583
3/9/2018,696.844116,662.713257,881.671997,1604.32471,1981.5614,1949.30566,1984.84558
3/10/2018,578.964233,838.460571,846.552673,1678.8833,2023.97229,1848.92468,1940.43921
3/11/2018,497.748749,987.13562,807.969971,1740.26306,2020.36182,1948.82996,1983.68787
3/12/2018,485.910126,1000.35791,761.631409,1785.18262,2043.19568,2204.82104,2069.71875
3/13/2018,532.611328,928.9729,723.546997,1802.3739,2145.62354,2525.37939,2152.37451
3/14/2018,545.478516,843.406677,712.643677,1773.14368,2348.78003,2950.11182,2191.54565
3/15/2018,537.048828,752.978333,731.446167,1734.31152,2603.47998,3121.14941,2189.53589
3/16/2018,583.050354,695.496094,787.483398,1736.60376,2787.64624,3017.87646,2232.00366
3/17/2018,631.745544,705.861511,872.093689,1733.91003,2822.07349,2967.16919,2384.83789
3/18/2018,686.100464,731.098999,932.208191,1720.30322,2752.80371,2975.59229,2651.94604
3/19/2018,798.177429,746.732483,945.165955,1693.69849,2657.55981,2861.11768,2991.38184
3/20/2018,915.723267,807.275269,915.941162,1650.01465,2578.16895,2932.51367,3276.41113
3/21/2018,983.850464,885.448242,859.579956,1646.11292,2521.09814,2627.88818,3422.98242
3/22/2018,998.606079,932.04071,805.833862,1684.49329,2447.34473,2517.37866,3471.75806
3/23/2018,966.993164,1008.25867,772.268433,1681.92371,2394.61646,2600.76733,3472.84644
3/24/2018,907.85199,1128.26282,760.910645,1642.47095,2417.19629,2605.479,3496.26465
3/25/2018,846.00061,1222.45532,771.02655,1615.92615,2431.68018,2211.34302,3528.81763
3/26/2018,799.777222,1253.21606,801.411682,1574.28467,2380.93848,2092.36963,3433.63916
3/27/2018,776.510864,1239.61108,848.701721,1512.31409,2312.8418,2052.66992,3254.42847
3/28/2018,752.330811,1201.78699,907.817017,1418.5835,2235.85596,2056.91113,3105.75757
3/29/2018,738.234314,1153.17676,972.045959,1323.07166,2129.53589,1971.52734,2945.86938
3/30/2018,767.737061,1122.0321,1041.70984,1297.98181,1984.99133,1804.39307,2746.8269
3/31/2018,784.11676,1103.37781,1123.90259,1325.09973,1822.90515,1770.35876,2569.39673
4/1/2018,774.584167,1092.00024,1214.73108,1366.32996,1761.427,2247.78979,2455.79907
4/2/2018,769.155334,1134.98816,1275.28284,1407.87817,1897.45142,2306.66309,2369.33008
4/3/2018,770.235657,1215.52844,1301.24207,1453.23291,2024.17944,2085.64209,2276.71606
4/4/2018,867.511108,1276.31775,1309.86401,1555.78931,2055.05444,2055.20288,2189.71118
4/5/2018,1236.74194,1288.75073,1282.40063,1668.96753,2058.95215,1940.64111,2184.79443
4/6/2018,1690.65088,1313.8385,1257.64587,1765.74829,2063.552,1914.1261,2285.18262
4/7/2018,2004.23901,1432.7019,1262.55786,1970.23938,2144.13159,1951.9126,2365.78345
4/8/2018,2197.35645,1582.88098,1324.14648,2353.96265,2238.88818,2075.74097,2370.79688
4/9/2018,2120.8689,1859.80774,1377.00867,2761.21753,2369.77661,2735.17505,2337.59619
4/10/2018,1777.97546,2314.85156,1393.64172,3035.52563,2710.13354,3528.16382,2280.55688
4/11/2018,1386.92566,2695.23291,1401.27527,3117.12207,3148.22656,3687.57593,2230.99243
4/12/2018,1087.54236,2932.94775,1389.03381,3135.85352,3498.98999,3886.56494,2224.29639
4/13/2018,895.277405,2971.09644,1418.81433,3128.78638,3722.66235,3704.73975,2337.93726
4/14/2018,795.542847,2691.95093,1505.57202,2964.82056,3776.3584,3912.66431,2652.46899
4/15/2018,753.330444,2243.51001,1677.55469,2803.1731,3813.99536,4008.24609,3072.86914
4/16/2018,737.401428,1859.39905,1954.64307,2725.6228,3782.65649,3468.15161,3435.44385
4/17/2018,859.310181,1652.30396,2312.00195,2711.22144,3595.71191,3360.64722,3675.04199
4/18/2018,1238.22583,1554.33997,2713.53271,2701.08105,3434.71143,3442.90308,3807.56689
4/19/2018,1489.98059,1573.24622,2974.07788,2689.73975,3365.17212,3591.78247,3912.39429
4/20/2018,1504.47839,1633.14465,3001.56055,2878.06372,3348.5769,3628.31519,3957.95166
4/21/2018,1478.15308,1828.23962,2832.68872,3305.74219,3295.57324,3632.89795,3897.71411
4/22/2018,1401.48853,2243.27637,2529.49609,3761.71997,3282.94556,4217.53467,3842.43896
4/23/2018,1342.8136,2627.04712,2214.51099,4044.07642,3509.96313,4913.50977,3857.05054
4/24/2018,1280.00684,2767.51587,1959.46533,4224.8042,3959.58594,5184.40771,3909.82739
4/25/2018,1232.06409,2649.0979,1815.50684,4408.40381,4395.69336,4835.38623,3955.41479
4/26/2018,1233.60278,2465.56177,1803.10388,4581.93018,4680.06201,4751.56934,4052.4126
4/27/2018,1282.23779,2342.01807,1956.4397,4797.79688,4935.375,5191.3667,4334.20801
4/28/2018,1376.20276,2278.49707,2234.4043,4779.10791,5270.45264,5813.78516,4789.06543
4/29/2018,1465.52722,2257.77588,2530.49463,4419.24023,5630.12305,6377.22217,5217.04199
4/30/2018,1467.32324,2351.30396,2775.29419,4025.2937,5891.58447,6150.7749,5449.69434
5/1/2018,1366.99963,2554.3269,2879.95972,3981.21558,5844.99951,5765.81055,5598.58105
5/2/2018,1241.57812,2751.99756,2860.54468,4280.09814,5583.29102,5567.39014,5872.55029
5/3/2018,1258.30835,2908.45776,2779.51294,4515.85889,5409.8623,6229.04639,6342.3208
5/4/2018,1589.29468,3067.43628,2685.17651,4645.42578,5566.11182,7118.12305,6869.25293
5/5/2018,2146.90918,3155.14722,2697.14062,4838.99805,6007.81445,7343.47852,7139.99658
5/6/2018,2731.17773,3098.11108,2837.27637,5127.55322,6456.48975,7319.52588,7069.07812
5/7/2018,3227.71069,3133.7627,2927.49316,5339.30176,6873.1167,7819.49658,6918.41162
5/8/2018,3353.60718,3490.82837,2950.14331,5441.66846,7313.67188,8213.45508,6978.54639
5/9/2018,3125.99707,4042.25635,3015.92773,5531.31348,7734.70068,8472.52539,7299.6958
5/10/2018,2749.75317,4587.24512,3137.40503,5594.90283,8092.37939,8580.55566,7737.58203
5/11/2018,2408.89087,5035.96143,3278.72314,5609.54346,8354.7373,8458.78223,8158.1333
5/12/2018,2211.66187,5252.65674,3385.0354,5685.95654,8466.14746,8243.33398,8488.33789
5/13/2018,2063.3064,5131.22412,3514.76099,5792.08887,8441.58887,8168.7373,8736.58887
5/14/2018,2065.84399,4879.9917,3715.49512,5794.1582,8367.86035,8411.53027,8970.27637
5/15/2018,2098.2605,4685.41748,3994.26294,5799.0874,8333.56152,8370.61914,9150.55859
5/16/2018,2116.76123,4607.99609,4345.25244,6047.75879,8256.25293,8066.4126,9159.96973
5/17/2018,2198.08984,4597.55957,4704.64355,6585.17139,8124.45508,8152.09912,9047.875
5/18/2018,2239.55249,4671.81689,5024.3999,7054.50732,8105.00195,8853.82617,8971.22949
5/19/2018,2258.77344,4929.74268,5242.21729,7206.29199,8426.80762,10080.8535,8991.09668
5/20/2018,2310.20142,5154.69336,5331.20264,7072.8501,9012.55371,10333.4307,9036.61035
5/21/2018,2358.27148,5243.38232,5278.30469,6848.90723,9477.57129,10011.8193,9059.94824
5/22/2018,2371.24438,5338.15771,5205.6748,6865.54053,9589.1748,9413.54883,9182.24121
5/23/2018,2355.22217,5420.5249,5201.94434,7176.61865,9447.30273,9561.6377,9578.66113
5/24/2018,2267.98901,5419.66846,5232.36572,7485.60742,9400.38281,10188.4863,10193.7178
5/25/2018,2202.98462,5314.37598,5310.04395,7629.14307,9702.21094,10980.4219,10706.0869
5/26/2018,2228.61768,5102.0127,5428.11816,7683.60352,10267.2393,11007.0107,10959.4395
5/27/2018,2283.11304,4899.73828,5590.01562,7845.45557,10727.4854,10780.2002,11081.5596
5/28/2018,2381.44287,4785.39258,5764.24658,8256.06836,10987.1729,11051.8096,11220.2363
5/29/2018,2323.88062,4821.12305,5864.02002,8573.80566,11261.3369,12470.6064,11463.1377
5/30/2018,2204.21265,5069.82568,5874.1377,8756.91211,11822.9814,13802.4014,11746.9053
5/31/2018,2139.88647,5277.51367,5826.99365,9055.76172,12454.2246,13802.4707,11900.1963
6/1/2018,2056.54541,5377.38818,5736.77588,9415.25098,12818.6592,14117.9805,11995.8076
6/2/2018,1993.65674,5455.67236,5596.54297,9679.9707,13140.5986,14660.5361,12398.6475
6/3/2018,1897.76868,5378.20264,5456.04248,9721.04395,13487.624,14870.9033,13315.3281
6/4/2018,1881.86182,5272.15283,5380.04834,9538.25781,13807.0049,14931.3906,14398.793
6/5/2018,2072.11621,5140.65771,5398.85352,9186.0752,14051.0674,14757.4619,15302.6758
6/6/2018,2473.56372,4945.86182,5535.54102,8878.27734,14189.8906,14623.8115,16093.3564
6/7/2018,2925.97754,4822.46631,5788.25195,8775.07031,14232.0898,14571.8008,16871.8281
6/8/2018,3198.9856,4675.13379,5995.52148,8921.61523,14275.0723,15263.5664,17548.9395
6/9/2018,3253.90308,4615.17969,6040.96533,9242.56055,14508.1846,15310.5342,17799.8672
6/10/2018,3165.83325,4791.33545,5956.93799,9507.98145,14750.5332,15480.4463,17719.6504
6/11/2018,2968.08496,5103.06494,5776.66357,9714.9043,14988.5059,15793.2236,17820.3457
6/12/2018,2750.26147,5397.5752,5615.88135,10014.4463,15156.4746,15326.1465,18222.2402
6/13/2018,2648.25854,5510.10938,5467.90039,10364.8682,15152.4443,15575.7578,18774.1387
6/14/2018,2641.85059,5443.79102,5315.55127,10639.6729,15204.7168,16377.2793,19363.6172
6/15/2018,2597.88135,5247.86084,5187.58789,11000.9375,15489.4336,17010.7012,19972.9414
6/16/2018,2552.57275,4987.51172,5129.33496,11630.1035,15798.9619,16834.5273,20328.2539
6/17/2018,2531.52271,4793.62305,5171.90967,12154.7578,16035.002,17617.5996,20115.8398
6/18/2018,2524.52075,4725.50244,5317.09814,12030.8252,16505.125,19483.2207,19892.4844
6/19/2018,2626.93652,4685.00635,5556.42773,11236.7979,17438.6543,20146.1602,20229.2695
6/20/2018,2860.03467,4640.5,5817.94141,10137.0527,17914.0801,16858.9805,20729.166
6/21/2018,3089.25293,4654.98584,5937.50342,9207.73926,17102.8457,14461.5215,20987.043
6/22/2018,3166.28638,4730.19238,5810.5083,8777.80664,15639.9277,12720.3818,21297.916
6/23/2018,3182.62695,4862.89893,5624.6748,8885.80078,14093.748,11925.8682,21766.5371
6/24/2018,3170.30103,5110.4541,5440.97607,9296.49805,12931.6943,11984.7617,21690.2461
6/25/2018,3110.72217,5516.46582,5285.86377,9695.58398,12397.667,12348.1953,20598.4902
6/26/2018,3163.51953,5967.30371,5309.82275,10069.3389,12416.7959,12951.8652,18932.1406
6/27/2018,3510.0083,6532.96045,5573.87012,10543.3115,12767.2197,13068.6357,17283.3105
6/28/2018,3987.60962,7159.15039,5938.60986,10906.252,13146.0664,13822.2256,16045.7295
6/29/2018,4646.40283,7574.91846,6290.75342,11184.1084,13641.252,15120.1309,15409.876
6/30/2018,5302.20361,7755.63184,6449.1582,11585.9795,14156.8965,15402.2256,15279.8174
7/1/2018,5094.12402,7841.31543,6407.74951,11657.748,14455.6074,16035.3574,15392.0615
7/2/2018,4511.11768,7988.16016,6441.67334,11329.3896,14879.4668,17281.9258,15592.2471
7/3/2018,4197.93262,8266.74023,6602.33545,11088.6641,15397.459,16512.8828,16007.5068
7/4/2018,4010.30981,8707.81348,6910.7627,10899.124,15491.1045,15561.2217,16623.9023
7/5/2018,3920.47388,8746.04688,7256.4043,10508.9658,15253.3711,15423.0049,17366.8828
7/6/2018,3754.77686,8155.8335,7547.96484,10123.1152,15068.8057,15016.6064,18247.3887
7/7/2018,3501.99902,7552.68213,7761.65967,9766.40234,14754.0527,13915.2783,18931.1914
7/8/2018,3300.36255,7143.06055,7939.03125,9408.41602,14192.7344,13459.9316,18974.9727
7/9/2018,3279.35474,6939.69531,8173.31934,9431.73633,13638.124,12724.4395,18589.0312
7/10/2018,3357.88159,6823.95801,8476.12891,9817.53125,13081.5283,12843.4512,18290.2949
7/11/2018,3442.34595,6571.54639,8719.61621,10579.7734,12897.4893,14274.7344,18081.0938
7/12/2018,3488.73242,6252.09131,8724.57227,11655.3281,13252.8955,15435.6162,17765.2441
7/13/2018,3378.23218,6047.46045,8574.93262,12632.9785,14113.3955,17917.3516,17425.2637
7/14/2018,3184.57251,5999.79736,8346.83008,13309.4941,15453.5225,19474.6504,17104.3691
7/15/2018,3008.04517,6022.0332,8032.57178,13891.7246,16995.6973,20887.25,16982.9258
7/16/2018,2890.21509,6224.37793,7713.07568,14569.0771,18278.0547,20575.4883,17393.0273
7/17/2018,2898.38306,6669.09668,7440.99561,15651.2529,19142.3438,21559.3281,18479.6914
7/18/2018,3053.05298,6871.9585,7374.50391,17157.1602,19846.9023,22128.5977,20244.3184
7/19/2018,3281.11548,6738.375,7649.40967,18034.5625,20663.0566,24636.5195,22311.9375
7/20/2018,3503.22681,6816.76172,7741.46143,17935.4883,21981.0234,26359.4746,24047.7988
7/21/2018,3809.04395,7575.70605,7772.12988,17501.6172,23453.9219,26133.2031,25068.0254
7/22/2018,4161.5874,8891.14551,8384.51074,17192.7793,24089.2969,24233.2188,25729.498
7/23/2018,4455.61865,10181.6777,9314.71484,17899.1074,23945.5254,24275.6582,26605.3027
7/24/2018,4484.83301,10902.5088,9523.35645,19415.8164,23790.6504,25432.5,27889.2148
7/25/2018,4213.05225,11001.5322,9111.01172,20205.5469,24459.5605,30141.6426,29381.8418
7/26/2018,4016.6394,11010.2441,8962.50391,20205.4688,26469.8926,32575.8496,30639.6992
7/27/2018,4070.75903,11126.7051,9061.73438,20102.998,28406.4238,30379.6719,31297.7109
7/28/2018,4385.98584,11155.417,9509.27344,20264.584,28881.6289,29160.8926,31517.9316
7/29/2018,4770.61572,11014.2461,10215.5293,21306.6152,28799.5508,30526.7734,32300.6133
7/30/2018,5003.17969,10779.2627,10889.0342,22917.8516,28976.6465,31970.291,34116.2422
7/31/2018,5136.93311,10701.2578,11370.9502,23469.4844,29992.3125,36385.8945,35628.3945
8/1/2018,5067.58789,10825.4922,11565.8242,22736.4961,31842.2344,37118.4492,35844.625
8/2/2018,4866.7207,11030.0957,11556.4102,21834.373,33474.1719,35426.5781,35587.2969
8/3/2018,4689.22656,11175.0361,11499.7441,21139.4922,33694.0156,31231.5879,35701.5156
8/4/2018,4441.14941,11134.415,11420.6719,20831.5156,32494.8027,30043.1387,36657.5742
8/5/2018,4275.66504,10936.2783,11309.6426,20724.1406,31104.8105,29088.5703,38496.5938
8/6/2018,4371.29834,10528.0312,11220.9785,20505.8867,29922.9414,29148.8164,40102.9648
8/7/2018,4553.6626,10042.085,11215.7529,20113.7031,29197.5234,28735.8574,40301.1875
8/8/2018,4648.00488,9550.16504,11300.0117,19322.4219,28708.3555,28233.9004,39222.4766
8/9/2018,4689.36621,9078.91797,11407.625,18385.8809,28232.1719,27613.7051,37805.332
8/10/2018,4625.86816,8762.03906,11489.3672,17624.0254,27616.9434,26134.8672,36715.5625
8/11/2018,4601.95654,8587.2627,11487.5508,17066.3789,26586.0566,24647.748,36175.9336
8/12/2018,4745.52686,8467.57617,11312.1846,16793.0195,25461.5234,24302.8887,35803.7461
8/13/2018,4925.75977,8359.85742,10952.8135,16818.2344,24498.3945,23636.8594,35126.8398
8/14/2018,5060.96094,8302.14746,10507.0195,17241.541,23737.7344,23666.3789,34049.3281
8/15/2018,5090.63867,8318.96875,10071.4785,17925.9414,23403.3613,25104.1699,32713.5078
8/16/2018,5087.96045,8425.43164,9687.3125,18273.5918,24027.1914,27863.7832,31735.9688
8/17/2018,5132.3208,8749.24707,9404.7998,17934.0781,25155.7207,27583.3965,31499.5938
8/18/2018,5464.61475,9523.3623,9403.08008,17245.7363,25836.6875,26882.666,31666.9883
8/19/2018,5894.85986,10307.3623,9800.40234,16756.5918,25748.5215,24258.0605,31870.5059
8/20/2018,5992.23047,10574.1465,10097.9023,16803.9238,24775.4805,22593.0781,32179.1875
8/21/2018,5786.93164,10512.0029,9873.32324,17019.8633,23511.2715,22056.334,32776.5664
8/22/2018,5436.49756,10505.4717,9546.53613,16638.2012,22648.457,22776.4785,33343.207
8/23/2018,5299.1499,10999.6191,9520.33301,16453.7148,22414.9961,22836.0449,33146.543
8/24/2018,5554.38281,11672.4443,9807.3584,17317.418,22193.3125,20806.7051,31795
8/25/2018,5863.75879,11784.8047,10340.8057,18475.1973,21624.0801,22195.0625,29977.4258
8/26/2018,5929.24219,11458.4854,11011.7988,19191.2051,21753.6367,25572.1602,28691.248
8/27/2018,5753.26465,11128.4062,11383.3447,19423.3945,22930.1953,26890.0957,28062.3789
8/28/2018,5410.94629,11108.4521,11453.3457,18921.3262,24147.0742,26877.3418,27578.373
8/29/2018,5109.22266,11384.7988,11567.3291,18048.377,25003.2324,27128.7754,27344.4355
8/30/2018,4928.75488,11627.8467,11746.0605,17659.1289,25414.0938,25521.9258,28185.2617
8/31/2018,4941.2168,11700.5684,12035.0977,17832.2852,25092.6602,24323.332,29715.2051
9/1/2018,5325.25293,12011.9531,12338.959,18265.2695,24521.3242,24577.459,30804.5449
9/2/2018,5848.92773,12445.5244,12393.583,18422.7227,24327.9395,25375.9766,31229.0918
9/3/2018,6302.8833,12168.5039,12289.1924,18088.7852,24472.6992,25417.7793,31078.9062
9/4/2018,6643.44238,11604.6611,12260.7461,17856.1973,24594.3613,24264.2617,30347.8027
9/5/2018,6542.4624,11340.3779,12387.2334,18273.4473,24278.7168,22651.25,29518.2168
9/6/2018,6049.08301,11368.2754,12629.959,18838.5703,23606.7129,22885.1875,29109.8086
9/7/2018,5621.94385,11698.041,12803.4102,19249.377,23325.793,24545.5156,28980.4805
9/8/2018,5372.4375,12150.8164,12872.7861,19552.8594,23654.1094,24776.9746,28697.9297
9/9/2018,5130.52051,12340.248,12819.3506,19245.5645,24014.1289,24778.3145,28014.3086
9/10/2018,4968.51953,11955.458,12588.666,18581.5801,24332.8242,25119.7832,27214.0078
9/11/2018,4941.36475,11199.0127,12275.5703,18161.8262,24457.4629,23713.5352,26951.0898
9/12/2018,4895.07422,10384.668,12109.21,17986.416,24026.8359,23424.5078,27359.8418
9/13/2018,4756.83203,9694.96484,12192.4609,18021.3184,23501.5156,23711.3184,28025.4219
9/14/2018,4630.61084,9170.56055,12407.5264,18142.3984,23321.9492,24540.2168,28652.4902
9/15/2018,4690.93213,8807.75098,12568.7012,18076.7207,23629.541,25614.1016,28911.3691
9/16/2018,4836.01904,8509.25586,12488.8379,17669.1758,24092.3652,25234.9727,28714.6074
9/17/2018,4779.20947,8164.07764,12088.6914,17160.9297,24318.9746,24997.0273,28446.9707
9/18/2018,4693.44434,7890.61377,11520.9414,16909.5352,24334.7324,24298.166,28286.7441
9/19/2018,4844.48828,7955.87012,11058.6279,16912.998,24080.9375,23771.3281,28346.1367
9/20/2018,5156.21484,8436.97949,10754.1768,17049.5293,23721.8789,23685.1406,28663.248
9/21/2018,5369.36816,8898.24121,10458.2266,17395.7305,23556.2422,24209.9922,29031.498
9/22/2018,5281.22461,8999.31738,9997.27344,17628.3594,23504.8125,23585.6289,29212.2383
9/23/2018,4972.98877,8934.38379,9413.35938,17327.416,23427.0176,24108.043,28949.8574
9/24/2018,4696.61328,8802.52148,8946.20996,16691.7598,23482.2988,23938.0898,28472.7773
9/25/2018,4549.91211,8642.3252,8677.93164,15987.0596,23379.1016,22874.8203,28250.7891
9/26/2018,4433.45068,8322.83496,8654.34766,15289.1035,22884.5254,22159.6484,28168.6777
9/27/2018,4299.95264,7780.49609,8800.12402,14585.1533,22238.7461,21371.6816,27986.1016
9/28/2018,4149.48828,7256.23242,8959.8457,13822.6436,21515.8691,20244.0352,27788.7559
9/29/2018,4008.43628,6847.06641,9066.84473,13005.1855,20675.7852,18910.2148,27373.1484
9/30/2018,3936.25977,6555.16797,9157.35645,12300.998,19716.3535,17537.8203,26632.3633
10/1/2018,3979.5188,6284.99268,9177.09766,11780.835,18659.6641,16309.5645,25909.3828
10/2/2018,3998.0769,6026.58301,9031.33301,11369.7246,17557.5078,15393.8838,25244.1113
10/3/2018,3950.98169,5822.22412,8679.17578,11161.666,16567.8398,14801.2461,24344.3672
10/4/2018,3806.41284,5687.52979,8176.15576,11177.3574,15733.0625,14157.6074,23153.6699
10/5/2018,3478.80981,5672.94824,7675.50928,11299.1367,15034.3984,13949.0801,21836.0625
10/6/2018,3146.20581,5718.37646,7244.38135,11377.3057,14570.9277,14063.2314,20507.457
10/7/2018,2951.56177,5729.20557,6884.91895,11361.21,14359.7227,14226.666,19294.9238
10/8/2018,2924.54883,5735.22559,6580.0752,11241.1504,14281.9541,14020.624,18291.2715
10/9/2018,3059.01953,5580.98975,6320.01367,10929.7949,14168.1094,13760.0615,17470.5234
10/10/2018,3262.48682,5151.21533,6112.33301,10432.3135,13977.4521,13320.1279,16820.4512
10/11/2018,3473.40186,4686.20215,5969.40576,9837.49609,13644.0479,12484.9766,16379.9453
10/12/2018,3691.27368,4356.5835,5889.63037,9267.5791,13085.7471,11497.8984,16072.7354
10/13/2018,3858.81885,4215.20459,5849.66895,8783.46973,12355.3369,10613.5195,15781.1484
10/14/2018,3982.51904,4282.36963,5820.89453,8367.4541,11568.9531,10041.248,15447.1494
10/15/2018,4070.25049,4469.2998,5740.38721,7986.26025,10875.8213,9656.52539,15006.9766
10/16/2018,4140.47803,4700.75537,5538.3623,7642.25293,10344.8945,9295.85254,14408.4355
10/17/2018,4197.41064,4914.05322,5235.25391,7370.28369,9876.20508,8879.51855,13693.3701
10/18/2018,4193.76367,5036.99365,4950.70898,7212.76367,9416.49902,8671.65332,12989.3906
10/19/2018,4104.44482,5072.19482,4788.42725,7156.59814,9044.09082,8540.52148,12457.1279
10/20/2018,3991.01123,5047.63721,4724.4502,7181.62402,8806.10156,8883.12988,12093.3203
10/21/2018,3958.00488,5010.86035,4712.15576,7270.09229,8821.74121,9405.79297,11723.7822
10/22/2018,4040.20337,4978.0083,4796.89111,7266.02734,8989.50684,9398.77637,11322.6592
10/23/2018,4275.19629,4936.68994,5024.15918,7109.27588,9100.31934,9554.66406,11018.7822
10/24/2018,4485.20801,4960.66846,5257.94385,6904.93066,9220.52734,9594.8252,10944.166
10/25/2018,4635.28223,5167.37061,5452.53467,6750.06494,9303.23242,9418.05957,11072.1104
10/26/2018,4684.09619,5502.08545,5595.1665,6645.7373,9243.04395,9189.45703,11198.8447
10/27/2018,4595.12109,5899.09326,5610.80957,6691.56641,9114.78027,9088.27246,11253.6055
10/28/2018,4436.56006,6321.66895,5499.9126,6871.01123,8982.26855,8739.60449,11250.957
10/29/2018,4166.1543,6675.03564,5351.5083,6966.1665,8858.37109,8827.00586,11153.7666
10/30/2018,3945.11133,6861.14209,5284.65967,7014.08789,8859.53613,8958.88184,10965.1387
10/31/2018,3872.31519,6793.48047,5311.53955,7034.91797,8912.0957,8657.22559,10719.668
11/1/2018,3917.35986,6485.43066,5454.89795,7012.46631,8865.43848,8596.74121,10448.8691
11/2/2018,3871.12256,6035.72461,5691.42529,6965.19629,8779.77539,8461.81055,10196.3301
11/3/2018,3707.02661,5588.49951,5985.94141,6856.08398,8660.59961,8263.51855,10028.8457
11/4/2018,3553.82275,5275.29199,6291.25098,6670.09668,8500.53027,8008.80811,9903.82812
11/5/2018,3353.92456,5162.729,6535.9541,6470.9751,8276.56836,7658.90527,9744.35059
11/6/2018,3149.50732,5077.12646,6653.0791,6352.24414,7980.14551,7228.729,9578.6709
11/7/2018,3048.2395,4868.57129,6601.25146,6331.80664,7648.65234,6983.03467,9403.06543
11/8/2018,3051.00952,4621.81445,6394.96924,6423.11084,7358.74414,7015.57471,9193.30273
11/9/2018,3097.86011,4372.01416,6093.08301,6616.61816,7189.78857,7100.8833,8944.22168
11/10/2018,3140.29053,4096.61084,5789.58008,6883.79395,7148.25781,7298.21533,8664.45508
11/11/2018,3154.65161,3906.60034,5558.15234,7201.37451,7243.479,7711.49463,8453.70508
11/12/2018,3160.03735,3874.68164,5381.45215,7468.53076,7468.05029,8189.26904,8434.93262
11/13/2018,3147.93066,3998.18652,5218.19141,7576.30664,7810.7168,8826.85645,8490.03027
11/14/2018,3127.70239,4146.08496,5053.29053,7505.76904,8193.05957,8836.95312,8448.25977
11/15/2018,3106.96802,4211.07178,4875.87207,7288.47217,8421.6416,8619.03809,8413.06543
11/16/2018,3079.94995,4236.09033,4657.25049,6992.31592,8445.43457,8346.39941,8526.02344
11/17/2018,3048.04688,4224.68311,4415.36719,6706.99121,8330.69531,7979.78027,8802.52246
11/18/2018,3027.27075,4188.95508,4250.57324,6466.27148,8102.60596,7563.6626,9140.64844
11/19/2018,3010.31104,4131.21973,4216.24072,6271.38965,7806.17188,7197.56396,9343.58203
11/20/2018,2956.28467,4076.61572,4259.16162,6127.01855,7489.07617,6846.42529,9350.91113
11/21/2018,2883.19336,4023.125,4317.3877,5984.49023,7184.62207,6608.65479,9259.65918
11/22/2018,2820.49194,3967.90869,4353.07031,5795.86523,6919.28076,6470.59961,9165.93164
11/23/2018,2772.51831,3918.80811,4341.75293,5559.28711,6706.35986,6327.64307,9005.85547
11/24/2018,2724.19336,3840.1377,4302.93896,5311.68457,6505.28564,6102.07129,8642.14355
11/25/2018,2673.28418,3723.52441,4251.05957,5144.96143,6273.83008,5884.39502,8167.44287
11/26/2018,2620.40991,3595.35962,4194.4165,5107.35693,6018.74121,5709.81152,7748.96436
11/27/2018,2568.52783,3485.11133,4140.0625,5136.72559,5802.69189,5766.4248,7445.29541
11/28/2018,2518.18091,3384.30811,4088.36816,5178.79492,5710.78955,5782.01514,7264.63379
11/29/2018,2469.92773,3286.03711,4035.26172,5208.00977,5708.63916,5761.35938,7183.13867
11/30/2018,2426.53125,3190.57227,3970.76001,5191.604,5741.4834,5762.05615,7097.70215
12/1/2018,2387.24146,3097.06665,3887.27979,5141.3667,5803.05615,5780.31543,6923.22119
12/2/2018,2356.24048,3001.14771,3786.74414,5068.36621,5835.06641,5633.06787,6734.35205
12/3/2018,2332.47876,2904.74561,3679.52051,4976.52686,5786.38965,5479.12891,6607.96777
12/4/2018,2331.67603,2816.58545,3573.29443,4886.51807,5683.69873,5377.58105,6541.44824
12/5/2018,2399.06226,2737.43213,3470.45435,4800.59766,5553.61719,5286.97559,6512.04346
12/6/2018,2492.0249,2670.65625,3371.22241,4723.86035,5408.52344,5167.23877,6476.05176
12/7/2018,2508.021,2615.79663,3274.49438,4654.24512,5276.23438,5054.81396,6393.54346
12/8/2018,2462.25415,2578.53809,3181.24707,4562.87646,5163.09814,4980.24561,6282.00244
12/9/2018,2444.02686,2625.35718,3097.677,4454.5127,5079.90967,4902.37842,6182.85791
12/10/2018,2452.16968,2784.50903,3061.39282,4379.16211,5020.74072,4808.92432,6100.97754
12/11/2018,2386.39819,2975.61255,3058.57373,4516.16406,4977.44043,5028.61914,6033.9292
12/12/2018,2266.47729,3022.5293,2992.427,4852.46973,4985.60791,5152.62061,5976.35254
12/13/2018,2165.59546,2989.50903,2879.12744,4977.95166,5134.15186,6096.2207,5924.09424
12/14/2018,2081.3313,3021.63135,2796.25684,4818.31934,5496.76807,6325.53076,5898.09082
12/15/2018,2005.43884,3012.31445,2776.8811,4593.80322,5796.37939,5864.3877,5926.69385
12/16/2018,1936.97693,2904.2124,2823.8252,4368.13281,5763.70068,5241.21924,6051.9707
12/17/2018,1852.88794,2757.12183,2904.68018,4179.30078,5510.05713,5024.67725,6318.55713
12/18/2018,1743.02771,2649.12207,2977.92456,4033.10059,5217.16162,4822.70166,6700.06982
12/19/2018,1660.80396,2553.95752,3017.89038,3865.87695,4960.73193,4667.45703,6991.70996
12/20/2018,1628.05432,2447.28345,3036.77368,3676.71802,4755.30615,4499.20605,7034.38037
12/21/2018,1631.63123,2346.23438,3031.95923,3536.84668,4580.63086,4208.88086,6854.91455
12/22/2018,1637.35986,2220.98071,2988.74829,3485.86792,4368.1626,3881.54932,6556.87939
12/23/2018,1602.53796,2091.38306,2911.50415,3521.83838,4133.0918,3713.62695,6255.58691
12/24/2018,1527.63879,2007.9303,2817.77051,3614.72632,3943.32349,3699.03491,5992.05371
12/25/2018,1433.88452,1972.3877,2720.13623,3711.51001,3847.76904,3730.11304,5751.41699
12/26/2018,1343.13757,1965.35913,2620.72876,3765.48267,3842.18213,3807.66138,5495.69043
12/27/2018,1268.7533,1947.9364,2518.80493,3778.09766,3894.66553,3908.70703,5230.46631
12/28/2018,1203.47144,1890.53442,2410.11865,3751.50977,3953.21899,3999.58984,4902.67285
12/29/2018,1139.88928,1800.83997,2288.89062,3679.50781,3986.71143,4081.25024,4558.60986
12/30/2018,1080.63,1701.73218,1988.10547,3578.24487,4003.77441,4050.59912,4506.36963
12/31/2018,1048.13672,1618.36121,1661.22473,3494.39819,3995.98267,4031.47559,4784.90674
1/1/2019,1054.41321,1568.83801,1664.42615,3396.32202,3950.13745,3895.03613,5209.92578
1/2/2019,1066.56848,1508.42773,1788.91016,3284.73779,3878.46655,3921.61719,5518.28467
1/3/2019,1055.79785,1431.84155,1848.99658,3219.71973,3809.02197,3682.25122,5564.36963
1/4/2019,996.358643,1380.36084,1866.1593,3142.99536,3716.12329,3476.8291,5509.58154
1/5/2019,922.562683,1360.09814,1822.08264,3022.12549,3641.97144,3320.12305,5439.45996
1/6/2019,896.028381,1362.95447,1752.84033,2735.66089,3602.78589,3221.82031,5433.55908
1/7/2019,887.738464,1358.0061,1686.05286,2368.98462,3527.56665,3172.38013,5472.29102
1/8/2019,881.559937,1320.41821,1631.1543,2277.04663,3385.86865,3171.96216,5417.46875
1/9/2019,1019.45056,1254.86621,1580.80457,2360.89209,3036.4624,2967.15308,5260.10498
1/10/2019,1622.97058,1265.89697,1589.71252,2407.54883,2678.81494,2595.42529,5046.92236
1/11/2019,2524.89917,1430.07947,1625.90564,2413.1814,2596.70581,2402.14209,4811.63916
1/12/2019,3030.00635,1633.64368,1640.65369,2363.16821,2618.17456,2415.68311,4602.72656
1/13/2019,3242.13428,1884.85632,1604.59937,2280.25,2616.55029,2439.43384,4419.08838
1/14/2019,3030.23438,2440.6709,1508.11975,2190.81079,2588.94092,2456.37378,4194.81738
1/15/2019,2616.28784,3383.24976,1424.4917,2106.0459,2521.19385,2372.58813,3915.90552
1/16/2019,2607.11133,4098.20947,1383.10474,2033.90125,2423.06201,2280.85205,3660.52075
1/17/2019,2639.03516,4306.33057,1415.11414,2006.26111,2320.94238,2176.8501,3483.63208
1/18/2019,2551.34351,4184.67334,1520.14587,2001.69507,2226.07153,2108.50464,3381.48315
1/19/2019,2389.23096,3748.80933,1710.43713,1980.79651,2151.91162,2139.52905,3323.00488
1/20/2019,2270.02588,3477.49561,2051.03784,1919.01111,2127.99976,2162.03296,3269.95947
1/21/2019,2228.53979,3488.50195,2574.40625,1813.09338,2119.69116,2119.95825,3209.36768
1/22/2019,2206.71387,3455.30664,3164.03101,1713.24524,2090.6853,1995.49597,3145.25269
1/23/2019,2151.9292,3312.27368,3629.82886,1656.07837,2019.8291,1821.86255,3095.56714
1/24/2019,2027.92407,3141.98169,3861.13062,1665.50952,1910.86926,1750.40698,3077.12988
1/25/2019,1856.34204,3030.49487,3852.32397,1747.53076,1815.84106,1770.81323,3068.90552
1/26/2019,1656.85388,2951.36865,3721.21704,1916.93262,1774.05151,1892.65356,3040.87427
1/27/2019,1461.51086,2858.84009,3602.13379,2230.74487,1805.05322,2045.99829,2974.24634
1/28/2019,1300.48657,2728.6377,3519.00342,2720.64941,1904.01282,2301.98389,2870.87622
1/29/2019,1181.2572,2554.51636,3437.2373,3286.47119,2097.83008,2829.66382,2757.91406
1/30/2019,1089.84216,2353.42261,3339.72949,3749.83203,2449.87305,3588.78149,2681.65625
1/31/2019,1012.39087,2143.63428,3217.01953,3995.40088,2962.55249,4216.31641,2687.14331
2/1/2019,944.064148,1952.12158,3089.55737,4025.64111,3518.14429,4457.5791,2767.12549
2/2/2019,875.176941,1797.0343,2987.54053,3924.58545,3948.62622,4370.97314,2938.24243
2/3/2019,821.576782,1678.11853,2884.54517,3834.50391,4156.41943,4080.15283,3263.68579
2/4/2019,783.093628,1581.32715,2756.0061,3832.79053,4160.78467,3839.40088,3722.18042
2/5/2019,731.640564,1496.3949,2602.14746,3818.39844,4060.40723,3760.9519,4196.85742
2/6/2019,679.054504,1413.30139,2425.68115,3708.44897,3996.47974,3710.81177,4549.26172
2/7/2019,645.263794,1333.95471,2241.23047,3535.79712,3996.47437,3654.8877,4695.46875
2/8/2019,629.439087,1268.6001,2066.71045,3379.68579,3943.58716,3575.28003,4654.60693
2/9/2019,622.337646,1198.99902,1913.97229,3287.41016,3793.16064,3445.9541,4519.9502
2/10/2019,618.54364,1116.11633,1784.80676,3218.37622,3599.96216,3316.96338,4378.84131
2/11/2019,611.976196,1039.19678,1675.10571,3127.7395,3448.14893,3217.08521,4261.28662
2/12/2019,601.758667,980.390686,1577.96448,3011.46899,3362.84717,3136.81543,4162.41357
2/13/2019,589.84613,935.552429,1490.79785,2854.77588,3297.21802,3115.49634,4061.99316
2/14/2019,578.850952,898.497559,1411.43982,2646.92334,3219.49121,3034.12817,3942.22192
2/15/2019,575.800537,863.74054,1335.14319,2429.54443,3105.86475,2852.59155,3805.42114
2/16/2019,591.00238,827.874878,1261.61169,2237.58813,2928.02734,2552.93457,3664.84399
2/17/2019,632.493469,791.714111,1207.86938,2074.83179,2700.09131,2347.5332,3536.69165
2/18/2019,700.909119,758.908264,1199.7439,1974.92761,2475.79102,2182.729,3425.802
2/19/2019,787.330994,741.560913,1163.61987,1921.98914,2284.5603,2058.26221,3308.12695
2/20/2019,871.133972,738.107605,1078.68103,1932.97327,2152.11621,2188.20972,3152.3667
2/21/2019,931.037781,746.920837,1004.67188,2049.86597,2120.82788,2166.49731,2960.56812
2/22/2019,954.652466,781.707031,936.944641,2149.67725,2102.33325,2213.4353,2768.66113
2/23/2019,935.256226,842.955933,881.031372,2197.8125,2147.30591,2657.96509,2612.16187
2/24/2019,884.780579,917.971802,838.350403,2141.76025,2304.0752,2661.40039,2530.87769
2/25/2019,823.327576,984.985779,806.752808,1961.66663,2430.98145,2713.90845,2515.87598
2/26/2019,761.042603,1024.99133,786.501465,1759.6864,2476.53125,2338.65698,2509.23096
2/27/2019,704.232239,1026.32812,780.074036,1568.0271,2369.24268,1973.41699,2554.64844
2/28/2019,655.24231,990.224487,792.573059,1439.97607,2161.61011,1724.7865,2676.30103
3/1/2019,614.101685,935.692505,825.482666,1439.86877,1951.85278,1540.11279,2779.4751
3/2/2019,576.250183,882.522949,874.873047,1526.61658,1776.58899,1480.49805,2787.86816
3/3/2019,543.571899,832.666687,928.294922,1559.19092,1674.34607,1594.92554,2664.31982
3/4/2019,551.76239,780.12793,976.013367,1581.67725,1691.83435,1803.1416,2446.36499
3/5/2019,676.98407,729.567993,1003.83575,1608.04968,1759.67004,1662.9375,2221.19653
3/6/2019,851.437927,683.94519,1003.92596,1620.22913,1801.40332,1713.26514,2047.35376
3/7/2019,905.213257,641.958435,982.456604,1670.86731,1877.76257,1699.44165,1960.26086
3/8/2019,844.116028,615.822571,946.891174,1708.84033,1925.44238,1756.4574,1967.96375
3/9/2019,735.472778,672.860474,904.050842,1729.25415,1953.04688,1900.47144,2011.10693
3/10/2019,621.012146,832.203003,857.81311,1745.21521,1993.36633,1811.16528,2021.82227
3/11/2019,542.513611,956.927307,810.55957,1750.39917,1993.67932,1731.82471,2012.39868
3/12/2019,499.459747,957.085815,764.15387,1736.27209,1968.99097,1730.86597,2004.07385
3/13/2019,480.403961,872.215027,720.835327,1691.85034,1934.47839,1741.0481,2017.56311
3/14/2019,475.818573,757.172607,690.188171,1621.36462,1894.48572,1736.04065,2047.07129
3/15/2019,479.182281,656.837891,694.617981,1529.77515,1841.85486,1724.30042,2045.29993
3/16/2019,492.156097,592.951599,748.196167,1431.41736,1772.03088,1704.13013,2017.8916
3/17/2019,533.872681,560.19281,826.280823,1334.63391,1684.99023,1660.58435,1988.98706
3/18/2019,615.367188,547.293091,882.696106,1244.20435,1584.50391,1588.34875,1960.30969
3/19/2019,721.474548,554.705505,891.811829,1162.45154,1482.65198,1494.0946,1931.92896
3/20/2019,826.67981,580.919861,861.586243,1087.94788,1384.3667,1391.41333,1905.26685
3/21/2019,904.229675,628.75769,799.544373,1028.26709,1293.95178,1294.38428,1877.25977
3/22/2019,938.118469,704.832886,728.769714,1010.448,1212.33215,1212.16748,1839.21814
3/23/2019,927.470276,798.089844,674.36145,1055.68262,1139.55933,1149.74316,1784.43921
3/24/2019,883.420715,895.82019,633.089783,1125.93225,1089.13318,1118.3634,1712.42004
3/25/2019,822.158081,977.25885,613.395691,1178.75293,1091.67883,1176.11243,1632.41418
3/26/2019,758.362427,1021.77075,621.7771,1199.49988,1167.4541,1260.48743,1553.24512
3/27/2019,700.969116,1026.58813,648.462219,1163.88464,1260.026,1290.75696,1479.07654
3/28/2019,652.68512,999.730164,694.765625,1072.98669,1318.62231,1446.22864,1412.02148
3/29/2019,612.256348,965.879089,784.537537,986.688721,1343.48596,1446.99304,1371.62891
3/30/2019,577.25354,931.572815,900.99353,990.575928,1309.44971,1359.67212,1374.57007
3/31/2019,547.43457,878.841003,1010.46777,1141.45325,1235.0061,1318.36694,1401.37158
4/1/2019,529.055237,832.85907,1078.68628,1371.92737,1203.96057,1562.52686,1464.80139
4/2/2019,531.057373,835.240234,1082.38098,1531.97815,1330.66003,2134.71753,1559.05212
4/3/2019,521.013245,814.320007,1061.72241,1641.84949,1623.87219,2420.45093,1628.83447
4/4/2019,545.217407,759.567566,1033.86487,1774.39209,1946.89832,2378.63721,1670.00977
4/5/2019,769.916077,734.189331,998.606201,1863.31494,2157.67505,2292.41968,1722.37134
4/6/2019,1196.19971,731.422546,964.173218,1924.21667,2309.21167,2315.14331,1869.15613
4/7/2019,1576.44653,724.068909,937.743347,1995.91626,2464.93774,2275.52734,2132.77368
4/8/2019,1764.30652,708.102173,913.634888,2048.51196,2590.7229,2497.80518,2388.82422
4/9/2019,1699.69214,803.562195,883.970398,2079.36548,2710.36353,2521.15527,2535.9834
4/10/2019,1406.17017,1116.89087,848.853882,2096.60596,2793.99414,2509.84204,2586.24658
4/11/2019,1089.37939,1522.07812,810.356384,2112.56421,2824.73462,2588.96216,2588.05933
4/12/2019,855.883606,1817.88489,782.09845,2122.07471,2818.3418,2609.02832,2591.09985
4/13/2019,710.050293,1893.5459,761.676636,2122.38452,2791.24365,2643.9082,2629.11792
4/14/2019,643.822815,1714.80774,754.496765,2126.05762,2766.68433,2721.12256,2672.78125
4/15/2019,631.372314,1402.17847,796.342163,2178.2561,2758.65356,2814.69409,2710.22266
4/16/2019,638.204102,1121.34583,939.688721,2268.10181,2762.8562,2799.11914,2766.3811
4/17/2019,658.395386,926.582947,1183.64221,2297.06372,2762.18677,2947.07227,2836.83838
4/18/2019,707.899536,815.301514,1451.13037,2215.94141,2816.948,3204.42969,2937.34277
4/19/2019,788.37738,777.537537,1658.86389,2111.92334,2910.15527,3178.5564,3071.43457
4/20/2019,887.141785,787.30188,1736.79724,2009.76099,2913.44336,2920.23315,3185.15137
4/21/2019,983.216919,811.069458,1665.51196,1927.07617,2808.63623,2809.12109,3250.00928
4/22/2019,1050.16956,854.003723,1478.67786,1876.13208,2677.12183,2641.48975,3318.2251
4/23/2019,1066.60132,956.658325,1259.04773,1883.71143,2547.46021,2597.44873,3397.79736
4/24/2019,1039.65991,1093.44763,1104.93604,2134.23364,2449.78296,2567.40332,3414.77783
4/25/2019,1001.49652,1213.87732,1019.45422,2477.28052,2410.80615,2568.20068,3343.32495
4/26/2019,961.566467,1296.16028,966.486694,2583.17993,2478.60376,2871.64185,3219.66138
4/27/2019,912.785706,1335.67957,962.373474,2510.86426,2763.35474,3126.71265,3078.1897
4/28/2019,861.17627,1341.80127,988.646851,2439.13135,3040.27759,2811.15063,2961.12695
4/29/2019,795.689026,1323.56238,1021.45123,2324.41113,3105.45874,3038.80054,2894.73193
4/30/2019,734.776123,1294.3999,1097.60864,2197.75684,3121.37817,3539.87939,2897.72876
5/1/2019,707.967773,1268.06628,1195.65125,2162.18384,3175.0459,3682.33984,3001.15503
5/2/2019,703.483215,1265.98401,1258.22546,2112.5603,3149.35059,3493.37061,3109.63354
5/3/2019,689.056458,1207.40112,1294.3623,2108.26758,3081.54858,3495.6499,3164.80713
5/4/2019,713.32135,1088.21484,1328.45581,2192.97168,3032.23828,3066.81592,3289.20093
5/5/2019,934.263123,1003.9989,1377.18225,2267.24683,2971.40137,3251.5061,3506.50439
5/6/2019,1338.4314,975.221191,1472.5127,2496.6167,3044.69751,3339.1167,3700.73926
5/7/2019,1711.76282,953.760498,1569.28027,3126.15161,3218.47485,3526.35889,3818.69263
5/8/2019,1931.69336,919.700073,1598.94629,3832.69238,3465.2063,4720.94238,3873.76831
5/9/2019,1949.05396,1017.24414,1602.0542,4273.1958,4206.33008,7492.84326,3886.20679
5/10/2019,1695.26929,1338.56641,1579.91248,4820.10986,5507.92432,7742.02832,3904.37329
5/11/2019,1337.22058,1737.98401,1472.27087,5774.15674,6608.70752,8580.57324,4027.84131
5/12/2019,1064.53979,2032.35315,1315.67554,6272.93945,7512.62451,9924.31738,4437.73828
5/13/2019,884.527222,2162.62158,1184.6051,6023.38965,8805.62305,12692.3691,5382.6084
5/14/2019,804.090332,2063.07251,1128.21753,5543.41162,10271.2236,12241.8828,6749.76221
5/15/2019,783.639099,1791.37085,1184.23572,4928.24268,11037.0947,11044.3057,7960.88379
5/16/2019,775.947327,1530.79016,1365.12952,4467.23584,10945.7178,9893.37891,8995.19336
5/17/2019,783.693481,1349.73438,1630.62915,4184.08301,10378.999,8686.39746,10227.3828
5/18/2019,840.587524,1254.12732,1870.87512,3919.74414,9512.6709,7977.82715,11445.8496
5/19/2019,924.692566,1261.00647,2036.69055,3734.76245,8745.49609,7625.9624,12061.5098
5/20/2019,1007.23737,1265.84741,2098.1106,3667.4668,8123.36377,6975.38818,11940.3398
5/21/2019,1089.12036,1206.46191,2018.21448,3610.7439,7570.39648,6822.48584,11304.7324
5/22/2019,1153.93555,1177.81702,1871.77307,3551.95581,7194.62695,6732.11377,10379.0654
5/23/2019,1189.58069,1214.00623,1758.97705,3673.86768,6950.27051,6517.75879,9535.07617
5/24/2019,1177.7301,1272.69446,1670.14563,4034.9917,6710.91455,6168.98486,8921.78223
5/25/2019,1129.12231,1331.77148,1621.7627,4458.13281,6488.76953,6389.49902,8564.21875
5/26/2019,1078.39966,1419.49792,1580.37244,4759.87402,6564.8833,7004.38232,8544.5293
5/27/2019,1041.50635,1592.69934,1511.62695,4751.82422,6848.64258,7176.88916,8645.9834
5/28/2019,1003.68732,1741.28284,1460.34937,4550.79297,7195.71533,7691.9248,8510.0752
5/29/2019,946.293579,1755.15259,1434.31555,4394.8584,7493.62061,7614.16016,8258.31934
5/30/2019,895.406677,1742.69653,1475.90479,4323.78467,7572.19092,7695.07471,8247.96875
5/31/2019,928.149536,1743.43958,1575.76562,4289.81689,7474.15381,7650.3252,8424.95215
6/1/2019,1168.24976,1720.49475,1703.77844,4336.53467,7335.77246,7844.11475,8622.33594
6/2/2019,1384.87427,1747.6615,1858.74048,4471.19434,7229.06494,7557.64746,8908.77637
6/3/2019,1370.83545,1861.35803,2067.32544,4641.26953,7155.76709,7732.64941,9237.96094
6/4/2019,1318.44263,2046.51184,2322.0647,5232.66699,7188.54297,7792.5127,9418.85254
6/5/2019,1447.85229,2229.75049,2361.55713,6349.43115,7326.24219,8115.14893,9413.75293
6/6/2019,1829.85645,2454.46094,2220.32739,7514.33154,7601.66016,9232.58105,9364.81445
6/7/2019,2241.57861,2654.14551,2206.53979,8432.05566,8379.59082,11313.0713,9402.05664
6/8/2019,2450.63306,2667.99463,2244.00293,9021.69922,9544.21973,11900.8164,9602.8623
6/9/2019,2364.4624,2682.45947,2257.47412,8889.8252,10624.2959,12460.9053,9954.19141
6/10/2019,2115.63379,2894.89844,2298.30835,8096.12842,11470.29,12405.3984,10400.6885
6/11/2019,1841.21399,3209.7085,2389.86035,7238.08203,11857.8525,11131.1641,11022.1582
6/12/2019,1596.66675,3423.48315,2532.63452,6411.76172,11520.2793,9479.63965,11803.9277
6/13/2019,1450.98682,3416.6228,2681.34131,5707.37402,10670.6533,8852.12402,12508.7012
6/14/2019,1374.67493,3210.1897,2792.0188,5369.27344,9811.54102,8075.25928,12969.9248
6/15/2019,1355.177,2944.57617,2903.29712,5424.68066,8970.88281,7474.64404,13023.5117
6/16/2019,1349.25623,2673.0105,3044.54614,5892.22754,8277.00098,7654.32178,12500.9287
6/17/2019,1320.29688,2453.68848,3256.14551,6612.41846,7986.55664,8434.82324,11653.4775
6/18/2019,1293.79248,2334.79468,3533.98877,7075.26709,8163.12793,9767.45703,10904.2832
6/19/2019,1297.85046,2336.26147,3696.21069,7349.42334,8830.67285,11021.5625,10385.499
6/20/2019,1318.34241,2396.86499,3674.58032,7603.08398,9637.29199,11163.502,10191.8379
6/21/2019,1338.66028,2381.39111,3500.51587,7641.87354,10284.9463,11752.1348,10369.4062
6/22/2019,1376.83997,2316.15308,3223.88086,7573.49463,10789.9775,11703.0889,10766.8379
6/23/2019,1436.25293,2248.71411,2944.62183,7522.63574,11040.6416,11232.6357,11323.2783
6/24/2019,1474.08728,2194.63965,2726.08179,7433.35645,10980.7979,10455.1846,11987.0625
6/25/2019,1522.53198,2191.05371,2626.95142,7153.75488,10725.7686,9954.68359,12737.21
6/26/2019,1652.40601,2201.86792,2637.38281,6696.62549,10429.5986,9219.18359,13547.0166
6/27/2019,1756.29456,2247.39746,2642.7666,6283.86621,10019.6318,8199.4834,14021.1084
6/28/2019,1809.27502,2306.62817,2596.72632,6091.20312,9411.71094,7406.74316,13840.9551
6/29/2019,1866.39185,2350.96265,2537.16919,5919.38965,8708.94727,7394.07324,13232.4678
6/30/2019,1897.10205,2533.4668,2444.12378,5629.36182,8167.8877,7964.50732,12550.0332
7/1/2019,1982.13489,2805.83667,2355.25781,5356.79785,7855.96045,7789.98145,11902.5918
7/2/2019,2121.56128,2927.0647,2340.15381,5101.17432,7575.1748,7766.01221,11332.0811
7/3/2019,2255.99512,2983.9314,2424.33667,5109.69482,7311.6626,7534.36035,10905.3281
7/4/2019,2387.9248,3158.2019,2596.32861,5731.84277,7122.14746,7563.41162,10708.3193
7/5/2019,2531.38477,3682.77588,2775.59863,7355.54004,7178.75977,9632.52148,10973.6289
7/6/2019,2668.54395,4158.50928,2938.07593,10561.125,7978.87012,12746.6504,11792.876
7/7/2019,2944.72437,4345.56445,3070.65112,12828.334,9521.30078,15426.5488,12610.5947
7/8/2019,3421.09692,4406.93701,3113.62671,12318.8574,12051.9385,21702.1465,12658.624
7/9/2019,3830.05811,4307.68262,3124.90723,10949.499,15340.6553,19493.5156,12280.1523
7/10/2019,3782.74438,4263.27734,3231.89795,9511.56934,16555.4902,13745.5898,12594.1807
7/11/2019,3598.86816,4328.15332,3480.19727,8176.00195,15316.5137,12057.8105,13934.0713
7/12/2019,3655.47949,4617.5791,3804.16602,7216.69238,13716.1836,10790.7334,16210.415
7/13/2019,3752.78003,5096.11621,4091.58252,6664.2041,12146.2188,9624.7959,18628.8945
7/14/2019,3795.77075,5296.87744,4270.76953,6447.42334,10774.4912,8661.74512,19211.0293
7/15/2019,3700.22729,5147.75342,4340.51025,6415.14551,9726.34863,8233.78418,17777.2988
7/16/2019,3519.17285,5068.83838,4360.12158,6459.9375,9029.10254,8187.35693,15850.7422
7/17/2019,3353.4043,5135.26953,4407.41797,6459.69971,8612.33789,8110.2959,14127.2314
7/18/2019,3272.65063,5151.41357,4549.21631,6538.95752,8392.0625,8075.43164,12861.5547
7/19/2019,3224.4043,5031.48584,4785.42529,6674.57715,8254.19531,7970.72852,12236.8652
7/20/2019,3164.28809,4805.31689,5018.93018,6677.03857,8101.13232,8186.54785,12111.7627
7/21/2019,3116.87231,4550.92383,5160.15137,6591.56104,8079.55615,8396.4834,11944.9863
7/22/2019,3001.1499,4401.72314,5227.04004,6510.76611,8128.77734,8430.80078,11423.0928
7/23/2019,2861.73364,4403.25488,5279.01514,6604.34473,8099.58154,8227.17383,10762.9297
7/24/2019,2833.23853,4476.17188,5333.82227,7044.96387,8050.97461,8469.96777,10301.9189
7/25/2019,2892.77954,4654.61865,5409.21143,7787.26855,8213.39746,9838.78516,10244.8916
7/26/2019,3039.54834,4797.87402,5423.84375,8421.18555,8846.5,12095.0625,10494.2139
7/27/2019,3352.87891,4863.90918,5336.80811,8862.35059,10106.6787,14186.916,10776.5996
7/28/2019,3605.83472,4936.44092,5204.67969,9115.21582,11676.9473,14842.0488,10873.4795
7/29/2019,3544.18286,5021.63623,5034.25977,9008.64746,12892.3193,14639.1787,10978.1738
7/30/2019,3325.23364,5251.8623,4904.60303,8785.90137,13517.5195,14227.7373,11613.7041
7/31/2019,3134.77783,5689.91309,5067.93018,8584.62988,13557.6055,13284.833,12929.2705
8/1/2019,3043.28906,6233.00537,5649.30273,8518.2666,13215.0869,12925.4219,14574.3545
8/2/2019,3042.13696,6656.32812,6031.89404,8733.72559,12894.9492,13329.291,16203.2188
8/3/2019,3075.98315,6802.25391,6003.03271,9091.3916,12941.7871,14813.5977,17552.873
8/4/2019,3151.27759,6953.84912,5993.19434,9640.60742,13551.5566,15639.7441,18139.1484
8/5/2019,3386.2063,7375.65771,6095.63916,10207.6738,14226.9248,15206.6768,17882.8086
8/6/2019,3933.15259,8299.54395,6463.02588,10374.6562,14603.6416,15588.0654,17330.2441
8/7/2019,4499.70703,8694.38672,7076.30176,10503.3867,14906.9043,15456.2725,17043.8848
8/8/2019,4837.61035,8315.38965,7573.13672,10911.8213,14930.9346,14409.4141,17293.7559
8/9/2019,4768.39062,8186.81543,7731.26904,10713.0869,14563.3145,14360.25,17920.6816
8/10/2019,4585.37451,8407.65234,7828.73877,10168.6113,14362.5068,15397.2979,18708.207
8/11/2019,4778.64551,9002.50781,8127.62988,10188.8477,14298.0674,13208.1279,19513.4062
8/12/2019,4993.68311,9494.88086,8412.01465,10361.4756,13697.5303,12497.9893,19992.1211
8/13/2019,4972.76514,9493.66211,8611.70801,10537.4209,13101.8262,13357.1621,19832.8906
8/14/2019,4839.66504,9166.85156,8707.30273,11191.1895,13036.3086,13612.3516,19241.6895
8/15/2019,4698.79932,9038.36133,8669.24219,12587.9912,13083.1416,13549.2344,18414.457
8/16/2019,4549.09863,9196.95703,8563.72559,14057.876,13330.2227,15352.5586,17325.4512
8/17/2019,4524.50732,9365.8125,8462.69434,15059.8809,14241.4551,18120.002,16501.5371
8/18/2019,4584.62988,9494.09473,8774.30859,16208.9023,15789.2412,19605.3867,16217.8262
8/19/2019,4491.38477,9433.0498,9499.30859,18109.6816,17349.332,20117.7402,16110.1309
8/20/2019,4295.08447,9106.6582,9974.21094,19218.0527,18599.0059,21564.7734,16259.4268
8/21/2019,4099.43652,8832.42285,9981.86914,18601.5293,20078.5605,25385.4297,17131.6816
8/22/2019,3961.27173,8828.35645,10014.6709,17922.7285,21926.2988,24636.1055,18745.1309
8/23/2019,3938.16479,8746.31543,10327.4785,17881.5977,22616.082,21398.6035,20568.3262
8/24/2019,3942.7168,8489.41406,10597.4707,18294.7852,22104.0137,21972.6016,22318.1367
8/25/2019,3927.271,8245.3252,10561.5107,18877.2891,21977.7812,24400.7734,24261.5332
8/26/2019,3914.48193,7993.01465,10335.5596,19411.4922,22692.0254,27326.5957,26012.8262
8/27/2019,3872.38574,7821.98682,10112.3203,19522.5723,24085.373,29046.0488,26459.5176
8/28/2019,3785.35327,7718.96973,9928.28027,19162.5176,25716.1289,29023.4961,25856.1992
8/29/2019,3678.66309,7668.47461,9732.18555,18826.1992,26894.6406,28769.4824,25598.6465
8/30/2019,3604.71167,7716.15674,9454.6582,18660.7246,27329.5371,27951.7891,26348.7227
8/31/2019,3619.41895,7604.75537,9156.51562,18539.5508,27333.7168,27191.9609,27930.5586
9/1/2019,3722.43579,7296.48047,9018.71582,18130.5352,27280.125,29447.5059,29992.3047
9/2/2019,3846.75635,7013.48242,8957.41016,17575.1934,27640.4492,32099.3027,32305.4688
9/3/2019,3846.54272,6802.01514,8838.36621,17015.8789,27922.3066,30474.9238,34214.6289
9/4/2019,3727.11963,6655.80469,8735.20117,16972.4062,27999.1914,32280.2617,34987.4258
9/5/2019,3522.63232,6575.73047,8619.28809,17986.1914,29216.3926,37794.3516,35606.1133
9/6/2019,3255.06787,6684.17188,8471.96191,19369.0527,32059.0723,45153.8086,37544.3008
9/7/2019,3093.39185,6831.25195,8365.04199,19785.0957,36508.4141,52189.8633,39688.7656
9/8/2019,3092.30664,6770.97119,8280.84375,19482.959,41692.1289,53291.6719,40372.7461
9/9/2019,3190.12256,6458.07422,8161.26416,18727.8516,45059.0508,47881.0039,40825.1602
9/10/2019,3320.79346,5940.09521,8052.4707,17324.4277,45400.7461,44782.2109,43208.8828
9/11/2019,3468.12573,5439.68652,8000.40283,16225.9688,44024.7461,40457.9727,47734.3672
9/12/2019,3711.61816,5148.39404,7998.67822,15512.8623,41351.0391,34349.5,52609.1406
9/13/2019,4059.83203,5121.88281,8029.67334,14925.2832,37644.4297,31117.6855,55308.3633
9/14/2019,4316.37598,5194.75293,8021.51465,14740.5811,34240.7539,28653.6855,54874.6055
9/15/2019,4381.97021,5264.95703,7837.91553,14622.0586,31403.1172,26619.166,52239.832
9/16/2019,4180.28564,5507.69092,7368.479,14100.8066,29120.5605,25969.9805,48237.957
9/17/2019,4014.52246,5900.62549,6748.5332,13575.0586,27586.3242,24954.1367,43732.4258
9/18/2019,4227.99414,6198.33936,6192.98242,13097.9521,26225.6289,22676.7578,39741.4297
9/19/2019,4440.78906,6242.30029,5807.00146,12465.0479,24653.6133,21708.3828,36519.8281
9/20/2019,4395.75244,6024.9082,5629.94824,11926.4502,23229.3496,20566.791,34128.1367
9/21/2019,4198.89404,5664.24854,5660.05762,11472.9082,21858.4766,19044.6367,32456.3027
9/22/2019,3999.20288,5511.86572,5788.9126,10963.5771,20480.8164,17953.832,30984.7266
9/23/2019,3887.0564,5596.85547,5935.15137,10240.04,19322.8906,16976.2871,29661.0449
9/24/2019,3869.12915,5604.7334,6104.64062,9381.53125,18291.3359,16119.5771,28847.6836
9/25/2019,3885.91919,5472.18945,6199.67578,8627.15137,17235.2598,15134.2842,28225.0039
9/26/2019,3840.1958,5223.67822,6161.80518,8080.7959,16118.2969,14194.4746,27102.2188
9/27/2019,3703.67847,4965.52637,6015.31934,7764.48584,15084.4258,13593.748,25294.2324
9/28/2019,3524.89575,4827.7915,5857.08057,7657.06006,14264.8906,13055.9189,23201.3027
9/29/2019,3338.63159,4775.19141,5768.80371,7680.20361,13636.8398,12590.3887,21368.6191
9/30/2019,3175.77075,4730.12939,5736.28809,7750.09521,13168.9971,12314.3047,19866.6855
10/1/2019,3058.30762,4604.0166,5702.33252,7843.39404,12809.8652,11899.8779,18583.9668
10/2/2019,2984.7417,4410.39307,5589.40674,7888.00977,12447.6035,11518.1064,17499.1094
10/3/2019,2959.14746,4205.21631,5406.58447,7816.84619,12078.8857,11342.5332,16597.0039
10/4/2019,2930.10352,3994.30005,5230.23975,7645.16162,11754.915,11207.6025,15893.5674
10/5/2019,2826.06128,3828.57837,5113.71777,7466.19385,11426.54,10717.458,15411.6094
10/6/2019,2702.68994,3728.84863,5077.23291,7432.84326,11044.8926,10168.6631,15102.4912
10/7/2019,2621.02832,3705.51709,5002.9917,7645.55957,10628.3438,10080.7949,14903.8369
10/8/2019,2566.35547,3710.94458,4833.18945,7965.96338,10334.5879,10447.3535,14818.3848
10/9/2019,2527.09375,3636.18652,4642.75586,8135.1875,10252.7646,10722.5264,14743.5234
10/10/2019,2526.02124,3525.65967,4450.75781,8059.66357,10354.2754,11080.0791,14449.3594
10/11/2019,2543.69556,3445.56201,4256.46436,7860.70215,10519.0381,10836.2803,13945.4326
10/12/2019,2538.98291,3356.15527,4108.92334,7676.33496,10577.8047,10455.2588,13534.3506
10/13/2019,2525.3894,3274.97314,4011.23828,7504.96582,10481.8643,10212.6924,13380.9805
10/14/2019,2516.82593,3253.77539,3940.74609,7252.66943,10358.5059,10234.3555,13422.7529
10/15/2019,2561.39795,3309.30127,3891.74121,6897.57764,10237.7275,9742.47266,13505.3945
10/16/2019,2600.25635,3406.87524,3826.20166,6525.47314,9962.11523,9087.50977,13437.8271
10/17/2019,2559.73779,3484.74756,3767.01782,6237.07861,9517.62891,8466.29883,13188.5137
10/18/2019,2497.31689,3494.48535,3690.41089,6113.59326,8990.45605,7975.76416,12881.1748
10/19/2019,2455.27759,3468.02808,3583.24194,6020.88525,8472.40625,7748.19141,12569.498
10/20/2019,2428.43506,3431.97632,3503.22778,5840.3418,8085.8208,7884.44043,12192.957
10/21/2019,2416.0415,3345.32349,3468.27783,5680.08984,7861.95508,7502.24219,11708.4883
10/22/2019,2434.08569,3215.44214,3476.88574,5564.51611,7630.11914,6907.69727,11155.2363
10/23/2019,2469.18726,3079.51709,3505.15039,5434.51758,7321.42334,6711.4458,10601.8838
10/24/2019,2473.60791,2979.23828,3527.56567,5299.31836,7026.92383,6620.41455,10139.0732
10/25/2019,2444.35352,2915.56348,3528.89429,5163.67871,6758.36816,6438.30762,9786.38867
10/26/2019,2408.73242,2870.53125,3507.98926,5030.85303,6496.62451,6256.7002,9414.91016
10/27/2019,2367.54443,2848.77417,3458.87988,4945.9751,6256.47217,6016.53418,8989.29199
10/28/2019,2329.02124,2846.33276,3377.177,4957.80811,6036.62598,5754.75244,8602.90234
10/29/2019,2298.54883,2837.15381,3276.40845,5006.18799,5842.84766,5601.23486,8282.06934
10/30/2019,2286.74731,2795.01807,3174.87207,5010.33154,5725.99561,5718.43994,8003.6377
10/31/2019,2308.51416,2732.15405,3083.47632,4998.67773,5711.23193,5673.74316,7761.25488
11/1/2019,2321.34888,2674.67944,3013.4314,4986.17969,5708.52344,5495.01807,7583.79395
11/2/2019,2323.48364,2627.02759,2976.76636,5177.09863,5671.66309,5550.0918,7524.91846
11/3/2019,2318.354,2607.85376,2967.55078,5974.09277,5656.8291,5769.75586,7618.18799
11/4/2019,2286.07056,2616.42041,2951.94604,6557.53027,5770.10547,6892.04736,7945.63916
11/5/2019,2225.79663,2616.61401,2918.16943,6197.76465,6396.8457,9504.41113,8259.29102
11/6/2019,2114.54736,2596.1123,2874.62988,5576.32715,7508.01562,8842.04785,8215.18066
11/7/2019,2067.86597,2571.50928,2816.30566,5038.52002,7877.56592,6376.74072,8083.47754
11/8/2019,2104.50781,2537.18921,2757.8877,4650.521,7293.69043,5760.39209,8185.52734
11/9/2019,2155.0376,2490.44092,2716.67432,4455.1416,6595.7168,5358.08154,8791.67871
11/10/2019,2218.56934,2408.79761,2695.2522,4361.44971,5970.8208,5159.38477,9735.44824
11/11/2019,2247.59595,2357.0105,2682.68262,4300.63037,5534.26318,5051.26855,10063.4932
11/12/2019,2258.81543,2417.17651,2667.40552,4256.63867,5284.83203,4912.98486,9530.21191
11/13/2019,2277.77808,2484.1272,2646.43604,4219.21826,5132.80762,4870.15771,8874.94043
11/14/2019,2287.6123,2510.65723,2618.62695,4125.83398,5054.2041,4998.47949,8818.75098
11/15/2019,2278.13159,2510.12622,2583.72461,4003.81836,5037.06152,4939.01025,9322.1123
11/16/2019,2257.03955,2476.23535,2538.30347,3881.99316,4997.29639,4750.35107,9366.15527
11/17/2019,2233.33667,2451.08545,2495.2959,3798.59277,4892.20068,4636.771,8639.28613
11/18/2019,2203.69336,2443.45654,2478.13379,3753.25708,4758.34717,4431.02686,7887.21387
11/19/2019,2157.09814,2432.38428,2488.5332,3689.32666,4599.90381,4318.72803,7358.4917
11/20/2019,2100.51611,2409.82593,2509.55054,3625.21167,4462.06494,4231.35889,6958.2998
11/21/2019,2051.59399,2381.60522,2523.10986,3575.4187,4337.45654,4043.12402,6679.57227
11/22/2019,2012.36279,2349.60205,2521.02905,3514.09644,4200.51709,3963.08105,6487.95557
11/23/2019,1982.15967,2304.77515,2507.57275,3432.24097,4089.04541,3941.354,6343.28369
11/24/2019,1955.37195,2246.09717,2491.96582,3341.92188,4006.6167,3879.93628,6175.17529
11/25/2019,1927.44189,2187.1665,2476.73877,3265.87134,3918.53003,3807.79102,5946.27637
11/26/2019,1894.98657,2137.46313,2459.76978,3218.69751,3813.3396,3736.88745,5709.31055
11/27/2019,1856.81299,2097.85938,2439.50562,3190.17334,3703.90894,3638.02319,5532.61035
11/28/2019,1813.89294,2064.49829,2414.06763,3166.89453,3611.42554,3526.46851,5435.72021
11/29/2019,1767.95984,2032.77686,2380.26367,3150.68555,3536.38379,3403.56372,5377.76758
11/30/2019,1720.34583,1999.30212,2331.43066,3136.74561,3473.7085,3323.32446,5280.74854
12/1/2019,1669.22778,1961.38147,2274.71851,3135.60278,3440.8606,3351.65039,5161.19189
12/2/2019,1618.31458,1918.85767,2226.18481,3128.7583,3434.61865,3350.1001,5041.77393
12/3/2019,1576.54565,1873.44287,2184.52759,3128.92065,3421.22705,3344.70654,4906.40723
12/4/2019,1560.82178,1828.31543,2146.40894,3145.66333,3406.80151,3338.13281,4771.12744
12/5/2019,1613.28662,1781.52393,2112.11719,3097.55542,3378.51562,3285.28125,4662.60205
12/6/2019,1694.9635,1731.88586,2077.73462,3013.33008,3358.08569,3232.87109,4602.15088
12/7/2019,1704.96118,1689.58606,2041.17749,2942.20972,3333.61548,3193.91333,4573.96143
12/8/2019,1646.12231,1658.84717,2002.05273,2883.13818,3245.97559,3136.5896,4552.81836
12/9/2019,1555.64282,1668.72681,1960.11694,2850.02173,3147.36816,3030.81372,4521.13379
12/10/2019,1456.21985,1735.21057,1916.09363,2830.42456,3063.01538,2957.51758,4471.46045
12/11/2019,1376.77698,1782.27893,1870.74487,2809.26709,3000.20654,2888.75366,4408.86719
12/12/2019,1327.41492,1756.9635,1824.54846,2776.67383,2963.11621,2835.51367,4339.44824
12/13/2019,1296.14648,1681.57922,1779.98047,2727.59155,2936.53711,2794.90796,4255.63281
12/14/2019,1261.86597,1584.4021,1743.37073,2658.58813,2907.73022,2756.36475,4151.96631
12/15/2019,1227.54956,1491.95715,1726.13306,2576.21558,2866.729,2711.63574,4040.29321
12/16/2019,1196.33069,1424.80713,1735.32471,2488.58203,2809.36841,2661.15894,3933.33447
12/17/2019,1166.80383,1384.91907,1757.02209,2400.85229,2733.92676,2604.90039,3836.57861
12/18/2019,1142.42004,1352.22913,1764.40942,2320.19189,2649.49951,2527.96143,3752.53687
12/19/2019,1120.25293,1316.7749,1741.25598,2248.7666,2561.43359,2438.85815,3679.08813
12/20/2019,1098.21082,1283.73438,1688.31152,2181.13794,2474.93677,2350.99438,3610.48047
12/21/2019,1074.70471,1252.77319,1617.93677,2119.43774,2396.09058,2274.46313,3543.37671
12/22/2019,1049.25208,1225.75354,1546.84131,2078.27026,2323.79199,2186.75659,3471.7998
12/23/2019,1021.6228,1202.69153,1486.60449,2061.40454,2254.78003,2097.98804,3385.88403
12/24/2019,992.505798,1180.604,1438.51001,2046.04321,2195.04395,2022.03406,3284.96729
12/25/2019,962.585632,1157.71155,1398.08582,2017.35413,2159.02393,1991.69836,3175.32227
12/26/2019,931.239746,1133.31921,1361.53003,1970.03369,2142.51001,1952.88171,3060.7981
12/27/2019,898.001892,1106.82678,1326.96277,1900.05164,2122.84058,1947.40295,2942.32935
12/28/2019,863.112915,1074.39734,1294.39087,1820.7843,2088.16479,1943.42615,2813.70435
12/29/2019,838.99939,1035.05579,1264.62573,1745.94238,2032.97571,1925.40125,2684.36499
12/30/2019,859.082153,1003.11102,1237.54578,1681.5675,1959.52441,1884.44507,2583.23901
12/31/2019,921.559631,988.838806,1212.17505,1634.9198,1888.12512,1839.75989,2508.875
1/1/2020,987.331421,990.167542,1187.30737,1624.26758,1826.60071,1780.96667,2447.58716
1/2/2020,953.961731,989.961731,1161.62402,1667.55566,1767.61584,1714.95203,2397.41577
1/3/2020,851.140503,990.197021,1133.78479,1756.51208,1727.49915,1669.69934,2356.15527
1/4/2020,773.686035,1023.31067,1102.61877,1832.20752,1734.35266,1689.12256,2319.22876
1/5/2020,705.239258,1085.61011,1071.43994,1850.30713,1818.76746,1743.56702,2281.43555
1/6/2020,655.327759,1105.81238,1046.54639,1798.27197,1942.84253,1796.55627,2240.94482
1/7/2020,619.559631,1040.43604,1030.27466,1696.50037,2023.90613,1882.52783,2193.95166
1/8/2020,595.04248,949.609802,1020.83313,1603.90918,2032.76917,1924.73584,2153.40039
1/9/2020,581.854492,871.869202,1018.55042,1530.05701,1957.98083,1902.34326,2139.3396
1/10/2020,574.176086,804.23407,1029.56531,1465.46021,1835.59131,1796.84595,2152.68384
1/11/2020,568.539124,753.815613,1054.29358,1409.62024,1720.67615,1679.52869,2182.3894
1/12/2020,563.007141,719.206482,1074.82141,1355.8241,1626.70178,1582.82751,2215.46899
1/13/2020,560.862732,699.570312,1067.83911,1307.86377,1552.26758,1505.77258,2230.74609
1/14/2020,566.997009,691.174438,1029.37793,1267.22302,1490.45764,1449.21436,2205.60254
1/15/2020,596.011475,688.462402,971.939758,1233.95776,1435.38818,1402.57483,2135.98364
1/16/2020,670.030762,686.288818,908.766296,1209.90564,1387.28333,1362.41968,2039.00195
1/17/2020,796.325989,684.086609,850.192505,1202.17688,1347.09912,1333.34778,1937.61084
1/18/2020,947.809143,684.856262,802.330078,1210.53674,1314.55334,1323.23071,1846.46228
1/19/2020,1072.95251,696.636292,767.014954,1217.68091,1292.81311,1337.43506,1772.10815
1/20/2020,1134.87219,738.770264,743.255249,1202.51611,1288.63904,1361.36548,1713.755
1/21/2020,1130.98572,829.476074,727.945862,1160.00659,1297.84583,1347.66992,1668.67688
1/22/2020,1081.49084,962.567505,717.578125,1101.60254,1300.74524,1281.3772,1636.44714
1/23/2020,1012.3194,1098.77954,710.231445,1037.15198,1278.59375,1201.63745,1619.0575
1/24/2020,942.979126,1191.52551,706.441101,974.75293,1231.48254,1141.91821,1617.15576
1/25/2020,883.071411,1219.23743,710.215454,924.838989,1171.20898,1082.07153,1621.83582
1/26/2020,834.649231,1190.23059,730.446777,898.708984,1107.51099,1024.66382,1614.76575
1/27/2020,796.498657,1127.96765,778.0047,915.802917,1050.91455,988.817322,1583.60852
1/28/2020,767.226257,1055.76062,856.895752,980.084656,1014.20264,996.070557,1532.07581
1/29/2020,746.642151,988.30957,956.45575,1010.28717,1011.27081,1076.25879,1463.45068
1/30/2020,734.322815,931.940308,1052.8374,993.783875,1051.77478,1231.21338,1385.69116
1/31/2020,728.048828,887.322388,1106.28796,978.530457,1119.20215,1155.36194,1323.64978
2/1/2020,721.6521,852.534485,1115.89221,968.429565,1153.95959,1084.89722,1282.01196
2/2/2020,702.842651,826.658447,1113.80481,971.258911,1158.60583,1085.8407,1267.91504
2/3/2020,687.526306,809.536194,1093.43811,1023.99927,1157.57275,1025.96777,1306.20117
2/4/2020,674.860962,799.981812,1053.77087,1172.01367,1152.60168,1039.60596,1363.20837
2/5/2020,637.787842,795.690186,1009.12628,1330.88843,1160.6178,1108.63721,1388.32739
2/6/2020,592.083862,783.634888,964.340515,1410.51733,1232.90906,1228.31335,1388.80249
2/7/2020,565.604309,765.567261,924.027222,1414.3291,1383.49829,1418.10815,1374.20776
2/8/2020,557.402466,753.523376,889.982483,1393.75513,1506.78345,1592.76025,1346.39624
2/9/2020,556.616821,729.868164,862.773926,1398.84106,1543.90784,1649.13391,1332.87854
2/10/2020,558.291687,686.436523,842.179443,1414.52893,1518.91675,1596.19507,1356.43396
2/11/2020,555.917969,648.227783,827.392395,1416.74048,1492.13416,1515.43408,1426.20312
2/12/2020,550.410522,630.109558,814.142822,1397.78564,1495.61279,1474.01672,1539.21008
2/13/2020,546.35437,625.188599,799.537048,1358.35352,1505.552,1474.36536,1660.39148
2/14/2020,558.658325,626.052429,783.89917,1312.2251,1502.3783,1481.06238,1740.8031
2/15/2020,578.891602,626.037964,764.258484,1268.61951,1481.07422,1494.28528,1758.87085
2/16/2020,593.544861,622.035095,737.389343,1216.17395,1449.95032,1516.09436,1731.97778
2/17/2020,630.544861,616.43219,706.756836,1161.57947,1425.01355,1513.6731,1696.198
2/18/2020,699.757019,617.845093,679.777954,1116.10217,1394.22864,1394.9928,1674.59619
2/19/2020,785.028809,635.985657,660.858154,1072.91675,1337.05847,1285.14722,1673.71802
2/20/2020,869.127258,653.266052,649.879089,1034.26282,1269.53455,1222.50671,1694.06885
2/21/2020,932.65332,674.560669,643.872253,997.347839,1208.59387,1173.41016,1720.66675
2/22/2020,962.824097,726.486633,639.358643,958.192322,1156.58948,1135.42017,1719.4978
2/23/2020,956.292664,803.312561,635.038147,916.251282,1113.45581,1096.40491,1666.9895
2/24/2020,918.02301,889.555237,633.303955,873.968994,1074.39172,1055.75586,1579.4469
2/25/2020,859.168335,966.044556,637.28656,837.557556,1034.07446,1018.46924,1487.33704
2/26/2020,794.065552,1015.66858,647.109436,810.834961,991.587952,974.783691,1405.50098
2/27/2020,733.041443,1029.97461,664.33551,792.983948,949.833923,932.154236,1339.59424
2/28/2020,683.764465,1009.57416,695.082581,783.976318,915.454956,893.168335,1291.63452
2/29/2020,648.185486,961.940063,743.132935,800.751831,905.621094,864.874084,1255.66394
3/1/2020,612.827881,899.805176,805.987244,830.698914,918.71405,868.338867,1219.55945
3/2/2020,579.520203,836.185852,873.522827,869.972107,930.368958,881.258484,1185.50061
3/3/2020,587.783142,779.716919,933.361755,958.373779,951.425049,903.093079,1156.0343
3/4/2020,714.105103,742.072571,982.085815,1058.79541,977.836121,958.090698,1131.14172
3/5/2020,895.653442,724.32135,1032.40564,1174.05859,1040.17822,1017.61066,1119.09766
3/6/2020,965.447083,711.065186,1057.98181,1370.6687,1166.46069,1135.58875,1121.26062
3/7/2020,927.870605,696.184814,1070.99255,1612.65259,1298.08203,1388.84595,1135.10608
3/8/2020,840.559509,752.123718,1036.38074,1957.00256,1466.15149,1810.86365,1160.63306
3/9/2020,736.763672,913.527649,944.412109,2233.23999,1676.03979,2017.40332,1199.52222
3/10/2020,658.727234,1046.90088,871.311462,2364.78418,1940.92078,2740.22925,1254.88013
3/11/2020,613.216919,1065.56226,815.480469,2423.88306,2289.82788,2690.87158,1350.43408
3/12/2020,591.224548,1003.48358,777.903687,2386.65259,2535.18408,2713.51807,1519.04749
3/13/2020,582.083923,902.742126,757.664673,2285.18481,2657.80737,2671.16235,1756.15662
3/14/2020,582.578674,804.030823,769.963684,2098.59302,2702.89404,2697.3418,2058.2522
3/15/2020,593.248657,733.527771,828.409424,1886.79614,2658.48218,2541.1499,2389.46069
3/16/2020,628.754578,691.587097,919.808899,1671.35303,2532.79858,2298.43262,2618.40283
3/17/2020,699.055664,669.026611,1016.76404,1505.12329,2326.79028,2056.75049,2725.32617
3/18/2020,793.158203,659.846802,1049.75513,1396.29858,2097.48218,1821.83997,2771.19189
3/19/2020,891.096008,661.13739,1007.16974,1338.87671,1870.95984,1701.62683,2770.41138
3/20/2020,968.842468,680.143311,942.8479,1390.72339,1703.93274,1669.73071,2713.3606
3/21/2020,1009.2254,731.550232,884.879883,1635.6604,1613.02039,1760.23694,2585.32178
3/22/2020,1008.01294,815.032532,850.117188,2077.66113,1628.04004,2072.83838,2409.20386
3/23/2020,975.624268,913.612061,825.73175,2425.60913,1814.91553,2732.48486,2220.59302
3/24/2020,929.253418,1005.91785,812.056213,2456.22876,2239.66895,3408.94507,2065.53809
3/25/2020,878.752869,1070.46362,808.940552,2288.49292,2759.64795,3329.62915,1976.28955
3/26/2020,837.130554,1097.46997,799.216614,2125.74902,3049.05078,2942.89771,1988.93188
3/27/2020,790.297241,1096.74133,798.58667,2096.35352,3066.37109,2911.0188,2162.29663
3/28/2020,735.542664,1089.48279,818.758789,2088.92358,3013.04492,3192.23462,2518.67676
3/29/2020,694.857666,1049.49304,861.714294,2047.22021,2992.2749,3311.72119,2913.26489
3/30/2020,660.137939,984.400879,945.180725,2026.04895,2990.48511,3072.51733,3124.3938
3/31/2020,633.262695,946.38562,1036.9967,1988.16602,2944.88794,2832.62744,3156.28784
4/1/2020,624.666199,943.119141,1080.0564,1884.54944,2877.50488,2768.28027,3170.48315
4/2/2020,603.994019,916.919617,1090.89868,1762.87854,2792.83789,2538.31787,3240.08813
4/3/2020,618.568909,859.959595,1089.64978,1742.35889,2655.55615,2206.9314,3305.23975
4/4/2020,829.903687,812.11554,1071.80469,1813.5929,2469.86963,2079.80396,3286.24805
4/5/2020,1236.07422,776.700623,1050.7373,1966.28784,2334.51025,2109.29883,3203.0144
4/6/2020,1603.13123,747.316772,1031.07556,2186.69409,2339.39771,2229.1438,3088.83276
4/7/2020,1793.99231,719.968445,1025.91113,2438.92627,2435.05786,2485.15576,2921.67993
4/8/2020,1764.98853,819.752502,1007.97125,2709.53418,2602.15503,2683.3584,2719.20337
4/9/2020,1491.60022,1143.4906,964.00415,2864.52539,2803.42188,2910.06958,2563.93311
4/10/2020,1153.14563,1541.57019,916.045776,2906.94824,3028.88794,3378.24756,2508.58862
4/11/2020,901.386719,1823.28687,871.593994,2933.78589,3251.86621,3425.51636,2559.83667
4/12/2020,751.186401,1915.48376,835.267883,2904.3772,3385.95654,3511.21875,2690.28711
4/13/2020,697.061707,1779.91492,819.260376,2802.625,3462.34229,3595.92603,2855.11133
4/14/2020,712.017273,1553.20752,865.613953,2678.19263,3515.19653,3565.84985,3062.11035
4/15/2020,797.858704,1397.28296,997.939575,2552.65063,3483.65479,3322.19702,3303.03003
4/16/2020,927.703247,1243.65991,1217.22986,2440.24194,3363.99512,3152.81299,3495.74023
4/17/2020,1052.53455,1114.65613,1473.11877,2363.88477,3216.92261,3019.30664,3622.91235
4/18/2020,1119.61243,1063.49817,1669.73132,2355.87451,3076.63354,2962.81714,3706.86963
4/19/2020,1182.30762,1066.69165,1759.5271,2422.83618,2960.69165,2931.03345,3738.49683
4/20/2020,1289.52258,1139.20435,1726.24622,2411.74561,2889.98413,3124.66235,3704.45532
4/21/2020,1377.11414,1263.72253,1607.79224,2290.12671,2904.65771,3395.39331,3637.01978
4/22/2020,1391.07715,1372.62549,1470.47705,2244.09521,2983.97632,3388.50415,3572.86377
4/23/2020,1321.87646,1440.5697,1339.828,2334.34155,2980.47583,3013.94702,3501.56909
4/24/2020,1246.01501,1583.00183,1263.203,2537.8396,2923.53711,3026.3562,3440.5896
4/25/2020,1268.98291,1824.5603,1288.54114,2896.84253,3004.89551,3222.95996,3451.84839
4/26/2020,1404.18945,2230.02637,1349.53735,3243.85107,3290.84888,3707.05396,3521.74976
4/27/2020,1771.01807,2690.08008,1442.75159,3189.27197,3668.70044,4148.25635,3546.35791
4/28/2020,2255.63013,2777.06128,1530.52161,2909.82739,4040.71167,4466.78857,3503.39795
4/29/2020,2637.98926,2650.42261,1604.11353,2739.81104,4185.78174,3749.03149,3481.81812
4/30/2020,2759.83765,2595.48218,1720.50867,2630.30786,3951.82056,3509.1709,3571.4436
5/1/2020,2717.61328,2734.71216,1852.22424,2576.16138,3655.49951,3715.66919,3806.40259
5/2/2020,2693.573,3244.43188,2070.29248,2552.65332,3444.81689,3639.59888,4120.95947
5/3/2020,2847.63452,3870.4397,2387.43945,2524.43237,3286.67847,3472.78955,4297.64258
5/4/2020,3192.0166,4365.59766,2626.75659,2530.77197,3194.95093,3251.27954,4218.5415
5/5/2020,3513.86792,4653.4209,2705.01221,2635.56909,3128.62354,2958.47437,4063.25879
5/6/2020,3790.4939,4712.6958,2725.45044,2837.56006,3095.32593,3064.04468,3966.60352
5/7/2020,3999.40942,4760.99609,2812.60156,3028.55493,3144.94751,3361.73218,3872.8916
5/8/2020,4037.89917,5033.00146,3058.66772,3193.45703,3300.78931,3612.07446,3749.87183
5/9/2020,3771.1604,5360.25391,3501.6687,3430.05322,3503.30444,3644.00537,3590.39014
5/10/2020,3434.45923,5656.38965,3978.1748,3731.46387,3693.55884,3950.20312,3437.0127
5/11/2020,3152.36792,5998.27734,4361.82275,4012.63818,3922.14624,4488.40479,3396.50342
5/12/2020,2887.74072,6221.12598,4659.09521,4241.62305,4247.47461,4964.63281,3492.78052
5/13/2020,2672.05029,6135.84424,4933.19385,4573.875,4606.21045,5300.9458,3653.71509
5/14/2020,2473.11914,5808.32568,5153.84424,5087.34326,4924.29297,5592.31494,3844.72095
5/15/2020,2317.31323,5509.00195,5303.271,5572.48779,5239.60498,6379.99854,4099.0791
5/16/2020,2220.70776,5273.52686,5508.26904,5993.68213,5755.41602,7565.94287,4400.09375
5/17/2020,2297.40576,5025.41748,5742.02588,6381.30322,6424.12891,8048.521,4658.04736
5/18/2020,2452.77881,4716.87305,5958.25342,6692.06641,7026.5,8510.29785,4902.62256
5/19/2020,2423.64722,4374.29395,6075.49463,7047.76855,7596.29248,9021.46289,5319.58545
5/20/2020,2395.81079,4109.61475,6060.52441,7455.92822,8106.86377,9216.67383,6032.71484
5/21/2020,2444.23413,3992.12769,5985.99365,7802.13477,8485.95215,9479.6123,6928.70117
5/22/2020,2411.20825,4067.78979,5815.87207,7996.59717,8824.59863,9862.12793,7728.38818
5/23/2020,2278.71216,4090.625,5547.80029,8054.00293,9158.08887,10208.4307,8339.85645
5/24/2020,2095.05127,3984.40259,5251.54834,8375.03125,9423.55957,9843.94629,8844.36914
5/25/2020,1904.34583,3950.51807,4958.24414,9391.1377,9601.43164,9594.36133,9284.29883
5/26/2020,1742.74329,3915.79175,4683.29883,10481.8223,9871.12305,10863.2881,9775.83203
5/27/2020,1623.54968,3784.13696,4460.08105,11148.7236,10638.0146,13349.2852,10387.6963
5/28/2020,1526.36707,3570.05029,4333.0835,11410.2285,11941.5225,14703.2656,10952.8643
5/29/2020,1460.42688,3356.56982,4269.23975,10973.7441,13138.8447,15283.5547,11276.0908
5/30/2020,1410.60229,3238.37354,4255.85645,10433.1953,13991.9902,15733.125,11617.835
5/31/2020,1387.05859,3206.97314,4321.4917,10330.3379,14435.583,14583.6123,12432.5762
6/1/2020,1384.97266,3089.48193,4326.69287,10339.4365,14309.8887,14606.9482,13587.1953
6/2/2020,1376.94617,2935.84814,4232.18555,10160.4541,14101.3516,15011.2725,14689.125
6/3/2020,1420.20105,2927.60449,4096.28271,10086.2393,14099.1172,14899.7891,15628.2158
6/4/2020,1664.23792,2980.87744,3942.58032,10172.748,14027.1543,13965.1963,16186.8477
6/5/2020,2083.03198,2960.59521,3826.65674,10081.3564,13865.5762,14362.1846,16238.792
6/6/2020,2480.93091,2888.14404,3816.19092,9746.66211,13896.0127,14283.0244,16172.3154
6/7/2020,2646.77271,2862.82861,3772.58813,9199.45312,13940.1318,13750.2305,16110.9326
6/8/2020,2595.17017,2949.80249,3613.46143,8565.14453,13771.248,12722.8164,15890.9434
6/9/2020,2423.65234,3254.65405,3477.08252,7969.34521,13346.0576,11749.3203,15654.7676
6/10/2020,2156.37231,3666.69043,3365.90967,7536.5459,12667.9131,10745.9541,15529.3584
6/11/2020,1917.79529,3925.54883,3292.91675,7272.80615,11866.3916,10101.6221,15362.6943
6/12/2020,1748.51599,3956.62207,3225.38623,7095.91992,11100.4746,9803.94434,15024.3721
6/13/2020,1713.36353,3850.37476,3161.83203,6952.01758,10537.9355,9979.33789,14492.5889
6/14/2020,1845.28235,3658.13696,3177.00293,6691.68018,10227.1641,9982.14062,13754.1465
6/15/2020,2033.06531,3500.2312,3394.34521,6288.38379,10047.3955,9945.54297,12939.8418
6/16/2020,2109.89722,3397.95142,3913.96021,6180.57666,9861.53027,9402.14941,12239.9883
6/17/2020,2107.29004,3301.93457,4339.82422,6500.03613,9485.07227,8540.03516,11846.8926
6/18/2020,2163.32007,3312.58105,4462.99414,6796.99902,8983.48926,8780.52148,11864.8779
6/19/2020,2239.97412,3482.61255,4445.05469,7080.28613,8873.9541,10109.8525,12233.6992
6/20/2020,2250.5918,3693.33276,4354.89844,7480.2002,9189.62598,10423.8467,12558.5664
6/21/2020,2263.42749,3830.6106,4220.82861,7855.80322,9612.00391,11144.04,12393.2002
6/22/2020,2352.51025,3935.0144,4020.85254,8154.81934,10153.8594,11716.9053,11913.9072
6/23/2020,2557.46191,4030.19482,3829.50586,8344.25195,10772.4131,12091.3066,11610.9443
6/24/2020,2771.97534,4075.28052,3703.63818,8222.13086,11261.8887,11703.7314,11733.4238
6/25/2020,2887.28394,4078.21924,3731.37622,7713.65576,11503.8887,11200.9951,12108.3555
6/26/2020,2994.45215,4106.80664,3859.67358,7145.41357,11438.1357,9950.57617,12531.2119
6/27/2020,3093.33789,4245.39893,3989.93896,6825.89111,10931.4648,8740.27734,12913.1748
6/28/2020,3188.57715,4463.44727,4177.31396,6729.6167,10120.8252,8351.26953,13122.6162
6/29/2020,3237.39648,4673.99463,4362.9707,6616.12158,9410.58203,8827.1084,13116.0283
6/30/2020,3219.97144,4850.55322,4447.20947,6398.73584,8998.93848,9082.83398,12842.8105
7/1/2020,3202.25488,4973.65039,4442.52197,6162.55322,8767.67578,8849.79785,12235.998
7/2/2020,3165.02417,5089.80859,4429.7915,6052.87207,8517.66113,8326.5957,11550.417
7/3/2020,3099.41211,5208.60449,4504.5293,6175.82373,8256.48535,8469.14746,11272.4551
7/4/2020,3122.37451,5247.63867,4685.50732,6522.83105,8207.07129,9291.38574,11530.9561
7/5/2020,3365.91113,5233.76855,4911.91797,7317.89697,8544.52734,10475.8105,11927.0273
7/6/2020,3521.34497,5212.72705,5163.10596,8034.06885,9292.28418,11906.1553,11911.5889
7/7/2020,3380.79077,5157.20752,5360.97266,8364.76855,10489.6377,14270.4609,11497.1045
7/8/2020,3179.14575,5165.78223,5463.12695,8794.15723,11881.2559,14023.2861,11151.9385
7/9/2020,3129.60278,5415.23438,5525.69922,9191.26074,12750.9229,13667.5908,11209.2656
7/10/2020,3242.45728,5728.18115,5523.67725,9384.24414,13088.7764,13849.4785,11779.2334
7/11/2020,3390.83447,5694.34912,5501.41846,9196.22266,13302.6133,13789.4922,12817.6729
7/12/2020,3554.59375,5423.56787,5485.93457,8708.83789,13344.8242,13215.4102,13976.5029
7/13/2020,3785.15625,5371.47217,5491.63135,8305.23535,13120.8252,12030.0361,14677.2559
7/14/2020,4142.29639,5624.24268,5616.04053,8185.04639,12519.9355,10772.7158,14926.6543
7/15/2020,4493.73486,5971.23193,5853.80566,8221.97168,11759.0557,10739.2002,15085.9395
7/16/2020,4908.25,6177.01514,6142.73486,8256.99121,11254.7188,11018.3857,15157.2725
7/17/2020,5410.19922,6328.71875,6304.16846,8386.86914,11055.5557,11091.501,14932.0576
7/18/2020,5416.0415,6613.84814,6342.91455,8489.67285,10969.5654,11108.7412,14353.3389
7/19/2020,5099.53809,6936.05176,6284.70166,8397.03809,11000.125,11783.5098,13710.082
7/20/2020,5002.104,7237.94824,6157.81104,8253.33594,11210.6992,11925.4951,13320.6533
7/21/2020,5110.25146,7573.7666,6183.74268,8216.15039,11391.4053,11846.6582,13189.3643
7/22/2020,5344.31299,7734.06152,6340.31445,8298.88086,11457.7227,11974.9062,13232.4229
7/23/2020,5486.47803,7527.27246,6566.0791,8509.58301,11575.8516,12407.8418,13481.4033
7/24/2020,5503.06445,7314.26221,6782.22852,8815.94922,11753.8584,12200.9365,13801.5391
7/25/2020,5531.5918,7316.18018,6974.20703,9132.66602,11868.8486,12458.877,13962.8076
7/26/2020,5543.12695,7482.44678,7171.02783,9238.08105,12022.1445,12721.7832,14002.7959
7/27/2020,5574.55713,7669.48096,7382.34082,9081.04102,12220.9375,12905.7061,14168.5234
7/28/2020,5690.61621,7765.91064,7580.10352,9008.44043,12358.2852,12554.9004,14442.375
7/29/2020,5760.41016,7866.41357,7698.78564,9212.16211,12345.9033,12356.0615,14567.1543
7/30/2020,5650.32715,7904.49219,7772.42822,9526.04492,12307.0264,13280.0566,14635.1855
7/31/2020,5457.68848,7907.55029,7786.5,9901.40039,12552.1211,14095.5898,14850.6074
8/1/2020,5211.26416,7969.68115,7787.52686,10380.3838,12900.457,13911.8779,15027.0332
8/2/2020,4932.93213,8075.03076,8075.2334,11153.3037,13206.0898,15208.5752,15132.0195
8/3/2020,4908.45459,8231.08887,8974.22656,12368.6709,13789.1777,16283.3262,15585.1641
8/4/2020,5187.57861,8446.63477,9681.37695,14674.3545,14806.7871,19568.4297,16581.498
8/5/2020,5391.49609,8787.30957,9743.33984,16804.0078,16602.4863,22572.3848,17626.5938
8/6/2020,5404.91943,9128.6416,9565.70605,17174.6172,19143.9902,27230.8828,18347.0605
8/7/2020,5527.00879,9385.77637,9353.30762,16751.4316,22107.1309,27580.5332,18903.5938
8/8/2020,5653.80371,10262.1504,9162.61133,16563.7773,24060.0547,24987.9453,19621.5508
8/9/2020,5601.95996,11241.6934,8886.74707,17127.4727,24163.0176,23229.9297,21149.4199
8/10/2020,5478.1626,11286.6855,8626.14453,17885.8965,23612.5488,23721.9258,23767.1172
8/11/2020,5437.56152,10979.2031,8408.81641,17886.6953,23376.6426,25074.8027,26701.7031
8/12/2020,5610.20654,10850.2158,8451.90723,17180.0508,23777.8691,25425.9844,28497.8477
8/13/2020,5925.00879,10688.1904,8904.01855,16239.2383,24049.1191,23282.9473,28725.1289
8/14/2020,6052.01758,10332.7432,9747.08594,15290.0547,23590.5762,22112.9219,28331.4219
8/15/2020,5909.00586,10086.7012,10903.5264,14608.9121,22749.1816,20848.3379,28194.1875
8/16/2020,5726.78271,10188.4053,11735.8691,14398.2207,21759.8086,20373.5605,28585.7344
8/17/2020,5569.08105,10577.8086,12011.0977,14530.6758,20803.6992,20154.6426,28854.7461
8/18/2020,5475.31885,11213.1143,11991.3574,14861.2734,20256.252,20383.3555,28325.3848
8/19/2020,5571.79248,11701.9688,11802.9004,15366.7002,20128.7246,20216.9512,27181.1191
8/20/2020,5882.97168,11791.6943,11549.0918,16284.6016,20258.0469,21639.5117,25786.4551
8/21/2020,6259.90039,11686.8877,11261.8643,17654.2598,20667.8867,22522.125,24608.6289
8/22/2020,6624.14355,11533.7822,11175.3105,18934.4043,21417.918,24465.0039,24076.2402
8/23/2020,6751.2085,11558.0605,11410.1875,19951.418,22640.4043,26109.4902,24066.6719
8/24/2020,6748.7168,11814.5342,11846.6562,20580.0703,24112.3887,27342.5801,24274.7168
8/25/2020,6986.13281,12168.9004,12337.1709,20458.6973,25409.1113,27989.2559,24618.9863
8/26/2020,7309.52539,12431.3262,12596.5527,19938.3672,26378.6777,27989.3398,25156.168
8/27/2020,7414.7749,12378.9219,12499.8145,19741.9922,26781.9746,26477.9785,25979.2266
8/28/2020,7186.24609,12009.125,12294.7158,19941.4199,26438.6504,25522.3633,27019.5371
8/29/2020,6728.7627,11735.8438,12131.3691,19981.875,25932.5293,26215.3301,28104.8672
8/30/2020,6182.3042,11705.4941,12091.8516,19564.0254,25924.2344,26991.5684,29124.916
8/31/2020,5703.10693,11659.5566,12200.374,18945.9102,25996.9844,25561.6211,29782.957
9/1/2020,5449.35205,11367.9648,12381.4912,18287.3633,25558.6055,23882.375,29808.0605
9/2/2020,5372.15527,10819.7979,12496.0811,17653.7598,24671.4375,22605.9238,29444.8125
9/3/2020,5282.01855,10049.8037,12448.9326,16973.0195,23632.418,21774.3281,29202.5332
9/4/2020,5140.99805,9234.06055,12278.8799,16362.9414,22611.3105,20795.7246,29113.4805
9/5/2020,4930.2334,8638.05859,12105.4141,15917.2432,21623.9961,19529.6074,28843.627
9/6/2020,4731.70215,8308.69141,11974.2129,15594.6885,20608.7812,18671.168,28198.4355
9/7/2020,4715.17285,8144.30811,11812.2422,15455.4277,19721.252,18200.1602,27200.6562
9/8/2020,4861.73047,7989.99854,11592.1914,15494.707,19024.1738,17851.1055,26028.8672
9/9/2020,5191.25977,7820.81152,11258.2578,15559.2822,18520.1777,18020.4473,24769.4453
9/10/2020,5473.34033,7714.19043,10835.5195,15557.1553,18277.4844,18317.4824,23475.9805
9/11/2020,5592.56152,7728.61084,10361.8877,15573.4844,18223.709,18312.3281,22331.3379
9/12/2020,5854.21973,7968.31201,9894.69141,15489.2119,18174.2656,18200.5098,21493.9277
9/13/2020,6254.76855,8395.68457,9497.07617,15620.3047,18163.1367,18693.8496,21080.75
9/14/2020,6608.33838,8804.62207,9106.32617,16014.9863,18208.2559,18298.6777,21025
9/15/2020,6821.77295,8973.50684,8763.88477,16117.9375,18224.9609,19184.9297,21073.7832
9/16/2020,6894.40186,8974.81641,8499.62012,15787.2266,18490,19600.8711,21142.2754
9/17/2020,6897.62305,9027.94336,8338.95215,15062.5615,18828.5059,19174.8418,21301.6797
9/18/2020,6932.68945,9166.50293,8350.47949,14201.252,18819.2363,19171.1191,21438.6953
9/19/2020,6965.16943,9333.96777,8576.91211,13744.2285,18568.0371,18812.9609,21550.4336
9/20/2020,7016.31836,9421.56543,8981.29883,13929.3184,18241.1738,18006.7832,22052.5898
9/21/2020,7128.18701,9400,9398.13867,14392.0244,18136.1582,21013.2832,23193.8008
9/22/2020,7194.45752,9351.25098,9819.16992,14601.4814,18954.0078,24111.166,24411.5879
9/23/2020,7061.48828,9325.56348,10181.7393,14485.6719,20652.2793,26250.0957,24918.291
9/24/2020,6917.36719,9371.5166,10287.3027,14181.9766,22394.5391,25872.4492,24622.9551
9/25/2020,7157.08789,9630.39062,10193.8428,13919.627,23639.3789,25892.1074,24330.2715
9/26/2020,7562.98389,9926.46094,10074.8682,13884.374,24252.5488,25216.7031,25060.9941
9/27/2020,7792.06836,9942.25879,9984.04688,14018.0049,24407.582,24996.582,26678.5762
9/28/2020,7878.55273,9747.99219,9878.75098,14258.3916,24304.9805,24119.082,28253.9609
9/29/2020,7776.35596,9715.48926,9816.11621,14472.1816,23960.0176,23370.8965,29209.4316
9/30/2020,7532.27588,10036.4141,9873.10938,14554.5322,23414.0742,22629.9492,29379.918
10/1/2020,7390.68164,10396.7793,10005.7939,14337.6934,22802.8984,22106.8203,28896.7188
10/2/2020,7265.5752,10527.7939,10104.0459,13946.5635,22214.6582,21349.0293,28108.8027
10/3/2020,7046.6958,10442.9131,10148.2754,13614.9111,21603.1016,20335.9805,27279.5273
10/4/2020,6857.5249,10199.2266,10199.1719,13390.8076,20893.6719,19432.9355,26488.8359
10/5/2020,6765.78955,9930.4082,10236.1201,13225.3906,20196.5117,19020.3828,25785.832
10/6/2020,6736.29102,9716.1748,10276.4932,13081.7031,19608.5273,18758.5156,25125.5195
10/7/2020,6724.35596,9513.61621,10404.1953,13016.0078,19147.3066,18568.9199,24476.582
10/8/2020,6681.63184,9316.95605,10532.7295,13223.0459,18735.0781,18299.2578,23874.916
10/9/2020,6537.04883,9148.44727,10596.7598,14452.2266,18498.4434,19710.5781,23359.6484
10/10/2020,6342.2124,9013.7334,10612.4326,16321.8066,18997.8984,23393.0195,23042.127
10/11/2020,6071.04346,8904.74512,10490.9492,17526.5273,20940.8633,29433.3242,23020.8027
10/12/2020,5771.86084,8771.96582,10251.6396,17320.8672,24041.6914,31979.334,23056.4844
10/13/2020,5568.42871,8555.03027,10000.4922,16156.2266,27031.166,32622.5566,23178.3184
10/14/2020,5394.625,8276.27832,9769.36621,15137.6123,28448.0352,27272.4121,24318.7129
10/15/2020,5242.03809,7948.14941,9565.98047,14419.2236,27574.0625,24824.8848,27128.875
10/16/2020,5119.90527,7546.39502,9391.7168,13887.4678,25916.5352,24476.2695,31007.3691
10/17/2020,5023.35547,7182.95215,9250.48926,13612.9902,24799.5996,24322.8594,34332.25
10/18/2020,4952.50732,6898.54883,9141.05957,13796.2119,23905.2441,22255.2637,35840.6992
10/19/2020,4902.63135,6653.37402,9051.82031,14810.126,23083.8027,23886.5098,35344.3789
10/20/2020,4827.2876,6456.44824,8932.68652,15668.1914,23442.3223,28674.6328,33929.3008
10/21/2020,4704.65771,6337.1123,8691.05469,15825.084,25564.7324,32790.9141,32727.2598
10/22/2020,4549.00195,6270.57861,8381.94824,15820.6533,27538.791,27804.3691,31451.8457
10/23/2020,4381.85449,6178.7627,8136.10156,15611.0342,27483.459,25581.9707,30182.7578
10/24/2020,4236.58203,6045.31348,7971.4209,14970.5,26402.1621,25008.0508,30138.9551
10/25/2020,4131.09668,5873.00537,7880.22168,13924.2119,25538.2676,24609.502,31678.2715
10/26/2020,4065.98511,5660.08887,7836.11426,13074.7295,24497.0703,21170.4902,33281.8242
10/27/2020,4016.24927,5428.59326,7813.18359,12459.9463,22821.2422,18526.6895,33265.3789
10/28/2020,3970.31445,5209.49805,7742.18652,11910.3574,20851.2031,17977.2559,31969.2148
10/29/2020,3927.44336,5035.5459,7485.20557,11371.8027,19336.5996,17497.7324,30479.2246
10/30/2020,3894.66406,4920.85986,7134.21631,10896.832,18220.3418,16357.0654,28911.7988
10/31/2020,3879.03394,4846.22363,6798.56738,10633.9541,17266.1895,15933.751,27398.9277
11/1/2020,3867.47046,4771.5957,6430.43066,10477.2988,16442.5508,15481.6924,26305.9961
11/2/2020,3854.03418,4687.43164,6067.98633,10286.9121,15816.252,15360.7148,25513.9902
11/3/2020,3843.76904,4609.7876,5749.23047,10112.4648,15396.1211,14863.0674,24471.0781
11/4/2020,3849.1814,4565.79541,5491.50928,9936.95703,15024.8936,14485.8936,23077.4746
11/5/2020,3918.20581,4544.08594,5293.13477,9664.37402,14708.9102,14174.5361,21785.3398
11/6/2020,4032.75439,4510.38574,5142.30225,9277.90723,14447.0869,13410.0322,20723.8809
11/7/2020,4071.81201,4464.73486,5019.44971,8839.53613,14068.5098,12682.3691,19777.957
11/8/2020,4042.17432,4420.12158,4911.75049,8426.94434,13476.5566,12135.5273,18977.5391
11/9/2020,3988.26465,4428.43115,4821.68311,8057.67578,12753.8398,11686.917,18312.9707
11/10/2020,3928.69629,4586.92188,4746.08301,7688.77832,12123.1299,11519.2939,17801.7109
11/11/2020,3899.71802,4733.40869,4685.77881,7320.76904,11592.5732,10617.5078,17312.3848
11/12/2020,3878.84644,4685.6084,4635.98828,7033.77295,10971.4541,9734.60059,16838.9473
11/13/2020,3858.03296,4558.86865,4590.86572,6867.23047,10305.8926,9283.13379,16828.2422
11/14/2020,3834.47925,4427.98438,4551.07764,6781.93994,9812.14746,9560.40332,17542.6582
11/15/2020,3795.6145,4325.03125,4534.50293,6672.12549,9615.2334,9910.20801,18326.9531
11/16/2020,3708.76416,4260.33008,4569.52539,6501.71094,9622.32715,10040.249,18032.373
11/17/2020,3559.51025,4205.67334,4635.37891,6365.13818,9589.09766,9132.81836,16650.1406
11/18/2020,3382.87646,4155.36914,4672.50781,6381.41357,9296.54395,8544.21582,15184.4053
11/19/2020,3219.8833,4102.02295,4651.67236,6440.04834,8951.35547,8853.35449,14179.3359
11/20/2020,3095.24463,4021.44531,4584.38135,6347.99023,8899.46191,9451.13965,13642.4082
11/21/2020,3013.97705,3883.44653,4496.86475,6179.37305,8936.08008,8469.04297,13334.2568
11/22/2020,2966.72754,3700.50757,4412.56787,6029.45508,8667.29492,7602.35498,12910.7568
11/23/2020,2939.8147,3513.10718,4341.14111,5946.48047,8178.11084,7222.03418,12362.2393
11/24/2020,2921.68213,3352.98413,4280.81885,5925.13232,7732.46045,7050.9834,11965.1719
11/25/2020,2906.26636,3229.46729,4224.9873,5897.71191,7378.86035,7027.07275,11661.1523
11/26/2020,2891.72363,3142.66333,4159.72217,5826.85254,7165.59375,7002.20264,11158.8887
11/27/2020,2879.31079,3084.39038,4066.26904,5717.51074,7045.50732,6859.58447,10506.6387
11/28/2020,2869.38354,3042.16382,3936.41626,5593.87012,6930.71826,6635.83545,9915.15625
11/29/2020,2858.90552,3012.38208,3776.61987,5477.66406,6788.80908,6411.77734,9459.81445
11/30/2020,2843.71997,2989.01416,3611.35303,5398.45068,6638.58643,6231.64551,9161.91699
12/1/2020,2825.1416,2970.21338,3468.14014,5332.15967,6487.6499,6133.10352,8988.06543
12/2/2020,2802.56909,2955.70703,3351.49219,5252.31885,6322.88232,6034.71973,8934.16406
12/3/2020,2786.59155,2943.46802,3258.94482,5162.8291,6178.86768,5917.41113,9000.84766
12/4/2020,2816.19824,2928.92749,3188.32544,5050.27197,6050.51025,5819.12891,8979.54395
12/5/2020,2871.29639,2910.65015,3133.80273,4901.15186,5927.07227,5659.21777,8768.28516
12/6/2020,2868.99927,2889.23389,3091.0249,4690.9873,5816.81885,5466.7666,8499.52441
12/7/2020,2793.18311,2865.25732,3056.82373,4449.58936,5692.30811,5156.87256,8223.97461
12/8/2020,2679.85596,2867.48267,3029.46973,4247.78027,5511.18848,4821.63281,7999.21094
12/9/2020,2560.84302,2913.7019,3007.27881,4105.0166,5253.90039,4591.49316,7856.5918
12/10/2020,2463.44922,2946.60449,2988.09839,4006.29395,4983.28271,4435.08252,7752.76123
12/11/2020,2396.13452,2910.75879,2969.33447,3931.70752,4763.48682,4353.53467,7650.2915
12/12/2020,2352.83496,2816.76538,2949.34131,3860.23022,4608.82129,4331.19824,7500.66553
12/13/2020,2322.22925,2698.68579,2930.13354,3784.4624,4500.66699,4275.61523,7277.33838
12/14/2020,2293.17773,2587.68701,2920.23486,3710.85986,4405.57471,4222.04785,7000.69092
12/15/2020,2256.98657,2503.00415,2926.96777,3644.81616,4310.78662,4185.93848,6734.74121
12/16/2020,2215.2229,2446.36401,2940.50342,3588.89331,4221.29541,4172.29932,6538.875
12/17/2020,2175.08496,2409.00122,2937.4436,3546.125,4141.62012,4114.83252,6417.87207
12/18/2020,2141.09497,2379.67603,2901.43945,3503.20679,4068.10376,4061.16479,6300.37256
12/19/2020,2117.89233,2347.57153,2833.17651,3454.61816,4008.3208,4039.16016,6120.23291
12/20/2020,2104.53394,2308.42212,2746.17261,3409.3418,3971.7019,4002.92773,5924.71143
12/21/2020,2092.41699,2266.97827,2657.96436,3374.10474,3935.84961,3889.07251,5756.33008
12/22/2020,2055.22583,2228.95581,2581.52295,3356.46387,3884.21631,3811.15381,5605.14111
12/23/2020,1961.72949,2199.39136,2521.39331,3342.62036,3831.58643,3740.50928,5478.28857
12/24/2020,1833.03687,2180.62915,2474.82495,3311.68335,3795.35425,3680.96387,5379.27734
12/25/2020,1698.31982,2169.02783,2435.11255,3253.26709,3771.85083,3565.80859,5295.87549
12/26/2020,1562.58533,2149.47559,2396.08228,3169.15479,3736.70923,3476.58862,5209.63916
12/27/2020,1435.3717,2090.67505,2355.54712,3073.18823,3666.3335,3405.03369,5114.64795
12/28/2020,1318.69507,1982.33752,2315.21167,2980.32544,3562.29761,3342.61353,5018.08008
12/29/2020,1212.86499,1851.2832,2278.52661,2900.73462,3445.26294,3262.91138,4932.51758
12/30/2020,1119.74548,1721.58716,2248.42773,2840.50586,3359.58887,3208.98047,4845.18555
12/31/2020,1040.10925,1606.76648,2224.66284,2801.9502,3303.05493,3168.09473,4744.9126
1/1/2021,959.988647,1488.88647,2200.48047,2804.88257,3200.67651,3113.10938,4641.09473
1/2/2021,874.965637,1366.078,2162.42993,2859.43286,3085.30078,3011.48926,4537.45801
1/3/2021,782.448792,1257.95593,2098.75806,2904.36572,3017.41528,2931.5415,4436.84912
1/4/2021,691.060791,1165.04968,2008.74646,2898.65674,3024.77612,2909.95068,4340.00977
1/5/2021,630.197876,1082.38159,1901.87915,2835.29053,3094.72437,2948.55933,4237.42627
1/6/2021,596.561584,999.66217,1788.67651,2729.69702,3143.14722,3008.53076,4119.87109
1/7/2021,575.904724,912.036377,1673.51379,2645.43091,3131.28296,3033.69971,3992.34009
1/8/2021,559.165588,818.341309,1558.14099,2596.01562,3042.01685,3001.57031,3875.06372
1/9/2021,540.019287,740.234924,1446.38574,2549.63989,2913.59326,2896.7312,3792.27246
1/10/2021,519.502319,691.937744,1341.85107,2483.08984,2810.23926,2752.34497,3749.59082
1/11/2021,500.116882,664.246399,1245.15894,2386.28271,2739.177,2619.22656,3730.13062
1/12/2021,485.690826,647.053101,1153.76123,2260.96899,2675.72949,2483.13794,3707.35913
1/13/2021,480.798035,631.742859,1063.91699,2119.6167,2596.09888,2355.84229,3660.41382
1/14/2021,492.555359,615.302795,974.399963,1977.34558,2488.64893,2205.34961,3583.82397
1/15/2021,524.407837,598.619324,889.962463,1840.06921,2353.27417,2064.40259,3487.9834
1/16/2021,572.681824,583.807556,818.317444,1712.70984,2205.97363,1922.63892,3389.67017
1/17/2021,627.09259,573.857605,763.324402,1597.29761,2058.65698,1786.23401,3299.99756
1/18/2021,673.13269,574.490662,723.494446,1491.81067,1916.41492,1662.26636,3216.54932
1/19/2021,699.078308,591.869263,694.24707,1393.60535,1786.25415,1552.95508,3125.89502
1/20/2021,700.491577,627.257812,670.710693,1301.08911,1670.15051,1460.07776,3018.75171
1/21/2021,681.027771,675.1073,649.893677,1210.08459,1566.53137,1385.22583,2894.04443
1/22/2021,649.476746,723.595276,631.126587,1120.30981,1471.96338,1317.06165,2753.30493
1/23/2021,615.411194,759.270203,615.777344,1041.88049,1381.54138,1239.71704,2604.34668
1/24/2021,584.966675,773.206909,606.992676,981.221985,1288.80176,1154.93921,2459.13135
1/25/2021,559.954712,764.260742,608.742432,936.905029,1197.67163,1085.28894,2324.47168
1/26/2021,540.228821,738.309204,623.721497,904.432251,1120.8092,1027.02563,2202.63257
1/27/2021,524.575134,704.572144,651.309265,878.816711,1062.64392,981.240295,2089.12427
1/28/2021,512.310791,671.070862,686.709106,856.862671,1022.08124,946.39386,1966.14514
1/29/2021,504.433075,642.305115,721.182434,837.08728,991.423645,922.35614,1832.05261
1/30/2021,503.148102,619.471863,730.354736,817.708862,965.539368,902.670349,1711.84399
1/31/2021,516.660706,601.606262,720.759644,808.781128,953.35968,879.783752,1607.35693
2/1/2021,551.815674,588.01178,722.496521,804.129944,954.104736,861.804993,1515.88062
2/2/2021,594.270386,579.419006,721.145752,833.266846,958.291199,859.250732,1446.39417
2/3/2021,614.002991,578.605469,707.150879,937.574463,967.94873,865.532776,1386.35754
2/4/2021,600.613098,596.765625,688.571411,1036.1781,976.124207,890.950989,1333.84045
2/5/2021,580.583191,647.747742,667.084656,1054.40662,1027.57581,929.656982,1292.36682
2/6/2021,592.965393,715.085632,646.548462,1012.7243,1133.03406,1030.95435,1256.2417
2/7/2021,643.840759,747.302002,628.897339,973.073181,1195.49817,1138.35229,1226.61572
2/8/2021,749.309937,730.06665,616.816833,981.864136,1174.46777,1171.82251,1205.96655
2/9/2021,951.548889,755.837769,649.194336,1028.96289,1110.91223,1153.5752,1198.74475
2/10/2021,1372.11047,973.24939,780.762756,1102.21326,1077.4967,1139.59326,1214.979
2/11/2021,1860.44434,1212.92651,904.247742,1272.18115,1112.52539,1203.15552,1266.93689
2/12/2021,2250.60938,1366.20605,925.167053,1609.47864,1192.26367,1452.32043,1342.40588
2/13/2021,2585.59009,1525.47449,889.031494,1843.88611,1347.29431,2154.36035,1407.77905
2/14/2021,2573.30835,1742.6781,847.877502,1830.30566,1709.09827,3084.14966,1436.15918
2/15/2021,2392.66943,2178.5957,856.979614,1857.05859,2196.3186,3034.03418,1450.13245
2/16/2021,2398.30908,2619.80933,936.495422,1907.16528,2468.5603,2593.23071,1504.80164
2/17/2021,2404.91016,2977.89844,1068.42773,1864.93933,2504.21973,2724.72144,1685.83972
2/18/2021,2340.96387,3165.52563,1214.64404,1796.00488,2514.15747,2584.22559,2075.00269
2/19/2021,2280.33447,3015.34277,1365.86621,1689.73853,2452.08374,2242.39819,2538.32056
2/20/2021,2241.21191,2878.32715,1550.45386,1565.50391,2297.33765,2034.05188,2807.45972
2/21/2021,2231.14673,2858.79248,1806.86829,1480.66565,2128.53442,1814.00647,2861.16455
2/22/2021,2239.0835,2806.94092,2131.19019,1471.48145,1945.44067,1652.82983,2833.8208
2/23/2021,2226.49634,2732.198,2468.49561,1548.43213,1780.62659,1639.29651,2718.56006
2/24/2021,2156.70972,2678.58252,2737.32642,1692.95093,1677.39062,1743.05334,2519.07446
2/25/2021,2018.81653,2668.80005,2870.83716,1854.26331,1657.79858,1921.88586,2309.5022
2/26/2021,1844.98547,2687.53345,2893.43311,2000.44958,1725.13257,2086.74536,2124.10278
2/27/2021,1667.50122,2684.21802,2872.67749,2160.32983,1858.11023,2191.18115,1991.50903
2/28/2021,1516.75366,2616.90283,2837.02222,2396.08105,2020.87988,2290.62158,1932.0481
3/1/2021,1393.60645,2479.74512,2793.97607,2698.91895,2189.31226,2493.65576,1937.40234
3/2/2021,1291.03992,2297.02222,2754.8125,3009.96582,2375.58276,2839.36597,1992.38135
3/3/2021,1241.06433,2100.24951,2729.15796,3282.61597,2629.79077,3234.93823,2066.50171
3/4/2021,1313.93494,1920.27051,2720.8811,3439.21582,2936.40405,3544.75635,2138.22095
3/5/2021,1437.83752,1772.16577,2727.84766,3489.41602,3254.12207,3675.26147,2226.70947
3/6/2021,1438.98706,1646.10693,2706.54712,3512.88135,3530.90088,3665.26709,2374.10107
3/7/2021,1323.2594,1544.4314,2625.08545,3614.01074,3686.31641,3691.0354,2610.41431
3/8/2021,1158.1687,1531.39258,2502.74731,3780.02295,3742.98608,3775.38013,2910.98413
3/9/2021,986.582397,1624.45251,2361.78076,3865.63599,3798.65356,4128.14648,3204.28955
3/10/2021,852.351685,1683.9707,2206.76514,3808.77856,3964.69678,4402.75244,3420.30762
3/11/2021,760.148926,1618.28955,2042.65564,3699.09937,4178.43945,4257.63184,3548.15698
3/12/2021,700.31134,1467.37012,1890.22266,3626.62231,4266.52441,3975.23853,3635.73535
3/13/2021,660.614075,1284.71497,1766.35999,3539.26636,4212.65186,3928.25732,3757.47461
3/14/2021,635.142151,1117.17102,1690.22278,3389.1958,4125.45312,3979.43286,3954.13281
3/15/2021,622.78125,990.528503,1675.57715,3188.27563,4048.1355,3886.58423,4148.90283
3/16/2021,639.904663,903.041626,1684.40967,2965.10132,3924.15063,3637.35571,4233.16406
3/17/2021,704.82666,843.359009,1662.67456,2734.87964,3722.17212,3342.38574,4214.72314
3/18/2021,792.679626,803.076538,1594.27393,2509.01489,3462.74512,3064.10693,4171.54883
3/19/2021,873.418762,776.969727,1482.89551,2300.26099,3184.94336,2796.3042,4131.13525
3/20/2021,931.437195,770.246155,1344.42139,2129.07861,2911.55298,2547.57153,4064.48853
3/21/2021,951.57428,804.236084,1204.2019,2024.21252,2655.93652,2335.33716,3946.92505
3/22/2021,933.388184,900.368408,1092.05176,1998.89685,2429.21997,2144.01392,3781.9165
3/23/2021,885.560242,1061.84106,1032.85278,2067.70776,2252.34766,2044.20679,3586.9519
3/24/2021,826.25531,1202.10291,985.289978,2204.87109,2158.86572,2037.90723,3378.91797
3/25/2021,773.847534,1235.27625,920.146179,2342.30396,2148.44849,2186.94604,3176.17896
3/26/2021,729.516846,1198.39404,871.26123,2322.63916,2240.27905,2526.41138,2996.6582
3/27/2021,700.704224,1137.99097,855.433899,2114.62573,2402.34961,2794.39185,2845.27295
3/28/2021,661.641602,1076.74402,895.270386,1917.5647,2526.52368,2606.0918,2737.72412
3/29/2021,603.4729,1034.35229,993.572632,1772.06201,2488.47266,2222.55176,2706.87134
3/30/2021,555.735229,1008.922,1132.93652,1624.31763,2305.4353,2133.13843,2768.5437
3/31/2021,523.760559,998.394897,1254.73096,1503.7782,2161.44727,2053.22974,2916.03906
4/1/2021,515.585571,1000.81616,1284.80347,1412.13367,2057.55713,1850.99414,3055.21802
4/2/2021,498.239136,937.297485,1244.62988,1402.97632,1919.68298,1676.25696,3055.61377
4/3/2021,520.292297,828.174011,1188.28503,1555.12292,1782.6106,1487.36243,2933.31689
4/4/2021,747.371948,768.596863,1182.0874,1829.79553,1686.66418,1616.90125,2788.29297
4/5/2021,1188.0116,804.62323,1300.80542,2181.48096,1753.68335,2041.06543,2639.78345
4/6/2021,1604.84375,905.906555,1414.198,2414.96802,2056.67236,2543.77466,2483.72705
4/7/2021,1845.55798,996.818298,1413.2699,2486.14453,2475.8335,3075.88013,2335.84155
4/8/2021,1825.65271,1194.28296,1359.15601,2561.25415,2853.86572,2870.16064,2226.89404
4/9/2021,1611.16833,1591.15881,1271.13879,2748.78638,3035.94189,2801.45898,2235.12817
4/10/2021,1359.87756,2032.6554,1151.15186,3087.4126,3091.08691,3133.62964,2405.23877
4/11/2021,1157.09082,2329.53149,1069.28699,3544.74683,3234.36816,3865.66699,2699.60059
4/12/2021,1015.5755,2389.55151,1060.76526,3789.38525,3543.97656,4490.20459,2990.92969
4/13/2021,920.436462,2250.34497,1120.95471,3611.18555,4017.13696,5332.61719,3142.87842
4/14/2021,925.582336,2040.81335,1270.60327,3284.79028,4511.91797,5003.78223,3225.17505
4/15/2021,975.765625,1844.26135,1545.67676,2979.65039,4655.34766,4110.9873,3420.58594
4/16/2021,1055.00903,1689.33582,1862.46191,2771.65601,4408.60645,3775.10376,3803.01294
4/17/2021,1175.48718,1546.30554,2108.13501,2671.84961,4090.28198,3667.67212,4269.36084
4/18/2021,1390.98535,1500.16577,2347.94458,2664.01904,3833.88965,3687.2085,4636.28223
4/19/2021,1634.63269,1612.80737,2520.75708,2791.46558,3687.3606,3911.8125,4850.34863
4/20/2021,1706.5907,1787.74573,2520.31128,2999.12988,3678.23999,4337.90967,4863.44678
4/21/2021,1647.31543,1944.02136,2401.87036,3179.97363,3846.42261,4980.94873,4640.95898
4/22/2021,1545.54663,2117.22388,2191.78271,3419.91333,4128.67285,5230.54688,4385.73584
4/23/2021,1420.34729,2354.58154,1956.36145,3781.65625,4414.59033,5302.20068,4280.43848
4/24/2021,1304.52429,2474.94604,1802.27563,4024.01978,4655.63525,5354.50146,4435.56836
4/25/2021,1202.93896,2399.60913,1752.21301,4155.67432,4994.47461,5661.11377,4940.79102
4/26/2021,1245.22595,2253.84229,1807.26172,4151.0293,5388.68945,5487.9668,5582.26807
4/27/2021,1519.02271,2094.30615,1983.6582,4126.8335,5594.72998,5660.75098,5978.62598
4/28/2021,1545.15894,1956.96423,2267.76025,4782.73975,5721.7417,5843.23389,6080.37988
4/29/2021,1328.6637,1882.26172,2548.69263,6004.36914,5753.26611,6317.479,6159.86182
4/30/2021,1223.55945,2000.44983,2752.39795,6748.8916,6057.45166,9006.45605,6359.55273
5/1/2021,1164.75012,2526.51807,2843.24854,6750.64355,7203.91553,11333.9346,6580.71387
5/2/2021,1113.38428,2954.41748,2772.23877,6541.48682,8462.29492,10488.9307,6736.30811
5/3/2021,1139.651,2805.13452,2608.84717,6401.25098,9030.37305,9481.05957,6869.26221
5/4/2021,1339.61438,2524.94287,2444.67188,6223.09961,9082.27051,9385.86426,7329.3335
5/5/2021,1676.29688,2330.35376,2323.38428,6101.21533,9122.55664,9714.99512,8443.30371
5/6/2021,2038.64917,2183.60449,2317.93701,5966.00146,9237.84375,9543.04688,9687.00977
5/7/2021,2314.62451,2140.59863,2496.75781,5738.21924,9360.9248,9965.53809,10297.3018
5/8/2021,2378.93677,2258.99561,2763.58862,5570.11084,9552.25391,9444.91797,10327.0879
5/9/2021,2194.87378,2559.90991,2929.24463,5321.04248,9536.57715,8853.51758,10233.3682
5/10/2021,1952.98328,3000.68823,2902.13647,4967.80029,9289.89844,8235.73926,10191.252
5/11/2021,1729.54578,3406.41406,2736.22437,4614.68408,8884.01953,7660.82422,10216.21
5/12/2021,1570.42773,3599.73926,2549.16943,4402.6875,8352.55078,7102.58838,10248.0234
5/13/2021,1632.87903,3494.875,2413.0603,4359.5459,7809.58447,6784.52393,10140.4482
5/14/2021,1768.74622,3230.30371,2401.06787,4509.71875,7378.76074,6999.20166,9909.88867
5/15/2021,1818.85352,3026.42554,2556.23022,4805.9043,7188.38672,7235.32861,9612.36816
5/16/2021,1786.08521,2909.04468,2832.05493,4972.04443,7180.01514,7530.37939,9231.99023
5/17/2021,1697.76831,2908.3916,3143.08447,4986.58447,7323.34668,7924.63818,8808.77832
5/18/2021,1669.30078,2987.10718,3387.50684,4879.76953,7503.31641,7887.33594,8498.83594
5/19/2021,1710.53625,3025.6792,3496.27881,4627.31152,7593.55713,7782.20996,8452.47363
5/20/2021,1797.83508,2942.7832,3484.67798,4387.93457,7536.68604,7235.04248,8644.18457
5/21/2021,1870.76416,2783.46362,3450.9585,4292.11865,7302.43115,6854.53662,8980.76562
5/22/2021,1914.5874,2644.85645,3415.55786,4423.94678,6988.49756,6500.7793,9296.3457
5/23/2021,1890.67029,2606.50928,3351.88867,4698.52051,6701.59033,6451.32178,9431.35547
5/24/2021,1829.58545,2651.24072,3284.84033,5019.25098,6583.44824,6763.36621,9368.39941
5/25/2021,1765.24048,2742.85156,3235.69507,5490.37109,6684.53174,6828.95898,9254.94922
5/26/2021,1750.20764,2849.88721,3296.2229,6174.11523,6930.78369,7386.58691,9325.97656
5/27/2021,1736.24463,2923.70215,3332.47021,6867.91797,7341.96484,8519.20508,9559.08789
5/28/2021,1685.76453,2933.75537,3206.52124,7175.69336,8046.33105,10446.4346,9691.23535
5/29/2021,1681.06982,2875.823,3066.20312,6995.38867,8998.56641,11436.4873,9649.74512
5/30/2021,1742.11951,2833.79419,3009.78394,6669.54492,9790.98145,11366.7363,9534.85449
5/31/2021,1777.0636,2880.35352,3025.2793,6497.1582,10159.8633,10767.9756,9583.72266
6/1/2021,1751.1283,2938.77783,3047.19287,6330.50781,10162.127,10421.3223,10021.3633
6/2/2021,1678.349,2959.18506,3054.5293,6080.03223,10022.9873,10503.5469,10805.3623
6/3/2021,1603.30688,3011.61157,3048.44312,5809.00488,9898.80566,9724.91699,11572.2949
6/4/2021,1768.35156,3057.48389,3019.98096,5416.44043,9591.19727,8886.75586,11949.9551
6/5/2021,2220.41357,3043.66089,3006.1377,5029.7627,9129.77344,8217.01367,11930.6201
6/6/2021,2770.53247,3016.33301,3049.59277,4912.04736,8574.11133,7295.45557,11740.8115
6/7/2021,3222.29907,2943.86938,3165.6626,5066.30615,7961.40918,7137.94775,11561.6455
6/8/2021,3285.49878,3018.45605,3309.37085,5282.42236,7535.46191,7539.58154,11351.1895
6/9/2021,2965.33228,3548.64941,3457.28979,5675.96777,7551.64941,8420.21191,11092.9717
6/10/2021,2654.19678,4290.6543,3649.28223,6708.80127,7858.83594,8767.67676,10910.2197
6/11/2021,2532.37427,4944.60303,3781.96118,7826.39014,8279.3291,10195.1934,10908.4375
6/12/2021,2408.10352,5402.00537,3852.83276,8390.84375,9234.375,13234.6836,11056.0449
6/13/2021,2282.67993,5468.33301,3834.44873,8836.12793,10774.4971,14258.6963,11271.3711
6/14/2021,2274.35303,5419.71533,3963.63818,10594.4717,12109.6318,14752.2148,11654.2314
6/15/2021,2453.59521,5792.94287,4804.74707,13746.9287,13200.208,17475.7402,12361.2686
6/16/2021,2603.23657,6514.87988,5750.25781,15729.001,15126.1309,23633.5332,13503.9854
6/17/2021,2477.35767,6781.30713,6199.979,15231.5234,18447.8184,28254.6016,14837.1221
6/18/2021,2291.44629,6531.45508,6316.12158,13708.9023,21799.3145,25373.1719,15907.3232
6/19/2021,2132.6543,6616.96289,6236.94141,12280.8818,22761.8828,19621.3125,16986.1191
6/20/2021,2057.25977,6889.5542,6205.82422,10980.1738,21378.957,17447.2207,18989.1602
6/21/2021,2092.6394,6713.88135,6308.61182,10035.1514,19389.3809,15806.6025,22142.7969
6/22/2021,2236.60986,6137.11035,6529.91455,9697.72949,17495.7285,14466.3555,24920.5586
6/23/2021,2406.23218,5475.98145,6726.64941,9803.09473,15849.5537,13130.5684,25426.6758
6/24/2021,2497.60181,4947.46631,6799.31201,9885.24414,14628.3809,13085.5996,23814.4316
6/25/2021,2511.70288,4639.36719,6827.64453,9873.17871,14047.2969,13025.8428,21565.8223
6/26/2021,2476.69751,4559.38672,6868.75146,9655.86523,13760.0381,12334.9287,19446.3574
6/27/2021,2401.33545,4601.26758,6859.83447,9343.83496,13483.0088,12386.624,17654.459
6/28/2021,2276.82715,4685.02002,6714.15332,9288.1084,13143.1172,11824.0654,16347.1309
6/29/2021,2203.00415,4693.61914,6413.68262,9506.24609,12617.3809,11782.5098,15554.9746
6/30/2021,2123.79224,4590.39014,6010.80713,9985.30859,12178.4932,12227.7402,15034.5029
7/1/2021,2051.53027,4471.06738,5602.48486,10760.6836,12049.2363,12720.4365,14543.833
7/2/2021,2171.61279,4399.80713,5275.57617,11472.2529,12210.3535,13485.2607,14064.2939
7/3/2021,2531.39355,4371.00879,5070.68408,11743.8242,12674.168,14831.9277,13599.7266
7/4/2021,2731.04004,4305.08203,4971.1001,11705.5391,13442.9307,15333.1855,13301.2529
7/5/2021,2620.39282,4181.02344,4923.104,11185.1094,14047.6191,14756.4844,13275.2422
7/6/2021,2471.86377,4092.6084,4904.71582,10306.3799,14245.0918,14453.2275,13509.9443
7/7/2021,2466.57983,4234.08594,4978.37402,9495.66016,14061.9814,12652.335,14121.5947
7/8/2021,2736.90356,4588.59424,5068.66357,8746.3584,13331.2773,11593.6465,15148.5371
7/9/2021,3136.02808,4804.40088,5171.47559,8316.85156,12449.2793,11219.5234,16302.8633
7/10/2021,3432.53516,4932.104,5248.10693,8456.51855,11688.9727,10385.6738,16977.207
7/11/2021,3619.95386,5065.05078,5203.74268,9123.9541,11068.8379,10772.0205,16790.4688
7/12/2021,3574.48779,5424.79297,5096.66211,9733.11816,10913.6221,12009.0049,15989.9453
7/13/2021,3331.14722,6056.94824,4953.42627,9768.06836,11397.2266,13717.3223,15138.1611
7/14/2021,3125.86646,6390.83398,4915.18213,9598.59473,12302.3438,14433.0615,14380.2051
7/15/2021,2953.89575,6456.18262,5014.43066,9464.2207,13104.8398,14253.2666,13733.0225
7/16/2021,2893.19238,6352.63379,5184.93701,9289.41309,13536.2568,14554.7793,13667.1846
7/17/2021,2945.16113,5980.21973,5422.20264,9068.93848,13870.6357,15306.6514,14509.9932
7/18/2021,2886.72412,5580.25635,5689.12305,8847.80078,14186.7178,15292.9854,16068.9336
7/19/2021,2718.96094,5270.04297,5952.2749,8664.25391,14334.6094,15178.3115,17665.3184
7/20/2021,2866.79297,5069.89746,6214.3667,8435.29297,14317.9404,14737.1006,18572.2246
7/21/2021,3607.03687,5179.17285,6425.62109,8303.93066,14214.1865,14533.6357,18921.416
7/22/2021,4481.75684,5589.31055,6514.62061,8502.83887,13987.4375,13657.4922,19252.207
7/23/2021,5370.54639,5946.44922,6477.34521,9008.85352,13596.8906,13763.2275,19609.3789
7/24/2021,5595.63867,6273.59375,6381.55176,10279.6123,13360.4277,14518.9365,19719.25
7/25/2021,5009.64551,7208.43604,6311.125,11840.3789,13633.4121,16049.3076,19629.2734
7/26/2021,4591.39648,8567.01172,6294.12451,12730.8145,14527.165,19617.502,19567.9375
7/27/2021,4646.64062,9615.97266,6265.85986,13483.1689,16564.6289,23023.0156,19588.3359
7/28/2021,4785.58057,10197.9287,6234.14893,14355.8213,18735.752,22003.1816,19649.4258
7/29/2021,4689.87695,9979.9873,6321.66748,14484.5234,19976.2734,23123,19697.4902
7/30/2021,4576.26611,9292.34375,6542.46484,13797.6279,21151.3691,24473.1016,20139.6406
7/31/2021,4408.9126,9011.24512,6896.44385,12925.4883,21992.9434,22442.6914,21474.3105
8/1/2021,4381.12939,9107.89648,7313.10596,12233.4336,21823.9785,20695.3203,23239.9805
8/2/2021,4497.74268,9116.62207,7638.09619,11788.6885,21082.0176,19414.4492,24650.2676
8/3/2021,4646.40723,9085.2334,7923.22021,11280.0059,20143.5371,18444.2871,25704.2031
8/4/2021,4807.63818,9003.1416,8364.99414,10859.5107,19188.3281,17491.1582,26190.9941
8/5/2021,4811.73682,8713.54395,8849.31055,10851.1006,18201.8418,15668.0137,25633.0273
8/6/2021,4835.90039,8562.33105,9124.89258,11294.2812,17032.8691,14880.9834,24398.3203
8/7/2021,4811.62256,8570.33203,9246.93652,11787.4863,16062.9141,15155.8008,23070.2695
8/8/2021,4670.48291,8674.3252,9286.15332,11893.8936,15653.123,16015.8428,21874.084
8/9/2021,4644.37158,8753.30762,9260.35059,11660.8389,15753.9395,15920.9131,20751.1543
8/10/2021,4633.41016,8692.25977,9200.2793,11405.3838,15805.7734,14932.2305,19586.5586
8/11/2021,4686.69629,8574.89941,9126.44434,11380.9229,15484.5801,14576.8467,18575.8613
8/12/2021,4867.896,8392.09473,9160.47266,11589.0166,14944.9941,14789.0645,17966.9355
8/13/2021,4989.41113,8293.79297,9238.70508,12022.1094,14487.374,14837.2627,17733.3945
8/14/2021,5050.17773,8222.05273,9269.39941,12852.5283,14402.6055,15107.5283,17547.3457
8/15/2021,5026.64258,8259.74414,9287.23242,13867.626,14648.3301,15856.3281,17262.7441
8/16/2021,4952.05225,8645.95996,9406.19824,14377.4521,15283.9824,17750.5781,17027.2773
8/17/2021,4918.19434,9252.03027,9665.77148,14521.2773,16339.9375,18763.1211,16887.2988
8/18/2021,5093.41797,9724.97559,9754.05469,14777.6494,17271.2344,18315.748,16901.5059
8/19/2021,5386.41357,9837.59863,9567.40527,15023.748,17727.1953,18440.6641,17145.7949
8/20/2021,5541.68018,9821.75586,9281.29785,15036.0439,18007.0586,19076.9492,17767.707
8/21/2021,5562.25098,9838.14844,9114.64258,14843.2939,18358.5098,19454.8008,18862.5488
8/22/2021,5629.9209,9835.81543,9181.91309,14599.0469,18640.4395,19101.0469,20029.1113
8/23/2021,5760.77832,9869.28906,9413.34961,14255.0791,18681.3535,18477.7617,20857.5
8/24/2021,5793.77588,9866.8125,9720.50391,13771.3398,18419.4277,17966.4375,21525.5312
8/25/2021,5866.08057,9698.17969,10031.8359,13223.8018,17978.3828,17402.0117,22194.6895
8/26/2021,5909.04639,9479.28516,10334.1182,12808.7891,17451.0059,16479.8848,22678.3711
8/27/2021,5834.94678,9348.82031,10515.4668,12529.3408,16798.7012,15605.4111,22642.0156
8/28/2021,5673.78027,9219.875,10544.2188,12375.7881,16200.0859,15525.9678,22111.1914
8/29/2021,5425.15283,9143.89746,10460.3975,12470.3428,15847.1113,15642.0195,21485.2402
8/30/2021,5114.1748,9162.97852,10333.791,12815.3477,15769.1533,16328.4502,20930.832
8/31/2021,4871.94775,9015.2793,10271.5898,13195.7646,15958.0439,17018.7578,20429.6797
9/1/2021,4713.15088,8710.75098,10270.4307,13429.5391,16388.7168,18011.6211,20025.8711
9/2/2021,4615.39355,8378.21094,10330.3252,13607.9209,16952.0254,18465.5117,19805.3711
9/3/2021,4549.84375,7982.43652,10266.8232,13765.8809,17451.0215,18685.0273,19769.4824
9/4/2021,4339.45947,7625.1377,10083.2168,14148.1885,17767.209,18871.207,19997.3301
9/5/2021,4071.11255,7364.93896,9958.17969,14853.6416,18063.9531,19447.7227,20623.1016
9/6/2021,3973.73804,7238.87891,9862.07129,15450.8975,18429.1504,20278.9277,21442.4961
9/7/2021,4036.54395,7191.27686,9681.6084,15771.4717,19106.4707,22214.2773,22048.5098
9/8/2021,4102.94434,7057.95557,9438.29199,15689.4346,20121.3809,22799.1582,22424.8574
9/9/2021,4111.8623,6806.29199,9246.45996,15297.1758,21045.791,23485.7383,22835.9844
9/10/2021,4044.55737,6583.40137,9276.01367,15414.1582,21721.1855,23262.2168,23453.5059
9/11/2021,3953.45093,6543.88232,9164.71387,16123.1807,22223.4238,24748.4961,24437.9941
9/12/2021,3850.6604,6564.625,8790.49023,16378.7285,22860.9023,26125.8535,25712.6777
9/13/2021,3683.52173,6494.75928,8496.89648,15955.6025,23904.4941,27185.9219,27049.8828
9/14/2021,3582.40503,6319.50439,8260.92188,15822.6309,24831.0918,26411.7715,28414.7207
9/15/2021,3601.45093,6169.72314,8291.30469,16152.7666,25360.0566,28078.625,29869.1895
9/16/2021,3641.82471,6146.00928,8486.04199,16186.9062,26042.3145,28634.8203,31060.5059
9/17/2021,3635.15527,6098.22119,8652.49219,16037.2598,26684.6152,28350.5898,31601.8418
9/18/2021,3587.14868,5949.10254,8825.00098,15549.5674,26770.6934,26284.9922,31689.2285
9/19/2021,3494.46411,5931.78418,8642.69336,14734.0117,26211.25,25528.2793,31797.9629
9/20/2021,3380.70166,6094.70605,8077.30664,14142.5254,25316.9023,23347.168,32424.9629
9/21/2021,3322.04541,6250.62939,7597.66455,13703.4443,24072.3945,21726.2988,33119.8281
9/22/2021,3269.30396,6270.0459,7338.35693,13534.4434,22798.8066,21437.293,33156.0391
9/23/2021,3168.19653,6104.17871,7153.9751,13581.8066,21978.1152,21841.8965,32491.5645
9/24/2021,3098.43848,5841.62988,7010.35205,13597.5908,21491.5098,22374.8594,31235.6855
9/25/2021,3042.53687,5630.61719,6881.0498,13471.0654,21522.2051,23086.6309,29659.0879
9/26/2021,2960.59619,5572.64941,6813.84814,13300.3291,21839.3555,23285.7109,28567.1895
9/27/2021,2890.38989,5572.38135,6823.20801,13164.4336,22341.4141,24477.5449,28681.709
9/28/2021,2886.38403,5481.2168,6803.45166,12764.1523,22957.0117,24082.9941,29501.957
9/29/2021,2889.42358,5284.60303,6719.33301,12102.3936,23307.0254,23827.9941,30126.4277
9/30/2021,2863.23633,5017.01025,6541.14697,11429.4189,23194.5117,22258.418,30109.3984
10/1/2021,2823.16675,4746.94238,6313.18359,10824.5498,22440.582,20603.1875,29625.0527
10/2/2021,2823.39331,4578.73633,6106.18262,10339.9482,21407.1953,19580.666,29212.0801
10/3/2021,2879.28516,4573.14404,6010.77246,10020.4629,20426.8438,18795.4531,28828.4453
10/4/2021,2857.48169,4708.02441,5966.11865,9918.80469,19548.3496,17947.8359,28226.5098
10/5/2021,2822.31958,4855.65088,5849.08545,9937.28711,18760.2422,17226.0059,27292.1348
10/6/2021,2806.14966,4797.45361,5646.8418,9821.54199,18024.2324,16697.9902,26056.5996
10/7/2021,2734.37256,4686.76807,5411.61426,9557.17188,17405.9844,16944.0059,24755.0859
10/8/2021,2671.8042,4648.9375,5221.68994,9344.52246,16867.4824,16337.3193,23564.9844
10/9/2021,2629.22192,4540.45264,5087.52393,9172.33008,16470.1426,16735.1406,22697.6719
10/10/2021,2624.66992,4448.6001,5023.7915,8986.50098,16420.2598,17536.123,22454.082
10/11/2021,2626.91602,4336.35986,5077.46582,9002.15137,16442.4512,16450.4512,22926.6191
10/12/2021,2595.97192,4210.25977,5273.19775,9882.19141,16184.8896,15628.8926,23432.1855
10/13/2021,2535.03857,4130.89795,5500.66797,11366.9004,15743.1455,15468.1924,23443.8984
10/14/2021,2476.90283,4060.02637,5543.50977,11772.5742,15697.2891,17802.8926,23270.6211
10/15/2021,2449.41309,4051.23169,5393.29736,10955.1338,16481.4043,19436.8457,23019.416
10/16/2021,2459.05298,4184.45947,5250.09863,10346.3564,17311.8457,17022.0293,22704.3906
10/17/2021,2493.59155,4413.729,5138.28857,10633.1084,16991.3828,14883.2646,22447.8848
10/18/2021,2506.05664,4438.03857,5008.91113,11289.9883,16079.751,15896.6611,22563.0488
10/19/2021,2504.69604,4276.40967,4829.2334,11647.9453,15914.3057,18709.6816,23419.7168
10/20/2021,2459.95166,4128.45752,4612.8877,11681.0176,16857.7812,21187.3594,24375.0781
10/21/2021,2372.03906,4026.13525,4468.72363,11199.6592,18196.4844,21157.6895,24691.6738
10/22/2021,2347.96704,3991.40259,4421.19629,10309.4434,19285.2129,21673.0625,24341.1328
10/23/2021,2468.93091,3989.96802,4540.08154,9386.2666,19951.4453,19946.3711,24007.7773
10/24/2021,2651.13354,3960.83496,4659.22656,8578.04199,19783.3672,18609.0293,24574.457
10/25/2021,2738.073,3856.78174,4610.60156,8156.84912,19014.8281,17322.5645,25590.4824
10/26/2021,2753.42163,3777.51147,4485.76807,8058.91992,17978.6504,15952.71,26340.8887
10/27/2021,2850.00659,3935.5437,4344.42676,7966.30371,16828.3027,15067.8311,26473.2285
10/28/2021,2896.96484,4317.44434,4229.06055,7822.76855,15900.9307,14453.8936,25672.7949
10/29/2021,2880.14331,4588.28857,4165.74512,7585.66992,15143.3115,13416.7832,24392.1875
10/30/2021,2946.70166,4561.47412,4131.77686,7284.38623,14371.499,12850.5127,23144.0938
10/31/2021,3009.448,4418.77881,4091.04541,7023.34912,13654.123,12291.5557,22171.5234
11/1/2021,3118.91138,4313.11035,4095.87964,6753.34912,12991.1709,11625.4795,21397.8262
11/2/2021,3397.42676,4236.54541,4224.75537,6480.09082,12326,11016.1826,20338.5195
11/3/2021,3610.26465,4273.16406,4400.47803,6270.01318,11678.623,10359.6045,18996.834
11/4/2021,3641.46021,4448.26465,4551.54834,6127.25342,11036.5439,9763.18164,17716.8867
11/5/2021,3708.97778,4641.27686,4654.11475,6030.96387,10438.8447,9495.81348,16653.0938
11/6/2021,3790.09863,4936.12354,4661.60986,5954.06299,9958.65723,9177.27539,15752.2949
11/7/2021,3841.68066,5280.08105,4596.68262,5874.79785,9567.36523,8936.4873,14925.7334
11/8/2021,3883.59985,5434.40674,4519.79492,5849.58594,9226.04492,8592.42188,14117.2656
11/9/2021,3926.05371,5419.854,4490.68018,5899.59082,8895.5918,8255.82324,13350.5449
11/10/2021,3974.27856,5391.99219,4532.26074,5983.15625,8580.99219,8085.62402,12703.9326
11/11/2021,4034.18799,5366.729,4639.19482,6057.70947,8345.12012,8065.52686,12167.1191
11/12/2021,4163.43311,5301.70361,4810.93604,6087.95557,8197.2168,8045.70508,11711.042
11/13/2021,4570.53564,5249.26611,5023.87939,6046.52539,8104.06055,8010.01514,11321.5615
11/14/2021,5360.51172,5217.29248,5215.16455,5953.36084,8022.32617,7878.95068,11001.0361
11/15/2021,6311.86816,5180.09717,5337.59033,5848.67773,7914.62109,7696.52832,10779.2324
11/16/2021,7201.07275,5164.27539,5393.63428,5775.15723,7763.39404,7465.78613,10675.1699
11/17/2021,7866.2627,5331.04688,5403.71582,5763.48877,7601.22656,7306.02393,10669.5342
11/18/2021,8249.16602,5864.57617,5384.35303,5818.96094,7430.50928,7117.62109,10711.7324
11/19/2021,8414.50684,6692.62305,5352.44824,5951.64844,7269.55225,7122.61377,10699.249
11/20/2021,8444.22266,7578.15771,5322.12061,6143.94629,7178.01074,7183.71094,10571.9756
11/21/2021,8373.71484,8336.96484,5294.46826,6328.08691,7177.38672,7462.36426,10399.4473
11/22/2021,8212.71973,8847.83203,5284.54541,6435.35303,7282.44189,7752.67041,10151.4414
11/23/2021,7987.62939,9091.90234,5356.87256,6466.64746,7438.93994,7828.46484,9867.69141
11/24/2021,7711.69287,9140.72363,5601.86279,6458.13477,7529.71631,7724.85254,9699.4668
11/25/2021,7444.82861,9073.12305,6058.83887,6423.31641,7515.05713,7640.79834,9667.11719
11/26/2021,7216.35156,8919.1582,6619.73389,6379.11914,7443.54346,7519.32227,9704.05566
11/27/2021,6999.771,8699.23926,7089.2085,6337.7876,7356.34033,7377.27686,9723.41797
11/28/2021,6744.20703,8427.82227,7383.64648,6298.04736,7266.02148,7221.07373,9660.07129
11/29/2021,6335.63818,8130.69971,7545.87402,6278.72607,7188.49854,7113.54639,9477.73047
11/30/2021,5833.9707,7868.12939,7626.56982,6357.75928,7142.7251,7057.10205,9241.58984
12/1/2021,5378.05273,7627.37305,7668.90967,6596.47656,7114.12207,7180.40381,9063.74219
12/2/2021,4984.729,7375.91699,7818.56055,7013.50879,7090.73877,7454.77734,9057.79492
12/3/2021,4668.24414,7032.96924,8094.68945,7536.55176,7163.37012,7933.1543,9252.18848
12/4/2021,4422.34375,6540.67725,8268.375,7989.23291,7410.53174,8434.20898,9616.31348
12/5/2021,4240.54932,6015.33154,8260.4209,8281.79492,7828.08447,8804.09473,9898.43359
12/6/2021,4109.82324,5551.75439,8138.04736,8445.07227,8311.23828,8959.33398,9774.25098
12/7/2021,4014.40625,5161.54248,7977.70752,8511.56641,8689.42578,9016.39844,9462.55273
12/8/2021,3938.9646,4854.29297,7861.28564,8503.70801,8913.63184,8985.26074,9224.27344
12/9/2021,3881.70581,4621.97461,7800.08105,8565.53418,9019.75879,8951.8916,9053.31738
12/10/2021,3846.98267,4450.37012,7773.98682,8763.0293,9029.57031,9044.68945,8952.54395
12/11/2021,3819.94775,4324.04492,7761.29541,8905.79688,8990.0332,9209.44922,8911.75098
12/12/2021,3794.51367,4227.74023,7631.88281,8884.5625,9059.25,9273.31152,8964.08594
12/13/2021,3776.5188,4152.24365,7122.49463,8738.14941,9232.42676,9200.24121,9127.57715
12/14/2021,3766.82446,4099.97754,6315.68848,8539.17773,9313.4209,9034.82227,9364.16992
12/15/2021,3758.78418,4066.3584,5606.44727,8376.00586,9241.34082,8859.9248,9611.2168
12/16/2021,3749.58423,4036.71631,5113.71484,8271.3125,9060.36035,8727.51367,9819.02344
12/17/2021,3739.30054,4010.09399,4787.90576,8205.27344,8853.86621,8640.91113,9961.27246
12/18/2021,3729.64062,3991.03467,4586.68066,8150.6582,8695.22852,8580.75781,10029.7451
12/19/2021,3720.82812,3975.69312,4448.46143,7989.90723,8591.92969,8509.85254,10045.9541
12/20/2021,3702.91284,3959.71167,4341.63818,7499.60254,8523.91797,8246.92676,10054.2871
12/21/2021,3630.6333,3942.16675,4253.69531,6728.86816,8457.74414,7604.02734,10106.793
12/22/2021,3451.60938,3924.31982,4178.59424,6034.5752,8251.88379,6981.2041,10246.9199
12/23/2021,3187.51025,3907.64941,4116.42529,5584.44482,7764.63477,6975.69482,10471.4473
12/24/2021,2908.78638,3890.47217,4074.39258,5255.37207,7227.46924,7098.24072,10627.1465
12/25/2021,2663.04004,3847.58008,4046.99634,4988.15186,6880.56641,6602.39795,10599.5264
12/26/2021,2470.27856,3724.09106,4024.09644,4802.61279,6521.58203,5640.65869,10507.3379
12/27/2021,2344.31323,3502.04614,4003.44092,4683.40576,6086.00977,5360.43848,10561.1523
12/28/2021,2276.36035,3228.19629,3983.91553,4654.0957,5748.30029,5361.30518,10786.6768
12/29/2021,2195.48804,2963.50073,3965.14697,4646.50732,5545.39111,5409.13672,10969.8438
12/30/2021,2103.10815,2744.95312,3944.57446,4570.93457,5442.74512,5344.72559,10751.0762
12/31/2021,1977.78552,2593.18188,3910.48462,4482.83447,5390.78955,5223.44824,9947.60254
1/1/2022,1810.45422,2496.67896,3840.07886,4462.1084,5262.31592,4910.146,8946.47266
1/2/2022,1654.84521,2405.60645,3713.35181,4508.79834,5052.92188,4767.08301,8143.03125
1/3/2022,1482.49158,2311.91382,3530.77368,4561.29736,4905.04639,4707.85498,7583.24365
1/4/2022,1329.06824,2205.20996,3314.46021,4574.19287,4867.45557,4671.62061,7209.68555
1/5/2022,1253.21973,2054.6748,3096.05444,4530.26514,4902.1377,4702.25977,6910.21387
1/6/2022,1239.90381,1894.13599,2902.77686,4439.80811,4933.45996,4757.39062,6608.76221
1/7/2022,1249.44104,1732.33313,2745.89771,4358.78711,4915.64258,4774.07715,6322.13037
1/8/2022,1256.22009,1563.28137,2618.92944,4277.65674,4827.18408,4719.6626,6090.23389
1/9/2022,1242.56836,1443.4093,2507.29883,4143.78467,4699.37451,4545.55713,5924.44629
1/10/2022,1206.4043,1397.45972,2395.29077,3951.22217,4580.09375,4281.21729,5822.45996
1/11/2022,1158.59351,1396.55542,2269.79395,3721.51587,4445.89941,3974.77734,5760.01855
1/12/2022,1109.49902,1409.58557,2128.3689,3482.65332,4264.36328,3710.76636,5708.28125
1/13/2022,1073.04163,1413.80371,1976.01648,3263.54541,4039.57812,3482.78198,5657.43799
1/14/2022,1064.26843,1399.50769,1821.17664,3079.2417,3791.94458,3285.31812,5605.82129
1/15/2022,1076.86841,1374.68726,1681.72046,2927.47339,3547.86938,3112.80225,5554.53564
1/16/2022,1145.63184,1345.92505,1577.02344,2797.5127,3331.4314,2961.27441,5496.77148
1/17/2022,1369.14026,1320.4325,1513.2843,2673.89575,3151.65454,2826.40796,5391.03369
1/18/2022,1765.8739,1325.00525,1481.31384,2541.3606,3002.5957,2709.36084,5208.45264
1/19/2022,2094.51733,1370.58716,1465.95679,2395.50708,2872.19482,2586.90454,4991.60449
1/20/2022,2232.43628,1479.7522,1454.64111,2240.14404,2744.4751,2444.30566,4766.63574
1/21/2022,2095.27832,1722.84485,1446.42163,2083.42456,2606.55664,2307.91797,4534.74707
1/22/2022,1839.10181,2151.21558,1463.12366,1943.44702,2457.65991,2182.19214,4316.84229
1/23/2022,1701.1969,2629.85913,1508.96704,1845.10571,2304.10132,2092.50269,4121.08447
1/24/2022,1572.8717,2973.56104,1535.81372,1794.54163,2157.73901,2004.00659,3944.60449
1/25/2022,1430.30664,2996.7229,1541.42004,1780.55603,2033.28516,1953.03088,3778.85645
1/26/2022,1283.20862,2717.33325,1570.08118,1792.78699,1957.69141,1929.77246,3613.92749
1/27/2022,1168.07068,2436.17944,1672.54907,1794.91443,1929.01025,1868.87341,3444.0481
1/28/2022,1087.10669,2214.91187,1891.40979,1782.37122,1934.62158,1890.83093,3265.57227
1/29/2022,1034.39795,2007.61597,2198.4646,1790.12927,1963.0354,1921.32471,3082.73657
1/30/2022,995.572205,1826.6958,2491.10303,1804.53174,1983.90149,1940.49341,2917.7229
1/31/2022,953.183105,1669.10181,2669.0769,1819.08948,2012.85352,2023.54126,2775.51147
2/1/2022,901.716064,1542.06763,2703.90405,1818.57129,2052.38574,2006.99475,2666.146
2/2/2022,854.172424,1453.9082,2612.3855,1854.00464,2076.90039,1955.10413,2612.08301
2/3/2022,815.517578,1395.82007,2450.0332,2025.1803,2086.47217,1934.55017,2584.10303
2/4/2022,761.833801,1343.13879,2268.54565,2297.9563,2078.74243,1990.33325,2566.40015
2/5/2022,706.320801,1289.22058,2092.05713,2590.44019,2135.56274,2228.92773,2558.95801
2/6/2022,688.123718,1234.22253,1939.40857,2833.44678,2329.47534,2680.69092,2526.44336
2/7/2022,782.750732,1188.12439,1808.55359,2995.20654,2604.30444,3206.0708,2472.11182
2/8/2022,1052.80188,1138.99841,1693.2644,3065.63867,2883.02051,3544.41821,2434.67358
2/9/2022,1421.81677,1087.56335,1590.01099,3022.29956,3098.74683,3558.20801,2454.92896
2/10/2022,1661.98352,1066.45288,1499.22925,2891.44312,3226.14722,3345.44336,2581.95166
2/11/2022,1552.20447,1149.16541,1423.05847,2726.25171,3255.99707,3087.66797,2834.67773
2/12/2022,1344.43225,1395.72913,1357.94043,2556.51025,3183.99805,2887.35938,3162.72974
2/13/2022,1294.28101,1745.38892,1319.57288,2386.37646,3039.61011,2726.20532,3456.92065
2/14/2022,1274.42432,2058.59521,1280.57886,2218.30933,2861.19067,2589.49023,3617.771
2/15/2022,1246.23328,2099.17114,1221.01758,2093.26904,2673.74927,2411.17017,3620.38379
2/16/2022,1213.68884,1872.69495,1178.75293,2025.1366,2481.32129,2235.04663,3512.8606
2/17/2022,1218.77271,1688.6615,1197.07581,1978.44751,2304.98657,2218.51221,3364.67529
2/18/2022,1286.11646,1616.4906,1307.30261,1916.88855,2199.37476,2324.5625,3221.82666
2/19/2022,1386.26428,1572.17053,1502.0343,1816.53003,2187.95752,2445.0376,3088.6875
2/20/2022,1482.05725,1702.3678,1741.06812,1721.84229,2240.11035,2604.37671,2945.90259
2/21/2022,1530.20129,2330.27051,2025.74438,1693.17859,2303.71216,2527.052,2814.08472
2/22/2022,1564.53064,3169.53003,2250.86279,1881.44849,2325.55859,2481.91064,2747.05347
2/23/2022,1523.00732,3484.2937,2319.2002,2509.31592,2334.21021,2540.32324,2761.81763
2/24/2022,1383.10352,3423.07812,2204.37183,3279.80225,2393.5127,3128.77148,2846.56982
2/25/2022,1238.18445,3284.45068,2026.18396,3684.88306,2732.49023,4590.75684,2935.6377
2/26/2022,1113.78906,3051.04688,2021.68811,3838.10522,3481.43726,5349.46191,2944.50244
2/27/2022,1021.55273,2872.03906,2250.26782,3910.79517,4175.12402,4779.93115,2908.08838
2/28/2022,949.975464,2715.99512,2650.92188,3839.92822,4486.3916,4599.94727,2971.38257
3/1/2022,896.022888,2569.74902,3028.5481,3728.34375,4594.5752,4560.21729,3327.17603
3/2/2022,857.811707,2467.27881,3245.23535,3599.13599,4550.7793,4313.95557,3932.5
3/3/2022,869.693481,2386.7749,3292.73633,3370.58301,4376.49072,4054.77222,4432.77783
3/4/2022,1005.54388,2296.56934,3212.48706,3134.23511,4183.91748,3724.91357,4711.8877
3/5/2022,1188.19617,2186.06177,3073.35522,3068.28345,3969.31714,3296.14233,4858.96484
3/6/2022,1247.57739,2055.24976,2924.9375,3251.10986,3705.771,3054.15894,4855.52393
3/7/2022,1190.08704,1935.02283,2797.27319,3625.45166,3490.77686,3275.0459,4682.91357
3/8/2022,1085.84094,1934.08813,2740.09521,4036.88477,3470.53296,3773.21021,4423.61719
3/9/2022,978.120056,2077.75757,2851.18262,4334.33936,3673.04541,4332.80469,4152.70557
3/10/2022,888.652771,2221.08203,2883.81958,4466.23291,4022.78247,4660.79346,3890.96533
3/11/2022,818.964233,2221.60303,2686.40991,4440.81299,4370.06982,4694.57471,3728.39746
3/12/2022,776.071533,2110.33984,2461.23975,4330.68164,4596.54395,4615.49561,3738.83105
3/13/2022,749.545227,1953.00867,2264.94458,4256,4678.76074,4492.87256,3928.74316
3/14/2022,735.447998,1780.86206,2147.50391,4285.84375,4667.45801,4555.04541,4227.07031
3/15/2022,733.484985,1628.81396,2136.85669,4333.73682,4656.45166,4838.28369,4499.46143
3/16/2022,780.156616,1536.68518,2221.50928,4302.27295,4733.69727,5236.21875,4651.3125
3/17/2022,996.540283,1504.90942,2343.93994,4133.25049,4881.30615,5245.82617,4681.41406
3/18/2022,1241.34131,1523.49854,2379.23877,3874.25317,4955.17188,5076.39404,4662.46484
3/19/2022,1307.68689,1566.7793,2296.80396,3767.22046,4894.80127,4644.80566,4693.46436
3/20/2022,1280.88916,1617.42273,2185.85742,3824.06567,4690.60254,4331.27246,4804.01025
3/21/2022,1231.88672,1723.82495,2040.3114,3916.17944,4492.05029,4702.36719,4966.68848
3/22/2022,1182.95032,1912.22766,1903.94104,4092.19556,4460.47021,4837.64209,5204.85107
3/23/2022,1148.39062,2062.81055,1886.3584,4257.70752,4543.89551,4981.18652,5439.83447
3/24/2022,1170.677,2082.0874,1941.84302,4345.20166,4733.69873,5295.66357,5520.21191
3/25/2022,1237.91516,2051.99121,1975.50452,4435.70215,4989.70508,5280.20361,5467.52441
3/26/2022,1380.07117,2014.2002,1963.32495,4468.104,5192.36182,5601.45459,5383.41211
3/27/2022,1532.47522,1967.07837,1941.03528,4545.53955,5430.54004,6184.62988,5323.14795
3/28/2022,1460.21045,1966.37622,1955.53662,4648.87744,5661.64355,6078.37646,5364.60791
3/29/2022,1358.18848,2037.89734,2031.04089,4609.17725,5794.69092,6481.40234,5527.35742
3/30/2022,1433.67749,2147.17041,2207.31616,4514.34961,5971.66357,6664.75,5746.86914
3/31/2022,1522.81201,2277.4353,2409.16943,4359.7417,6156.35205,6692.62939,6075.66357
4/1/2022,1549.29102,2291.91626,2466.1228,4118.70752,6231.05811,6783.22949,6474.06006
4/2/2022,1482.13501,2184.07373,2369.53149,3882.64087,6208.26807,6544.4707,6802.75439
4/3/2022,1472.46069,2147.9978,2248.74609,3796.72876,6165.62158,6253.98047,7146.21289
4/4/2022,1630.11743,2197.63135,2206.65967,3930.24634,6129.28809,6409.67822,7617.45068
4/5/2022,1905.125,2218.46094,2239.4353,4271.42773,6183.47998,6776.7627,8061.50732
4/6/2022,2291.95801,2153.98169,2293.19995,4472.05029,6400.82764,7153.57861,8208.40527
4/7/2022,2580.89014,2089.80322,2320.64453,4379.92676,6767.90332,7809.7959,8028.19678
4/8/2022,2601.66138,2202.67188,2310.5437,4208.15674,7182.85303,7393.87646,7754.00293
4/9/2022,2423.09668,2457.78442,2281.20215,3972.66455,7392.55713,7081.67383,7621.9502
4/10/2022,2132.5708,2753.1001,2265.92822,3776.74072,7353.71582,6766.95703,7690.34521
4/11/2022,1836.94592,3047.32568,2274.17456,3685.47144,7109.70361,6139.59473,7910.71289
4/12/2022,1625.0542,3196.83643,2276.75342,3684.74194,6658.86426,5624.81201,8112.16406
4/13/2022,1525.15015,3147.57666,2289.9541,3722.31323,6156.07617,5380.68408,8096.50879
4/14/2022,1500.90881,2933.65991,2329.13672,3753.08472,5734.85449,5265.68799,7900.78125
4/15/2022,1446.04272,2656.97583,2413.20337,3775.39062,5481.99805,5224.8125,7582.57324
4/16/2022,1401.85107,2446.35254,2569.38794,3775.1438,5350.8457,5129.72461,7160.42432
4/17/2022,1499.91333,2326.16187,2767.04175,3744.20532,5226.97119,5046.98193,6779.2832
4/18/2022,1643.20569,2365.92651,2961.94141,3718.92065,5116.6665,5028.90479,6566.76221
4/19/2022,1812.76794,2461.64453,3104.86841,3720.54639,5019.27246,4953.67871,6484.91406
4/20/2022,2023.91956,2461.71948,3163.50659,3775.84473,4928.82324,4933.53516,6407.53613
4/21/2022,2195.34375,2543.85229,3130.70068,3888.26123,4853.44434,4845.97949,6254.33301
4/22/2022,2262.55542,2787.05591,3024.20508,4016.59106,4795.63867,4920.50781,6046.30029
4/23/2022,2183.09399,3037.78784,2967.20874,4187.13867,4803.9375,4960.29736,5878.69873
4/24/2022,2037.89624,3352.33203,2950.70288,4431.20361,4865.94873,4900.88281,5783.09766
4/25/2022,1896.4325,3683.44458,2864.63525,4726.43359,4975.896,5057.84521,5748.02002
4/26/2022,1821.08521,3815.12012,2773.35864,4904.125,5208.23633,5472.54443,5758.5625
4/27/2022,1771.7771,3704.56787,2751.38477,4851.31982,5557.53467,6004.646,5777.23291
4/28/2022,1694.53284,3435.21411,2822.52173,4672.77881,5907.39209,6094.98584,5787.19043
4/29/2022,1591.84363,3148.2002,3004.0708,4484.96436,6047.31152,6044.31445,5801.1333
4/30/2022,1495.37256,2933.6001,3299.92871,4413.24023,5992.94629,6184.94336,5911.07324
5/1/2022,1448.50342,2850.0603,3632.88159,4490.00879,5937.55859,6638.6001,6235.6792
5/2/2022,1425.52698,2846.11328,3830.52905,4630.95166,5907.12305,7001.29688,6748.81885
5/3/2022,1425.13135,2770.35718,3875.04785,4995.34863,6047.55859,7478.64014,7263.55908
5/4/2022,1589.94922,2639.13501,3801.37866,5594.69141,6407.979,8081.76807,7729.84473
5/5/2022,1927.40442,2552.75781,3588.48193,6048.82959,6918.229,9346.21777,8239.21582
5/6/2022,2283.62646,2511.34375,3354.94897,6159.24463,7739.71973,10287.4092,8688.54492
5/7/2022,2537.23511,2482.28735,3193.1106,6028.52295,8681.02051,10484.8643,9059.80469
5/8/2022,2588.61401,2543.86792,3167.03882,5935.93408,9371.58984,10112.4424,9511.56836
5/9/2022,2456.80225,2797.02856,3273.85425,6134.98047,9668.77441,9538.94336,10099.3633
5/10/2022,2218.42358,3207.44751,3275.93408,6573.93066,9639.1377,9443.13574,10741.4619
5/11/2022,2042.96277,3590.52832,3141.73853,7163.76416,9559.23535,9928.2373,11297.4541
5/12/2022,2010.64746,3871.04102,3083.7124,7567.50293,9627.02246,10375.2754,11667.7363
5/13/2022,2088.10718,4024.36255,3127.42871,7706.27051,9929.43164,11421.9092,11795.4053
5/14/2022,2173.66138,4090.99072,3192.06152,7740.72754,10441.7061,11752.1953,11717.5322
5/15/2022,2168.61816,4114.8916,3279.05518,7930.16455,10975.3477,12618.5479,11654.0381
5/16/2022,2174.93262,4171.0415,3537.14478,8513.89648,11528.8525,12966.707,11817.8369
5/17/2022,2235.69238,4289.4043,3891.64697,8939.59961,12050.4863,14051.8467,12260.7266
5/18/2022,2354.72461,4448.62402,4133.04736,9118.95996,12817.998,15460.1426,12975.6592
5/19/2022,2542.22046,4466.40527,4311.83691,9342.39453,13635.8311,14999.8506,13831.6191
5/20/2022,2717.61621,4278.24561,4436.06348,9446.55664,14024.9697,14943.0605,14628.9355
5/21/2022,2836.64771,4173.73779,4462.57373,9049.58496,14282.0967,15432.0664,15281.9873
5/22/2022,2985.49048,4259.96191,4529.18457,8391.46094,14590.5869,15516.6113,15964.0508
5/23/2022,3497.22021,4526.64502,4739.31201,8134.54834,14677.9414,13932.5361,16809.752
5/24/2022,4290.26904,4933.81396,4888.57861,8247.39355,14287.4902,13099.3789,17826.4824
5/25/2022,4720.28369,5378.58398,4868.54395,8372.34375,13834.4443,13196.1992,18854.8926
5/26/2022,4609.16309,5925.74854,4841.37012,8647.5127,13689.3945,13628.0654,19382.2949
5/27/2022,4414.41797,6671.18604,4790.49463,9014.7627,13722.0674,13941.8076,19178.543
5/28/2022,4210.82861,7679.31201,4722.68359,9105.21973,13866.6025,15047.6396,18512.123
5/29/2022,4013.92822,8312.87402,4781.90527,9057.20996,14191.3115,15229.1621,17975.5234
5/30/2022,3926.80396,8031.44043,5039.42627,9105.87207,14381.4326,14698.7617,17906.0508
5/31/2022,3783.65698,7496.94531,5464.37793,9133.91211,14203.0596,14048.0264,18044.9082
6/1/2022,3657.74146,7209.55957,6016.48047,9150.08984,13963.1689,14562.1904,18103.1504
6/2/2022,3647.35107,7074.53076,6744.47852,9181.50195,13806.5293,14473.0137,18077.2539
6/3/2022,3740.95459,6963.44092,7378.39014,9430.83984,13661.7109,14097.4141,17883.498
6/4/2022,3857.87305,6889.40674,7685.86816,9972.55859,13557.7939,13463.8916,17471.9375
6/5/2022,3981.45288,6767.74268,7836.65723,10318.0566,13525.5967,14493.8525,17224.9863
6/6/2022,4120.82666,6566.71338,7902.70117,10475.6182,13911.4922,15856.7344,17301.7793
6/7/2022,4208.77002,6463.06348,7868.68408,10640.1943,14620.877,15719.2695,17361.2637
6/8/2022,4273.79883,6511.94922,7748.27588,10932.6172,15054.3232,15457.8291,17116.1953
6/9/2022,4333.43994,6714.45215,7550.12549,11440.1533,15300.6992,15850.6699,16766.7754
6/10/2022,4224.56836,6925.17627,7343.04053,11997.2832,15606.4639,16589.2949,16778.1973
6/11/2022,3989.64453,7011.9375,7175.8291,12242.4277,16079.6318,17436.7148,17093.3477
6/12/2022,3793.78442,7052.89209,7001.13037,11975.4619,16655.4883,17175.9609,17301.4785
6/13/2022,3590.94092,7064.2666,6852.81738,11512.0488,16979.7344,16297.126,17404.2578
6/14/2022,3442.06958,6999.48584,6809.9585,11084.7109,16728.9004,14710.1162,17619.4688
6/15/2022,3400.14258,6750.0957,6865.60254,10746.2539,15952.7188,13935.0537,18002.8535
6/16/2022,3503.96436,6474.29541,6989.2373,10642.9385,15069.0518,13320.5732,18385.1289
6/17/2022,3758.21265,6357.46338,7189.84619,10764.1191,14280.7441,13245.5781,18487.1484
6/18/2022,3850.38428,6308.46484,7401.33594,10837.8047,13733.7539,13833.9648,18119.9473
6/19/2022,3766.89673,6319.96191,7524.89551,10660,13566.6133,14454.4248,17373.2715
6/20/2022,3706.31128,6463.20508,7504.75146,10307.4609,13585.1748,14006.2852,16545.7305
6/21/2022,3594.68921,6769.42822,7323.99316,9994.30078,13481.9766,13256.332,15863.8428
6/22/2022,3525.89209,7002.64746,7083.52197,9899.10156,13147.7451,12416.3232,15487.6885
6/23/2022,3584.91602,6956.14062,6909.0376,9975.12793,12697.5996,12132.6553,15450.4395
6/24/2022,3723.62866,6783.16309,6868.24707,10071.9033,12354.2881,12137.2061,15515.8643
6/25/2022,3933.52441,6607.30664,6909.64062,10085.2354,12235.9307,12314.5771,15427.4727
6/26/2022,3922.13257,6451.31152,7020.84814,10070.4414,12296.9658,12333.5586,15163.415
6/27/2022,3704.22168,6325.71289,7215.47461,10104.7773,12418.6211,12523.8447,14894.6406
6/28/2022,3526.95654,6322.71387,7350.12207,10162.5859,12532.4238,12530.248,14779.8047
6/29/2022,3338.91602,6512.85254,7332.36475,10111.9258,12547.4961,12550.1289,14809.2861
6/30/2022,3196.9646,6719.37158,7221.87354,9790.81348,12494.0801,13000.0762,14824.626
7/1/2022,3202.66919,6771.68896,7109.65527,9470.98047,12471.4844,12950.498,14722.1338
7/2/2022,3321.3335,6696.7959,7116.21826,9455.4834,12348.5615,12475.7539,14670.6055
7/3/2022,3473.64014,6592.20752,7180.97559,9638.01367,12106.8916,12450.4492,14832.9551
7/4/2022,3445.98022,6454.77588,7121.98828,10081.7637,12038.5645,12894.2871,15241.7705
7/5/2022,3225.3772,6416.84277,7038.76123,10671.4893,12314.0195,14186.0771,15740.793
7/6/2022,3167.84009,6714.98193,7043.52881,11044.3711,12897.2256,15015.4951,16017.4717
7/7/2022,3375.49219,7320.625,7157.62354,11257.8213,13547.9023,15186.249,15927.4561
7/8/2022,3631.05347,7733.62061,7377.07812,11891.7324,14031.2402,15268.1426,15763.7383
7/9/2022,3843.53931,7693.50342,7521.34863,12955.6094,14346.5146,15743.8271,16130.9287
7/10/2022,4078.71997,7547.20312,7543.40967,13641.1602,14815.3701,17862.8105,17221.3008
7/11/2022,4167.83887,7527.61816,7516.7085,13875.8916,16023.9316,20789.5664,18578.0098
7/12/2022,4087.76733,7615.12988,7577.95459,14221.5479,17645.1367,20603.0918,19633.6855
7/13/2022,3991.79858,7707.16943,7858.37061,14590.9385,18672.9004,20299.1895,20248.7891
7/14/2022,3911.31665,7830.11279,8349.6582,14788.2402,19280.8359,21575.416,20792.0879
7/15/2022,3861.73535,8013.93018,8722.71973,14720.8828,20116.0566,23297.8398,21642.502
7/16/2022,3735.13379,8191.36865,8881.41211,14345.0068,21159.832,24160.5527,22637.2832
7/17/2022,3531.57104,8264.69531,8963.02148,13803.0977,22223.502,25201.8945,23293.5723
7/18/2022,3345.2356,8204.04004,8783.65234,13313.3887,23127.1289,24541.0039,23680.0586
7/19/2022,3238.70825,8203.72266,8491.45898,13133.6426,23335.4121,22559.6797,24230.0703
7/20/2022,3292.92139,8135.74707,8312.98633,13203.1309,22720.5176,21850.5078,25017.0137
7/21/2022,3483.88257,7759.04883,8380.97656,13436.042,21933.8164,21193.0078,25886.8652
7/22/2022,3582.39966,7243.47217,8653.85645,13588.2598,21290.2051,20582.8633,26581.8652
7/23/2022,3632.67896,6788.94629,8778.69043,13557.1426,20873.6328,20823.6133,26767.0977
7/24/2022,3679.69263,6605.74219,8775.48633,13369.9121,20700.0312,20603.4727,26415.9199
7/25/2022,3570.76709,6786.99316,8690.88379,13031.3945,20564.9082,20537.8594,25837.8281
7/26/2022,3403.35425,7067.38721,8479.72168,12673.168,20414.3535,20242.0742,25161.9805
7/27/2022,3269.85864,7168.70361,8267.32715,12446.5293,20200.9355,19741.666,24453.0391
7/28/2022,3156.21313,7184.09668,8096.354,12489.917,19881.3926,19416.9102,23898.6387
7/29/2022,3052.05664,7055.17773,7995.33936,12597.8105,19566.9258,19249.2695,23573.9883
7/30/2022,2988.23584,6687.70752,7964.73242,12512.3115,19331.7656,19458.7031,23412.6406
7/31/2022,3009.5498,6242.5498,8011.90625,12234.9365,19222.0801,19406.9297,23220.5254
8/1/2022,3129.84399,5862.92334,8133.53906,12047.8369,19086.5938,18728.9004,22868.5488
8/2/2022,3274.40088,5589.42822,8101.23145,11939.167,18742.0781,18258.168,22520.8203
8/3/2022,3336.45947,5395.96533,7903.84961,11869.833,18301.5801,17986.7344,22412.0293
8/4/2022,3253.64282,5304.94141,7667.88037,11901.3525,17960.1328,17526.6445,22464.3066
8/5/2022,3062.56836,5495.28271,7355.5791,11870.8652,17684.6738,17550.4648,22395.6777
8/6/2022,2917.16797,6110.38281,7026.2085,11815.6104,17516.6289,17746.2148,22173.334
8/7/2022,2987.56445,6558.10693,6706.26514,11855.5654,17469.2871,17669.3008,21943.0703
8/8/2022,3447.81445,6579.55811,6528.91113,12163.2705,17406.6309,17986.2383,21711.7598
8/9/2022,4298.89404,6401.93408,6603.83545,12607.04,17482.8984,18727.7891,21488.4609
8/10/2022,4900.02783,6031.06787,6592.23877,12933.29,17868.8691,20272.1914,21440.9844
8/11/2022,4994.7207,5836.57422,6513.86084,13136.4121,18581.2832,21132.5234,21791.5527
8/12/2022,4923.24414,6166.55664,6618.85645,13262.4619,19435.0703,22710.4336,22632.8125
8/13/2022,5229.04346,7178.37793,6899.32568,13226.5859,20408.8867,22944.3984,23490.2344
8/14/2022,6037.56738,8557.26953,7105.23975,13098.6768,20991.5488,20957.3438,23844.7109
8/15/2022,6360.87354,9319.41602,7091.52832,12804.3857,20744.3789,20122.0996,24009.7109
8/16/2022,6048.51611,9365.17285,7094.27783,12463.7295,20322.5176,20068.877,24287.5137
8/17/2022,5625.11914,9557.73633,7136.96338,12014.8262,19865.9082,18730.5176,24657.7285
8/18/2022,5392.2915,10496.4629,7250.53027,11554.0029,19251.3711,18533.7363,24941.8262
8/19/2022,5290.89795,11231.7871,7445.67236,11467.5859,18641.8262,17516.7324,24816.6621
8/20/2022,5116.80273,10827.7148,7656.05957,11736.1504,17935.7383,17415.8711,24347.2012
8/21/2022,4958.17871,9993.78125,7913.61621,12989.165,17536.0723,18338.3945,23766.3047
8/22/2022,4900.22656,9457.97461,8391.11914,14432.1416,17962.9668,21771.7246,23369.2324
8/23/2022,5051.75293,9290.61914,9027.43457,15452.0869,19452.0137,25358.5625,23278.0566
8/24/2022,5138.45215,9119.83301,9754.03809,16095.8994,21508.4844,26264.5254,23134.0938
8/25/2022,5011.55908,8877.73047,10463.8916,15963.8584,23294.6387,27567.248,22968.5938
8/26/2022,4843.85254,8800.80176,10868.8779,15792.5557,24932.3359,28443.4434,23361.9199
8/27/2022,4975.13916,9157.37988,10948.1426,15856.8213,26025.8691,27036.3809,24889.8008
8/28/2022,5489.96924,9979.93262,10831.9131,15755.1875,26143.1484,25757.2949,27190.7578
8/29/2022,5796.72803,10318.1396,10687.4775,15518.666,25773.666,25051.1328,29165.1133
8/30/2022,5755.9375,10060.04,10467.3252,15556.1035,25229.0586,24140.5059,30525.877
8/31/2022,5590.51172,9999.17871,10102.0049,15770.9453,24436.0273,23568.748,31259.2676
9/1/2022,5331.49365,10244.9424,9797.90039,15869.3643,23718.4512,23982.3633,31156.7305
9/2/2022,5211.00244,10415.1992,9826.91406,15801.7549,23381.5879,23704.4551,30503.125
9/3/2022,5204.97656,10193.4365,10120.5781,15470.9121,23182.4004,23084.0762,29736.4902
9/4/2022,4925.54248,9802.1416,10461.4062,14919.0156,22904.9492,22077.416,28948.8301
9/5/2022,4466.62988,9341.87305,10696.2471,14432.4111,22395.9922,21084.7344,28274.5156
9/6/2022,4288.88281,8996.51562,10852.2998,14189.9189,21650.2266,20344.2207,27975.1758
9/7/2022,4384.33203,8890.15039,10963.3594,14154.9365,20988.4121,21182.1016,27975.2871
9/8/2022,4377.09082,8659.95703,10969.5938,14055.2881,20764.2129,21209.9473,27851.2637
9/9/2022,4210.05615,8134.0332,10895.1279,14203.8447,20708.1738,21378.8027,27382.7734
9/10/2022,4045.30029,7720.70605,10730.5479,14773.8105,20573.1133,20684.9258,26761.9824
9/11/2022,4000.13232,7711.1792,10597.6387,15453.8037,20538.4355,22122.3809,26222.4277
9/12/2022,4143.4165,7754.53857,10575.6719,15736.3975,20965.2188,23158.2578,25890.457
9/13/2022,4445.33545,7555.61182,10389.7871,15448.9297,21667.8359,23581.6621,25687.3809
9/14/2022,4705.41113,7326.11572,10032.5957,15158.4014,22225.8105,23050.3105,25480.2051
9/15/2022,4856.02295,7381.39014,9574.93164,15069.1973,22406.0645,22348.5879,25371.6035
9/16/2022,4967.89453,7660.18896,9079.8584,15040.2842,22226.9121,22087.0547,25729.0391
9/17/2022,5003.80469,8028.40039,8777.90332,14939.4365,22085.4121,22604.416,26556.6719
9/18/2022,5047.75049,8426.78613,8668.04102,14911.0449,22017.6055,22181.127,27292.0996
9/19/2022,5101.4751,8781.29785,8623.46582,15153.5527,21911.1699,22226.9648,27582.2051
9/20/2022,5038.74854,8983.74023,8527.87988,15169.4512,21796.4395,22349.9023,27560.1953
9/21/2022,4868.65625,8928.69629,8406.69238,14869.252,21888.6562,23617.5566,27386.084
9/22/2022,4671.6001,8794.72266,8305.37695,14395.1934,22203.7422,22763.709,27103.3691
9/23/2022,4585.45654,8705.0752,8296.51953,13893.4131,22315.1172,22589.9512,26863.0469
9/24/2022,4761.41064,8539.3623,8435.52246,13599.043,22120.2305,21837.168,26831.998
9/25/2022,4961.11279,8199.69043,8755.57617,13375.5352,21788.6387,22302.4883,27058.6211
9/26/2022,4923.61523,7843.71631,9172.69629,13286.9209,21559.5801,21978.416,27341.793
9/27/2022,4731.48682,7611.73193,9466.03809,13481.125,21548.7695,23062.873,27490.0059
9/28/2022,4474.25586,7602.64844,9528.7959,13614.3438,21774.8105,23565.9844,27464.8164
9/29/2022,4222.06738,7754.9751,9463.35547,13703.9619,22080.9922,24236.793,27288.8906
9/30/2022,4009.64795,7710.48047,9442.96094,14063.9766,22525.7754,24787.4043,27273.4395
10/1/2022,3836.7085,7376.48682,9409.72949,14406.7637,23365.1211,28481.3906,27944.5664
10/2/2022,3715.46948,6957.75537,9536.82715,14707.876,25066.8008,30521.8535,29283.0527
10/3/2022,3671.38892,6515.80615,9691.4248,15122.0244,26772.8574,28691.1797,30195.457
10/4/2022,3592.89478,6148.37158,9765.02344,15339.708,27392.6016,28477.1582,30411.8848
10/5/2022,3502.09863,5935.92822,9632.9082,15336.54,27846.9727,30475.2734,30959.207
10/6/2022,3324.42896,5844.03174,9153.85059,15421.1338,28638.502,31065.6191,32234.1738
10/7/2022,3011.86475,5938.23633,8709.88086,15700.8887,29423.1758,31036.627,33264.9219
10/8/2022,2839.68237,6110.69727,8387.48242,15970.8164,29793.0781,30125.7285,33342.9922
10/9/2022,2848.76831,6120.67383,8229.27832,15730.083,29734.8203,29502.9102,33284.4648
10/10/2022,2830.21069,5886.12207,8153.29785,14983.4902,29334.8691,27987.1055,33620.5859
10/11/2022,2756.5813,5442.53223,8128.57666,14166.3203,28514.1641,25926.9453,33962.7695
10/12/2022,2706.59839,5036.08105,8008.33447,13475.7939,27072.9766,23205.5684,33975.0391
10/13/2022,2676.2688,4837.58301,7640.20654,12837.4053,25290.1621,22508.9766,33631.8984
10/14/2022,2726.97705,4757.45996,7172.65186,12146.9102,23911.793,22320.7891,33026.5977
10/15/2022,2707.78345,4657.47021,6772.08252,11538.1055,22755.2988,19694.2715,32107.752
10/16/2022,2603.90942,4521.1875,6458.854,11388.1787,21313.9023,18178.3672,30703.9766
10/17/2022,2546.51367,4368.89209,6170.80908,11564.917,20129.8145,21044.1895,29278.7109
10/18/2022,2462.82324,4240.71875,5873.43604,11545.1816,20264.4727,23236.1777,28571.5781
10/19/2022,2360.36475,4108.2627,5566.55469,11151.6816,20567.9316,20668.7598,28133.3281
10/20/2022,2288.95093,3916.42627,5297.49707,10549.4307,20156.9434,19361.4941,27115.6992
10/21/2022,2234.65161,3743.42944,5078.86865,9886.67676,19388.4941,16614.1699,26434.0371
10/22/2022,2204.17847,3608.31519,4892.25879,9354.16699,18105.5781,15809.0303,27165.3438
10/23/2022,2195.90039,3441.82397,4725.646,8882.69629,16882.5332,14829.249,28272.2305
10/24/2022,2175.28662,3273.29346,4573.94678,8465.80957,15769.1992,13977.8574,28540.4062
10/25/2022,2134.27197,3121.15747,4425.59961,8200.16406,14730.7686,13500.3604,27611.7363
10/26/2022,2083.90405,2995.75781,4265.1416,7847.5874,14001.8027,13305.9346,25388.5723
10/27/2022,2032.01074,2906.17432,4095.06201,7378.15283,13415.6016,11777.0615,22723.418
10/28/2022,1990.93481,2832.66113,3928.02295,7089.04248,12648.9404,10546.8877,20464.9668
10/29/2022,1968.50122,2752.9834,3769.63354,6967.11816,11723.8164,9974.00293,18764.7559
10/30/2022,1959.89514,2663.4585,3612.09741,6748.45312,11002.7539,10281.3838,17631.4219
10/31/2022,1953.16211,2572.86182,3449.31567,6447.71045,10536.4473,9548.46387,16759.3926
11/1/2022,1956.12622,2491.5144,3297.7207,6139.16357,10012.9697,8522.81055,15747.3379
11/2/2022,1972.58557,2430.26758,3169.96777,5793.66699,9379.56934,7787.93848,14579.6729
11/3/2022,1979.27356,2388.37305,3061.49683,5511.30518,8755.29004,7514.51221,13575.1582
11/4/2022,1939.07263,2353.95703,2965.27417,5272.7168,8164.72607,7203.3125,12811.8125
11/5/2022,1874.88501,2321.56079,2872.25903,5070.0625,7641.68018,6803.70654,12062.3564
11/6/2022,1858.79028,2300.76196,2779.97729,4893.42041,7223.14551,6444.53564,11253.833
11/7/2022,1888.78918,2285.60791,2691.19629,4729.36963,6840.84912,6140.30615,10503.9805
11/8/2022,1938.95129,2243.99268,2611.55371,4579.23438,6488.5332,5853.71533,9890.27246
11/9/2022,1988.09277,2166.79883,2545.00171,4449.53564,6183.57861,5571.40918,9386.22949
11/10/2022,2012.65527,2107.08179,2491.01538,4342.06592,5902.88232,5330.03125,8938.87695
11/11/2022,2009.4646,2100.62793,2447.19263,4238.91699,5658.9292,5159.41211,8527.96094
11/12/2022,1983.29663,2131.16479,2411.84766,4129.13867,5455.4917,5019.27637,8148.98535
11/13/2022,1942.18933,2175.42578,2381.20215,4003.99121,5278.95459,4877.17334,7794.87305
11/14/2022,1890.84558,2208.11548,2345.3208,3867.11084,5111.12891,4718.27539,7456.89111
11/15/2022,1834.42383,2206.12915,2297.48413,3729.34644,4941.6626,4552.00781,7148.62354
11/16/2022,1775.54858,2193.49194,2247.18726,3602.63916,4764.64111,4382.18262,6894.97412
11/17/2022,1719.47534,2220.60107,2216.14648,3495.20337,4585.08105,4230.14893,6704.16064
11/18/2022,1681.30811,2258.21021,2225.85229,3407.50781,4417.00732,4126.97754,6550.84717
11/19/2022,1693.08606,2286.89551,2283.8418,3336.98535,4279.06396,4093.47412,6394.1416
11/20/2022,1741.30957,2311.80371,2323.81152,3279.83276,4182.8208,4083.81738,6217.66064
11/21/2022,1783.21814,2278.53442,2323.47949,3225.5144,4134.09082,4213.15039,6001.90918
11/22/2022,1781.00635,2227.99023,2322.19946,3184.27148,4163.2251,4437.6084,5771.77783
11/23/2022,1735.58899,2208.91455,2320.9314,3174.80298,4265.7373,4599.70264,5636.30176
11/24/2022,1692.13806,2220.39258,2337.11255,3257.89893,4367.40527,4836.09717,5646.62793
11/25/2022,1671.87329,2250.73828,2375.65015,3563.28296,4462.26904,4900.14258,5718.43701
11/26/2022,1680.67542,2295.01392,2417.14429,3916.86157,4532.37793,5040.16553,5808.80176
11/27/2022,1699.28662,2321.61938,2428.56274,4158.60156,4728.02588,5913.52148,5943.64697
11/28/2022,1741.07532,2269.65771,2407.72095,4516.5332,5116.8877,5954.03711,6090.13818
11/29/2022,1765.53418,2214.42676,2395.50415,5016.88623,5508.90186,6162.93652,6191.00146
11/30/2022,1753.82043,2193.47607,2380.79736,5298.11035,5858.04443,6588.48975,6233.8916
12/1/2022,1739.19324,2184.84033,2364.41479,5231.93994,6323.15137,7414.71045,6310.50684
12/2/2022,1701.33887,2191.28369,2366.78247,5080.72217,6790.60791,6698.74121,6515.29395
12/3/2022,1706.80432,2218.51099,2372.00464,4923.48633,6912.80029,6366.39404,6777.85352
12/4/2022,1863.32764,2273.85083,2359.14038,4760.24902,6778.58594,6353.95557,7035.72607
12/5/2022,2046.71741,2307.79541,2327.93481,4618.66504,6621.04297,6232.62012,7384.50586
12/6/2022,2081.36987,2297.16333,2295.21924,4423.00586,6420.48779,6108.21631,7756.26172
12/7/2022,2016.36584,2290.92798,2266.43726,4205.50684,6206.26025,6265.73389,7975.77832
12/8/2022,1912.14771,2376.81372,2253.00195,4036.24438,6010.06396,5879.85742,8120.82568
12/9/2022,1829.29773,2527.3186,2258.24048,3902.97656,5762.74854,5679.39355,8200.24219
12/10/2022,1805.12012,2583.35718,2279.17334,3788.01392,5525.63818,5259.99951,8157.70605
12/11/2022,1797.92761,2520.51318,2304.08398,3684.37866,5314.41943,5004.10986,8158.18945
12/12/2022,1786.66797,2398.38574,2319.15796,3587.7876,5101.50879,4716.19482,8216.93066
12/13/2022,1775.6283,2264.68262,2331.60571,3501.23535,4901.26904,4517.37256,8154.22852
12/14/2022,1770.51917,2175.17139,2367.00659,3422.42578,4701.68506,4233.87891,7896.51758
12/15/2022,1767.08862,2125.42554,2433.51465,3351.40454,4506.27295,4139.64551,7474.88818
12/16/2022,1765.9303,2084.98877,2497.81641,3297.53247,4334.14648,3948.30371,6996.99463
12/17/2022,1763.46838,2046.70801,2520.27124,3267.98364,4176.69971,3862.23315,6580.11133
12/18/2022,1752.68335,2016.44348,2488.05493,3256.88354,4042.08252,3789.59204,6281.00684
12/19/2022,1731.5144,1994.53333,2415.21411,3250.99951,3939.66406,3772.77051,6027.10938
12/20/2022,1697.75403,1979.573,2329.90747,3251.92065,3873.24536,3804.76929,5710.04199
12/21/2022,1652.59375,1969.79871,2254.3479,3269.86182,3848.93872,3848.61206,5401.09277
12/22/2022,1598.82861,1957.948,2194.40356,3309.6604,3837.41064,3751.10962,5160.35107
12/23/2022,1538.73779,1939.00464,2147.22656,3352.84106,3816.79858,3736.23999,4970.4209
12/24/2022,1474.32483,1909.38208,2109.18164,3361.69458,3812.23853,3730.93384,4844.14697
12/25/2022,1408.20044,1867.3374,2077.53931,3313.62866,3838.23608,3747.62012,4778.76025
12/26/2022,1342.84839,1814.8407,2051.09937,3218.49292,3860.06689,3651.26172,4740.25732
12/27/2022,1279.92798,1757.10852,2029.50012,3100.43921,3821.79126,3550.39819,4692.19775
12/28/2022,1220.90442,1693.0321,2010.93896,2979.85547,3717.91992,3452.69092,4644.12549
12/29/2022,1169.81287,1624.47998,1991.97107,2918.91284,3585.12451,3357.06494,4620.99219
12/30/2022,1149.76587,1565.36719,1968.70203,3033.76294,3468.93286,3236.64331,4610.98047
12/31/2022,1190.32788,1518.50122,1937.89099,3218.33643,3378.90552,3192.93872,4581.76123
